step,time_s,ax,ay,az,gx,gy,gz,mx,my,mz,ml_speed,gnss_valid,ref_pos_e,ref_pos_n,ref_pos_u,ref_vel_e,ref_vel_n,ref_vel_u,ref_heading,nav_state
0,0.0,-0.03014230164677463,-2.5876749176013107,9.329646543276358,0.07134498819593595,0.24222052867320554,0.03273603746018396,-32.56,-36.5,8.13,1.245585537513983,1,0.44415036360475707,0.15744184371421477,-0.00010844607010120381,8.902101331837368,3.10269475966799,-0.020490536506475043,70.08051490635057,GNSS_LOCKED
1,0.1,-1.732655638349819,-1.2015310367938938,9.84489278542512,0.2157193559615562,0.124181257431844,0.005789193914311766,-32.62,-36.62,8.94,5.38199979381592,1,1.1601505859224603,0.4272696718549929,-0.0007248048365818213,8.678861947818895,3.0973876358099544,-0.005730419256150942,71.02688762341621,GNSS_LOCKED
2,0.2,-1.1894718335038845,-2.3979425906758727,9.665962972674974,-0.05113245503393217,0.11189700058994352,0.009747476656913825,-32.31,-36.87,9.31,4.275752182368418,1,1.9550890291700893,0.7032633360266465,-0.0007423289963702979,8.733960954687209,2.9358555012075143,-0.00871991424008371,70.60964087474206,GNSS_LOCKED
3,0.30000000000000004,0.2371758868696868,-2.2658473733485582,10.673124327926525,0.1873668014323107,0.17929942484728673,-0.0697599309808807,-32.81,-37.25,8.63,7.63558143406817,1,2.792806549312652,0.9507644286342817,-0.0010086317978885108,8.851961217240063,2.597069033574536,0.043330596947926535,71.80080316705178,GNSS_LOCKED
4,0.4,-0.4332084183355717,-2.5917679064609427,10.052782728942383,0.05509224498020221,0.13768318374516966,-0.013924993961766687,-33.31,-36.56,8.25,6.917290309657776,1,3.6463026202661495,1.1876652513361032,0.001334123147383003,8.835998050385006,2.4429766322799007,0.04155891006861,72.37225940592732,GNSS_LOCKED
5,0.5,-1.6276907305533443,-2.694081027991085,10.249567842611182,0.12412285263478853,0.28159465501262637,-0.01255618262540502,-32.56,-36.62,9.25,6.422268117682627,1,4.5062367028304395,1.4259227305846325,0.0036553394130821384,8.781990702411495,2.394470922240274,0.06137097222594386,72.59009476706673,GNSS_LOCKED
6,0.6000000000000001,-2.5944661365623847,-1.578740947069135,9.816558375942064,0.024165992179395735,0.13662440518839,-0.0036106410655199514,-33.19,-37.5,7.81,6.037506830231515,1,5.361625104735059,1.6620496494262622,0.006370181348943994,8.655894844964962,2.3743180747472015,0.052176690391063846,73.13337218284447,GNSS_LOCKED
7,0.7000000000000001,-0.31559773720550366,-2.9564563844471112,9.755246207304697,0.12025042833831452,0.32846971714481504,0.012945246357526991,-33.0,-36.87,8.19,6.106584006503153,1,6.215460365176667,1.8890002788670073,0.008275194156121185,8.70703054925241,2.236756015731828,0.027988301729817564,73.46731088499446,GNSS_LOCKED
8,0.8,-1.5281863064053383,-1.3471891317309337,10.375198529004699,-0.08971719864727033,0.10845406195909656,-0.004274425278172695,-32.75,-36.69,8.0,5.993169742515262,1,7.067385461908398,2.1266668175873265,0.009429208098586356,8.611269058793733,2.383923328740814,0.061377744260924946,73.50027239963657,GNSS_LOCKED
9,0.9,0.19251573220482932,-2.0777356276276224,10.284998907853149,0.058555948566261,0.1787217452576977,0.006069485937704871,-32.56,-36.75,7.81,5.6967194828858005,1,7.915030205131112,2.365561650103048,0.011266175129968543,8.629254753608011,2.372179667045624,0.061547922930260276,73.41810278945995,GNSS_LOCKED
10,1.0,-0.3816753505390766,-1.2002495063604404,9.95538491015151,0.07361943283739338,0.23976182367276144,0.01688984954971992,-32.62,-37.44,7.13,4.233992115784664,1,8.755232671806683,2.6043416684412604,0.013038142160893504,8.508736041330952,2.391769839181024,0.04394283415468994,73.14362342901694,GNSS_LOCKED
11,1.1,-1.6450907751193427,-0.8576206003858721,9.215439636686414,0.014057720394244357,0.2331736215124627,-0.017067299964552658,-32.25,-37.37,6.06,4.388107564518023,1,9.585283406345281,2.8442679318237896,0.014374390128630834,8.351896008880288,2.3923159994432095,-0.0038617535427950215,73.1604713887133,GNSS_LOCKED
12,1.2000000000000002,-0.5484462080965792,-1.9362174266498775,10.029996982729447,0.023061866869365167,0.21491218991376093,0.03962260621124292,-32.31,-36.94,6.38,6.094907335058822,1,10.412340895048448,3.068808855388183,0.012855174095079268,8.393097066495708,2.2098328115202275,0.006204800285285041,73.43435341469169,GNSS_LOCKED
13,1.3,-0.47033265036364613,-1.1571936756822323,10.249544762327885,0.06879898658056008,0.25330104889020405,0.019124279767101456,-31.56,-36.37,6.0,4.42063125195099,1,11.236240445291246,3.2853143055237877,0.012084469524277127,8.339323666968978,2.1802348368048117,0.02360919737959257,73.28432892071483,GNSS_LOCKED
14,1.4000000000000001,-1.0695257315914404,-1.0282980040203367,9.33029225771581,-0.009609355933586734,0.20253813132015946,0.051847330113319094,-32.37,-36.94,6.38,4.490553099080761,1,12.054022631532407,3.4983291687201614,0.012824576842560415,8.248122470467408,2.1384401086391094,-0.01666234950320422,72.90607371176984,GNSS_LOCKED
15,1.5,-0.02142906923582974,-1.8107363642900067,10.291334940814505,-0.03523218382649417,0.19205171246926114,0.021890933293040985,-32.62,-36.62,5.56,4.037755631588816,1,12.85086392223088,3.7142306079533816,0.011737647258225039,8.091045328202293,2.1492686447214626,0.008449829864685576,72.26531251458891,GNSS_LOCKED
16,1.6,0.09764178514509851,-2.853943893209306,9.776973984633845,0.036579944126003,0.23313327338212583,-0.02759192870883557,-32.37,-36.12,5.13,4.608251947786909,1,13.621013279058436,3.9309533494965483,0.01247225207153652,7.839218295659812,2.11548294696859,-0.0008857632177692518,72.5864205883305,GNSS_LOCKED
17,1.7000000000000002,0.3734511040139473,-2.464240388578532,9.638379583218805,0.05836337693963536,0.20108072436666063,-0.00875377178027263,-32.31,-36.44,4.5,4.260524261322523,1,14.363505066114612,4.145783934910612,0.013237216612609222,7.570409622536884,2.1222871585703924,-0.016878551635474776,72.71898138625876,GNSS_LOCKED
18,1.8,-0.6336296545344251,-1.3073562844473474,9.620373601706465,0.018437811678719,0.1735968815963142,0.001822031979782131,-30.75,-36.25,4.31,4.186702046664645,1,15.080898070950875,4.352874225950285,0.01304295964597285,7.267965568323258,2.0829203626517927,-0.024035396440267517,72.8837908077292,GNSS_LOCKED
19,1.9000000000000001,0.20752062873783725,-1.7299461419274287,9.921922061006056,0.07285788827749846,0.22509114600569338,0.0299440161900032,-31.56,-36.31,4.19,4.259478303277212,1,15.771553263899298,4.550901387255724,0.01246847222453453,7.0509012377087865,1.9927681714147483,-0.016746795167909695,73.01077427157801,GNSS_LOCKED
20,2.0,0.28774977009584785,-1.0181022148042613,10.056817755136088,0.02853127467894618,0.17405536274683733,0.0436257614748602,-30.37,-36.75,4.13,5.3696754236978705,1,16.434475473224595,4.747272008219176,0.012438518664697891,6.762631482707876,2.012421960581035,-0.0067576774267724266,72.03409725489117,GNSS_LOCKED
21,2.1,1.1702966655426084,-0.7323112339733594,9.817844717717646,0.03751408403678291,0.15486895307995227,0.003186043125999002,-31.19,-36.62,3.44,4.159375526478411,1,17.06808491134355,4.938459874508133,0.013213380840312542,6.501942235813377,1.9775695995114095,-0.02256619347521653,71.39186131247071,GNSS_LOCKED
22,2.2,0.1553048774278384,-0.5735531705476583,9.956164301858516,0.03130673094274504,0.14836346759658328,-0.006719380953343262,-30.37,-37.0,3.56,4.857291638693368,1,17.681423965971934,5.1184851014375035,0.012826968161132856,6.2565001028135505,1.8633020559809426,-0.01576903845363282,71.33279816180156,GNSS_LOCKED
23,2.3000000000000003,0.3470949140457656,-1.1361506076106795,9.799022214357382,0.018079342310072386,0.18892368944364268,-0.018120898118947404,-30.62,-36.69,2.69,5.141133999712206,1,18.266895476315316,5.291133287601356,0.013307726249544526,5.987995845964019,1.7652511632858676,-0.019563601439602632,71.13502287597778,GNSS_LOCKED
24,2.4000000000000004,-0.1721808746485919,-0.8458683620921741,9.844162254372728,-0.02383537672484527,0.17054442126828245,0.03501721277673745,-30.19,-36.37,2.44,4.731872979118392,1,18.82801064132065,5.4635986005960255,0.01350762182151634,5.715574859377949,1.7739869747627148,-0.01825394276803286,70.30030056534244,GNSS_LOCKED
25,2.5,1.0187338723936883,-0.35985522451961055,9.727590793954262,-0.005521732840529025,0.16347568847143293,0.05138160901751549,-30.31,-36.81,2.75,5.244666266347411,1,19.35932681381785,5.642866026605641,0.014340394881242627,5.460374504137206,1.8736681709268461,-0.034232301829523554,68.71589784788226,GNSS_LOCKED
26,2.6,1.2793313675494464,-0.7792577048985364,9.690722718732609,0.05595482358977002,0.205463812266082,0.046430804065037606,-30.19,-35.94,2.19,4.526754402072351,1,19.86029110324185,5.829656321320375,0.014863995819965274,5.170999347880393,1.9329178738672335,-0.04342594718356836,67.14590596960802,GNSS_LOCKED
27,2.7,0.7960618286707593,-0.518223155684526,9.787839024822881,0.03898619053362827,0.19893447821583463,0.0076315348829216504,-29.87,-36.5,1.81,3.4072905271088154,1,20.332805128062247,6.008752098964437,0.014874484156074112,4.860270064583727,1.8640056567103986,-0.04063760418344403,66.62303748755386,GNSS_LOCKED
28,2.8000000000000003,0.9389002260085968,-1.0119195679756587,10.008867065434977,0.08915710633969526,0.20009777592370662,0.0008002871474491794,-29.06,-36.37,1.56,2.650025658197969,1,20.774021610779727,6.183905856190979,0.014761033505747043,4.562666302452142,1.8027094819765042,-0.022280831789188618,66.16676648395813,GNSS_LOCKED
29,2.9000000000000004,0.3424749571825202,0.16554583884280208,9.842379304768977,0.10022903310421244,0.19686436540488025,0.0006344735837356756,-29.0,-36.75,1.88,2.6939799353390104,1,21.191357771469736,6.3553084988751225,0.015185848479363138,4.276151151114788,1.8007276026431926,-0.02665456186590463,65.64359999489423,GNSS_LOCKED
30,3.0,0.5273072736314441,1.0619443188738191,9.730661043977793,0.12448451741888057,0.2698468581020743,0.06825612130371442,-28.56,-37.37,2.13,4.326828992995536,1,21.582848568974853,6.528225609321659,0.01556279617719355,4.009830104759263,1.847112390392031,-0.040879420947419816,64.49183294795789,GNSS_LOCKED
31,3.1,-0.1949209232413552,1.780606078793342,9.764456849505093,0.10396757007182775,0.29514428584805313,0.07700626535939975,-28.56,-37.06,2.56,5.7393597431307235,1,21.950464115160504,6.704442157558243,0.015123950818611601,3.7299714943010955,1.891719873362107,-0.04639032421455568,63.26347409273555,GNSS_LOCKED
32,3.2,0.2686828984743081,1.6175620097307541,10.407926342203968,0.07460482102562425,0.3540478605931312,0.03212667255041055,-28.75,-36.75,1.56,5.843626038884257,1,22.29636033964545,6.882735055535107,0.013510002105575857,3.5451803273830245,1.9151429271154217,-0.007773617900813731,62.55361792467175,GNSS_LOCKED
33,3.3000000000000003,0.18599506941931596,2.421451423637445,10.248300833168194,0.09855170884807889,0.33877430151772203,0.04704628905985076,-28.12,-37.37,1.19,5.386158821177308,1,22.62342009637373,7.064415392934357,0.01348134248938244,3.345018451186492,1.9723407332430065,0.007541599662498948,61.64757731349853,GNSS_LOCKED
34,3.4000000000000004,0.38591425309342303,2.666986336262783,9.891908946783072,0.16179666131743278,0.41332494784160817,0.03414407530251437,-27.06,-37.06,0.69,5.52530607175182,1,22.92259957102613,7.242448885027775,0.01486759797424797,3.07670903902603,1.9397500306845417,-0.0012246373148734647,60.24203674565013,GNSS_LOCKED
35,3.5,-0.11943642001279706,3.137563337607119,9.851476373319798,0.20403138181898423,0.5060494358989422,-0.020535424500072997,-26.37,-37.25,0.0,6.3897584488506105,1,23.2036432327517,7.4204930676219325,0.01566369621255592,2.86968793913141,1.945967613997799,-0.001146358243232096,59.588633425348235,GNSS_LOCKED
36,3.6,-1.3094655600711687,2.6722557870591133,9.79427262156392,0.2380148284069581,0.554908468725854,-0.00683979493363514,-25.44,-37.5,0.19,6.380037416016608,1,23.462854549923232,7.599468658042143,0.01606749774613244,2.6310436274423568,1.8996680292877226,0.006419303204968058,58.75989657594683,GNSS_LOCKED
37,3.7,-0.9684495773073052,2.018496148403963,9.598132329005038,0.11774856489263784,0.5540326359049056,-0.10554905882094126,-23.62,-37.69,-1.81,8.369259886243688,1,23.69864135668683,7.772896693920783,0.017049658752453765,2.446686625433551,1.8202199515576236,-0.004722045554032609,58.632809567128994,GNSS_LOCKED
38,3.8000000000000003,-1.4048762001574242,-2.0186018978827622,9.913737885888215,0.0988037116433777,0.4885696092137074,-0.11494026064985888,-23.56,-37.37,-3.0,7.814965085389,1,23.91588015445933,7.945121957652245,0.01632647119131722,2.351724965312363,1.6266355514706021,-0.014732500769527564,59.53815339305511,GNSS_LOCKED
39,3.9000000000000004,-1.1745865039123233,-1.6704752285297093,10.215548037951544,0.05616034633860166,0.48185802384638454,-0.017197393813753837,-22.37,-36.94,-4.5,7.533611126489729,1,24.119352323279216,8.104978100826083,0.01445802646667007,2.2248199021734245,1.5294483552656686,-0.0024933901228877233,60.21795362001345,GNSS_LOCKED
40,4.0,-0.4763307491413944,0.09057955187643825,10.583331753384861,0.10722065048364351,0.5703728009722808,0.06326246929182663,-21.37,-37.06,-4.56,7.565622083544001,1,24.301148509450147,8.254402685017759,0.012823694551980973,2.0158089607116247,1.5253963685127612,0.026629175325996582,60.30749771006988,GNSS_LOCKED
41,4.1000000000000005,-0.14409299874623255,-0.0025585254851223827,9.967734827013592,0.07981975844473907,0.5337729431894666,0.03456575300319751,-20.69,-37.19,-5.12,7.839039725625237,1,24.47164652142898,8.397328883290191,0.013713420985542643,1.917382161524193,1.4722716297175458,-0.0014335036713406697,60.50275947602583,GNSS_LOCKED
42,4.2,-0.11773272956392028,0.35893803187803275,9.944227695686626,0.18285701286474734,0.5505990163990065,0.036648410424301704,-19.94,-36.75,-5.06,7.839039725625237,1,24.634476203563075,8.538463674398258,0.01370536451990773,1.842874404541767,1.4736391589311597,-0.022128724381761746,60.30393766245758,GNSS_LOCKED
43,4.3,-0.3624732237279097,0.33757822154287026,9.768284355321576,0.16676597431657528,0.5190840410159303,0.01452749712838791,-18.56,-37.44,-5.25,7.711828402882341,1,24.78988832825493,8.676706087451361,0.013368497576141898,1.768092663360069,1.4390938023256297,-0.04506426377075994,60.284584717919685,GNSS_LOCKED
44,4.4,-0.28634989915035564,0.03380011706852253,9.90338303295105,0.17888058875499885,0.5045013122298415,0.0017666140022198952,-17.87,-37.94,-5.12,7.616007325596935,1,24.93313766233335,8.808485960524253,0.01222710618729447,1.669395346212299,1.3642513731011277,-0.05758352910464114,60.50772624091744,GNSS_LOCKED
45,4.5,-1.0179361772172444,0.659056400589664,9.95120821106433,0.12103393560583445,0.533256875522335,-0.022492246217742463,-16.81,-37.31,-4.87,7.758362746458441,1,25.065925851627206,8.93900974977814,0.010199067217632533,1.5330478339891154,1.35992539189012,-0.04634816838325191,60.48189456257579,GNSS_LOCKED
46,4.6000000000000005,-1.1269248965690377,1.0347901431362612,10.311332222713071,0.14442514127569403,0.4829076508150196,0.06824477527118773,-16.69,-36.19,-5.44,7.603639245468377,1,25.19390100889478,9.065277099971022,0.00831278004039107,1.4857161106805794,1.3388096097153335,-0.017696493936139847,60.03575310258367,GNSS_LOCKED
47,4.7,-0.9218554151715698,1.534935557408255,10.386409532081945,0.169426459293788,0.5430632148901032,0.08094053078894443,-16.25,-36.69,-4.62,7.169446197199353,1,25.318391852401483,9.190335937310085,0.007454978435029836,1.4588407840376767,1.3527864922241282,0.0012828160280608444,59.269684093039125,GNSS_LOCKED
48,4.800000000000001,-0.8749903709153055,0.6103928398267263,9.924037743373097,0.07915305957858856,0.5264757694313954,-0.04616879206746226,-15.5,-36.94,-4.25,5.594813009323525,1,25.440176440374906,9.313700627689899,0.008274745270515887,1.4524824545940707,1.291986328792903,-0.027903577508167896,59.46272443655734,GNSS_LOCKED
49,4.9,-0.4810071867344021,0.7884295972806151,10.326218577797091,0.0911171420509859,0.4880658534431102,-0.007025605120478122,-13.62,-37.19,-4.94,5.18082868012787,1,25.56022016192061,9.44197677183455,0.0077185054992173156,1.4681913807647744,1.35807534608301,-0.03598648775111676,59.05390191235736,GNSS_LOCKED
50,5.0,-1.568379042509116,3.676120085229271,10.280502463789993,0.03880646303699528,0.443103429175113,0.06107478595798675,-13.5,-36.56,-4.37,6.6027191234984475,1,25.683449538777822,9.569111594283028,0.0060511935487751155,1.3948605045274314,1.4613141702715127,0.012832106711730398,58.175184070940745,GNSS_LOCKED
51,5.1000000000000005,1.1621977214978074,-1.2822028239298908,10.008566967076332,0.12205806799411861,0.38212556427958694,0.09956465819531748,-13.37,-37.31,-3.81,8.354019804148344,1,25.791033685671255,9.697353172575273,0.009467823284196115,1.449456200424018,1.3130413958337546,-0.09822787225858738,57.9965573960454,GNSS_LOCKED
52,5.2,-1.1939337881681231,3.8312857848820587,9.930507139317266,0.050500005986529053,0.3739963737795666,0.014586013680755175,-12.06,-37.44,-3.06,8.304790906254436,1,25.90910180695865,9.825594299970179,0.006637868508322864,1.3498528745657161,1.4798445374304041,-0.05219871621246284,57.342164640817664,GNSS_LOCKED
53,5.300000000000001,-1.005121981535293,1.6475281202015173,10.194571778421093,0.1441031852258918,0.36694849833208665,0.028675452561013726,-11.25,-36.81,-3.19,8.389983729056635,1,26.02697164726105,9.978217902335599,0.00565617771996421,1.411395766030822,1.620907797494791,-0.04556629152333227,56.459541721095874,GNSS_LOCKED
54,5.4,0.1603476582596201,0.9417160286637712,10.097443048606335,0.1930616513487827,0.29138032512252293,-0.018259926340867223,-11.5,-37.31,-3.19,9.089941610412051,1,26.14692680890257,10.145568274916997,0.006387582448155125,1.4955642153336843,1.762849965785768,-0.08779696348271913,55.961187372608094,GNSS_LOCKED
55,5.5,0.28667588583140863,0.8694482127201948,9.97277532344334,-0.08820910411673705,0.24167732462016808,-0.0037195047197890155,-10.87,-36.19,-2.87,8.57221942843884,1,26.279936568601364,10.344549236654412,0.005907502683105553,1.6298983085363516,2.0648497099159946,-0.12819984231544218,54.805764655331934,GNSS_LOCKED
56,5.6000000000000005,0.19785677093225026,0.47378889962021126,10.504639227826576,0.08095439211194003,0.24799309551378054,-0.029384706486183743,-9.75,-36.69,-2.56,9.12242868507185,1,26.42284496353116,10.573756125604147,0.003674887891445577,1.7401265531997046,2.356073226122028,-0.12258147668346926,53.917966205641214,GNSS_LOCKED
57,5.7,-0.42575167647342005,0.14346186843709344,9.67874682757456,-0.1219799613561521,0.09864200449578396,0.0023924833552974273,-10.06,-36.75,-2.5,8.027294462364232,1,26.56900748495087,10.842252145536486,0.0025750171374769332,1.7351694766803167,2.708848128031318,-0.1496087472198942,52.88296814259538,GNSS_LOCKED
58,5.800000000000001,1.962546202056215,1.2879421426814421,9.87918064527114,-0.07104213077536642,0.04888663452213919,0.012400508860305947,-9.25,-35.75,-3.06,8.160177822344764,1,26.701021865105176,11.136543690921311,0.0029692287277835183,1.6379035260666646,3.0942802452564426,-0.19465945885783748,51.523762175214365,GNSS_LOCKED
59,5.9,-0.5430343220012444,0.6498320461149003,9.754750736793369,0.08905345908769673,0.1342974153102655,-0.02861827502659773,-8.69,-36.12,-1.37,8.222103278587866,1,26.815453466562786,11.448819089723617,0.0008838980821355528,1.3707799052412404,3.1779034603992184,-0.1608681587771132,51.42935311376137,GNSS_LOCKED
60,6.0,-1.3781249337689998,-0.5463884527359312,9.596499802305058,-0.1320271770292837,0.013325602221356928,0.05456503322748327,-8.75,-35.56,-1.31,8.080322884590721,1,26.904065860254985,11.763128383242028,-4.0274581038092505e-05,1.1013740103104686,3.1187922387525715,-0.13654922641217015,51.85987094819601,GNSS_LOCKED
61,6.1000000000000005,0.4623823595223227,-0.28397248758502536,9.90825607662102,0.05229127024433086,-0.0007903638462596493,0.010135994338242476,-7.56,-34.69,-2.25,6.829947306147493,1,26.972962870562903,12.081985696874728,0.0004391428814353171,0.9471503119082132,3.229088353085886,-0.1341416636554023,52.13368610212347,GNSS_LOCKED
62,6.2,0.7633146152046637,0.7727803568880801,9.979264338027273,0.01698541657232033,0.18620427084933067,0.023740158831268194,-7.5,-34.69,-2.56,5.6275348308849225,1,27.02521600591078,12.410342804891405,0.001163107088086271,0.7486814915216496,3.3712887032348307,-0.12001397457993809,51.818877619959906,GNSS_LOCKED
63,6.300000000000001,0.4809303730083823,-0.35546657598189757,9.546174626502372,-0.052736065007749355,0.028089601150771592,-0.06058045687091675,-6.81,-34.0,-1.94,6.796795417962064,1,27.065069754201776,12.746135825314408,0.002705175951521102,0.626079557007862,3.392473239264659,-0.1354293770286733,52.39041157452491,GNSS_LOCKED
64,6.4,0.033272110711589725,0.7869861113745855,10.186061770731234,0.009480513008468172,0.1299740689334609,-0.051515544042320026,-6.25,-34.06,-1.31,6.991274827000252,1,27.09399276014135,13.0893160501974,0.0018956151384594642,0.4565138113985838,3.4988846307073773,-0.09180768519459066,52.612564347023955,GNSS_LOCKED
65,6.5,-1.0532228688582732,0.12199504472999928,9.95324768040941,-0.10015506079099304,0.024542892749493995,-0.01288643524949102,-7.0,-33.81,-0.87,7.195345950884227,1,27.105954444992378,13.440932509300517,0.0020870237923266612,0.2495358562623049,3.52166814626454,-0.06613951246830967,52.86086181659918,GNSS_LOCKED
66,6.6000000000000005,0.46259103587312067,0.6779188912973091,9.94975296428771,0.06596280304451442,-0.024646067731420754,0.09243018965624175,-6.69,-34.19,-0.81,7.841463777459694,1,27.09766078945055,13.802646669011452,0.0038040842180348273,0.07432557170256171,3.6867344446133408,-0.06646858741746628,52.18370848595249,GNSS_LOCKED
67,6.7,-0.779250569830147,0.12038231984558896,9.817527974825841,0.09907247990364655,0.08058213265270787,0.03967182404280071,-6.87,-35.31,-0.56,8.996208298580115,1,27.07284779467787,14.186458760268437,0.004351939522553548,-0.14321731800761373,3.833154620893118,-0.06204208516018578,52.071260660246,GNSS_LOCKED
68,6.800000000000001,0.3172495971928042,-0.07011690464953113,11.070089817285286,0.06800953333888178,0.19670591876904478,0.022166977607546972,-7.31,-35.94,-0.75,9.295255634441922,1,27.023575327790105,14.580752345040416,0.004000992243059914,-0.32932869456204794,3.9660994859792775,0.01090519881168896,52.06285027556445,GNSS_LOCKED
69,6.9,-0.34257539422573385,-0.40366194180520465,9.008401116513914,0.009139687798113527,0.041820001096885405,-0.11601751426060429,-7.56,-36.37,-0.56,11.350392700884619,1,26.958941110043146,14.983512362722937,0.008727425459282328,-0.5269429596056274,4.014691709380187,-0.06658672961677249,52.97557976072131,GNSS_LOCKED
70,7.0,1.0152558121919177,0.6965163250338915,10.275364389877948,0.012313968239523,0.20298362047006635,-0.02297772850087818,-7.56,-36.87,-0.69,11.439907580314417,1,26.870379124835566,15.393994335217748,0.009711875538955063,-0.7437533075880474,4.181771510947123,-0.043434270982664364,52.958343015547364,GNSS_LOCKED
71,7.1000000000000005,2.6866686332275145,0.2621150988889392,9.71876240784627,0.26678070418180444,0.1261714554934014,-0.0005288619263978515,-7.69,-36.56,-0.5,11.003559783527503,1,26.760031781352456,15.824078155580285,0.013252799736351592,-0.888792978720585,4.408908125803571,-0.06927307116534806,52.30757515675289,GNSS_LOCKED
72,7.2,2.228400825393019,1.3502833149525233,10.297531930066958,0.10786357501827759,0.1556631030341791,-0.020173932141428028,-7.62,-37.44,-0.12,11.093577034989492,1,26.63035894134726,16.27215840542871,0.014852791991833359,-1.1335548237833468,4.611915766586073,-0.04071848470272876,51.56980412459939,GNSS_LOCKED
73,7.300000000000001,0.9231477436978295,0.10993638601860437,9.76424791698443,0.18849715087389426,0.15743351010894902,-0.09613518610373512,-7.19,-37.44,-0.25,11.10357089154446,1,26.48017688636529,16.74181350016537,0.01703611227467485,-1.3670811144923676,4.724320742509784,-0.05197823126444079,51.761673156730744,GNSS_LOCKED
74,7.4,2.3483938817693804,-0.5884923511327386,8.780357885002546,0.05436471039588597,0.11823962815724809,-0.08856431898234836,-7.06,-37.12,-0.12,11.500339610757079,1,26.31273458663543,17.228480693090336,0.020513951191990253,-1.4731401433219675,4.902106690807782,-0.12131628434068921,51.8552284256982,GNSS_LOCKED
75,7.5,-0.7806170110521973,0.6235670696022282,9.94126936018553,0.20904535879011335,0.1445694660032564,0.049347416019950546,-7.31,-36.19,-0.81,12.281990813982226,1,26.13367255512286,17.729200098937113,0.01811292240733369,-1.7642589408517018,4.992372761940143,-0.09093566356907949,51.66440169026832,GNSS_LOCKED
76,7.6000000000000005,1.4776136343872373,-1.0887207215585217,9.315830048789106,0.12398868423781392,0.038061679077023965,0.08313311474264219,-7.31,-36.12,-1.56,12.314439517967017,1,25.927658035314156,18.22469595221877,0.01924308741873579,-1.8874025577445348,4.941732589563883,-0.10807222960163383,51.67918931230363,GNSS_LOCKED
77,7.7,-1.218452611807238,0.4313767812292581,9.44327869785682,0.08241767895875811,0.29530601378116206,-0.10899630461502424,-7.44,-36.44,-1.87,12.927652409086592,1,25.706296504662287,18.736651000558073,0.017467342677735753,-2.21556622378576,5.063660637290366,-0.11674829294072708,52.828187968378025,GNSS_LOCKED
78,7.800000000000001,0.8354658267705265,-0.45408751590596247,10.426877994404508,-0.1385864461833646,-0.058326963281473,-0.06955984681284945,-7.5,-37.06,-1.75,12.219994060735477,1,25.460789634840573,19.264147738848298,0.013678356056741144,-2.341600388159812,5.24980036963932,-0.05587439186688656,53.44401543931143,GNSS_LOCKED
79,7.9,1.5703944851547393,0.4083477646205609,9.795861913794262,0.05880591421121496,0.08874117570485783,0.04335064230553884,-7.69,-36.94,-1.44,12.262772129799629,1,25.20162427336345,19.797292311847478,0.01383402962367959,-2.4914015607074256,5.379141867447926,-0.056052974464418176,53.176476600777924,GNSS_LOCKED
80,8.0,-1.3958819316838906,-2.1033803253753645,9.634552891007568,-0.2779331809741406,-0.21474117998656325,0.07165013978754012,-8.12,-37.44,-0.87,12.81506881757783,1,24.942035797158915,20.351647592514638,0.011771461725948559,-2.56344820455166,5.381489546423946,-0.06945542011482657,52.56573769953055,GNSS_LOCKED
81,8.1,1.3239759308910888,0.1398614295771715,9.833665538085873,0.011209401788222216,-0.1904780308496688,0.10507791906572389,-7.81,-37.87,-1.12,10.851854924244142,1,24.669245573320218,20.92108132250977,0.009716881258234559,-2.674193789901548,5.711374267830342,-0.0642585387017128,51.85013264246899,GNSS_LOCKED
82,8.200000000000001,-3.2036020710301583,0.49218131362885004,9.503494255536006,-0.27323704726721615,-0.321429483138534,0.21525920043052282,-7.19,-38.25,-1.44,10.027366382141423,1,24.386424208183815,21.499448321716834,0.008322705268218955,-2.9907962173514977,5.680707382148236,-0.11673449283098337,50.214847617751104,GNSS_LOCKED
83,8.3,4.164925277391665,-1.9515052589620694,10.305883575316933,-0.4073840748404355,-0.4436444256557639,0.06120072835326215,-7.31,-37.44,-0.06,10.313638452128458,1,24.065596155283263,22.065010470416244,0.005170208222744423,-3.013285363188186,5.705239884932025,-0.022429254559715006,49.516011832556735,GNSS_LOCKED
84,8.4,-3.19219654782728,-3.378059923880307,8.554897825264389,-0.28623323274048035,-0.2438190853415862,-0.10195906089272455,-6.31,-36.69,-0.25,9.969534249534577,1,23.74335631759819,22.65053101562954,0.006831192919620073,-3.3106985267927556,5.584916711530367,-0.14507885234079826,50.255298475319094,GNSS_LOCKED
85,8.5,4.644556997046996,0.9858553021692043,10.334558780826914,-0.37511360980480063,-0.5196536520942044,0.13939250914007964,-6.81,-36.56,1.06,10.193416414504172,1,23.39881539840657,23.228751670946796,0.001602964075265465,-3.412949682780233,5.955526791225281,-0.06207497926566312,48.21124962934868,GNSS_LOCKED
86,8.6,3.9838369993344944,-1.323959534680965,9.152726413657348,0.07422812682971329,-0.06992232143724898,0.10575705249380785,-7.06,-35.87,1.06,10.620378856609756,1,23.042948905735983,23.827488397132626,0.0007570366015195971,-3.5020791727147214,6.049975483005192,-0.05556501985243231,47.01484346231352,GNSS_LOCKED
87,8.700000000000001,5.956749808120861,-0.2880775237486078,8.463906656134798,-0.5890380135323278,-0.4019985568131748,-0.12573992577544288,-7.31,-35.5,0.88,10.998873985832835,1,22.66807654018099,24.427573252298647,0.0021318521238129096,-3.6421407133197725,6.173398027385831,-0.058790956836364525,46.113125584755046,GNSS_LOCKED
88,8.8,1.8724700550961402,0.5060545724859986,10.487315404450955,0.12694128011144776,0.33197675017031,-0.18263016933142928,-8.0,-34.87,0.38,11.105608566975286,1,22.287383892391052,25.042342557776507,0.0005360992802107122,-3.9729877415865458,6.204084060357164,-0.07493508685246808,47.41524798854229,GNSS_LOCKED
89,8.9,-1.28387759405085,-1.7227373188945265,8.690352223792907,-0.08712634572743244,-0.007296682108639103,-0.01943960674472047,-8.69,-34.69,-0.81,11.146037681301793,1,21.892722255208426,25.681870814570207,-0.0007183363003083129,-4.115723008621858,6.249185496780546,-0.21306181526143736,48.05098776298688,GNSS_LOCKED
90,9.0,2.8967174910935936,2.15495426751516,9.829727352867456,0.3174659900257831,0.2836692374279996,-0.007712905675980195,-8.75,-34.87,-1.56,11.146037681301793,1,21.48747313227614,26.316993086358156,-0.007738121761304832,-4.217803263115033,6.504795168064019,-0.199650850426094,48.65881606964875,GNSS_LOCKED
91,9.1,0.9893599016265943,1.5161062719309952,10.109947399332249,0.03222206232611608,-0.02446265097600381,0.03315836857684814,-8.69,-35.06,-1.37,11.077589438019972,1,21.07337046041995,26.96547981022434,-0.013823534026529395,-4.348198383667057,6.542387309739539,-0.1908870644352924,48.15006390288206,GNSS_LOCKED
92,9.200000000000001,7.937802314700771,1.7479215408800595,11.741488208896628,0.6693616608987744,0.8178488920642177,-0.10202978324080417,-7.87,-35.87,-1.87,11.484170249920247,1,20.637466490089757,27.625612408213364,-0.024622432940819873,-4.3424013810185755,6.8806571300604125,0.07326537222310002,49.9213230394475,GNSS_LOCKED
93,9.3,-0.8792737745063325,-1.7064886970029494,9.096382901816886,0.5923788569703409,0.6191331476451676,-0.1178209459370425,-8.06,-36.37,-1.62,11.64078712239487,1,20.209650610088207,28.311940771147526,-0.020030161573068368,-4.383986810213453,6.703069744305861,-0.060553372370467644,50.87786506372102,GNSS_LOCKED
94,9.4,5.560088501250598,2.148796959036662,8.703208396166076,0.22214780269546472,0.25279681322768005,-0.18286605748335666,-7.62,-36.31,-1.0,11.398669419211439,1,19.768163245362132,28.993982780471523,-0.020128579011336467,-4.339666835341871,7.018491266685615,-0.06743442661947424,52.12777352773563,GNSS_LOCKED
95,9.5,-0.8076282780114573,-3.644886342041112,10.347661872527455,0.4095867700845123,0.2255792408035765,-0.038992997963979495,-7.69,-35.75,-1.62,11.552185554163765,1,19.324332525154922,29.700159903247044,-0.02266368948326999,-4.445025992831361,6.79262337908364,-0.05644873121833398,52.20029860899344,GNSS_LOCKED
96,9.600000000000001,6.883932510180626,-1.1872038953709216,8.915520146693314,0.4002450180721572,0.13857639726980187,0.11126440413780443,-7.0,-36.81,-1.87,11.628698734759114,1,18.87022997990348,30.395029307623684,-0.025067547867765962,-4.275597003175897,7.023971744160229,-0.014128560380032512,51.38699842541052,GNSS_LOCKED
97,9.700000000000001,0.783060870004874,0.6553859646894388,10.263097267937946,0.2371396015457729,0.3759780093386465,-0.14768966068232636,-6.5,-36.44,-0.81,12.22335636115557,1,18.415749164765746,31.107831947015967,-0.0255829247858234,-4.590641185450614,7.064804194106159,-0.01545276490556469,52.27660243676565,GNSS_LOCKED
98,9.8,3.8269387031315434,0.7376272902261719,10.722724814299184,0.013119187155437752,0.13425405633945,-0.212369831390394,-6.31,-35.37,-1.19,12.25826828055662,1,17.95007581124642,31.825998627111126,-0.028077167483940856,-4.587794625352738,7.214065166200747,0.06579551424072663,53.46244589028003,GNSS_LOCKED
99,9.9,1.3527059300095738,-2.1525284611492705,9.456157410960294,0.22416070663299273,0.13165704279759616,0.058014917767668206,-6.44,-35.5,-1.19,12.275674982777057,1,17.482416023413148,32.56227874242802,-0.02561606721730495,-4.6035269258535365,7.200702497727686,0.0004993340095888429,52.71648050868297,GNSS_LOCKED
100,10.0,-1.5371246599503825,1.6362041914601413,8.931528038562085,0.14222949580535071,0.08957065335221788,-0.07233504393454493,-7.06,-35.94,-1.62,12.2649882431129,1,17.015595538077445,33.30302370839913,-0.022356748461622895,-4.830960421302471,7.315687901439447,-0.11690003262182737,53.18806446471832,GNSS_LOCKED
101,10.100000000000001,2.9518985671299567,1.618645060499072,10.438776828129726,0.16150585624981897,-0.008486689819913667,-0.10782010245271233,-6.94,-36.31,-1.69,12.346244297308425,1,16.53345485179406,34.04374699673225,-0.026694553238417226,-4.815187572296146,7.447081942476992,-0.026136753076300003,53.75261486141717,GNSS_LOCKED
102,10.200000000000001,-0.046825518249783545,-1.2439037083267686,9.818392353906598,-0.14170364705714297,-0.18453760044006706,-0.0049850210156842665,-7.25,-36.94,-2.12,10.973728149783216,1,16.047638274516686,34.81282756146924,-0.02710975862362366,-4.877348242845246,7.497589977375046,-0.05883628993018006,53.74986550174321,GNSS_LOCKED
103,10.3,3.72534510625644,-1.0391379369412153,10.385385165572858,-0.10776112380094835,-0.2547728240689482,0.1530143728970892,-8.37,-36.25,-2.31,10.973728149783216,1,15.554794492544863,35.56991180504917,-0.030541119967493105,-4.818288304329772,7.516147572900146,0.018212240325420008,52.71201445779767,GNSS_LOCKED
104,10.4,-1.0739266751169367,-1.1210083175716086,9.369032023555452,0.05940104044280996,-0.14029935860694634,0.08207646659543234,-8.75,-36.12,-2.19,10.874945173677926,1,15.063205449424611,36.34502053770618,-0.027764938721000682,-5.01035723319227,7.540046394489251,-0.08538033838778092,52.09621962512294,GNSS_LOCKED
105,10.5,1.255837471526416,-0.5411362539888767,8.870360998839283,-0.32412362769416214,-0.1771170456538833,-0.06658653098950555,-10.0,-36.81,-3.06,10.862968111959068,1,14.555063423633332,37.11824058349472,-0.02807287415765191,-5.104757836924376,7.625007498559696,-0.13705407265614025,52.314238570044665,GNSS_LOCKED
106,10.600000000000001,3.326348773833604,2.329737814741657,11.05543611619996,0.17232100100503278,0.28040323053213884,-0.16544636871132495,-9.19,-37.62,-2.69,11.177434278706508,1,14.041842756271974,37.89035473543248,-0.03386219996661939,-5.226565628215185,7.800309737778027,-0.011141230695721632,53.34468649391076,GNSS_LOCKED
107,10.700000000000001,0.25826974277509485,1.6667519571094844,10.663906664231387,0.047650513413913416,-0.027378096238880153,0.032793572811224365,-9.12,-38.31,-2.94,11.186132171124408,1,13.528657451843985,38.687648474806366,-0.03365316067192471,-5.317498369239456,7.920358138137003,-0.008734706857784161,53.65498462030387,GNSS_LOCKED
108,10.8,3.2919971375228645,1.5805127115795354,9.448049687902618,0.26010709095482587,0.30238205806228047,0.04306845942261649,-8.81,-39.75,-2.69,10.85974216675416,1,12.998636569863521,39.486316099825174,-0.032821247816513036,-5.329626411684848,8.041474635091696,-0.016475899142378122,53.48932402015498,GNSS_LOCKED
109,10.9,2.454752741613629,1.5281101415808798,9.070941729651782,-0.27105384285485273,-0.23575410055883625,-0.010424410933519914,-8.75,-39.37,-2.44,11.038799876591025,1,12.466193869029292,40.28930603307366,-0.030935913631266777,-5.366179959543674,8.060393876902358,-0.05707773320145923,53.52171120719599,GNSS_LOCKED
110,11.0,2.426875286942569,-3.2659512685572136,9.152186319292072,-0.03150842002402543,-0.17408708048064386,-0.022820339114820617,-8.25,-39.31,-1.5,11.020134186035566,1,11.923677648006786,41.11970134545903,-0.03205199315501584,-5.335253895573288,8.10218118272344,-0.07531990576571777,53.002446295106324,GNSS_LOCKED
111,11.100000000000001,-1.2380608916676272,0.8625893201114704,10.95781946709074,-0.22424065093943207,-0.14744283779081763,-0.02347722407889026,-8.25,-39.56,-0.81,11.191690866068228,1,11.3908474755316,41.948712873653186,-0.03304803837490518,-5.5681629250241595,8.1444921452046,-0.07612176250014835,52.81692839683854,GNSS_LOCKED
112,11.200000000000001,0.43600713130408647,-1.6656909453502795,9.086962590218477,-0.13062178595616677,-0.293210932729039,0.061372941609379505,-7.31,-38.94,-0.37,11.137916372648492,1,10.85399653109126,42.78038508248438,-0.03223742497797063,-5.448796877906434,8.13831458134616,-0.13457412321405632,51.148448845739146,GNSS_LOCKED
113,11.3,3.0772341673460724,-1.5730024039187305,9.578672706413128,0.07795816172492888,0.18527372239155124,-0.005240497271083527,-7.37,-38.25,0.06,10.866483707170804,1,10.308732058715803,43.61908480365894,-0.03613296555582245,-5.44926946799969,8.282617773883832,-0.0856327217313404,50.98959511589299,GNSS_LOCKED
114,11.4,1.7766612294878088,-2.0132473893102336,8.636376130940013,-0.05625602198908283,-0.382162074585885,-0.028620599891970543,-7.87,-36.5,-0.31,9.999340020301053,1,9.766402574184177,44.468461245141505,-0.0358408722712167,-5.433783209733887,8.349184589547118,-0.13673960590052442,50.2014174278272,GNSS_LOCKED
115,11.5,3.9101145814469995,-0.6018940389616396,9.539284772760377,0.1335711401805695,0.34028361412461366,0.062439190170546305,-7.87,-36.19,-0.69,10.222752857655458,1,9.209987435869245,45.319916990458694,-0.03993615207303168,-5.566490980154525,8.484798320131093,-0.07881126377148005,49.850338436593574,GNSS_LOCKED
116,11.600000000000001,0.5055474834931573,-1.3619993610022563,9.468391719957681,0.19506226092991016,-0.043930609164356794,0.027565665951690375,-8.5,-35.25,-0.5,10.175359495090067,1,8.65868251157559,46.19051818344752,-0.03942985246604263,-5.624110965131851,8.541183575113768,-0.1227617847450945,49.235416251763326,GNSS_LOCKED
117,11.700000000000001,4.20403067585432,0.24630570341360836,10.08923678565142,-0.2831328247591119,-0.11008138819539057,0.0006176705446805179,-7.94,-34.87,-0.5,10.175745676652063,1,8.108429744089216,47.068212133114194,-0.04359922628453029,-5.54704718735251,8.785033665384173,-0.033257260945830286,49.10066290157844,GNSS_LOCKED
118,11.8,-0.08599121387824185,-0.9690610994705818,9.57035054565028,0.4844827328004867,0.6362206911575353,-0.11962434435013622,-8.81,-33.81,-1.62,9.838977160612068,1,7.557573108767132,47.95963833548078,-0.040969021658199,-5.6670984182477095,8.757909819288914,-0.11037471463161401,50.12770681115345,GNSS_LOCKED
119,11.9,5.8183278869917086,-1.872014017922902,8.683849749169706,0.004753331203705759,-0.15101686397749825,0.038043036641015694,-8.44,-33.81,-1.44,9.458184481480467,1,6.992896680058104,48.842276220741816,-0.04434410864206162,-5.491753599786655,8.833473037866925,-0.058725321396257454,49.64250275178841,GNSS_LOCKED
120,12.0,2.139525325111484,-0.8710115047236077,10.15227846356894,0.34070686457799176,0.44559092370705905,0.0822192869059553,-7.5,-34.25,-2.06,8.0812435861867,1,6.4330173224795155,49.74552400392664,-0.04563072958361784,-5.652873500089365,8.930084082041434,-0.03394385542103416,49.148430740790836,GNSS_LOCKED
121,12.100000000000001,-3.036759364565895,-4.340161728990681,8.533845303725979,-0.2602750146311302,-0.5835203294025866,0.08988933158424157,-7.5,-34.62,-2.12,9.695311806150546,1,5.870048508166954,50.667442477594875,-0.040330267716640375,-5.722088882395788,8.824353882898862,-0.1915162273651629,47.31277648962402,GNSS_LOCKED
122,12.200000000000001,2.995941970383292,1.4097716349115954,8.924177372592645,-0.32576159513887276,-0.14705059816166682,-0.1697905318705172,-7.94,-34.62,-1.87,11.066584116325538,1,5.301218295084801,51.57821783795405,-0.043088527180844646,-5.790336173319588,9.142579984783552,-0.18444756732005133,48.10815494959308,GNSS_LOCKED
123,12.3,0.9012291576119158,-7.771485584619529,10.224051816844483,-0.38129119216411,-0.27130321382253625,-0.19584338882799932,-7.06,-34.62,-1.94,10.958802101478962,1,4.730670151148943,52.52985464310808,-0.049084467836403606,-5.626345813748663,9.07575894118372,-0.056157391246216465,46.60458606954663,GNSS_LOCKED
124,12.4,2.089057421590048,-0.5757596105146612,10.187634363786303,-0.2555658283222343,-0.4721506291977689,0.15958089090527494,-7.25,-35.37,-2.56,10.822825302354085,1,4.167548568017034,53.46824586037418,-0.04906835218760246,-5.7721337475227985,9.317319943338502,-0.044329295144713426,44.25351637283593,GNSS_LOCKED
125,12.5,7.309413867786475,-0.9416301278340888,9.363720078674177,-0.2893406240874242,-0.19185503716097232,-0.029865497964403555,-6.31,-36.25,-3.56,10.822825302354085,1,3.589593329606974,54.41440911121695,-0.05263055257332031,-5.7337831044220495,9.580830861794897,0.057098083128634805,43.81622491724451,GNSS_LOCKED
126,12.600000000000001,0.4640043633205808,1.0522584604965854,9.690454257315949,-0.42413969599964807,-0.470980910820828,0.06025429378649492,-6.0,-37.31,-2.19,10.822825302354085,1,3.0218291846254193,55.38025468591598,-0.04610832333038212,-5.959170683644858,9.6347856433283,-0.10248039653497672,42.75331127194068,GNSS_LOCKED
127,12.700000000000001,6.467040374968033,2.189193192284555,9.707933917440327,0.4178093345682037,0.5114269262545971,-0.14497516700955965,-5.94,-36.56,-1.62,10.884356766787675,1,2.4390515243977666,56.345977881933365,-0.05004630350681633,-5.984642745644442,9.889589598576114,-0.0428000703195828,45.746969057571356,GNSS_LOCKED
128,12.8,1.1034511357731196,-0.4662873605662796,9.82011714534695,-0.040218104879611805,0.04889224895264057,-0.061940794572281375,-6.0,-35.69,-0.94,10.822872576815389,1,1.85604456588503,57.33136645822196,-0.04831913720566884,-6.052598354602396,9.787795788094778,-0.10477754983458885,46.54811623003825,GNSS_LOCKED
129,12.9,6.784530503049173,1.826193266465165,7.3167255864022005,-0.4485849420061059,-0.5826246998133382,0.02168222711798937,-7.19,-36.25,-1.19,11.042117532467032,1,1.2625487131454487,58.30599110144105,-0.04917022230757448,-5.950139650557008,9.975911222905301,-0.13161649169235157,45.85648854794174,GNSS_LOCKED
130,13.0,-0.46827194320960275,-3.8851943509776645,9.168584203808892,0.3517079298901639,0.2732144345693432,0.14009719767122256,-7.94,-36.81,-3.0,11.308760859967249,1,0.6738549037511498,59.30975275626755,-0.0482143383473875,-6.067829202923049,9.765856492282518,-0.21765690170414853,45.38016195575373,GNSS_LOCKED
131,13.100000000000001,4.1877716601458035,1.7250696188596195,9.087753996591633,0.28788713069161853,0.34734503388181354,-0.07251432561769265,-7.94,-37.44,-1.94,11.142646176158074,1,0.08180156836430375,60.30996434980317,-0.051983432990338946,-6.099861670944106,10.104454049454139,-0.19616528389462415,47.472721453180355,GNSS_LOCKED
132,13.200000000000001,-4.880542776337014,-3.488325786377753,8.398089208649585,0.5840976847122018,0.6073902144320138,-0.18572135613891416,-7.62,-37.25,-2.44,11.259953527892657,1,-0.5077840764453657,61.32910696389633,-0.04786803653905685,-6.169386859663415,9.802291906653856,-0.4080502281510913,48.432077691166654,GNSS_LOCKED
133,13.3,0.3335583251550787,-0.16109954875783164,8.389146775394371,0.058375752204265725,0.0936352277075749,-0.16439594181954967,-7.69,-37.62,-2.56,11.491802873080749,1,-1.1045749674688763,62.337475035975544,-0.05344259373547005,-6.14470575760202,9.978975700006073,-0.40441065055344305,49.42754186034849,GNSS_LOCKED
134,13.4,-4.894003227219233,-3.6246515209575767,9.013382285445774,0.5665891394378915,0.6342275363119984,-0.14784393546791902,-7.62,-37.62,-2.37,11.100940936998928,1,-1.698456311672972,63.365846877792,-0.05634064257624636,-6.202199002003411,9.865613550005786,-0.4478679023113732,50.25095508523095,GNSS_LOCKED
135,13.5,3.5191490658990316,1.9553839235068844,10.212082452843434,0.15377981750946185,0.13901978060399225,-0.008799904975309412,-7.69,-36.94,-1.81,11.242530448702048,1,-2.30129198228929,64.37641509790066,-0.06761360539791966,-6.1419873512966685,10.185993819265379,-0.24836083535646142,50.31121204488108,GNSS_LOCKED
136,13.600000000000001,3.5164952217225296,-2.8852308115250165,9.780039591424428,0.500965870696166,0.5308740075431556,0.15061392536117568,-7.75,-36.75,-1.81,11.32638734549898,1,-2.9110541958976026,65.40577660587894,-0.0749297625105545,-6.012219350012619,10.180468981001594,-0.1250659450250981,49.27879334638573,GNSS_LOCKED
137,13.700000000000001,8.357972854899208,-0.5758304434006898,8.520349785497126,-0.07598739447565339,0.03590571162370815,0.26382176891529735,-7.87,-36.31,-2.44,11.458352362227439,1,-3.517799368279302,66.4256250532779,-0.08138036263019537,-5.80181898998295,10.371421971671458,-0.04988952120589228,48.03053741432998,GNSS_LOCKED
138,13.8,-0.870842827728842,0.46502940958265765,10.468450014573143,0.6366547650219605,0.6131309162573354,-0.14787102388322163,-8.69,-36.75,-2.75,11.931446888569264,1,-4.101090342419309,67.46205922172004,-0.07943575189485413,-6.018842499816248,10.250552869089026,-0.06065291337432575,48.98220295755702,GNSS_LOCKED
139,13.9,-3.275810472507032,-3.732310263746299,8.415461250778074,-0.45303208879470375,-0.47601550934727466,-0.0409167616407058,-8.25,-37.31,-2.37,11.155770628663161,1,-4.700658576949543,68.50335272793238,-0.07371494577836543,-6.0615931846095465,10.042272288750338,-0.20121144814410732,48.50987906072223,GNSS_LOCKED
140,14.0,1.681214098051899,0.15555593264913684,10.071209753963483,-0.03293822465314114,-0.007347986133687935,0.014410428740267751,-7.94,-37.25,-1.75,11.373338975991476,1,-5.301934965019976,69.52942016635484,-0.07741617549083364,-6.082259171688627,10.205848328022038,-0.1243135362937141,48.06947015242088,GNSS_LOCKED
141,14.100000000000001,-6.251661211601624,-3.92404388957947,10.229438771409198,-0.366153834316235,-0.8281799995712189,0.07904952830811263,-6.87,-36.0,-1.5,9.285538094727892,1,-5.89782943228009,70.57091208733729,-0.07362586982835193,-6.1943855426777965,9.9215070988404,-0.16566941637375368,45.74745351620401,GNSS_LOCKED
142,14.200000000000001,-1.6381600694001004,-1.2697256220111064,10.149687562276565,-0.8425401346827185,-0.7854706512388399,0.22866885990720132,-6.37,-35.44,-0.5,9.60262643042268,1,-6.501369299948208,71.59328483475713,-0.07280510926299896,-6.231171549162465,9.990046728006954,-0.1488364376800804,42.624286505423605,GNSS_LOCKED
143,14.3,-6.606306507318146,1.3855728073595572,12.497545017997403,0.6909614006829623,0.6955170882070387,-0.28524954474677283,-7.87,-34.75,-0.37,9.951558163746336,1,-7.093190038788864,72.61669646900863,-0.0686116364529021,-6.481621645041428,9.933912489032132,-0.15733387363943038,44.44617750581895,GNSS_LOCKED
144,14.4,-4.491954820958993,-5.102102007464128,9.417417109372069,-0.37954524075489365,-0.11501111921303439,-0.1479911912164877,-8.25,-35.62,-2.5,9.48821946239037,1,-7.698600239354292,73.64084897094642,-0.06450717397390912,-6.193856516639512,9.78311086111238,-0.16246555410526564,43.43065944025899,GNSS_LOCKED
145,14.5,-5.324185106031882,-5.183788304703855,10.09886054902848,-0.5190495050496615,-0.7156704851173753,-0.03100851559752822,-8.06,-36.19,-3.06,9.568116153788099,1,-8.287575990341308,74.66564911337647,-0.060886187575342074,-6.071102224825324,9.766760389498799,-0.11208932708628161,40.87703627822613,GNSS_LOCKED
146,14.600000000000001,-2.475195404324975,-4.077383767731046,9.56208457142332,0.6429687854640408,0.32401135669386694,-0.06476203866692337,-8.25,-36.69,-2.56,9.808727631797703,1,-8.876684896726367,75.6815278765392,-0.05669655552700338,-6.033081934393332,9.845447169873855,-0.1027750592326217,40.736658944866925,GNSS_LOCKED
147,14.700000000000001,7.081053536958513,-0.2840990957435882,9.806647568385692,0.318244438653571,0.47859918173311405,-0.040216918211956165,-8.69,-37.94,-1.31,9.43632553185651,1,-9.473106567292355,76.66957469455423,-0.06247836256718149,-5.876925865375354,10.104567836359179,-0.008660413834575132,41.637427330901446,GNSS_LOCKED
148,14.8,0.2770007868326146,0.5515271644618752,9.57104265171537,0.6750116212932057,0.5054399541552158,-0.05992047949316761,-7.87,-38.69,-1.5,9.650439393381514,1,-10.058681029317423,77.67655062789272,-0.059182576935890026,-6.003992970169364,10.06467687799184,-0.0691292505957639,42.43060100338322,GNSS_LOCKED
149,14.9,5.954684287947401,-0.6673789357096275,10.383760979387162,0.08129961088908436,0.3014366161791685,0.014926476333553314,-8.37,-38.25,-0.94,9.547918825623874,1,-10.656065403831576,78.6763168886723,-0.06541032317921205,-5.836154001245561,10.153659409520355,0.03402415916414422,42.740546784429945,GNSS_LOCKED
150,15.0,0.8189196690490201,1.8365839338522099,9.246220616530875,0.15995962500904137,0.46396143472787305,-0.0929147752094385,-7.44,-37.87,-1.56,9.955135804317067,1,-11.24075010142651,79.68301526898419,-0.06149258670714524,-5.970454598574958,10.124003909274427,-0.04569246056495599,43.68731517336234,GNSS_LOCKED
151,15.100000000000001,-3.031997825766638,-2.0125934676606696,10.347422568856265,-0.3479970147389212,-0.487270172338905,-0.15042774638215128,-7.56,-36.87,-0.81,9.234634134604773,1,-11.817910361579287,80.69407908538116,-0.05800251314248948,-5.8999001809160765,9.874771994804663,-0.038506014982607285,43.859969519868955,GNSS_LOCKED
152,15.200000000000001,3.393556599470582,-0.16623521156465906,11.249723969974808,-0.1991559321072986,-0.19182175558687306,0.23278305090801396,-7.75,-36.5,-1.25,9.234634134604773,1,-12.392814519473294,81.68874374471831,-0.06027849338873077,-5.749239364056008,10.008874942514215,0.07310575607689385,42.44986003421873,GNSS_LOCKED
153,15.3,-0.24948731703583274,-0.591177480934108,8.694187315941305,0.009474116002160115,-0.20005856813632306,0.1192194214095245,-8.37,-35.31,-1.56,9.23233931943135,1,-12.96223901589186,82.69595409836582,-0.05251180557008654,-5.784579643395018,9.984482842969435,-0.05962325409247001,41.483628469661674,GNSS_LOCKED
154,15.4,-1.1186562903803017,-1.282326447621544,9.896520319573082,-0.37523778956791937,-0.27649396691837796,0.026494669990787808,-9.31,-36.44,-2.37,10.069383785786272,1,-13.532465520908591,83.70548934335412,-0.0500660296708247,-5.821727200319265,9.932274663023808,-0.07819386223752094,40.84163427589791,GNSS_LOCKED
155,15.5,-2.515847829552397,1.1392280987723533,10.24997548180014,-0.14396379926908806,-0.2672099233184323,-0.0921955062905305,-8.31,-37.12,-2.19,10.423031803253435,1,-14.097048680262205,84.71072891921733,-0.04613935300539109,-5.940658954586466,9.932558882898155,-0.11388001894591855,41.080265399648525,GNSS_LOCKED
156,15.600000000000001,-0.6925696701289706,-3.6850812900676746,8.71563162069225,-0.1493813720177444,-0.17240647965438083,-0.0721815867606124,-8.0,-37.5,-0.94,10.731096953044847,1,-14.679716128990199,85.71280414288427,-0.04439902870092842,-5.854626021171873,9.791080728322012,-0.1580057929711876,40.86043389943882,GNSS_LOCKED
157,15.700000000000001,5.174388915979874,-0.5804476662088544,10.145676148141993,-0.31893323810162144,-0.42155149365174716,0.09579179418924864,-8.12,-37.31,-0.25,10.585746721535813,1,-15.257127571115475,86.69802673196293,-0.050511145198657466,-5.755389543076463,9.964575555628919,-0.037748348327512136,39.76052557249174,GNSS_LOCKED
158,15.8,-1.0131298039642467,0.020617029582889457,9.727658287502216,0.26477404434026874,0.12816674077422652,-0.10690838135062015,-7.69,-36.5,-0.87,10.486849481220426,1,-15.826950222619027,87.69266612722238,-0.04661729264614174,-5.928145183736277,9.840181362933366,-0.11883512951778727,40.47366065496314,GNSS_LOCKED
159,15.9,5.298719388176322,0.2338860113017104,9.331827190806832,0.35144809005732597,0.4690799925692171,0.015796853051188293,-7.56,-36.06,-1.44,10.486849481220426,1,-16.419338739006644,88.6735330268359,-0.050725217650177186,-5.925113240494638,9.950457455203338,-0.0610865298420466,40.771000511896176,GNSS_LOCKED
160,16.0,-2.99763559701855,-2.037248697690851,9.082788753529622,0.4232048275104163,0.3704952463687736,-0.13756637085429171,-7.81,-36.56,-1.62,9.420220694376656,1,-17.007015372809317,89.67718413279314,-0.04593344995375835,-6.044401561780548,9.766292149097731,-0.16955606303494103,41.80000100660992,GNSS_LOCKED
161,16.1,5.7823469351959815,-0.00962704955295141,9.78918708734012,0.22055944584541654,0.31733166004098184,-0.06275419017083597,-8.06,-36.62,-2.12,10.980923544398523,1,-17.60331837792624,90.66141293424675,-0.052180518526022644,-5.891991573305339,9.981908002820862,-0.05766279826494798,42.43976034220141,GNSS_LOCKED
162,16.2,3.5307252979723303,-1.4445500676381715,9.372666949825154,0.6401095557417623,0.647985940614251,-0.0024632122011761385,-8.0,-36.56,-1.94,10.794894330722537,1,-18.185405013126147,91.65767840136967,-0.05326718110542471,-5.749320883177544,9.968905357205598,-0.04145502073547738,42.75476205856417,GNSS_LOCKED
163,16.3,6.269775235734719,1.147678684236225,9.310733546886489,-0.09504720083956678,-0.24231370751667,0.061599567872581244,-8.37,-37.31,-2.37,10.688990414577706,1,-18.776867375713078,92.63740121998836,-0.057625469115611845,-5.781002118295603,10.016933475990049,-0.0032492346489025013,42.4148538249519,GNSS_LOCKED
164,16.400000000000002,1.7094985637260627,1.1544205485002759,9.59763074450246,0.32665125560917646,0.5306801486512307,-0.0702475411417086,-7.94,-37.44,-2.12,10.427668272813499,1,-19.367296359890123,93.62671478056392,-0.05688881756445971,-5.968116327180908,9.90867571456356,-0.025669947793367284,42.80960275372212,GNSS_LOCKED
165,16.5,-4.464956471662788,-4.1778601649879645,9.28552470719686,-0.4730356151585904,-0.5563343228250145,-0.004151871670282525,-8.44,-37.87,-2.19,10.306285061095627,1,-19.978458378927872,94.62374710736607,-0.05329863643816052,-6.158083865403976,9.541902929377356,-0.13972781072721296,42.83272528908586,GNSS_LOCKED
166,16.6,2.802126906510307,-0.38868077076347385,10.291307587874813,-0.17287605900747094,-0.02422886837146862,0.05566983168183174,-8.94,-37.75,-1.56,10.574090671214309,1,-20.576711740026003,95.59633311837045,-0.056654909087129994,-6.000172441394534,9.69709875080065,-0.050293174195975995,42.0965670850361,GNSS_LOCKED
167,16.7,-4.713178020440061,-3.134846724730015,8.702753091412522,-0.6268463241290734,-0.5616779369933841,0.027915426214275334,-8.06,-37.12,-1.19,9.66171780784095,1,-21.179890592916397,96.59021734386057,-0.05115463709327456,-6.171441939259087,9.541153485441752,-0.19415126626223156,41.335736933971134,GNSS_LOCKED
168,16.8,3.255620555918396,-1.7131019702975734,9.12575705436235,-0.3509246193804712,-0.48819480375247265,0.05748943469678653,-8.5,-36.0,-1.44,10.375606784128575,1,-21.788249551405148,97.5659470430196,-0.05524439720695687,-6.062402203650942,9.71756521401276,-0.13768116404280312,39.95912191051269,GNSS_LOCKED
169,16.900000000000002,-2.0148609836678526,-1.3925046512891173,9.770828747994265,-0.21715414192663043,-0.12137047529301946,0.021263733709191223,-8.56,-35.94,-1.62,10.125627451005702,1,-22.391361413201437,98.55550509864551,-0.05442844548514128,-6.236253187799772,9.66137022534383,-0.18072801943558148,39.443774746538594,GNSS_LOCKED
170,17.0,2.776447350234858,-2.7184831793764124,8.87897106734904,-0.20425997191487272,-0.2200786014533494,-0.08483615417776309,-8.12,-34.94,-2.06,10.65332311496469,1,-23.007191456248332,99.54014414568675,-0.05772288134325057,-6.155179112736164,9.759264456457524,-0.14109346924836172,39.197667219003115,GNSS_LOCKED
171,17.1,4.095113416694702,-1.399433207099353,10.226291844225582,0.007523490659351816,0.046837835046714904,0.12950441805759128,-8.37,-35.44,-2.25,10.454566303175502,1,-23.616744729935036,100.53117131379463,-0.06268031403334139,-6.1491004570329375,9.919248759744695,-0.03198118775859547,38.42306626285417,GNSS_LOCKED
172,17.2,3.258105315843982,-0.24135074589009542,9.200691755424018,-0.1832622515846727,-0.10706885023247363,-0.035936032808481545,-8.75,-35.5,-2.87,10.249544092796556,1,-24.22719697060448,101.5234772188014,-0.06185079860154018,-6.20312438315808,9.965752635505888,-0.05896827986129208,38.571455269593685,GNSS_LOCKED
173,17.3,1.6200426340971328,0.09949710841070887,11.084367056766279,-0.08577510401224114,-0.05315073112592521,-0.06222371985399795,-8.44,-36.06,-3.0,10.468060738428468,1,-24.836812580205155,102.51597397577015,-0.06332078931743247,-6.323755686114106,9.907154523996674,-0.014377636249273108,39.10535587114811,GNSS_LOCKED
174,17.400000000000002,2.0679024447527192,1.3687224978000088,10.506334124374774,-0.10827149117716878,-0.19655397375742611,0.0813905989561282,-8.87,-37.5,-3.31,10.540075387542409,1,-25.446329229606715,103.50954032304945,-0.062014828572185564,-6.350373871633931,9.978482386275605,-0.0215424662394339,39.17495568167156,GNSS_LOCKED
175,17.5,3.903279987671202,-2.340569400432384,9.484036462899386,0.20759201293974003,0.1918792915683008,-0.04246308550816591,-8.87,-38.44,-4.19,10.385258624606685,1,-26.06481592258786,104.50895979768924,-0.06245647157754036,-6.219700014635807,9.9652455458476,0.012127677272124179,39.916850009004,GNSS_LOCKED
176,17.6,-1.4808093558286737,0.28088188112042584,9.400985035119911,0.09522093179742144,0.19194918546953216,-0.15596632439476782,-8.62,-39.81,-3.25,11.083386083091213,1,-26.66807873433774,105.50726069339628,-0.05592484317101444,-6.312466282535472,9.843819606341517,-0.1348115016153434,41.120169130038754,GNSS_LOCKED
177,17.7,0.8141675697442566,-0.1953097312456307,9.926209948276206,0.13598958343333328,0.17755789811585176,0.03557690282064028,-8.37,-40.5,-2.44,11.083386083091213,1,-27.283024198870752,106.5026852513041,-0.05679377247203091,-6.33800605393651,9.876885630643123,-0.12761753410819338,41.34465807875749,GNSS_LOCKED
178,17.8,2.7261751046128895,-0.7185926609629747,10.33580206498746,0.2865197953666329,0.3024151940743114,-0.08157522452349936,-8.19,-40.5,-2.12,11.139859105782312,1,-27.899277052783624,107.50056673928528,-0.05980438712807741,-6.2651677654036595,9.952422522500479,-0.04740490374537218,42.36186071823684,GNSS_LOCKED
179,17.900000000000002,-2.179169092831949,-1.2438431061267747,9.487069360038793,0.21913395033800218,0.24250346967868455,-0.012412856361905807,-8.12,-40.0,-0.56,11.101973706386387,1,-28.5096254536703,108.51325938569776,-0.05526358298739165,-6.307436988894211,9.896831796852775,-0.13226011675547544,42.68114019335316,GNSS_LOCKED
180,18.0,0.8434026016729909,2.3034706930774655,10.300155377353512,0.2874035068222935,0.30693930380857554,0.10722769252275678,-7.87,-39.81,-0.94,11.181424914761141,1,-29.120604398006268,109.4991135696024,-0.055888653069988796,-6.347053370770369,9.889244669216062,-0.09894721741203032,41.95751262191191,GNSS_LOCKED
181,18.1,-3.0012675757258935,-0.7660988374471226,9.333357330037172,-0.21007605534453477,-0.3287705868128113,0.10845659139784751,-8.56,-38.5,-0.12,10.665059977952463,1,-29.7368092582185,110.4985169089274,-0.05203165465489715,-6.367361643358629,9.755203500173021,-0.16602335337786858,41.038434597670495,GNSS_LOCKED
182,18.2,0.588453383398214,-2.7837751893327467,9.247197335453732,0.05058923529054037,0.11522835556342353,0.0287053191389258,-8.12,-38.12,-0.5,10.467300097519692,1,-30.357174618486734,111.50485651759585,-0.053092763879154736,-6.2164730621822395,9.872451755295033,-0.14805373181318668,40.562429101873505,GNSS_LOCKED
183,18.3,-3.21251134237345,-0.9320514801852007,9.875035012262313,-0.3590217013946072,-0.46938931220985936,0.018010316790011336,-8.94,-37.94,-2.0,8.580977324748732,1,-30.966854422175615,112.5121822895632,-0.051620162483078866,-6.309300580764633,9.811405177023442,-0.1644233537612317,39.59112822089088,GNSS_LOCKED
184,18.400000000000002,3.832914965601929,-4.406451312506603,10.982333275628346,-0.2844151303606907,-0.38200389748385033,0.04862042707606814,-8.75,-37.62,-1.31,9.133575871587487,1,-31.593190679491865,113.51232190964645,-0.059944784143231705,-6.140307459890804,9.889649936071645,0.027677647123770667,38.219649280684656,GNSS_LOCKED
185,18.5,5.697356827759798,1.0861205456283194,9.02111936943209,-0.22597783801123908,-0.04864787143141401,-0.0743095642091838,-8.62,-37.81,-0.81,9.854224174212794,1,-32.20965021858773,114.50994509930409,-0.058528679532963056,-6.195490543422887,10.162920297956658,0.006691855335352532,38.65232542445017,GNSS_LOCKED
186,18.6,4.410936009710764,-4.6520112133769445,10.99230010320188,-0.4080732804398318,-0.41927579492787415,-0.04310087677383794,-8.87,-37.75,-1.12,10.293846054767927,1,-32.836444833131765,115.52178314920916,-0.06344411002032382,-6.161966095498062,10.042732414144714,0.15607695898646418,37.82147841653042,GNSS_LOCKED
187,18.7,5.653886143484621,0.7685054185076106,9.915412073546769,0.41842967265574066,0.2588586851153154,-0.07444326820861416,-8.25,-38.25,-1.44,10.593355169322747,1,-33.44712468991633,116.52903471718872,-0.059216573148037736,-6.206220935453186,10.237192916654319,0.13997361467851321,39.31962584083871,GNSS_LOCKED
188,18.8,3.040524599784776,1.624793661740279,10.526405311162604,-0.225440607964233,-0.14212488167524095,0.05232494901589266,-9.0,-38.19,-0.56,10.423312454055546,1,-34.06081283717491,117.54077064942197,-0.05439341932614489,-6.337473372909606,10.206311903744218,0.10443037066607198,39.25691394660398,GNSS_LOCKED
189,18.900000000000002,3.711709037969211,0.10682280857519505,9.833927998263247,-0.2396284881736645,-0.4523755960345062,0.10359188080167825,-9.31,-37.81,-1.19,10.307580859291283,1,-34.682377301839416,118.55888704663694,-0.05031581789179277,-6.335623518920738,10.2295549709335,0.07450407591172725,38.40530670862318,GNSS_LOCKED
190,19.0,-3.5147937072189883,-0.7637892149535466,9.216891120698694,0.08273798341898478,0.03533536371866184,-0.12360173206969909,-8.06,-37.37,-1.5,10.938779996567115,1,-35.29385376105215,119.58497198295353,-0.039789681357838794,-6.419119583785368,9.996418971012659,-0.16714862652538895,39.06246880774287,GNSS_LOCKED
191,19.1,2.462807215953332,-2.1320734226885345,9.881759521325815,0.304467805422311,0.4347041519259532,0.050166380770985425,-8.69,-36.44,-1.06,10.645756828774406,1,-35.92105800095953,120.59527813823385,-0.04378872466841681,-6.362459058530135,9.995338802477924,-0.09960415134716338,39.147089163157375,GNSS_LOCKED
192,19.200000000000003,-3.801300065413329,-1.7804215517285191,9.822645401358498,0.336706105459517,0.15888435772376958,-0.0575526664629004,-7.81,-35.62,-0.69,10.66011031898522,1,-36.54152755163517,121.60456884260029,-0.040387601912828364,-6.466515679968525,9.766757220013634,-0.20172252719692885,38.942170075469484,GNSS_LOCKED
193,19.3,3.79477191740454,0.6935695857782674,9.672559514655944,-0.36601430938217916,-0.22894728727991215,0.025190573130752573,-7.69,-34.81,0.13,10.57498916403174,1,-37.16700361790175,122.59923613849654,-0.04460494696640614,-6.362704192625903,9.999234276664595,-0.11985795259200832,38.648963053918564,GNSS_LOCKED
194,19.400000000000002,-4.00761305776899,-2.7319651966070424,9.138436528954355,0.4688395819712374,0.5187269097318173,-0.06519086973736773,-6.94,-33.69,-1.5,10.602106648053267,1,-37.789902850524555,123.61610729109393,-0.04053733013303927,-6.441613082199034,9.80961300677102,-0.2417013558253135,39.331250253465285,GNSS_LOCKED
195,19.5,5.961694048762248,0.46407968513716236,9.219449426337551,0.24328548620102802,0.20879544087080706,-0.0708162133659709,-8.0,-33.87,-3.19,10.610992748187961,1,-38.416320588052734,124.61394972466893,-0.047050345160023384,-6.260645293621497,10.129585857423233,-0.12979063668080915,40.11753610518719,GNSS_LOCKED
196,19.6,4.783001781393698,-0.652014564454443,9.821007116733192,0.5149063042753226,0.702022717352834,-0.005323733471152688,-8.94,-34.0,-3.81,10.398964445571497,1,-39.03649409736888,125.63385461507018,-0.051648872004868125,-6.172926494336288,10.262452022985634,-0.03881527149763504,40.58046931103306,GNSS_LOCKED
197,19.700000000000003,5.4382141076014285,2.9007201226352564,10.295293908384728,-0.20780622918723435,-0.20657966994528934,0.019911079234384482,-9.44,-36.37,-4.37,10.33916910524204,1,-39.65616006207533,126.64793832578691,-0.05494670627473666,-6.244266192170996,10.383576684808007,0.045121926179692406,40.73650738772527,GNSS_LOCKED
198,19.8,3.2235528344859046,-1.4285420705538134,9.948726904782125,0.33722771431970666,0.36989863241856696,-0.009972483621453114,-9.69,-37.12,-4.12,9.835846631464413,1,-40.27286528207757,127.67282580358564,-0.05369424042104268,-6.139562389542051,10.231696706826916,0.05555741526416315,41.21086872490753,GNSS_LOCKED
199,19.900000000000002,-4.547253665528771,-1.0341399055323153,9.974149563101646,-0.42000497359276395,-0.37060648290442155,-0.030162841155241153,-8.94,-37.56,-4.25,10.19604223392723,1,-40.88799442076466,128.70833027257743,-0.046706422726082907,-6.369489316228402,10.024415791973404,-0.06511897159174551,41.22357510379187,GNSS_LOCKED
200,20.0,0.41890514846843807,-0.33365231332073153,9.146248296454802,0.1271040638323449,-0.002310617012635877,-0.07117596508881432,-9.44,-38.87,-4.0,9.12450626663606,1,-41.5114466857703,129.7252511700592,-0.04415717596904542,-6.339039059524751,10.066903947588436,-0.11600064761403708,41.34873607531168,GNSS_LOCKED
201,20.1,-3.336245247391275,-0.8240882715581067,9.42162150746566,0.2829127097997845,0.5029129988106512,-0.0988783811610046,-8.69,-39.19,-3.19,8.621757419977428,1,-42.14505924756596,130.7512883030868,-0.041833458282065174,-6.537457205576955,9.989922395543386,-0.1905042435786791,42.34368342917941,GNSS_LOCKED
202,20.200000000000003,3.7240391615706434,0.746714259044027,9.15175508787405,-0.1665930286551322,-0.24830542996834296,-0.02914371719164588,-8.87,-39.31,-2.44,9.205431492675833,1,-42.784888428582015,131.76028244255593,-0.045384805459111416,-6.400848899330876,10.168651193335183,-0.14353206782029673,42.431319414815775,GNSS_LOCKED
203,20.3,-4.236466274534606,-0.9006250701180788,8.886644796986413,0.15507398832020386,0.22301693085967658,0.029626958946127272,-8.44,-39.5,-1.44,8.818832666758203,1,-43.41234090438406,132.79234097479392,-0.04169318065363554,-6.492512937468577,10.026319908393608,-0.24190381356847943,42.06449659792052,GNSS_LOCKED
204,20.400000000000002,3.9975103006170296,1.891727978177065,10.26983623837512,-0.46467326484841,-0.4890788337311989,0.06708912975474997,-8.69,-38.37,-1.56,10.398916765543774,1,-44.04135534030144,133.8046006146013,-0.048272535945989854,-6.345155847762021,10.25073420173169,-0.10455395177052068,41.80000716815567,GNSS_LOCKED
205,20.5,-3.633844965515096,-0.26640442815326604,9.992545310243079,-0.2702960795247399,-0.3316825922904481,-0.01485050049809222,-8.5,-38.56,-1.19,9.55902243424262,1,-44.65598019891557,134.84140557185148,-0.044902773028994356,-6.404934113226407,10.111415712870059,-0.14759268759781252,41.58220644910148,GNSS_LOCKED
206,20.6,-2.986571897869939,-1.8218178769480868,9.516288783558743,-0.1792445235230527,-0.25825746660778537,-0.03950116110094013,-8.19,-37.56,-1.25,9.709056415635779,1,-45.27587017170872,135.8736621959985,-0.042909720955558,-6.379008023959932,10.032523790110886,-0.1855914392637527,41.182031344524816,GNSS_LOCKED
207,20.700000000000003,-0.9310442067652569,-1.259069139523822,8.450419232614887,0.09280043569357656,0.27225721042159823,-0.11319761706207408,-7.75,-37.19,-1.69,8.731018768510731,1,-45.896082063431464,136.89716370939288,-0.04164472774101135,-6.3259748962855,10.057050368546818,-0.2464264463475328,41.59332688982235,GNSS_LOCKED
208,20.8,-1.6036053561684267,-2.2155659247121227,10.38746809886425,-0.4054878628042722,-0.350919532400401,0.010161933787799761,-8.44,-37.25,-2.12,10.420961399280369,1,-46.50954757237104,137.93229240030436,-0.04529452450347082,-6.262304875099,10.098222411382407,-0.15909481156503363,40.694925486039466,GNSS_LOCKED
209,20.900000000000002,5.25246616847581,0.35306936108134424,9.675641295815108,0.044505804243441804,0.05111113900579204,0.022324534892692413,-8.5,-37.62,-2.37,10.332037986581957,1,-47.125460110603804,138.9449496565367,-0.05040947702183746,-6.164637833037934,10.280755821566089,-0.07274656243479949,40.72246940695245,GNSS_LOCKED
210,21.0,0.5935987003830646,-0.22095093508548164,10.253542458935271,0.3538796199210532,0.4492510214409961,-0.020346605091579033,-8.56,-37.62,-2.25,10.231059923898497,1,-47.73174772919322,139.98074057667415,-0.05014362666574828,-6.209878696255788,10.291834790320134,-0.054957451867887,41.35178991111995,GNSS_LOCKED
211,21.1,5.591842068732165,-2.7199950553297785,10.172427689462273,-0.24389924759297965,-0.4558859789751495,0.13474116370822958,-8.94,-38.25,-1.94,10.197541961543237,1,-48.35739055117151,141.00157069260771,-0.055922661677936567,-6.079633023592233,10.271662308231274,0.04884084946355952,40.15566534243651,GNSS_LOCKED
212,21.200000000000003,-1.9663229733561174,0.5200835451993869,9.402019973413417,-0.08128502821590598,-0.1173642307539636,0.03699853412595898,-8.94,-37.62,-1.37,9.658112107908615,1,-48.95878113672151,142.03358505371926,-0.048437833755848425,-6.255929930248873,10.17790798161877,-0.08524204866582205,39.79831817343033,GNSS_LOCKED
213,21.3,-2.471214890183157,-2.5242721645661295,10.11146403374574,-0.24915062491550896,-0.4357561389828692,0.12098534391798743,-8.56,-37.94,-2.06,8.914698775510303,1,-49.57005881983817,143.05847601259813,-0.04677536367691691,-6.270881584004251,9.965913810041242,-0.10659805462351889,38.01934999228197,GNSS_LOCKED
214,21.400000000000002,1.0229771734336044,-3.2850779899287783,9.347088616393838,0.4221636295321419,0.44975262515716935,-0.012605001566168117,-8.81,-37.5,-0.87,8.291879399107899,1,-50.188812010296935,144.07892078264354,-0.047341016466982334,-6.204077889385278,10.022579358428644,-0.09485237818635787,38.09159273434942,GNSS_LOCKED
215,21.5,-3.446831714907573,1.607213812581054,10.19072021300536,0.23776867749965155,0.22027239950273206,0.07560473541634476,-8.31,-37.06,-0.5,8.228907505036258,1,-50.7961988715993,145.09924486049977,-0.043974909405410115,-6.416931197395153,10.02217145368746,-0.1479350065852704,37.757386051538596,GNSS_LOCKED
216,21.6,3.3853360994097077,-1.5645614216095969,9.386281128436567,0.4411580488307415,0.2743572982048013,0.009708700923130285,-7.44,-36.5,-1.12,9.799577771256583,1,-51.42332392482555,146.11120943981803,-0.04715423135408149,-6.236920598398756,10.125671535878253,-0.0964324244557572,37.732466267711125,GNSS_LOCKED
217,21.700000000000003,-0.6342095952055432,-2.351873054773219,9.770605290030957,0.16409092046120877,0.3064562797350713,0.01702934036106573,-8.5,-35.44,-0.81,10.257517660893456,1,-52.03825412614652,147.13467646528028,-0.04711393947354619,-6.1832891658685645,10.03942723235453,-0.09190422552433233,37.30638726663706,GNSS_LOCKED
218,21.8,4.821808331271582,-0.08335949844822053,9.92641469517058,0.25424706557960275,0.27738646618597185,0.016347110479219985,-8.37,-34.5,-0.56,10.018904487271303,1,-52.655179721936776,148.14922251518894,-0.05102294296542191,-6.102510632003154,10.268799738517865,-0.025584942813184026,37.19921541533323,GNSS_LOCKED
219,21.900000000000002,-1.301811591084865,-0.5694576327828539,8.970542993363471,0.33684103314412367,0.15600343150364768,0.08241855221663437,-8.06,-34.25,-1.12,9.431435990584005,1,-53.26751183731993,149.17163554203515,-0.04791617546218695,-6.208613186714199,10.08846564004328,-0.10785985871973959,36.575788478082785,GNSS_LOCKED
220,22.0,3.983391576619778,-1.2650465607135246,9.423563621398301,0.2306862321512512,0.22482761207217455,0.038483595801105094,-8.56,-33.87,-1.69,9.41902085194226,1,-53.88733072133123,150.18282713265353,-0.05148221784304485,-6.073355451084541,10.165722463301913,-0.07699349921361101,36.290535048687396,GNSS_LOCKED
221,22.1,-1.8150621988066031,0.714868804317466,10.275093979963252,0.22703880011589483,0.21594088484537774,0.004531831211558871,-8.44,-34.81,-2.5,8.854233830656419,1,-54.49808080772488,151.21128414705865,-0.05163941009300672,-6.244352513954324,10.135814110052042,-0.05889996886593961,36.18614862571393,GNSS_LOCKED
222,22.200000000000003,0.8212324937788753,-0.4889171721921472,9.706298562783724,-0.08582931030688894,0.08558774234208248,-0.029769243407064775,-9.12,-34.69,-3.5,8.931872792046065,1,-55.11842610295962,152.22710914577254,-0.051944853032772687,-6.192270083755983,10.101819156376765,-0.05977065815694532,36.21039975604321,GNSS_LOCKED
223,22.3,0.7187687151527039,-1.5448542951446127,10.152080837487997,0.033601538036084386,0.10785046265828763,-0.020209758682450438,-10.25,-35.56,-3.37,8.747292094184559,1,-55.73634796872579,153.2511604012958,-0.0531287867798341,-6.127515168304865,10.135234101177383,-0.03277168612392388,35.91249753598685,GNSS_LOCKED
224,22.400000000000002,1.991647366434462,0.4584644298835537,10.778732642769567,0.001936848581934921,-0.08980072632835771,-0.049529972425492584,-10.44,-37.25,-4.81,8.877866103631058,1,-56.35579521399004,154.26951080694255,-0.055884392485041214,-6.185115843091679,10.208471536723517,0.03306576955915075,36.05256306688259,GNSS_LOCKED
225,22.5,3.005393915587063,-2.0483954835639966,9.332257268478346,-0.00012007244864766917,0.028417997499529554,0.10459647699958066,-10.0,-38.75,-4.25,8.78268434311215,1,-56.97578567949705,155.29054872310562,-0.05462821763235947,-6.05482677637985,10.20255911118268,-0.006184154998612709,35.31028770727595,GNSS_LOCKED
226,22.6,2.936932677644866,-2.483663151138896,10.254686282800492,-0.04254091561483322,-0.1039864853132088,0.010982776099759584,-10.06,-39.5,-3.37,9.115346984419668,1,-57.595402686366825,156.3115470222448,-0.05705485155879627,-6.0333226395201525,10.17781754418416,0.03074234819707173,34.91529534574367,GNSS_LOCKED
227,22.700000000000003,1.820887664456121,-0.31566934285975884,9.684934121067114,0.04302210963248601,0.05112029792093145,-0.05738530494164482,-9.69,-40.31,-2.5,8.766297123063538,1,-58.218518375037185,157.3248426839543,-0.056416205979045064,-6.207148416484574,10.122506882873706,0.006210491835113842,35.08941357500002,GNSS_LOCKED
228,22.8,-1.0379277858690839,0.4898196867679807,9.158547747638565,-0.05912717059303376,-0.1529815244228572,-0.035037135769366595,-9.56,-40.19,-1.75,9.09736213144671,1,-58.84202772365338,158.34503046346256,-0.05264764159348323,-6.349000286125413,10.083756445504127,-0.07699538067505168,35.170552499810405,GNSS_LOCKED
229,22.900000000000002,-0.06686447920438778,-1.11729769945671,9.65333282354905,-0.16224486266548013,-0.07067658112440868,-0.0310399004383773,-9.69,-40.0,-1.56,9.06008259962616,1,-59.47191800863373,159.3580386845945,-0.05288351202075424,-6.330942077639854,9.998298596349917,-0.08612284094794537,35.074555558221114,GNSS_LOCKED
230,23.0,0.14327591644048837,-1.2622089273877455,9.170299718950893,0.05495757314414501,-0.036378840992263246,0.009130448081314439,-8.56,-39.06,-1.5,8.07119204969262,1,-60.09572659423351,160.37678051815482,-0.052280349988238536,-6.266386527237754,10.05375204213385,-0.11726862782962055,34.62792680286935,GNSS_LOCKED
231,23.1,-0.3689568708039811,0.5507017017540762,10.156056201260984,0.052107133488174126,-0.025218836251685972,0.03732635714553795,-9.19,-38.0,-0.44,8.583332079139492,1,-60.72070156613748,161.38656317424977,-0.0543764140622517,-6.376563586313214,10.002301666144344,-0.08893115083556874,34.20878148294752,GNSS_LOCKED
232,23.200000000000003,1.0325748300665138,0.24718855277339044,9.743960593603143,-0.09800745374598215,-0.01630891125905952,0.0018216541310828642,-9.25,-37.69,-1.31,8.274058535770338,1,-61.35384625260706,162.39581746308423,-0.055468572720257306,-6.400459041538745,10.045101326054947,-0.07758262513198247,34.14047026031402,GNSS_LOCKED
233,23.3,-0.14340656329635534,1.5310749895522004,9.38342450675505,0.01882322409973465,-0.01921656653451649,0.05816416254976659,-8.56,-37.06,-1.25,9.561439646756538,1,-61.980555612222105,163.40642442303616,-0.05452420543828671,-6.4362552942118345,10.056235367821952,-0.1105050990761058,33.90145628477091,GNSS_LOCKED
234,23.400000000000002,1.165015538171888,-0.7873689175921346,10.49361475343115,-0.07991739835602507,-0.054617858594260445,0.08046613550172378,-8.5,-36.44,-1.0,9.670181273409947,1,-62.61422960078198,164.4193388511218,-0.05775752860627424,-6.3695024523183,10.05062344420014,-0.03990606407959389,33.34332276793614,GNSS_LOCKED
235,23.5,0.5889654919641456,0.08522975941728994,10.56487752874519,-0.03626094040006607,0.004846284755875913,-0.08659427074216759,-8.0,-35.75,-0.31,9.393545919005277,1,-63.24494496885915,165.43098670078095,-0.058590148280828126,-6.39915055670559,10.039063730368367,-0.001990976969891297,33.787392185252536,GNSS_LOCKED
236,23.6,1.6281674252616891,-2.191926706734052,9.318896043932604,-0.0228376219058429,-0.0422079144571013,-0.02539576702656927,-8.12,-34.37,-1.12,9.035665743166733,1,-63.878518771297415,166.44520530616842,-0.05688781900041817,-6.2832054799780295,10.047659753843588,-0.033760418711944046,33.58710199407412,GNSS_LOCKED
237,23.700000000000003,0.837113974432639,-1.3529892583024876,9.895175529556193,-0.010332751556920419,0.007308786283152975,-0.0022662498384232854,-8.25,-33.69,-1.94,8.847614209187583,1,-64.50884908365578,167.45366173981657,-0.05696547997374729,-6.314059498420852,9.981921887456732,-0.03276120610533237,33.36597831787922,GNSS_LOCKED
238,23.8,1.9101951906878667,-0.5165496024028134,9.648837762742746,-0.05348552327709744,-0.0810818843885862,-0.01192169550739357,-8.56,-33.44,-2.81,7.92513176972343,1,-65.14016710039142,168.4622660202036,-0.05682344571119393,-6.333417870077947,10.052724997783848,-0.03601994923891981,33.20739229169963,GNSS_LOCKED
239,23.900000000000002,0.03146588624576576,-0.02307365339686353,9.41373278962823,0.12662199496914922,0.17274557230449208,0.061708489199025475,-7.62,-33.87,-2.94,8.661308607756547,1,-65.76967136177119,169.47855669391654,-0.05503723795142692,-6.399156536258607,10.061229574217231,-0.08197802073260535,32.878001359793515,GNSS_LOCKED
240,24.0,-1.6178443917513754,0.9063980368707626,9.87638402315521,-0.03342043767379548,-0.03552836559274372,-0.12128590018629658,-7.25,-34.87,-1.75,9.630458418103768,1,-66.39572580867006,170.4930476673976,-0.054449210338521424,-6.456712758421041,10.000884022972862,-0.10171378535628438,33.43271446581979,GNSS_LOCKED
241,24.1,-0.33936174507730277,-0.2764369832848874,9.77366281187613,0.0763343593639874,0.06290371013616596,-0.036215864363491876,-6.81,-35.06,-0.94,9.638428612500855,1,-67.02720650225193,171.50931294888284,-0.05494204244183778,-6.420440586014498,10.034985093763327,-0.09753301081383534,33.67464457858923,GNSS_LOCKED
242,24.200000000000003,-0.6186941855646292,-2.0944659393314136,9.880865296305235,-0.19991713726253296,-0.13170795912377473,-0.003932140918587737,-6.56,-35.25,-1.12,9.899250626592602,1,-67.65821949764405,172.5241803920187,-0.05585103292686272,-6.333419799770212,9.957323503144623,-0.08402298511789213,33.212687242762655,GNSS_LOCKED
243,24.3,2.9054520267246287,-0.4008232210760559,9.260750704227382,0.01216738761487709,-0.020426577721682097,-0.024461594412658716,-7.81,-35.06,-1.31,9.642945918525035,1,-68.28904530927737,173.5233759021971,-0.05720307753827049,-6.301939121304229,10.023855175784156,-0.08006142376603051,33.23301196466573,GNSS_LOCKED
244,24.400000000000002,0.10533516347630718,-0.6565790295011803,9.21030054457262,-0.19682704678963575,-0.13865843131686997,-0.06076111484177519,-8.0,-35.5,-1.94,8.91101518560195,1,-68.91455126792532,174.53454176043516,-0.05656574698105826,-6.3230104069370014,10.002674204172148,-0.11563120557692312,33.357589344658045,GNSS_LOCKED
245,24.5,3.298411343666632,-0.41203592554913737,10.122393455306316,-0.11713960215144352,-0.061733136914044584,0.08568344889506582,-8.81,-33.75,-1.0,9.742345507855804,1,-69.53889307692782,175.53746110143547,-0.06057738548894597,-6.255147798129389,10.068418162797732,-0.04030015439347644,32.87829282492335,GNSS_LOCKED
246,24.6,-1.3963070420485038,-0.2997567773373601,9.66680511951938,-0.21522608094932186,-0.2853154813160131,0.05509001906523302,-8.06,-33.44,-1.5,9.54575294783449,1,-70.15330162239874,176.55405482147344,-0.058350781328769794,-6.302095339848904,9.995926254870223,-0.089917104132889,32.30852620892361,GNSS_LOCKED
247,24.700000000000003,5.023570207225817,-1.1727059367412689,9.566112124003405,-0.30816783565172334,-0.3496495512298546,0.05469292819454541,-7.56,-34.25,-2.81,9.840902989730182,1,-70.77127291768706,177.5593893021319,-0.06171560940043729,-6.131393414267245,10.141318833193058,-0.02292399001362195,31.81600728346332,GNSS_LOCKED
248,24.8,-3.285287311884773,0.18273933475472406,10.94294190763628,-0.14855784360022947,-0.08876633260856183,-0.03095989825687304,-7.06,-35.87,-1.69,9.64700006754434,1,-71.36933735616024,178.57435432165312,-0.05971255379284314,-6.271155444402922,9.891764588508995,-0.058956641848369476,31.450835968172342,GNSS_LOCKED
249,24.900000000000002,-2.06020116122883,-1.2270009730341853,9.801981449046133,-0.40478752681470676,-0.38790649378354547,0.13565286659628398,-7.0,-36.81,0.0,8.830756996716085,1,-71.9787775884009,179.5926457925373,-0.05761205130077829,-6.275949894933326,9.930990164700436,-0.1061929320911049,30.5967736213053,GNSS_LOCKED
250,25.0,1.0468986732339838,-1.1552284193103308,10.334879271534751,0.25237580064336773,0.1908782351221517,-0.07852983258782405,-7.0,-35.19,0.56,9.418793582722909,1,-72.58578346495827,180.60096620107961,-0.05993997983547822,-6.2071997617317995,9.974797482544759,-0.05674180266133023,31.02588108674235,GNSS_LOCKED
251,25.1,-1.6030638210529522,-2.246527983801007,9.660138484702488,-0.29016878808717195,-0.2125948691261691,0.023091687708977203,-6.62,-34.06,-0.62,8.540538154453001,1,-73.19763606809028,181.61170362754456,-0.05832309976253492,-6.233376091163998,9.860053193724625,-0.09620512842955581,30.436547711925545,GNSS_LOCKED
252,25.200000000000003,-2.066213435016984,-3.478217563971739,9.596630034998423,0.21793670882238422,0.5282004693348259,-0.07098137179666834,-7.19,-35.31,-2.62,8.750812048366374,1,-73.80097089603849,182.6285043670606,-0.05741290670321565,-6.125663574924476,9.853344999549835,-0.11169766432384819,30.635294576687905,GNSS_LOCKED
253,25.3,-1.8391521574490406,-1.464850773032667,9.815034822887597,0.20552742667244567,0.048923538941342694,-0.07728721901360797,-8.5,-35.62,-2.25,8.062439322892226,1,-74.40450060628652,183.6274349018379,-0.057494436013202393,-6.181754939282584,9.779633579534329,-0.11698757444164397,30.587133446616043,GNSS_LOCKED
254,25.400000000000002,2.291340475724672,1.2243451040439979,7.999005461337636,0.13344105028107586,0.42076817684268925,0.15151527136352544,-8.25,-35.87,-1.81,8.542773381103139,1,-75.01337990222949,184.6260350859202,-0.05574245830812957,-6.206250117477514,10.048758947317078,-0.20470321142864314,30.329733579207662,GNSS_LOCKED
255,25.5,0.005604755085136,-3.167328136378134,8.082014043741067,0.2703578242267208,0.19012518720960025,-0.24618462597795987,-7.19,-36.12,-1.75,9.302933299009062,1,-75.62565940613173,185.6365657833544,-0.05744305930904128,-6.089401370545832,9.960307661446942,-0.23799336248913963,31.61071251935631,GNSS_LOCKED
256,25.6,-0.6485900628181396,-0.19280054408166472,10.089232714662469,-0.16368082434977568,-0.09823668653731303,-0.04530729696580425,-5.87,-35.75,-2.0,9.302933299009062,1,-76.23369814284301,186.6338355937601,-0.06298776343566513,-6.203593133415928,9.879932616295154,-0.16759320819011286,31.54012029816678,GNSS_LOCKED
257,25.700000000000003,3.7754534201738266,-4.754870162239645,9.110720108879478,0.0837282338118463,-0.08828252176928192,0.25375793428542304,-6.31,-36.69,-1.0,9.329176008858935,1,-76.85600063607356,187.63434541920742,-0.06831553059347908,-6.007891016967187,9.97269617154328,-0.09682459779306736,29.326086003442075,GNSS_LOCKED
258,25.8,2.8900459253176654,-5.187488608959702,9.745566222209364,0.05309856136164366,-0.15520605086001552,0.19074591622826956,-5.87,-35.81,-1.69,9.444313056190598,1,-77.48196072532556,188.64162328618468,-0.07338330449673891,-6.038985054366025,9.987664949606007,-0.009601817576002716,27.15461598475838,GNSS_LOCKED
259,25.900000000000002,2.010055821800367,1.256602900877057,10.761229503302761,-0.1406418707107649,-0.07185640053329347,0.1235408511601543,-5.62,-35.62,-0.87,11.333516182635394,1,-78.09393667453544,189.6364126598899,-0.07443364793897522,-6.273957704232104,10.005318304340273,0.021784013050244747,26.318193173732226,GNSS_LOCKED
260,26.0,-0.013657779756422503,0.6230885601219139,9.942497594231408,0.09178154647577814,0.056622673297988195,-0.07994392156445589,-6.37,-36.25,-0.94,10.876509886742884,1,-78.70502222293302,190.6357510900669,-0.07126052158396413,-6.304500778932844,9.934422222200833,-0.028191685551391007,26.96731407654283,GNSS_LOCKED
261,26.1,1.8203743734616136,1.7405063954871007,9.06687020077561,0.034408708125873114,-0.013725891168300135,-0.09238003418891148,-6.06,-35.56,-1.37,11.37578037131757,1,-79.3245236877655,191.6392010641067,-0.06868508425651484,-6.364946690545946,10.086038952603191,-0.09432257241359963,28.04023561259963,GNSS_LOCKED
262,26.200000000000003,2.5586215830866528,-0.589136529204881,9.95190622315743,-0.15183068293614266,-0.12964747604721297,0.028859585474012926,-7.19,-35.0,-1.81,11.575840131492887,1,-79.95666524175817,192.64741521101422,-0.07140990585705007,-6.367133524791671,10.100559536819569,-0.048746162837113,27.68915852734438,GNSS_LOCKED
263,26.3,1.405111733992197,2.6662056516076924,10.805912226569891,0.11306322106500546,0.10303977410879232,0.06144137851655636,-6.25,-34.94,-2.06,11.761349859504122,1,-80.5780424060492,193.6445034678967,-0.07254271572555683,-6.47428539079673,10.023963423787762,-0.012365577276777728,27.45111459066958,GNSS_LOCKED
264,26.400000000000002,-1.2826273301415008,0.9526903492173113,9.299451164476443,-0.18323870889543128,-0.2511748837017176,0.014630562523841609,-7.87,-35.0,-2.62,11.39220845960528,1,-81.21629616669318,194.6469356557192,-0.06856936987990614,-6.586488676973304,9.89784121550142,-0.10103027862364274,27.283770948282637,GNSS_LOCKED
265,26.5,2.450534636176798,1.138900313590805,9.307488104349133,-0.18960649375955535,-0.14693995359319,-0.11411624582958753,-8.0,-35.06,-2.31,10.824946738963458,1,-81.8626700477643,195.6429762257835,-0.06917107240049321,-6.597972031301255,9.99878464152815,-0.10481248935818449,28.068513524469353,GNSS_LOCKED
266,26.6,-0.9693098598715588,-0.1665747946111228,10.248419214852408,-0.2425065236817893,-0.11674926004926706,-0.06004445228097584,-7.81,-35.25,-1.87,10.92841575718803,1,-82.50517725841502,196.64549429102743,-0.06961571490204063,-6.608540781687318,9.858389854120318,-0.09678025094006117,28.274005369372404,GNSS_LOCKED
267,26.700000000000003,2.4117926253715307,-0.8991384578257796,10.187435990761472,0.10350652353117235,-0.004183827417013266,0.12824451323403863,-9.06,-34.87,-1.25,11.323964217398702,1,-83.15481723414837,197.64562141419623,-0.07206815361763341,-6.565060487900546,9.959108381989989,-0.03486148190685855,27.612924823176755,GNSS_LOCKED
268,26.8,0.374041423404331,0.7715503533514275,10.548113069446162,0.20381474354886503,-0.08647941526853747,3.235617764160684e-05,-8.5,-35.19,-1.06,11.21530495101064,1,-83.79606592021705,198.6542111894923,-0.07119881655619292,-6.611607349225096,9.99092756707115,-0.021893955486956815,27.85030995027783,GNSS_LOCKED
269,26.900000000000002,2.649822382360193,-0.5291242327586452,9.8354150282665,-0.3121059770231024,0.042456745947020605,0.003530414996120287,-8.12,-33.75,-0.5,10.811216829079246,1,-84.45066384884056,199.64824015857542,-0.0712110326933041,-6.596352817726949,9.929614075922217,-0.007306123811233329,27.690342522837586,GNSS_LOCKED
270,27.0,-0.0330893769352358,0.8335176966254043,9.560025841625446,0.22587735825315217,-0.08703917879468995,-0.0653085016159699,-8.25,-33.81,-1.56,10.66050218646898,1,-85.09788254361708,200.64366638224217,-0.06760814302764456,-6.662778002296864,9.85617783344038,-0.07358635153354154,27.990022189125437,GNSS_LOCKED
271,27.1,-0.9644989797443955,-0.240145236378399,7.360652758656449,0.03138435616306706,-0.013566423391417802,-0.04576761239779224,-8.19,-33.94,-1.56,10.876835031932542,1,-85.75089068507951,201.63279108208837,-0.062016552537828964,-6.648517966944054,9.73304918717087,-0.25322125890527525,27.971508191819037,GNSS_LOCKED
272,27.200000000000003,3.498358137704196,-0.49535918636981463,8.382032623823285,0.07245046733775527,0.2549672937345781,0.02654993235784591,-8.56,-34.31,-1.19,10.653903625793014,1,-86.41202159854566,202.6129471127565,-0.06706613992331152,-6.61805470692995,9.823057891877015,-0.22534388788645418,27.893987820912145,GNSS_LOCKED
273,27.3,-2.001975321260177,-0.9227932848335737,10.660499255500714,0.4347225408399118,0.29651420227217523,-0.043217245823707964,-8.5,-33.75,-1.94,10.097769667804473,1,-87.0654058576508,203.6051333509208,-0.07165085581983784,-6.678361715458776,9.658160589502918,-0.15607461920395052,28.03923791492928,GNSS_LOCKED
274,27.400000000000002,-2.0370111344016304,-0.47566716897730077,8.583007910556818,-0.17412704882247004,-0.18160999545345016,0.05450541642603002,-8.5,-33.37,-2.44,10.807605163237469,1,-87.71339730971823,204.60296702094428,-0.06985793258279452,-6.600013384588614,9.736734673968053,-0.22429129421516364,27.264828466720434,GNSS_LOCKED
275,27.5,-2.1665508722514435,-1.1126176294015795,9.168833496617296,0.20707887980767983,0.3643269271381105,-0.15635829910720564,-8.06,-33.94,-2.12,10.229990140177609,1,-88.36185939638175,205.58139529516376,-0.07184474840104266,-6.5824789651514015,9.529524026422042,-0.23426161029108084,27.50978069197477,GNSS_LOCKED
276,27.6,-0.3393844615273367,-2.169755570139031,10.75973847233865,-0.31040540575140174,-0.39318830198593907,-0.1426706461109697,-9.44,-33.62,-3.31,10.430613290052191,1,-89.00895067786267,206.56315167150692,-0.07810331593301248,-6.471226254448412,9.601832968521311,-0.10363331085932417,27.504743275372938,GNSS_LOCKED
277,27.700000000000003,4.951668566865592,2.164189900534103,9.608305314067692,-0.10323191627240037,-0.046072396947243514,0.0872350600519295,-9.75,-33.62,-3.62,10.65667300536895,1,-89.6542392858742,207.5355490634948,-0.08078171261080233,-6.532066269054049,9.894657013225858,-0.056044580251280986,27.094889957978022,GNSS_LOCKED
278,27.8,-0.1575512118570493,-1.3283800709616795,10.541976035958069,-0.33036947206442974,-0.3124208058222792,0.11035357727426712,-10.31,-33.94,-3.37,10.57039366034732,1,-90.28400698092706,208.5454041619843,-0.08011930545511793,-6.377394183140705,9.914814952756895,-0.01577482910328555,26.185459090186413,GNSS_LOCKED
279,27.900000000000002,4.502866700341451,-1.3692359256314166,9.490491284381244,-0.2263772815990107,-0.2788093104640289,-0.09050963912432171,-9.94,-34.0,-2.0,11.22357697511475,1,-90.90783589305462,209.55257122681752,-0.08009932126283252,-6.2003760764063625,10.11800804917809,0.010395610294884417,26.560570624618354,GNSS_LOCKED
280,28.0,0.8938891954503652,0.5779454268843398,10.720841197863187,-0.22053809187910167,-0.06006273857328989,-0.08300956249373645,-9.0,-33.81,-0.75,11.497136926762954,1,-91.51352155195585,210.56734087134504,-0.07851901818925615,-6.231641602293817,10.065900808873868,0.02658394100379988,27.184841998780996,GNSS_LOCKED
281,28.1,1.718882654088062,0.2457646177732975,9.576628877852892,-0.024999880962435495,-0.17128956387351427,0.021726970794045848,-7.5,-33.62,-1.31,10.930336343724264,1,-92.12983919227689,211.5563404473945,-0.07597728454607074,-6.2803127483966605,9.867083649917804,-0.016919749940304502,26.411916584550717,GNSS_LOCKED
282,28.200000000000003,2.6131702590690318,1.0353468068577856,9.102442779092131,0.3142108915220499,0.11632168585705722,0.09887138639814191,-7.06,-34.75,-1.75,10.744686246145722,1,-92.77029395848032,212.5225063808901,-0.07484533431409687,-6.517819619368423,9.689587663173464,-0.0650689993260063,24.886976992390274,GNSS_LOCKED
283,28.3,0.2648559401406658,0.5952731328827933,10.754265953947769,0.09163815538208045,0.3956669462511987,-0.09120315851120896,-6.87,-34.75,-2.06,11.08852843903768,1,-93.41060163721566,213.4879398036344,-0.0755092841030302,-6.578575847048626,9.520393068650613,-0.03093898067798153,25.56876548863346,GNSS_LOCKED
284,28.400000000000002,5.040263644643973,-0.6507407262388567,10.12481620325497,-0.0408366192943817,-0.09122763012901065,-0.0889172088273702,-7.12,-34.87,-1.5,11.316329920743547,1,-94.03624941516696,214.45372420229634,-0.07663824068456199,-6.258362679892418,9.72533710671085,0.05054442542981577,26.8885668241487,GNSS_LOCKED
285,28.5,2.428029567389968,0.27426327987609556,10.181192300177406,0.18060526751605827,0.35413791999712513,0.1302367496736724,-7.37,-35.44,-2.56,11.316329920743547,1,-94.66557791105257,215.42065345847945,-0.07513161597277758,-6.36017253977148,9.644945337352473,0.0526474142636127,26.137314048511964,GNSS_LOCKED
286,28.6,-4.449572823300354,-1.1310628358718724,9.085782877190958,-0.3704062592030663,-0.4190377165195805,0.11898897124207135,-8.12,-35.75,-2.87,11.316329920743547,1,-95.30175233175947,216.37829279962642,-0.06773250858008717,-6.49938556376803,9.215736306851701,-0.11280339497086278,24.862650077436417,GNSS_LOCKED
287,28.700000000000003,2.9569861343266246,0.4285140005532287,9.431570078344855,-0.165458415776909,-0.15723485595214842,-0.08170999156959098,-7.25,-36.87,-3.94,11.316329920743547,1,-95.91431222890829,217.32825250680392,-0.06813101557804185,-6.230469941333911,9.485549943495302,-0.08323914626812783,25.465250131075948,GNSS_LOCKED
288,28.8,-5.174798268263503,0.0424702618262811,9.287109732292251,-0.5336092976614827,-0.3578571864774231,0.10328543719073853,-8.0,-37.62,-3.31,11.164128352192556,1,-96.52271929386946,218.2989368639186,-0.06331465680329632,-6.329778304796409,9.317769227427823,-0.21271804991625043,24.606579648136655,GNSS_LOCKED
289,28.900000000000002,3.053559933686043,-0.8523018520054091,9.665214922310598,-0.18183746839348514,-0.40823687238297723,-0.002133334294725622,-8.69,-38.0,-3.5,11.103966807648007,1,-97.14627235921523,219.25123504682705,-0.06874996691566833,-6.289850395608103,9.483792539227318,-0.12664150791084705,24.163806075938105,GNSS_LOCKED
290,29.0,-3.1407743955343768,-1.382409889826346,8.797981028785296,-0.18189237372646613,-0.1887930496516025,0.025187274235199026,-8.31,-38.56,-3.06,10.738975916449489,1,-97.74972058319601,220.2384304150306,-0.06525348327815449,-6.200480079437513,9.529126921055648,-0.23806705618699237,23.555105808703505,GNSS_LOCKED
291,29.1,1.4631171299475827,0.5516180309319418,9.945616813049089,-0.2461415021828442,-0.34909936159331495,0.009533972850436223,-9.31,-39.37,-2.5,11.08264171324745,1,-98.35758188513812,221.2122375555119,-0.06991180712922693,-6.262677797178726,9.649427784361297,-0.17531554786444312,23.163745575807738,GNSS_LOCKED
292,29.200000000000003,4.222956382062961,0.07846443804844803,9.770829456456369,0.15357572299678346,0.07579456150864247,-0.11148529836587356,-9.12,-40.0,-3.12,11.247707250827938,1,-98.96613433808479,222.18088064259425,-0.07472059909695894,-6.208558467413656,9.724460661527978,-0.08699554746605917,24.108527447398096,GNSS_LOCKED
293,29.3,-2.612339988526031,-0.8570541267556641,9.942617206659365,-0.4054045058948668,-0.20977894801318858,0.007251866698915491,-9.19,-39.37,-1.5,10.670931398129706,1,-99.57407606871719,223.1649507150811,-0.07215881387653951,-6.280775121940519,9.525925228578004,-0.15419080954125103,23.851458948930254,GNSS_LOCKED
294,29.400000000000002,1.8444877420139507,1.4749462067815164,10.365235385009889,0.1471873959797048,0.287919671513234,-0.12938884503860829,-9.44,-39.87,-2.12,10.412934260059036,1,-100.18391677562153,224.1334311796121,-0.07436459954635252,-6.347373266042416,9.63138164801437,-0.1069306011065616,25.314044682980878,GNSS_LOCKED
295,29.5,-4.767045409521681,-1.9581374882628333,8.337283534258505,-0.022645393059853157,-0.20100003399665764,0.13133720914694058,-8.44,-38.87,-1.06,10.354146567787334,1,-100.79175566719915,225.11614521694764,-0.06839618376741315,-6.2483631308462675,9.419261703526121,-0.27400755871521726,23.711256570551587,GNSS_LOCKED
296,29.6,0.2448145742565371,2.1515776131197,8.97028757727163,0.3827217839269846,0.5912477501630663,-0.006568411897776738,-9.31,-38.56,-0.19,8.637528791729018,1,-101.40197370792293,226.08058340521364,-0.07047472522426726,-6.364436840936348,9.552425422957,-0.2912122859444411,24.580742940547378,GNSS_LOCKED
297,29.700000000000003,-5.028171587801503,-1.6119320615653192,10.325093228756993,0.3385955876439737,0.21300842495099934,-0.17705507314936397,-8.94,-37.75,-0.25,8.85631326896623,1,-102.00733027656844,227.0641805383729,-0.0727939526230251,-6.245091632890048,9.404754145085965,-0.23620998200161764,25.19341807362081,GNSS_LOCKED
298,29.8,6.401867525327921,-1.0352364724269003,10.612418288227659,0.5828048266756635,0.6231735739243053,-0.11744292556794651,-8.75,-37.19,-0.5,9.217089887506557,1,-102.60561866311875,228.0414379922112,-0.0809074725921484,-5.924187793278918,9.899906528366056,-0.03746764347897256,26.239201503615917,GNSS_LOCKED
299,29.900000000000002,-4.896482448626116,0.5694240087441645,9.47608452730146,0.40347869887157906,0.6919339397666356,-0.07309338243589078,-8.56,-35.94,-0.06,8.536243676042764,1,-103.19773719184474,229.0306719390203,-0.07649286243092798,-6.1221837684064395,9.57502105109497,-0.10793935659572157,26.485205807861288,GNSS_LOCKED
300,30.0,5.97699624763725,0.7200148969866605,9.463103915409972,0.24520934935035987,0.1292738534784125,-0.05666291377978283,-9.25,-35.06,-0.87,9.320477670165918,1,-103.80762605814095,229.9976188956184,-0.08054748388694116,-6.012835230857409,9.896100124905963,-0.07938270901251288,26.661861995711632,GNSS_LOCKED
301,30.1,5.67868657561527,-3.849557498905362,10.251221646640387,0.5117814522445011,0.6262447739044821,0.00699773505024806,-8.87,-35.62,-2.25,10.454255569436825,1,-104.42035977592846,230.96966565528433,-0.08907515901991246,-5.797172509253411,9.831693177419108,-0.011142261016526427,26.713957091479763,GNSS_LOCKED
302,30.200000000000003,3.9179765417302415,-2.7648287655454706,9.740673273222125,-0.2382391305349268,-0.24908465780653963,0.18054462032240443,-9.19,-35.87,-1.94,10.331668176241749,1,-105.01214816675132,231.94777289471733,-0.09230356017089111,-5.662658384423154,9.831917376098767,-0.02047763678471878,25.64156171233816,GNSS_LOCKED
303,30.3,2.57872374865254,1.1279121854702427,9.582613934621552,0.12041124286496545,-0.002661535576351271,-0.021468088412574714,-8.44,-35.62,-2.0,11.137887539022426,1,-105.6079968440234,232.92367742401134,-0.09516389801629417,-5.9420179871090175,9.830974822091404,-0.02170588136684336,25.27774427335332,GNSS_LOCKED
304,30.400000000000002,-0.8341561613208647,-1.7061017506771443,10.060283255200464,-0.26704014568110235,-0.15741356120797548,0.10001430568892937,-9.0,-35.87,-2.37,10.61913271417565,1,-106.21968771674732,233.90248547361315,-0.09612930009146818,-6.050436522901066,9.611837151827112,-0.025389784238377316,24.57546464367196,GNSS_LOCKED
305,30.5,1.6779711407937727,-1.3120010682919208,11.031495842698039,0.062402552456648525,-0.12708020446247373,0.06669515035346349,-9.75,-36.69,-1.56,11.239320022776074,1,-106.82046135161323,234.87335642609813,-0.09813829898918736,-5.952895398797082,9.644481725447394,0.053744243905774786,23.927280742301036,GNSS_LOCKED
306,30.6,1.8163502955515036,0.1307666042952955,10.644637855232608,0.08954375468086721,-0.0011761525153226302,-0.04791599589816922,-8.5,-36.81,-1.5,11.187766674302264,1,-107.419555987398,235.85179885600343,-0.09706127668122153,-5.9989036480074525,9.748658480900408,0.08063701980271393,23.978304803673034,GNSS_LOCKED
307,30.700000000000003,0.9676754136440774,1.79573024641893,9.351395683315138,-0.03699436592828686,0.037042883939571766,0.001364418925192679,-8.81,-37.19,-1.87,11.267778699742326,1,-108.01326008747633,236.83215429707423,-0.09195985838745917,-6.045690789257043,9.782169380564545,0.00935093718920681,24.0217460498346,GNSS_LOCKED
308,30.8,3.369613886374716,0.3742077776956946,9.612065348085329,0.033925103865425556,-0.13494048820057342,0.007081805695653696,-8.94,-37.81,-2.0,11.01604978403397,1,-108.61770002055356,237.80856459084583,-0.09143212665167891,-6.025576048594201,9.83141715065367,0.004416415511627022,23.875928992194073,GNSS_LOCKED
309,30.900000000000002,1.9103342097443987,-0.5782957626642032,9.080910115619737,0.025308985146879022,0.08286476456277361,-0.1331409255818479,-8.62,-37.37,-1.62,11.264836142974247,1,-109.22118113346698,238.79230454914335,-0.0894181849907838,-6.0012610864084035,9.800987796990029,-0.04669114336055649,24.50818061984105,GNSS_LOCKED
310,31.0,-0.343750374162468,-0.6404865331250235,10.52390942146257,-0.1996994640712338,-0.23326262217237623,-0.025655470117096988,-8.69,-36.25,-0.44,11.286383963356318,1,-109.82575857106303,239.77342634130792,-0.09063283897337938,-6.059853206065199,9.650592573648865,-0.014991511497929015,24.510224666885563,GNSS_LOCKED
311,31.1,1.9757532154859816,-1.7553097791947203,11.982928090853262,-0.014126424633094842,-0.12674529394551853,0.3197134570044708,-8.56,-35.87,-0.81,12.111451885956726,1,-110.43699983651528,240.74314512933378,-0.09467646399556233,-6.044595262865864,9.598823681412712,0.12350944865762108,22.44094225125894,GNSS_LOCKED
312,31.200000000000003,2.1206391671668054,-1.1879562974993438,9.611951551995553,0.22033349011516065,0.0005945689369121364,0.12220822239706976,-9.19,-36.37,-2.0,11.493704217875306,1,-111.03910794751884,241.71435713859188,-0.08976818376439913,-5.9857750626874315,9.648729732355758,0.06638186715048655,21.451410828630777,GNSS_LOCKED
313,31.3,-1.2848822219445455,-0.2745086909934649,11.173738656076573,-0.09974830221594885,0.023500478115781216,-0.07781384024301474,-8.62,-36.94,-2.37,11.880848371212954,1,-111.64752440504337,242.69426904164578,-0.08791054841909077,-6.149209557254154,9.563540877580794,0.07971456399923771,21.88561142941169,GNSS_LOCKED
314,31.400000000000002,3.796009454596535,-0.5054469827247347,11.04014791287998,-0.0032995187131681864,0.1300609803876933,-0.08010545897036925,-8.56,-36.69,-2.31,11.80563687558777,1,-112.25821165262829,243.64692520947904,-0.08790390541193088,-6.081066959219216,9.570755014916886,0.14726116648559306,22.36957772571432,GNSS_LOCKED
315,31.5,-1.7796309692577723,-1.4877909556010982,8.49969770025324,0.3422208857594095,0.06597132479026438,-0.07573440206050762,-8.06,-36.5,-2.31,11.895944412823134,1,-112.87667905162202,244.6097686968761,-0.07872624131545142,-6.19137383827196,9.396524741861118,-0.03811475039505822,22.80809383356539,GNSS_LOCKED
316,31.6,3.158409298490373,-0.3765938566672468,9.516645969054963,0.3571048053914702,0.23928936390423639,0.07880842777664147,-8.25,-36.19,-2.19,12.030293272593333,1,-113.49750082083845,245.55656085704894,-0.07930383445442397,-6.167744207773445,9.485613724033673,-0.030306026993095446,22.18737409262358,GNSS_LOCKED
317,31.700000000000003,-0.8204050877445466,-1.7736729266452207,9.743579554316199,0.24697152023057173,0.12432407174059719,0.06446893345510799,-9.0,-36.37,-3.0,11.781672192373804,1,-114.1078305697188,246.51518631898898,-0.0780314324562928,-6.062286113919751,9.381738319096149,-0.06131117868071656,21.26602296156617,GNSS_LOCKED
318,31.8,4.393837882561972,-0.4893956484516235,10.269113396542076,0.12613002330900616,0.09278449793037888,0.05905433230404931,-8.37,-36.87,-2.75,11.760842106780606,1,-114.72076939614327,247.46974926904704,-0.08125156924182404,-6.029337740662503,9.617263400831579,0.012245429573065559,20.449354418063248,GNSS_LOCKED
319,31.900000000000002,3.6170172205950246,-2.575241844375744,9.696877653084794,0.15073364086942617,0.3384151939371951,-0.1443393086539404,-8.06,-36.19,-2.94,11.693782954124456,1,-115.31492401754224,248.43137765511537,-0.08065629926082012,-5.763473248414528,9.630055465614348,0.00773460358539216,21.22695757331616,GNSS_LOCKED
320,32.0,-2.403278841247227,-1.6056838710092765,10.165861921529038,0.43925598395648974,0.5400085751305747,0.08932127038876332,-8.75,-36.56,-2.0,11.623128115802448,1,-115.89807240554339,249.4095814983783,-0.07869023881952249,-5.7958413765325085,9.50771323854638,-0.020842751542075103,19.842524610211893,GNSS_LOCKED
321,32.1,-1.093762351691199,0.0005977465831956768,9.294237152167033,0.5359059801174665,0.27723353029175823,-0.046245001419681624,-9.06,-37.0,-1.56,10.743889799107937,1,-116.48464181784004,250.37545727216514,-0.07676587139349281,-5.858379376563872,9.508582092589632,-0.06895790831807251,19.77359344669826,GNSS_LOCKED
322,32.2,-1.9871354374557295,-1.5508754416201924,8.928997715745425,0.04672640557857878,-0.3123277118486618,0.21979534442996154,-8.69,-36.37,-1.87,10.681850130599562,1,-117.06145164679452,251.35071267172813,-0.07461166412122688,-5.684774528700423,9.537219030116788,-0.1350607046567972,17.889203658088594,GNSS_LOCKED
323,32.300000000000004,1.9335971227713067,-1.793304398902103,9.510470717566449,-0.0777237452344228,-0.016400991197062866,0.04070548997971168,-8.62,-36.12,-1.69,10.628159795060217,1,-117.63846022945931,252.31447771643252,-0.07753012229927381,-5.59548468395168,9.607642013152184,-0.12743435386763868,17.541864133660262,GNSS_LOCKED
324,32.4,-0.3633629654765634,-1.167074604624672,10.705536509795305,-0.1380506259104155,-0.11692822223993939,-0.10975866949608062,-8.75,-37.19,-2.06,9.990375293378047,1,-118.20763376449318,253.28273077137203,-0.081720101656949,-5.592157772270978,9.539615594561837,-0.05222281212694704,17.994289225703152,GNSS_LOCKED
325,32.5,1.8365452020382884,-0.5652403712901851,8.991291818950927,-0.24508347728184718,-0.10516759661664885,-0.03604227774872351,-8.37,-36.12,-1.37,10.596701055966964,1,-118.77821680158402,254.24364071907885,-0.08124303322094512,-5.6195064786194875,9.598411915282654,-0.09365608569127856,18.030549278086575,GNSS_LOCKED
326,32.6,-1.2720928583914273,1.0142477532188874,10.471952000688313,0.08545724230421459,0.2523989511247638,-0.2757500302971476,-9.0,-35.5,-1.31,9.65549265127473,1,-119.34350029864692,255.19845007035582,-0.08391161029588445,-5.723868516398631,9.405110529790031,-0.04511794363687219,19.373040720934235,GNSS_LOCKED
327,32.7,-1.5173044748908657,-1.2426991340975364,9.465826506047392,-0.12249270221985008,-0.16315667482136598,0.11357502966811926,-8.19,-35.25,-2.19,9.464084930578437,1,-119.90973756996466,256.15106939220624,-0.0824620939982093,-5.626394779911862,9.33325621645509,-0.08126786322390903,18.434914742656407,GNSS_LOCKED
328,32.800000000000004,4.247820118805239,-1.2717070796394085,10.771581482394703,0.22221961469986207,0.36556662054674854,-0.028934041969181725,-8.69,-34.56,-1.44,9.464084930578437,1,-120.47583512419105,257.09596594388506,-0.08661663827693816,-5.523494224639207,9.53871788268317,0.017364744377636052,18.184163804067843,GNSS_LOCKED
329,32.9,5.731821061337471,2.086624054923925,9.923560012627577,-0.33131851711357596,-0.4201228172794228,0.02481811070290843,-8.06,-34.81,-2.25,10.238649566512876,1,-121.00655738160688,258.05597421049407,-0.08701752588402167,-5.321991258409608,9.844913808003543,0.04080620364149529,19.55815160531138,GNSS_LOCKED
330,33.0,4.66724709276543,-4.485639168973651,9.62376563102209,0.42468867836330537,0.45992215378189827,0.0075676238442998695,-9.0,-34.12,-2.0,11.3321970139783,1,-121.53930670602233,259.0226907602029,-0.08598326261812991,-5.027158142302189,9.73458623250573,0.03247887596740822,19.60321412649179,GNSS_LOCKED
331,33.1,-4.149304361257936,0.5885112355696925,10.069849121672782,-0.12326675116331043,-0.2249349496619722,-0.0012870424268575334,-9.94,-34.5,-2.25,10.73646068296923,1,-122.04165447293137,259.9964251215976,-0.0830418053352209,-5.125689194551773,9.443887638591102,-0.011969834404000956,19.316278482930706,GNSS_LOCKED
332,33.2,0.7350345942298777,-0.9136494876862289,10.06204211126827,-0.4810791775179702,-0.447967780287503,0.05029933183374017,-10.19,-34.62,-2.31,11.243826632283296,1,-122.54745941542136,260.951123799016,-0.08255665093359706,-5.011493604298081,9.460466159521388,-0.009924872418031031,18.858326618197434,GNSS_LOCKED
333,33.300000000000004,-1.3064148784216885,-1.14619788432966,9.885611292449076,-0.021931586645663487,-0.08960341259393191,0.01730676049193948,-10.56,-35.44,-2.94,10.425233387028115,1,-123.06030180393273,261.90225736252387,-0.08081311095072413,-5.122666246154932,9.309331007849748,-0.039626086397731505,18.899403976651545,GNSS_LOCKED
334,33.4,4.355158912186205,-1.2727263263788804,10.180272210886466,0.2023278667860792,0.2617517479561705,0.012233428124771817,-10.5,-35.37,-2.81,11.10790633205883,1,-123.57459428830867,262.8445386096301,-0.08280989275278454,-5.049203753530312,9.494200776918676,0.024507898741873445,18.56354267296944,GNSS_LOCKED
335,33.5,-0.04242223570732331,-1.2535580548338725,10.175475852120073,0.15815183408054728,0.07502960830889475,0.054121024140096154,-10.37,-35.37,-3.0,11.10790633205883,1,-124.08419326842026,263.79384282879647,-0.08117825398053001,-5.066682466263378,9.359671959028192,0.013640642571238398,18.098721387286552,GNSS_LOCKED
336,33.6,1.4621076012985026,-0.9790210503926013,9.848080032428316,-0.13320138275315785,-0.11447388781857026,0.012695693771831858,-11.0,-35.25,-3.0,9.874772645185478,1,-124.59889342597992,264.72726201357335,-0.07986680673005635,-5.0969698951155245,9.288510013110178,0.0018873998498573534,17.927398528945556,GNSS_LOCKED
337,33.7,3.246582507458167,-0.7806160930378941,9.385396520528948,0.12638730954088287,0.02946218494406304,0.017475630041256858,-11.37,-35.69,-3.19,5.940353861954359,1,-125.10365849956887,265.6644217303313,-0.07887311359775556,-5.002230623472928,9.40872661756849,-0.013054779525188697,17.698160833732068,GNSS_LOCKED
338,33.800000000000004,3.051537927143701,-1.0359091532774614,9.329658965115472,-0.26346113153859646,-0.329197901177459,0.025990652718972402,-11.25,-35.44,-2.12,6.06067411541102,1,-125.60596482352668,266.59577783898385,-0.0783209753886131,-4.956627223386499,9.350239061896703,-0.027197825959149425,17.448979956829607,GNSS_LOCKED
339,33.9,3.275075184705085,0.31502446575973003,10.215443984991634,0.05444806910952252,-0.09852602225743506,0.05958565857966218,-11.94,-35.56,-2.75,6.560421097835685,1,-126.1056861893672,267.50892112888573,-0.0802130338873488,-5.022960897436461,9.188157114418825,0.024432659985182868,16.909585944962437,GNSS_LOCKED
340,34.0,-0.6058063471887258,-0.6097535497819259,9.692271224446527,-0.2122719564121027,-0.2617933171679927,0.004678205548834063,-12.31,-35.69,-1.31,4.810818009402606,1,-126.60198309462939,268.41547106308053,-0.07756891298976921,-5.007751144562203,8.89426002732563,-0.038632708441950936,16.601064866693935,GNSS_LOCKED
341,34.1,2.6745767313767166,-1.1484957978342827,9.706781842110969,-0.04450405751840329,-0.08490971401456524,-0.01759628740284135,-13.0,-34.75,-0.44,4.146479665181162,1,-127.09924228509284,269.3118379506827,-0.0783588007917303,-4.953601803988506,8.917493306252386,-0.02094923317789961,16.520574869936652,GNSS_LOCKED
342,34.2,2.0113896295727534,-0.5487379821033608,10.062951423168272,-0.055557391872414624,-0.14938993227861116,0.023228524320906174,-11.62,-33.56,-0.69,4.21576226423604,1,-127.58650072142777,270.20665049050314,-0.07905513759941467,-4.9067188326630875,8.871739125463348,-0.002858354423375005,16.223983018189728,GNSS_LOCKED
343,34.300000000000004,1.4951536166989736,0.5439130414193202,9.773429628121644,0.004934361781104605,-0.08592086638469525,0.07195023831452206,-10.81,-32.94,-1.62,6.712742487561746,1,-128.0688756935,271.0951687558718,-0.07842578883269549,-4.923791243097015,8.799885965723355,-0.023270536629568815,15.695191710307327,GNSS_LOCKED
344,34.4,1.4194903843416469,0.0548695381624669,9.718914426649894,0.11300799792763225,0.007643893000005114,0.010918484519050321,-10.06,-32.87,-1.81,6.207785961655723,1,-128.55469693514013,271.9774433979131,-0.07818889502309592,-4.931779944659883,8.720361944868003,-0.03996918937742462,15.57353635667913,GNSS_LOCKED
345,34.5,1.1386532984867055,-0.5220374090905716,10.195891958007174,-0.021428770318743514,0.09628596321736343,0.07056224975106073,-10.31,-32.94,-3.44,5.997631994407871,1,-129.0362549924863,272.8575544106169,-0.07921620653725953,-4.865455761790434,8.661144228406854,-0.024757840168414775,15.086035842506005,GNSS_LOCKED
346,34.6,1.9781133280360903,0.6013625801164388,9.900539925614243,0.16262675208277858,-0.04761772737580022,-0.06097722153862412,-10.5,-34.0,-3.87,6.441841526848891,1,-129.51930340255976,273.73022375211883,-0.07953964764678623,-4.916231884953899,8.658558865699526,-0.018238862027571322,15.453945534138722,GNSS_LOCKED
347,34.7,3.0803810394256494,-1.107222705250821,9.786888242588857,0.22021019848348056,0.11759965723603431,-0.02953183200943221,-11.37,-34.5,-4.81,6.434156487929477,1,-129.9948256610191,274.5981202709776,-0.08020629531507895,-4.739333557029167,8.640828106758354,0.003596912362202421,15.601727950837505,GNSS_LOCKED
348,34.800000000000004,3.8911237080798466,-0.3039125806985436,9.518647494350871,0.03831712400965455,0.006975738983097664,0.1298986800289689,-11.0,-35.0,-4.87,9.285939112670821,1,-130.46653721735427,275.46232489538625,-0.08000546316715303,-4.703760408794709,8.663425393472693,0.01571483342328115,14.698588072789555,GNSS_LOCKED
349,34.9,0.08954818659014768,1.8953146915561179,9.867531141691419,0.2157520870291214,0.1671964614270374,0.011618529547907855,-12.0,-36.81,-6.0,9.285939112670821,1,-130.9286411520379,276.3296702939954,-0.07795175890433664,-4.781401468585083,8.52714169168632,-0.02959086108522233,14.672041372222688,GNSS_LOCKED
350,35.0,-0.9011747678493673,-1.7079507554712299,9.335514369582262,-0.10313015851507494,-0.212492120714705,0.03530890877417123,-11.81,-38.12,-4.81,9.325299188622287,1,-131.39492634300308,277.1932153091711,-0.07561734187746438,-4.63275688320949,8.398716285621246,-0.10677258995382344,14.17575855684402,GNSS_LOCKED
351,35.1,0.9136705753048289,-1.6937130860821936,9.802415246859118,0.03598730790265742,0.09522463510831222,-0.08323504393227724,-12.69,-37.94,-4.62,9.373709866687976,1,-131.85287157290801,278.03712840789046,-0.07749986437462367,-4.530793175857147,8.283812041354993,-0.09495914136972944,14.402972440855056,GNSS_LOCKED
352,35.2,-3.2722080011103127,0.7201142000558186,9.477619255189968,-0.4765526197995005,-0.5057399049246866,0.06331823693851392,-11.81,-38.37,-4.5,9.958674288185227,1,-132.29531585250072,278.8978648022228,-0.07601300200726949,-4.555058918914161,8.272352649608377,-0.1712521774845195,13.73957362392636,GNSS_LOCKED
353,35.300000000000004,5.890851497929817,0.130074103957789,10.263113292116463,-0.22023132560691888,-0.3184002579839787,0.04923381903889912,-13.31,-37.31,-3.62,9.989174619899996,1,-132.7269227270489,279.7495514559439,-0.08378434072402713,-4.352229162285913,8.604152543532338,-0.006111329987335594,13.683815433116873,GNSS_LOCKED
354,35.4,-2.053625137302083,1.0626077258774014,9.690436920817692,-0.2684098081780969,-0.37316268091914095,0.016249567472293665,-13.87,-36.87,-2.37,10.233949766678316,1,-133.15585492959133,280.6074588700681,-0.08012611912448717,-4.458353540188156,8.307612011907553,-0.11223972311212818,13.302222756273295,GNSS_LOCKED
355,35.5,5.190321355529717,0.96796324892747,11.04641466472529,-0.4457163911663109,-0.5208818856852566,0.08193375257274184,-13.62,-35.5,-1.87,11.00247417638991,1,-133.58263780776122,281.44320480339826,-0.08732819953057,-4.390926024545679,8.397752531605217,0.062201530082967756,12.67366822211983,GNSS_LOCKED
356,35.6,3.164989326077114,-1.3070174571078947,9.115623529558093,-0.007587089833518904,-0.0368959498191305,-0.03892293610202496,-13.31,-34.62,-0.56,10.961418607425003,1,-134.0002531196266,282.2853967942221,-0.08435428298585154,-4.209813076969045,8.34696238867962,0.01715925018833496,12.997506366154832,GNSS_LOCKED
357,35.7,3.3142281639213427,-0.8308365494575891,10.441830641010991,-0.17628905427247218,-0.24048167906602977,-0.02740130247452468,-12.06,-34.75,-1.06,10.822655821777937,1,-134.4028154785351,283.1247537841629,-0.08496979670895821,-4.0931974297921165,8.298715449888789,0.0644398723003201,13.058682032796673,GNSS_LOCKED
358,35.800000000000004,4.437821327859973,0.7136645258536577,9.15698521438848,0.2687813146581853,0.31155653691471075,0.04581559992328062,-10.31,-34.81,-1.62,11.086673931564217,1,-134.80735325499754,283.95474166085296,-0.08262601197367676,-4.159820120285542,8.303013728159874,0.041763848470786596,12.975186189896068,GNSS_LOCKED
359,35.9,-0.4454361519246445,1.7171476909953682,10.076076430430042,0.318066680929434,0.1296695333686195,0.0406852380907141,-10.0,-35.69,-2.87,10.824986622968682,1,-135.18504207893207,284.800565135887,-0.07880070376449742,-4.01246261816306,8.22452737213319,-0.046091008973841704,13.086897230321574,GNSS_LOCKED
360,36.0,4.031823125077969,2.3913927024304726,10.133345017359707,0.07956006635725801,0.18246300829331516,-0.04049477059797114,-10.06,-35.37,-3.87,10.890893404014745,1,-135.56863427804822,285.63152837863186,-0.08119046835738944,-4.018281503574037,8.305688135889952,0.025447900163527774,13.775714952401271,GNSS_LOCKED
361,36.1,-1.8885756995231602,-0.3078063334325841,9.354014033465495,0.5655268229978374,0.5708004132382699,-0.2277286119858301,-10.06,-35.44,-3.94,11.773258461926735,1,-135.9575413312459,286.46880685118765,-0.07544326496417285,-3.975608422475051,8.076078729750298,-0.11450108703062545,15.248148118268523,GNSS_LOCKED
362,36.2,-1.3898612337036347,-0.29129913481158504,10.674687007360255,-0.023466961819479607,-0.19614116031059808,-0.16102175919724435,-10.44,-35.56,-3.75,12.026062041570496,1,-136.34291942187335,287.2997715863708,-0.07671916826911476,-3.9040401535738782,8.01773994514192,-0.08885156359676602,16.2457796928281,GNSS_LOCKED
363,36.300000000000004,-1.7862789280636997,-3.3170722485638042,9.869619776818327,0.20567527554729284,0.5026649561453266,0.0024089192518714784,-12.06,-36.31,-6.06,11.552362276043464,1,-136.71891998835045,288.1391907123071,-0.07503222515244691,-3.6569869428124493,8.048027067235097,-0.13299956670567495,14.828569138937134,GNSS_LOCKED
364,36.4,2.816363280745102,0.7235784005968194,11.06364240605509,-0.10921498437462716,-0.275974019070632,-0.045671851134505115,-12.62,-37.75,-4.62,11.704138477986879,1,-137.090048240488,288.9635707712719,-0.08074776570398859,-3.728001418847714,8.202492408564876,0.00742601323257223,15.078639643466452,GNSS_LOCKED
365,36.5,6.540763091282764,1.349904919018965,8.870825360885059,0.13173049072452167,0.27356209504156576,0.03040638041507193,-13.0,-38.31,-3.44,11.509655127131154,1,-137.4463192764296,289.7937254900745,-0.08080850221110801,-3.5895123302922407,8.487779547779526,0.02911468650665653,15.361792587446233,GNSS_LOCKED
366,36.6,2.552617726964243,-0.7111832067970667,9.638800087477577,-0.4272571416542356,-0.4261378028087946,0.07561909760599707,-12.69,-38.5,-2.69,12.10382994860436,1,-137.80141796491216,290.63873000761924,-0.0793627210740478,-3.5030788831769453,8.413542325554566,0.009155724348540534,14.880139322730638,GNSS_LOCKED
367,36.7,3.076445726750486,1.8942440765849304,9.918145550388015,0.08841544425650173,-0.11941723383266231,0.06509879784359067,-12.94,-36.62,-2.62,12.02445804038555,1,-138.14504988880034,291.4834548171754,-0.07897580797762051,-3.5517197717284166,8.442765025385677,0.029431821952513468,14.719170276291399,GNSS_LOCKED
368,36.800000000000004,-0.8466798719338083,1.5673046807433797,8.665835242039975,-0.31366890691608035,-0.40799246277998663,0.13562192724184569,-12.87,-37.31,-3.69,12.800830634004361,1,-138.49006164455716,292.33036323515347,-0.07286493978369267,-3.5902169220624605,8.28275161651465,-0.1122061640952984,14.02992319767605,GNSS_LOCKED
369,36.9,3.4184563184324723,1.0536399312763298,10.110195637780167,-0.16118600069327166,-0.17305272896970988,-0.09968473391971687,-13.12,-37.5,-2.81,12.991117247246734,1,-138.82962143477545,293.17005144856444,-0.07643799951624172,-3.4912126958218543,8.360842149021465,-0.02933297173868464,14.910101246997767,GNSS_LOCKED
370,37.0,0.9104564419084299,0.8544654837080938,10.24964017439339,-0.26309686676115435,-0.24136678534934475,-0.09203914183969095,-13.81,-36.87,-2.75,13.45815305402778,1,-139.15922613778852,294.02502872945684,-0.07542193340464286,-3.4181814972532845,8.373402178114258,-0.02690374332952723,15.785295773734001,GNSS_LOCKED
371,37.1,4.308869446640824,-1.8296312499438783,10.180686322691313,-0.12488618630248909,-0.21291534559880393,0.03342313688692105,-13.81,-36.31,-2.44,12.928211445656487,1,-139.49889376749655,294.87713341521595,-0.07740454233693933,-3.328315569773096,8.466780036370306,0.04921042748831189,15.278724240896532,GNSS_LOCKED
372,37.2,1.4912627020663645,1.7036515020195673,9.4736323236176,-0.0675402694903639,-0.19867099201869662,-0.008298730473753284,-14.25,-35.81,-2.12,13.144519478731691,1,-139.813039051755,295.7333798006497,-0.07321353468710023,-3.316293586296422,8.440770143393088,-0.01965774459950181,15.426070530117503,GNSS_LOCKED
373,37.300000000000004,3.256219942330578,1.0050762479462163,9.984916681324036,-0.1926856394689716,-0.2289633137450398,0.1060293134058877,-13.94,-35.06,-1.87,15.85442477181204,1,-140.12805860732186,296.5897845179306,-0.07351547798097961,-3.2699285431799554,8.494725732107755,0.012436420674291324,14.99894154161021,GNSS_LOCKED
374,37.4,2.270230478339739,0.08465848587118684,9.587152705886526,0.18199841307484638,0.05165892630012289,-0.007607428721720501,-14.37,-34.12,-2.31,12.400039079151194,1,-140.43521195311038,297.4490717480015,-0.07134500528547486,-3.1643834903607453,8.468507802766794,-0.017248289391653435,15.168266890901911,GNSS_LOCKED
375,37.5,0.3856961550126388,-1.051927500730557,9.223027316408384,-0.18461442896723326,-0.12200587102623837,-0.0056833134904974054,-14.0,-34.37,-3.56,12.843361349821294,1,-140.7481972959309,298.3150021807472,-0.06799495002139447,-3.158453693983074,8.435878645974373,-0.10249872999406996,15.297795123700714,GNSS_LOCKED
376,37.6,0.4170113793120389,-0.05308696088273955,9.238215228825778,-0.10914588795005703,0.03905953993850039,-0.029133957564778046,-13.56,-34.87,-3.25,12.86254645233452,1,-141.05397140521814,299.1859247643316,-0.06707725786424998,-3.1509016035367843,8.499304075566645,-0.1537432624723519,15.555733478718825,GNSS_LOCKED
377,37.7,0.05538534541814123,2.7331480656686873,10.528950371458896,0.08871643316005881,-0.1320326220574281,0.08248733963462009,-13.56,-34.37,-3.44,13.107335142152502,1,-141.34903850009434,300.0616662592848,-0.06919865499087327,-3.2153315189152,8.55423786226599,-0.12075035914520235,15.492668515349735,GNSS_LOCKED
378,37.800000000000004,4.202339860683893,0.04365982737214499,7.9804028234658135,-0.2768490995549492,-0.24202928717745045,-0.21025368064314368,-13.31,-34.12,-5.12,17.027294580419305,1,-141.64975418388343,300.9460467019775,-0.06967859420779096,-3.0501132048220874,8.843468538148743,-0.1383848455905073,17.20732555740012,GNSS_LOCKED
379,37.9,-0.5951453536577098,0.942801191900509,8.047718830238207,0.11277961902548742,0.09688692966016561,-0.19019876548887493,-14.0,-34.06,-6.62,17.726112889585426,1,-141.94178329471765,301.84494517921536,-0.06692096396837152,-3.0757435519137784,8.78756361334832,-0.2746742605284894,18.7155705365877,GNSS_LOCKED
380,38.0,2.372745411403372,2.750964155725335,11.093525443094213,-0.12280731930631238,0.0020515515728507807,-0.02814699736990374,-14.56,-35.31,-7.12,17.56533311681332,1,-142.2224390457461,302.75289581752156,-0.07517980947052286,-3.043914783848067,8.974335956279852,-0.09873334141313081,19.903242828766608,GNSS_LOCKED
381,38.1,5.871223868402672,-0.31542765717397153,9.653599849288788,0.3011311356124791,0.30884775925657415,-0.0624780822923681,-15.44,-36.12,-5.19,17.0120166358755,1,-142.5191222278053,303.6617111959559,-0.07977553990770614,-2.9562708332249756,9.146013839565207,0.010186048465685925,20.267194830465552,GNSS_LOCKED
382,38.2,-2.5082746073239752,0.855693564329308,11.321019997253744,-0.18242443773939793,-0.40854029721464646,-0.04994477016898572,-15.06,-36.31,-4.81,16.860174863088027,1,-142.80766187226732,304.58894906550483,-0.07637159394111345,-3.0646792702172907,8.932347468722888,-0.011064382416320594,20.84259802177026,GNSS_LOCKED
383,38.300000000000004,2.2043789467545203,1.6489330134284792,11.478583938636817,-0.14779874162517262,-0.1139027324540707,0.19164566134799885,-15.06,-36.25,-4.0,16.821293799211162,1,-143.09583398649727,305.50680092124384,-0.07693602605277149,-3.0459492669866135,9.048708100425012,0.08953276790882322,19.930441208588206,GNSS_LOCKED
384,38.400000000000006,-1.6538592501364124,-0.719867743293472,9.061559279886866,-0.20701332038481252,-0.3804465276993703,0.08077434459497132,-14.5,-36.56,-4.62,16.082533197552657,1,-143.38974113017153,306.4401856121571,-0.067429816819273,-3.022327844188195,9.038712080740913,-0.07760853814735812,19.585342453820193,GNSS_LOCKED
385,38.5,1.716410968285471,2.458220289014823,9.676417071345426,-0.33556511393788135,-0.2586675925790872,-0.044953207418336597,-14.31,-37.06,-4.12,15.077133563008166,1,-143.68219876921552,307.3761185511642,-0.06643774821955697,-3.132538113330041,9.25754252594291,-0.07796165854782486,20.487686250531898,GNSS_LOCKED
386,38.6,-2.66623462774056,2.7327020272631426,9.908164013076744,-0.3133169670598939,-0.22521039143724908,-0.038807830924575,-13.31,-37.19,-3.69,14.916253186829188,1,-143.97485368236983,308.3203192422019,-0.06196498565515805,-3.239356103399935,9.150525310009028,-0.17743198562122017,20.940080060309807,GNSS_LOCKED
387,38.7,2.8524944252259554,-1.340407214308052,9.962491134946408,-0.2506794258253413,-0.338504631407334,0.007117582712000294,-12.94,-36.94,-3.25,14.63654270975828,1,-144.2743297408757,309.2694809825761,-0.06549597720814021,-3.032166534938824,9.35408048349678,-0.08439952459517562,20.868487449336477,GNSS_LOCKED
388,38.800000000000004,3.3854140402257364,3.1354073467921126,9.54190471268313,0.10728615963225722,-0.022583136276882316,0.008111837477513015,-13.37,-36.69,-3.25,14.940920074805055,1,-144.55622568672976,310.2222164924299,-0.06568163243209764,-3.079805989924779,9.526628344074659,-0.06612522148126068,21.489973304038774,GNSS_LOCKED
389,38.900000000000006,3.900735670914098,-0.011038568023013477,9.732628995583585,-0.32592122020591774,-0.22881417809566768,0.028853424786145835,-13.81,-36.0,-2.44,13.846849436320833,1,-144.8411662679676,311.1924473951298,-0.06661465744334949,-2.9375832991345625,9.64883570153974,-0.012663229962521297,21.64919883304808,GNSS_LOCKED
390,39.0,2.8569501353476245,1.06233182939361,10.81080290812826,-0.19406714654799426,-0.33881915544172053,0.0019551308085478496,-13.5,-36.12,-2.62,9.230113700870799,1,-145.1233335538155,312.18108378366446,-0.06617803734236868,-2.999458590255876,9.780662766556842,0.04426434200276341,22.043229508705828,GNSS_LOCKED
391,39.1,-1.6741273232025322,1.0795871932375551,8.65059687697353,-0.08202972050726803,-0.04881120461977499,-0.04475143860331133,-13.37,-34.81,-1.56,8.857526218342912,1,-145.4071008487935,313.1771776629227,-0.05637432592053197,-3.0695409507119034,9.706574560458733,-0.17162060628196651,22.723849776899197,GNSS_LOCKED
392,39.2,0.4597275897392883,1.4668794624471602,10.64301786881349,0.034360213564145085,0.21468519098999433,-0.09421175347808786,-12.94,-32.75,-1.12,9.790301488600841,1,-145.6966742776918,314.1732571567614,-0.05811291029165852,-3.143846762112483,9.763315047294654,-0.13139422178366106,24.06667783367633,GNSS_LOCKED
393,39.300000000000004,0.00800918487654426,1.0640043132551584,8.669160336753038,0.06474195316283075,0.035484863414089206,-0.06627302595434482,-13.31,-30.62,-2.87,10.173867681344436,1,-145.9934838339477,315.1636861070959,-0.055694136077779774,-3.16445840848896,9.735222444712427,-0.219497069853796,24.58585718184627,GNSS_LOCKED
394,39.400000000000006,2.2920392685884794,1.0706759192162865,10.66478582425633,0.07737915541807544,0.019508806377019593,-0.05725489307063011,-13.12,-32.44,-5.19,11.959854335802618,1,-146.28810202244932,316.1650374725526,-0.060484911662548164,-3.1204036265597335,9.900847018503518,-0.09586653126150922,25.465294766288192,GNSS_LOCKED
395,39.5,-0.4756570935020339,0.521372235862239,8.730160498586105,0.018086410744867006,0.14821400158584838,-0.14392849433061575,-13.5,-33.44,-5.19,11.853681231478127,1,-146.5910848673576,317.1742188084271,-0.05673548420405161,-3.189449938546325,9.89553673797121,-0.19497215133446946,26.737337034224332,GNSS_LOCKED
396,39.6,-0.5645623592619627,1.091836286868732,11.136857130949524,-0.11681791696643395,-0.17328011861531548,-0.12793683898035596,-13.12,-34.37,-5.31,10.810809331184835,1,-146.88136532905128,318.18437641098467,-0.05872334647941239,-3.1218863338715863,9.872726242744605,-0.10569640762634377,27.315669656795745,GNSS_LOCKED
397,39.7,4.208767977281986,0.5049823982992383,10.197328716424398,-0.03162690357255378,0.055884650972426675,0.09059103021879393,-12.81,-35.94,-5.5,11.199360177147446,1,-147.15499575970125,319.2117882239283,-0.059365799534180294,-2.8236252049004587,10.244013507768075,0.002098727350018953,27.267409282319147,GNSS_LOCKED
398,39.800000000000004,0.7782059179781008,2.0421173571603206,10.320296783465503,-0.09676416496263378,-0.13040112804759268,-0.004012752546510431,-13.5,-36.12,-5.0,11.039304811685795,1,-147.42014274795855,320.26909369299705,-0.05493384285442911,-2.8649470164056012,10.447093797802868,-0.002021323782924321,28.014034995197772,GNSS_LOCKED
399,39.900000000000006,2.665499782499828,-0.1824180837344743,10.615783739424048,-0.012573188440954654,0.003070002527670112,-0.00793662503261578,-13.5,-36.69,-6.37,10.77657767955731,1,-147.6688860090698,321.33314166414647,-0.05269088080535478,-2.5777229303619587,10.550351865868791,0.057268222257761986,28.223451704511234,GNSS_LOCKED
400,40.0,-0.29185608878206276,1.2618303438244034,9.07196744851109,0.06778706063489102,0.05558558299247929,-0.09653997811201225,-12.94,-37.12,-5.94,10.527884617560302,1,-147.91578480746423,322.39460656264663,-0.045556918640847016,-2.6489767475116035,10.471558510517918,-0.06292006940862141,28.773819816392418,GNSS_LOCKED
401,40.1,0.22466057795711708,1.5083045647832158,9.885244511622668,0.08155818101249607,0.049386854850686335,-0.06315387302367263,-13.81,-36.87,-5.62,10.61032797880831,1,-148.15860968583695,323.46806201821227,-0.04251786029862263,-2.611216754202732,10.596946133243032,-0.0717911520260586,29.497949089735386,GNSS_LOCKED
402,40.2,2.9312997649196135,-0.42066056056426593,10.422456189448242,0.1433833439268215,0.2478266404766194,-0.042851638876888413,-13.94,-38.12,-6.19,12.595370138069274,1,-148.40895023903548,324.5450544136974,-0.04455848803010409,-2.5188279151832322,10.709105186035126,0.0034517665397273867,29.703016594129696,GNSS_LOCKED
403,40.300000000000004,-0.5293591374803444,0.6089817022816143,8.977833431839347,0.16594101056043076,0.08844795490522157,-0.06357641297892558,-14.62,-38.75,-6.19,12.288958056951126,1,-148.63613166653934,325.6382346040652,-0.03774992354852429,-2.40092446342512,10.765653659952704,-0.09029817124283764,29.91897461154349,GNSS_LOCKED
404,40.400000000000006,1.4219968500067728,0.5568582151183559,9.603097217920165,0.33649235407175937,0.27936662852745453,-0.006804595245052504,-14.37,-39.19,-4.56,12.872721965442086,1,-148.8687190729091,326.741267514812,-0.037671341908624104,-2.3852163944590723,10.944886102155097,-0.08012998693097997,29.907299222492945,GNSS_LOCKED
405,40.5,-2.7741883289724165,-2.0445512096372305,10.254911239331337,0.1698039361627896,0.1947465207861872,0.008330420475487169,-14.31,-38.69,-2.87,11.540776903199612,1,-149.10947500470687,327.8573314344107,-0.036624473868293136,-2.4246199711014493,10.8228171709577,-0.09216631965220193,29.80611906210103,GNSS_LOCKED
406,40.6,3.6590904568405347,0.8417123984965271,8.78697621066973,0.44290923727462145,0.3393876885060621,-0.057601340499377505,-14.0,-36.62,-1.75,11.469514439717225,1,-149.34465616714516,328.9678813038407,-0.037041768170661134,-2.3334263896233858,11.15899673078065,-0.10468829041507251,29.761738978260016,GNSS_LOCKED
407,40.7,0.6854345733464744,1.280575079920004,9.959839396815052,0.015386475302273868,0.1158940680046813,0.0077486372414006695,-13.0,-36.0,-1.37,12.029675927603073,1,-149.57599392623766,330.07755814922325,-0.040275257261182286,-2.368603570052195,11.045398515906546,-0.06909350679462706,29.597338358954023,GNSS_LOCKED
408,40.800000000000004,1.7516228815494599,-1.5222695216436297,9.41932922953154,0.17107547623567584,0.1652525713612262,0.026932305679973526,-12.87,-35.87,-1.19,11.79675347688562,1,-149.8177014130058,331.21021626866894,-0.04082018149113563,-2.29671092475518,11.23626696467555,-0.08885299149998513,28.680104954464117,GNSS_LOCKED
409,40.900000000000006,-0.5168178191716318,1.0035890537231578,9.853630282440768,0.009413682493113234,-0.02429748028353768,-0.07013098483402291,-13.25,-33.94,-1.75,11.541399452466498,1,-150.05128136357013,332.34227237456275,-0.04236486875794511,-2.390183862417793,11.204207138609952,-0.0743781249067357,28.98550438730737,GNSS_LOCKED
410,41.0,-1.3094477813943735,0.2860123969768602,9.351494140862032,0.025100341964256676,0.0967265723090203,-0.16511054794477922,-12.31,-33.31,-2.44,12.139914186674583,1,-150.2961129479575,333.4961914719141,-0.040846139379183084,-2.487584757268364,11.354857383015696,-0.10405467902769296,29.867516057276358,GNSS_LOCKED
411,41.1,4.783938530700133,0.046854114080383306,8.840401470887869,-0.025745765999693807,-0.30622165714853355,-0.002261023284923999,-12.69,-32.75,-2.87,11.298225431145358,1,-150.54392423562973,334.634913394591,-0.04426755945076713,-2.3583605330729034,11.517155522265597,-0.11991413888729464,30.138259260260263,GNSS_LOCKED
412,41.2,4.59131167983745,0.7022965285852083,7.843650786115187,-0.406957387029974,-0.29529077151591027,-0.10841150953323327,-12.06,-33.62,-4.0,10.98543628013111,1,-150.78297377032263,335.7802221731556,-0.047161381636684305,-2.3164013825972902,11.589940507017621,-0.17563520298309906,31.05116954265072,GNSS_LOCKED
413,41.300000000000004,2.9040111258499017,-0.3232805355210979,9.871853400769949,0.2144539120974632,0.042792992316732004,-0.07900018604201929,-12.56,-33.31,-4.75,10.977563847920091,1,-151.02447015697535,336.9414659560743,-0.05390537126781854,-2.3549349554227943,11.610827187241606,-0.10136469494639884,31.146545192509464,GNSS_LOCKED
414,41.400000000000006,5.813456987287102,1.5898943993717964,8.684987554153947,-0.46574694893503954,-0.3358422454901606,0.039681553672057286,-12.5,-35.0,-5.06,14.001995705927492,1,-151.26273257346398,338.10008430665414,-0.05789743854629761,-2.333229837191223,11.778646805358195,-0.07972059242200999,31.085599015545917,GNSS_LOCKED
415,41.5,1.928665215535358,-0.0007613703898425746,10.230838809046846,0.23517958085072543,0.4924590169610014,-0.049700818551419154,-13.0,-34.62,-3.56,9.989183211868117,1,-151.51041233671415,339.2584305240426,-0.06194116777715085,-2.4871401952833736,11.54337213500388,-0.027290608748714487,31.15599228440329,GNSS_LOCKED
416,41.6,4.7441512045777525,-0.06612044383170818,9.286991974531418,0.22955537922146452,0.07176379288061817,-0.045119684195230776,-13.37,-32.87,-3.19,9.989183211868117,1,-151.75965403259823,340.4323177293054,-0.06268926470455316,-2.4087031004558437,11.808784083126397,-0.018195140872457008,30.911025484461778,GNSS_LOCKED
417,41.7,0.5576771755274135,2.678868220257873,10.294997137269547,0.1605417486718757,0.32762771363132687,0.06019765937381257,-13.75,-33.19,-4.69,15.776576775604092,1,-151.9939177309952,341.6276000487409,-0.06258182013018854,-2.502583231035088,11.892167434287726,0.0067074693140620175,30.600219642071067,GNSS_LOCKED
418,41.800000000000004,-0.733301918580069,-0.8413002035628112,8.70383433399855,-0.022762897339306344,-0.028729310443643987,0.09024908435077295,-12.87,-35.44,-5.62,16.91365799184302,1,-152.2421995503716,342.81123241027785,-0.05883934243475504,-2.489015254565778,11.671395643204097,-0.1048199633335562,30.032023487891323,GNSS_LOCKED
419,41.900000000000006,-0.34186482573944293,1.9759014924176683,8.974097070078068,0.0595632648893562,0.1202076101689802,-0.13684311430679613,-12.87,-36.0,-4.62,17.21253522499388,1,-152.4810131221325,344.0043675766439,-0.05861153680213052,-2.519705501675562,11.831054073014592,-0.13655977643112582,30.836061664431977,GNSS_LOCKED
420,42.0,1.0262418059673077,-0.14600965415233264,10.373598102711483,-0.06895818479144723,0.06978412569869091,-0.041255357842805374,-13.44,-35.25,-4.12,16.645302402445292,1,-152.73914955846325,345.2103954462466,-0.06295462219735094,-2.557908726499828,11.957792253366962,-0.06749362967931889,31.016434314974116,GNSS_LOCKED
421,42.1,0.39114384478400216,0.32487349721243336,9.824326696700215,0.09443414511261501,0.08176842975502865,-0.046515869681717364,-13.31,-34.62,-4.56,17.21892122513899,1,-152.98620773358826,346.4127875053831,-0.06378124822241167,-2.504036614427279,11.932193677218104,-0.060525621141835795,31.066759219151386,GNSS_LOCKED
422,42.2,1.5564680054107651,0.9757218172109012,10.069324502842843,0.12357675083071398,-0.05041213655770087,0.13024186401388518,-14.0,-33.44,-4.19,16.51928543563982,1,-153.23947674604295,347.6116728550827,-0.06575696456380394,-2.5484374988458485,11.970375371973958,-0.027848082195051815,30.276570028162798,GNSS_LOCKED
423,42.300000000000004,0.15698016579272459,0.4425302647348792,10.141998329833296,0.01530958101584162,0.041479871344362394,-0.06902265571806496,-14.31,-34.44,-5.69,16.7918661181883,1,-153.49475982555157,348.81092123460866,-0.06615456692889506,-2.5820121649338494,11.889814518514966,-0.017871415323206262,30.57743855052541,GNSS_LOCKED
424,42.400000000000006,2.3991941189877437,1.3573004447396688,9.360645831999207,0.2347257888037614,0.1452412024709874,-0.08598626154935238,-14.19,-35.25,-5.37,13.785839665703739,1,-153.7566848525956,350.0109749600283,-0.06580681025646812,-2.627728568620474,12.027693960097455,-0.03492193940300062,30.85777789749533,GNSS_LOCKED
425,42.5,-0.9580522503112715,2.298302878900736,9.41683484099143,-0.025683164689984488,-0.001887844513138921,-0.011808094452592479,-13.56,-35.75,-5.19,12.989630158931591,1,-154.01148941482856,351.1985985153025,-0.0652005538586454,-2.6894197258535235,11.79314757157746,-0.06132330826688675,30.585884909308323,GNSS_LOCKED
426,42.6,2.147291399208856,1.3747434597497425,9.465107169322437,0.14740891711262893,0.11535862248838256,-0.029497277387327155,-13.75,-36.06,-5.31,13.080972804434236,1,-154.27761436042886,352.3812026024214,-0.06633431157732872,-2.6691521494752006,11.844145981221745,-0.057171794809036704,30.605090674914905,GNSS_LOCKED
427,42.7,-0.03859956263907978,0.7609114493693842,9.485890959735025,-0.0069277396431870275,-0.029193225600784137,0.06652204147842981,-13.56,-35.37,-4.37,12.989630158931591,1,-154.5379708203734,353.5616127049865,-0.06645370101247919,-2.63644883780665,11.709511454648325,-0.07634810147537188,30.161888348555706,GNSS_LOCKED
428,42.800000000000004,0.4048284769781922,1.0061282535434315,9.492803457970105,-0.0687793367352713,-0.04490282399717344,0.03841352932672324,-12.75,-35.25,-3.81,12.40856934412006,1,-154.80139169029894,354.73849841811233,-0.06740697407265098,-2.66256359112583,11.689775767398613,-0.08242050645649794,29.91002171465463,GNSS_LOCKED
429,42.900000000000006,2.0553806633095815,1.3526332794277431,9.389313326877405,-0.0621986347804761,-0.1555643759161398,0.0600358624262773,-13.37,-35.44,-5.37,11.709822731134496,1,-155.06683393647498,355.9179382718331,-0.06895288890639265,-2.6608608086699927,11.79839602724604,-0.07554636463797071,29.596075788157442,GNSS_LOCKED
430,43.0,1.251442947994934,0.38745531894285523,10.78266775217231,-0.08092437825630841,0.07767355033399145,-0.07001395991045509,-13.19,-36.0,-5.37,12.40856934412006,1,-155.33155823302712,357.0994802372301,-0.07233997965929723,-2.6362615247776815,11.74254547046581,0.00010058241777372571,29.864132376125248,GNSS_LOCKED
431,43.1,0.8789753159700995,-0.33643216530810366,9.324168625248117,0.07301209865180124,-0.10184835724212166,0.026006068090751643,-14.06,-35.75,-5.19,11.986813900952145,1,-155.59451589832727,358.273464586595,-0.07056115671082282,-2.5993004570703966,11.652902607398467,-0.050860859227977215,29.73609020713753,GNSS_LOCKED
432,43.2,0.20750050539586126,1.7605979256003819,9.537184485194365,0.02389215878125179,0.039873661400822505,0.005152268943291866,-13.75,-35.75,-5.5,10.73773672672753,1,-155.85019260437602,359.46100768227456,-0.07042286162645611,-2.6469225979848416,11.782398328803756,-0.06077853447468224,29.630269902849257,GNSS_LOCKED
433,43.300000000000004,0.5340605265997278,-0.31664046244729044,9.761310257412639,0.02476030906234815,0.004709733561111034,-0.0964587761943948,-12.56,-36.69,-4.06,10.738793377943134,1,-156.11424334175763,360.6368338759581,-0.0712261304468509,-2.61881254732031,11.64953967616419,-0.06597909579832081,30.16600760703392,GNSS_LOCKED
434,43.400000000000006,-0.8488882556310161,1.3741525667082006,10.124576066821811,-0.21756058328009198,-0.17147777748161236,0.034817444374807105,-12.62,-35.25,-3.81,10.579738013403045,1,-156.3801351697454,361.81215488091243,-0.07248069559369787,-2.74970960799501,11.607576916218212,-0.046331930292841994,30.087865780646517,GNSS_LOCKED
435,43.5,0.9875227700784159,0.4250497779891409,9.24664623984329,0.002601192432986193,-0.1371765423944363,0.14159449146995085,-13.75,-35.87,-3.44,11.640362900387576,1,-156.64685124732935,362.9898167940867,-0.07178606651792824,-2.688712059025795,11.69633607593506,-0.07701326953945489,29.19865178695755,GNSS_LOCKED
436,43.6,-1.4701432725152166,2.574203460097811,8.533890570794702,-0.11851872700040365,-0.2587983492926528,0.10675024943109897,-13.5,-35.81,-3.06,13.778022462242726,1,-156.9099173866338,364.1765350101142,-0.07014129956725162,-2.8183731468796407,11.73418224837628,-0.15415927584271363,28.924634551008012,GNSS_LOCKED
437,43.7,0.3679477288986363,1.4601602695499816,10.494574109797218,-0.3015323986531895,-0.286343033949934,-0.05005656271460224,-13.81,-33.69,-2.75,17.109649871877192,1,-157.17154151177292,365.3506753680865,-0.07501114387538595,-2.72829157578239,11.646504750514154,-0.06965381116991307,29.0142715948023,GNSS_LOCKED
438,43.800000000000004,-2.7832051054208304,1.3983088410729783,9.522624998189132,0.01907216487071144,0.1022544336388225,-0.05979576346488138,-13.62,-33.31,-5.06,17.236091283466646,1,-157.42860175668656,366.53624886835104,-0.07369810175366001,-2.7679125880049353,11.605584900175765,-0.11763815317870094,29.41328125827249,GNSS_LOCKED
439,43.900000000000006,-0.11614654069293537,-0.4737398740419127,10.218762937500204,-0.20764397071817453,-0.28761128327628105,-0.036869650887425914,-13.06,-35.62,-5.69,12.61054963139017,1,-157.69059987784516,367.7199806267947,-0.07613049736680677,-2.652631015584348,11.660542101424788,-0.07509006345261664,29.548044100199185,GNSS_LOCKED
440,44.0,5.5462227192534455,-0.03645430698334698,9.917786398785733,0.11257589370263707,0.08570613160479837,0.07755061032895577,-13.31,-36.44,-4.31,13.613334714151405,1,-157.94781824927574,368.8918088101378,-0.0798148761267973,-2.4864261195425685,11.833601701756447,0.003307676126535934,29.14963553924237,GNSS_LOCKED
441,44.1,-3.75361537355027,0.029186035963885245,9.689527263120311,0.3904715425380953,0.4617458266256113,-0.05217601040469966,-13.37,-35.0,-3.87,13.087855094167143,1,-158.19588908765584,370.0978064662792,-0.07578853949787684,-2.626563703605935,11.733961988215679,-0.07929486676889977,29.333407531394812,GNSS_LOCKED
442,44.2,1.1994954786327536,1.4768821648067851,10.24789365225924,-0.026022018698900685,-0.040855760430894235,0.043540227174963614,-13.62,-33.31,-3.37,13.419033915183887,1,-158.44678266067402,371.29434093384475,-0.07779091530531852,-2.5750403458766264,11.915022026893023,-0.025055208549223953,29.07398857132882,GNSS_LOCKED
443,44.300000000000004,0.6836624721636346,-0.8422810595193615,9.8832762797025,-0.13474281365394902,-0.183887885919775,0.12563785090717272,-14.12,-33.25,-4.81,13.371660117945352,1,-158.6931708686848,372.4904595044706,-0.0773164553857304,-2.4328133837601733,11.85038169562858,-0.03360060484992318,28.236014852690527,GNSS_LOCKED
444,44.400000000000006,0.15555483848147833,1.061333237189636,10.574742422482998,0.02813830357170804,-0.015716515274348926,0.013407722391874008,-14.5,-32.31,-3.75,14.461778451770455,1,-158.92993892892204,373.6926208571689,-0.07803538987587927,-2.449297013774469,11.910890959446517,0.009282425851286098,28.052256857492086,GNSS_LOCKED
445,44.5,1.5842973029450604,-1.0450539979713487,9.469685507301978,0.20651325449284458,0.19342747230188886,0.031174808382339943,-14.37,-33.5,-5.12,12.984970861947184,1,-159.17191541665917,374.9100007191925,-0.07570956355079338,-2.356868353154178,12.08399692083262,-0.027555306053050604,27.35724826024472,GNSS_LOCKED
446,44.6,-1.6061707733802664,-0.20970488016836736,9.272382528777197,0.16262065597546588,0.26838873775552036,-0.083328372695665,-13.37,-34.62,-5.56,11.34722607292379,1,-159.4045541817595,376.131464453651,-0.07340009347303376,-2.3709790625358385,12.01780230362642,-0.0868408089974202,27.432647679794346,GNSS_LOCKED
447,44.7,2.5582917653996766,0.058389786562465414,10.31532572127092,0.016991762627883916,0.040541685837077755,-0.08284220972599257,-13.87,-35.31,-4.25,12.532081413168514,1,-159.64504806316657,377.34589652159417,-0.07663082327076344,-2.3398083081931875,12.155302433471254,-0.027395729613663537,27.728491918007514,GNSS_LOCKED
448,44.800000000000004,3.3786427621548745,-0.24780253339517846,9.404191727106664,0.2165253036581272,0.2731723090774577,0.025414610542869046,-13.81,-34.0,-4.56,11.54047310264302,1,-159.89564492849817,378.558761389586,-0.07743400984107643,-2.3973934645744976,12.191939717720482,-0.041103308189457705,27.20283760595205,GNSS_LOCKED
449,44.900000000000006,2.3670728796853244,-0.7347705483964959,9.484763218629517,-0.306536859088232,-0.31639417545167425,0.007047677672574599,-14.5,-33.62,-5.81,11.599070098383416,1,-160.13775826285158,379.78340896712893,-0.07772175151830295,-2.3187222837368475,12.246431305754722,-0.05745145115939063,27.06319397648686,GNSS_LOCKED
450,45.0,0.3338500536667815,0.7456342617985452,8.3796020549486,0.2505480374019141,0.24660922730140342,-0.16819702721467392,-13.81,-35.94,-5.56,15.75541962777301,1,-160.37282872249733,381.0125888666158,-0.07606635297313671,-2.3927161975419002,12.232183505312152,-0.14201219826271066,27.80055749456977,GNSS_LOCKED
451,45.1,-0.22327594216663493,-1.5448362711206773,8.556989773225135,-0.1599597524166699,-0.13801235793356517,-0.20620782396508422,-13.87,-36.5,-4.31,18.017864939196308,1,-160.62059084024207,382.2391183564791,-0.07698202339663893,-2.408746955203516,12.126491812515155,-0.19923682966076978,29.05609996228884,GNSS_LOCKED
452,45.2,5.439083627721827,-1.0103903775847736,10.821928116353964,0.3562070567449941,0.3097185576901003,-0.16813339271968714,-14.19,-34.5,-3.81,15.884094746282958,1,-160.86367808863972,383.45666631883836,-0.08573869108296023,-2.2535877944124025,12.29513066531999,-0.04257669237911156,29.84033796871961,GNSS_LOCKED
453,45.300000000000004,1.3250415045455537,-0.31644142059176256,10.319406192633641,-0.04466299542538912,-0.007006759246397421,0.04903286820587487,-14.62,-32.5,-3.94,15.526937405398073,1,-161.10528551239204,384.6893522500007,-0.08728537383234235,-2.3490940439815597,12.275364015089997,-0.007012910693873515,29.2419153114303,GNSS_LOCKED
454,45.400000000000006,4.013316888026566,0.6567342400333468,10.832885000508801,0.3654179850896817,0.3128239640962258,0.007435298253623423,-15.19,-33.56,-6.25,12.133417365578236,1,-161.35097798509008,385.9204204298367,-0.0895274481639872,-2.3805072902324698,12.407728891130578,0.07446330139842494,28.70506310178387,GNSS_LOCKED
455,45.5,-1.1480272316237201,0.7673742842723921,10.331727072144707,0.20872878303469722,0.2748441521054497,-0.013654932672507633,-13.69,-38.87,-6.06,12.300503617023988,1,-161.59834851875976,387.15946381006296,-0.08679997639376878,-2.5216972617640114,12.25455656938767,0.05645004832418961,28.54478684507296,GNSS_LOCKED
456,45.6,4.380100955848766,-2.1862083833415626,9.892834763665054,0.24925799892776787,0.29754163075279666,-0.008310110678642943,-13.19,-39.5,-4.31,12.643751936094253,1,-161.8538482042392,388.3925588406356,-0.0843964902241137,-2.3133659398453807,12.385236654853081,0.02580408555422329,28.07857619382952,GNSS_LOCKED
457,45.7,-2.0394061535487062,-0.13533715412164715,9.952171375915004,0.4041347131576284,0.4099869659909963,-0.036463973158434144,-13.37,-38.44,-4.25,12.135572479588053,1,-162.09908883859526,389.64050982804036,-0.08219537180905366,-2.4525323122764005,12.28329715251648,-0.0031347638818997013,27.787022327675903,GNSS_LOCKED
458,45.800000000000004,-1.2804635592931974,0.04246960345830176,9.065299307585176,-0.010022435127942523,-0.07417572460113456,0.039459380050918515,-13.37,-38.12,-4.31,12.214859228509274,1,-162.34338810044096,390.8875053822318,-0.0794106878167085,-2.4254489321898456,12.327390999616554,-0.07091841240913069,27.31887099026544,GNSS_LOCKED
459,45.900000000000006,3.1003725734015863,1.25902841298987,9.617020017208212,0.16616739033636385,0.16023018544168094,0.009849673198996607,-13.56,-38.62,-4.56,12.196517792948907,1,-162.58498420334448,392.12879449479385,-0.08091844975012473,-2.3466436036977414,12.51417076393798,-0.06288827503716136,27.09285516523986,GNSS_LOCKED
460,46.0,0.13678490549527472,-0.501568115287146,10.099222515389785,0.20374798803972508,0.17528440834182143,-0.03463919112828207,-13.5,-38.62,-4.94,11.856214077743996,1,-162.83383394406246,393.3779928476321,-0.08227012415596134,-2.385236178431983,12.413096042443561,-0.04940428925639954,27.147692204445736,GNSS_LOCKED
461,46.1,2.9229233367062424,-1.7208969478825928,10.442145845203774,0.048116929794306804,0.07363071513448692,0.005299892070013126,-13.69,-37.75,-3.37,8.419719255072698,1,-163.0847998341691,394.61932931964964,-0.08358300252327056,-2.27127099832523,12.436907804467467,-0.030741559524556757,27.12170354543586,GNSS_LOCKED
462,46.2,1.330548027382645,3.3594773796936597,10.285653238475172,-0.12574762406148193,-0.1850818350411947,-0.11092537753226803,-13.06,-36.19,-3.56,10.060263197304279,1,-163.32419623361244,395.8668550710795,-0.08548147252647376,-2.44389509741341,12.544584010989569,0.026134001898593953,27.77484261858923,GNSS_LOCKED
463,46.300000000000004,2.767471164049522,-1.7146014124457756,9.756308577151163,-0.037152597282818695,0.04993232889904808,-0.0647266332034811,-13.62,-37.12,-4.62,10.345048618157746,1,-163.56991216646327,397.11541210834656,-0.08321190822628863,-2.256382727536391,12.500847269488434,-0.01763295021687189,28.22979245895671,GNSS_LOCKED
464,46.400000000000006,-0.6413684407543299,0.8456843068907678,10.082112849808965,0.17567365482340297,0.07385709667760817,-0.015526309005758977,-12.81,-38.44,-4.31,9.28709667578504,1,-163.80917143570915,398.3584723315927,-0.08322004557504006,-2.394142096406191,12.345150999504474,-0.009035211186974703,28.321225288336,GNSS_LOCKED
465,46.5,0.8367563954594773,-1.5696822894230968,11.113281174564474,0.009849607657256539,0.024786682697707202,0.17253482428148034,-13.25,-37.56,-4.44,11.210692419490927,1,-164.05017829569937,399.601985685486,-0.08398326412894372,-2.2578057375866654,12.336053851576107,0.040345638450042645,27.07072256071311,GNSS_LOCKED
466,46.6,4.336743482529531,-0.5667586622447788,7.985231277521532,0.1777405991447679,0.05622756781938989,0.12679353308735755,-13.75,-38.0,-5.5,12.480581944339667,1,-164.29474493393084,400.8244039383193,-0.07857993866904622,-2.270163160992665,12.35239464305679,-0.09579464430996636,26.647595872086747,GNSS_LOCKED
467,46.7,5.991351304856203,-0.22226991448453537,9.160787051171582,0.20753225661743316,0.24361894371764917,-0.09889485691972423,-13.06,-38.0,-4.25,11.426029102452901,1,-164.53838581331803,402.04465726530617,-0.07999402323848503,-2.231511464780549,12.411120134932888,-0.08812700835926925,27.08722042801281,GNSS_LOCKED
468,46.800000000000004,1.050818634590934,-2.2104515778553453,8.93120149527225,-0.5551925355225382,-0.6555154264340571,-0.029253447780246775,-13.31,-37.69,-4.25,12.467620527433953,1,-164.77411629180438,403.2824912012267,-0.07907647806418229,-2.1751894955752338,12.29665022209155,-0.14874419715197312,27.403802654804984,GNSS_LOCKED
469,46.900000000000006,7.654036639022176,-1.4184933300911107,10.11650878865793,-0.26171582170510144,-0.5209224951646655,-0.005862823606633157,-13.62,-38.37,-4.94,12.407104642323011,1,-165.01030696556805,404.5099429372127,-0.08380968131633983,-2.09206721109454,12.493697859761724,-0.022173266096812333,27.240912281501675,GNSS_LOCKED
470,47.0,1.969166896750343,0.14954792295053407,9.504239614060864,-0.015308380372736605,-0.15023911266538617,0.016473084589141627,-13.5,-38.25,-4.56,12.407104642323011,1,-165.23897263582307,405.7384134862158,-0.08232576640000555,-2.267503019608193,12.26402980889167,-0.02978303502854785,27.269342409263594,GNSS_LOCKED
471,47.1,-5.009445811319541,0.5583224820743232,10.489654892295716,-0.46595038414178785,-0.5118323059985301,0.06890529772337695,-13.62,-38.0,-4.44,16.674421989266328,1,-165.4625776111641,406.9748550641995,-0.08250124751325144,-2.428412919550599,11.980957660727219,-0.0857526883736604,26.76752592557671,GNSS_LOCKED
472,47.2,-1.1280370615992936,1.264057754509433,9.990670180269339,0.3303156491036369,0.4024690297261337,-0.06252153283907502,-13.94,-38.81,-3.25,12.304506860598877,1,-165.69236222682395,408.19566811272466,-0.08550434608610755,-2.4699669725973212,12.013149752580276,-0.0959122489160581,27.061203790425676,GNSS_LOCKED
473,47.300000000000004,-2.8992586569934757,0.03371040132042301,9.245389085305778,-0.04113131271575399,-0.08927413969318973,-0.018773734213514935,-13.56,-37.19,-3.44,12.255239573248586,1,-165.91800755265209,409.42192882019185,-0.08716026818561029,-2.3819427199729875,11.980396869914253,-0.15743431241478886,26.897206287229363,GNSS_LOCKED
474,47.400000000000006,4.072706194705263,0.4986079563883622,10.630918669966185,0.30268507303807096,0.3443700573391746,-0.00646994344265963,-13.62,-36.62,-2.94,12.21201730941531,1,-166.14572848347433,410.6133866587554,-0.09405630022869425,-2.2639283040349314,11.98503447814095,-0.022729515507863642,26.646401168243415,GNSS_LOCKED
475,47.5,0.3262817907820199,1.7116624520612571,9.938395135191985,-0.06222880082805761,0.04479545342775762,-0.01818196083219673,-13.25,-37.06,-4.0,10.340278771601529,1,-166.3754400529405,411.81554470715275,-0.09418106673736486,-2.3943057158369245,11.9435542052038,-0.02153109190580394,26.717377659583246,GNSS_LOCKED
476,47.6,4.63074811228182,0.470327747113824,9.642041600765534,0.30538075249702645,0.4081100627248291,0.05871628996356887,-13.94,-36.69,-3.31,9.344770402973158,1,-166.61029726419508,413.0174398536675,-0.09481220596783879,-2.2917826687478007,12.120737975821193,0.006976743054463106,26.054636069177242,GNSS_LOCKED
477,47.7,0.41724268577601786,-1.0559062727180557,10.75194856872005,0.40651926995485504,0.5200029816633533,-0.033902687453855315,-13.44,-35.5,-3.0,9.068516539563936,1,-166.83960370523258,414.22773025860766,-0.09466346947834767,-2.2359551706724465,11.973164551605747,0.03465435281036702,25.77375652699958,GNSS_LOCKED
478,47.800000000000004,4.689793582699835,-1.081858030152904,10.10576086419331,-0.04412336513271098,0.03898657212518222,0.029308460268213175,-12.87,-34.81,-3.25,9.659805974408373,1,-167.06986157886774,415.4140974375659,-0.09321903148192338,-2.1116629873492503,11.971836061478747,0.04441765085792333,25.83130548154878,GNSS_LOCKED
479,47.900000000000006,-0.17413078926008835,2.2609664314677125,9.271400826412794,0.35596596455110047,0.35154073023147925,-0.03260532271766442,-12.56,-35.25,-4.44,8.469842819025693,1,-167.28694819574866,416.61955477688707,-0.09007460453309693,-2.2686418443510092,11.989038525988608,-0.013577584501395311,25.683103419246336,GNSS_LOCKED
480,48.0,-3.077635829656221,-3.308684507724342,9.754731402676406,0.39320771997625503,0.4869740404517414,-0.049151021120427296,-12.25,-35.62,-5.06,8.615702222277152,1,-167.5147374459239,417.8159888591517,-0.08748218149228476,-2.1543156474807645,11.646744478222463,-0.08433978917170837,25.56997316669919,GNSS_LOCKED
481,48.1,2.656323807531525,2.0122224842664247,9.879356527292346,0.27364963885726856,0.37691454049312595,-0.025092515181666834,-12.69,-37.25,-5.75,8.937407976971333,1,-167.73462483943507,418.9981141973107,-0.0898179548119289,-2.169002354855757,11.901916482837091,-0.042877723214186605,25.139493797943803,GNSS_LOCKED
482,48.2,-3.6531546809077424,4.876221936917504,9.113136324520026,0.29041386146073017,0.28045106812873183,-0.05724759782664464,-13.56,-37.56,-5.87,9.043601582626403,1,-167.93581864827922,420.1825007757684,-0.09092325297841607,-2.2703799532898694,11.717225978410264,-0.03231839257220069,24.630600184005083,GNSS_LOCKED
483,48.300000000000004,2.572472751221096,-0.3570373196369538,10.2764701029396,0.0019588212430814603,0.08481434516052584,-0.05537345821175374,-13.75,-38.25,-4.62,9.445038276691534,1,-168.17148959546796,421.35548445387457,-0.09116624380826903,-2.1652989188704166,11.784126522962739,-0.0332069258469703,24.647527014029823,GNSS_LOCKED
484,48.400000000000006,4.694158435836016,1.0467249822998475,9.67934599912096,0.1962699716977363,0.28990191384001013,-0.031090007424719686,-14.12,-38.44,-4.56,9.727539249618241,1,-168.38827090838987,422.528116439987,-0.09151447624268928,-2.0144309437152947,11.92456812979657,-0.04515986312082733,24.585907422340913,GNSS_LOCKED
485,48.5,2.54385560610443,-0.5144007116629188,9.669846099247483,-0.20541264094666617,-0.48060386782294606,0.07427549510397191,-13.37,-37.69,-4.25,9.553201735911015,1,-168.59969037176836,423.70039928047197,-0.09152027237759916,-1.918796740114301,11.790772145509479,-0.07593098340148474,25.17047670839535,GNSS_LOCKED
486,48.6,5.651718950598678,0.7172298180699315,9.684912624361417,-0.25195133855294954,-0.13256227111759092,-0.01669662473445883,-14.0,-38.0,-3.19,9.847760651653129,1,-168.81194103477844,424.86417738268494,-0.09347767906841596,-1.9358736953920908,11.859009315144847,-0.04475310481527642,25.11068515777224,GNSS_LOCKED
487,48.7,0.8369621614120478,-2.5752388420814487,10.091503245136447,0.042493391923844964,0.12688637060328406,-0.10880896377565846,-13.31,-37.5,-2.87,9.602455701917826,1,-169.02235368691439,426.04407665017635,-0.09290587475808816,-1.8906401946914275,11.690898707724138,-0.05718345384113845,25.230470126048576,GNSS_LOCKED
488,48.800000000000004,3.768881102135268,0.5170007611270344,9.89882739979649,-0.29485087215799866,-0.26683096192895434,-0.017328039235194187,-12.87,-36.75,-3.25,9.518087509490611,1,-169.2242238230108,427.21498266167407,-0.09385710989517732,-1.8970886871141677,11.80965781038025,-0.025063989518270994,25.32129045663618,GNSS_LOCKED
489,48.900000000000006,4.812873939130433,-4.613620612583293,10.578490445672562,-0.40026349503250874,-0.7173298221051483,-0.006551401602498432,-12.81,-36.19,-3.75,9.962046142026123,1,-169.44035827556587,428.3758433350799,-0.09304969526269954,-1.7775307396197484,11.636996861002165,0.023643835768644077,26.27894199778482,GNSS_LOCKED
490,49.0,-3.0172705416053933,4.1602906905711174,7.2171047261840116,0.2954280112436987,0.1428565689116009,-0.22010640811070917,-13.06,-36.19,-2.87,10.636895481890571,1,-169.62875737953888,429.54252258197107,-0.08657811950041416,-2.1596175563428397,11.524364752662466,-0.195942966158286,27.497918703635385,GNSS_LOCKED
491,49.1,-0.1264384450805882,-0.7164081769939409,10.377586082685212,-0.04694457954507503,0.13536509824299217,-0.058969115891296844,-12.81,-35.25,-2.44,10.55264168673778,1,-169.84228860176216,430.70570152454366,-0.092553715082929,-2.1110179862912317,11.462045326012925,-0.12491030261124451,27.746082163819725,GNSS_LOCKED
492,49.2,-0.15860455408107293,1.1293135753192616,8.229469101589991,0.5320452216996414,0.2522283882400015,-0.26229575336331795,-11.87,-33.25,-3.25,11.013813282843364,1,-170.05144712302376,431.8692419607068,-0.09320778083150727,-2.157293973831085,11.54203621359068,-0.19712985582167614,29.10682312659576,GNSS_LOCKED
493,49.300000000000004,-3.141342408966087,2.2460358585377196,10.40126571296945,-0.3725465568494162,-0.47867421021550405,-0.05794439967941734,-11.56,-31.69,-4.19,11.365333292266603,1,-170.26014368652955,433.0352883132944,-0.10022094181035016,-2.254675085367414,11.434378806301886,-0.11645739174824069,29.912545231018314,GNSS_LOCKED
494,49.400000000000006,6.271669063922606,2.50700775460256,11.104612199937412,0.14487143114895146,0.1923535099469408,0.005114259276451482,-11.62,-32.75,-4.06,11.917805546236698,1,-170.4764979499268,434.1810327637693,-0.10730678468497627,-2.1285102419345616,11.67676988689573,0.0701041374099304,29.6903532811109,GNSS_LOCKED
495,49.5,2.814678104993074,-0.9507629022542526,10.146254477341364,-0.4712994806753273,-0.6551618260488188,0.1829995388069163,-11.19,-32.44,-4.81,11.945545981358507,1,-170.67639775841891,435.3491132461869,-0.10476914852466467,-1.8851510360881936,11.65604489552189,0.057644811935866486,29.059583066187876,GNSS_LOCKED
496,49.6,5.763221148369739,0.5934888201585581,10.556431267494265,-0.23738972229864386,-0.0666319230522555,-0.13921212798219507,-12.31,-34.31,-5.69,12.07411656273921,1,-170.88171328130542,436.5061312903317,-0.10408876793525688,-1.954295397538029,11.70542103266021,0.14455091115597268,29.490865354350422,GNSS_LOCKED
497,49.7,-7.001122224391533,2.813296375848327,8.910702687822639,-0.8440708637625309,-0.7266210451592608,0.08324616314784881,-12.37,-34.69,-6.0,13.918049975147452,1,-171.08194369296652,437.68088829759927,-0.09481274982414202,-2.3508001524985636,11.373268804975009,-0.10120642843505402,29.5524230349158,GNSS_LOCKED
498,49.800000000000004,3.3937091800297696,0.8600762613617995,9.976022671687529,-0.21946226871111243,-0.20984264248814288,-0.01183714516954677,-13.0,-36.31,-5.37,14.10904344301652,1,-171.29921005669436,438.83354644696374,-0.09947288819541973,-2.245906283376236,11.533482528179974,-0.029596451955810937,29.68877852586984,GNSS_LOCKED
499,49.900000000000006,-6.140636014218054,2.3766644677720725,9.37001677311828,-0.7311875162771265,-0.7290562842838999,0.14850188681171783,-12.94,-35.87,-4.81,12.93893415822696,1,-171.51532862732927,439.9995463107011,-0.09643040762133985,-2.531986060025356,11.308720536556526,-0.21429097795573038,29.022891491785376,GNSS_LOCKED
500,50.0,6.195407236201836,1.2969168413091896,10.133553620243323,-0.2879986695030379,-0.34282213250477306,-0.025423057041979818,-12.94,-36.69,-5.06,17.37248067588723,1,-171.7445641790291,441.15155560576125,-0.10688181052709095,-2.3854249928538303,11.647258723087736,-0.03169404860334391,29.39710909037084,GNSS_LOCKED
501,50.1,2.5388962476520787,1.1174665640186834,10.900466365342286,0.4053279760835837,0.43294328183398056,0.0239323320804353,-12.94,-37.19,-4.44,13.370772383650305,1,-171.95930725444893,442.3103834290084,-0.11026520622874882,-2.351848964140348,11.5555297771383,0.03557863780789032,29.68584246650116,GNSS_LOCKED
502,50.2,7.827896675977141,0.06431714284189202,11.28981820603692,-0.46406774829800385,-0.519086046909627,0.2102009060241107,-13.19,-37.06,-3.44,17.206457433840836,1,-172.1907988543608,443.4754577191831,-0.11425268637711232,-2.2780373765567328,11.804203426608037,0.23465496650094964,27.917108854416227,GNSS_LOCKED
503,50.300000000000004,1.4541062011650627,2.8358256655152116,10.205249756401777,-0.05879911650564686,-0.3836104787178611,0.10807707673696965,-12.56,-36.5,-4.5,16.88596485519102,1,-172.4106238722112,444.6536934354985,-0.10616664471836068,-2.4759123443196134,11.746550044313057,0.11996562377428605,27.36746272696194,GNSS_LOCKED
504,50.400000000000006,10.1270454283716,1.9777570966397657,9.468373326944228,-0.8487022624099508,-0.8366874824240462,0.1056898601339906,-13.12,-37.0,-5.06,15.759455208523462,1,-172.64519545633456,445.8088006015182,-0.10662694598151443,-2.398504977579161,11.884756603521309,0.2641225695130044,26.096859400840028,GNSS_LOCKED
505,50.5,-2.4136217752148035,2.6637233549620927,9.296256095570865,0.041639026292828576,0.1533764175861053,-0.0996581457676079,-13.81,-38.19,-6.12,16.341721219603915,1,-172.8751172923553,446.9876210845117,-0.09220020886261145,-2.6723388065219953,11.578335036499782,-0.08449936093380295,27.364998222962793,GNSS_LOCKED
506,50.6,-6.407266885119111,-2.5564938098937118,8.884461744125593,-0.5724017696114111,-0.7042519542827055,-0.021860673244778004,-15.12,-38.87,-5.75,14.592531198368851,1,-173.11183997172492,448.15583715467295,-0.0875213048934196,-2.5673186010327353,11.189996942542317,-0.38622374006288424,25.88820623610748,GNSS_LOCKED
507,50.7,6.270116446870251,2.8450832147410554,9.904666870919279,-0.5734549270007735,-0.7837427468533809,0.2353310932564051,-15.5,-40.37,-5.75,9.068025461428178,1,-173.3521056136152,449.3064520082248,-0.1026213372890341,-2.6648306118259217,11.605658839752282,-0.16974296881190132,23.665022399638683,GNSS_LOCKED
508,50.800000000000004,-5.948829475359426,3.373046642494268,9.766458084723093,0.12190512914547161,0.03427762982170686,0.0910722437509471,-15.25,-41.25,-4.06,8.913054615918707,1,-173.59518691676345,450.4837927840889,-0.09894625902089561,-2.9309573977586574,11.446254732796975,-0.5234909352874102,24.35315143300935,GNSS_LOCKED
509,50.900000000000006,5.807893581125375,-2.0337014544861827,10.526786966797772,-0.5127421329992878,-0.5538642137966638,0.06994017245291896,-14.87,-41.44,-2.62,8.564968237100478,1,-173.84651144804096,451.66034649564847,-0.12027490101346416,-2.632355066396545,11.676045740760099,-0.17766607723421804,23.410818080876975,GNSS_LOCKED
510,51.0,4.133665767594316,-1.0245319701102877,9.682724747406633,0.5361771030834274,0.6184562714319107,-0.08907229903624504,-13.56,-41.0,-1.69,9.671966364981493,1,-174.08866694271586,452.82805707747474,-0.12584742990271566,-2.6085974015803353,11.59648985696266,-0.0983905650250322,25.452580314959715,GNSS_LOCKED
511,51.1,6.574594641072033,-0.41337306766998183,9.612634586964806,0.3728192462565333,0.48994483564262836,0.00382722455941772,-12.5,-37.31,0.44,13.831429705802122,1,-174.32828130173152,454.0234413255792,-0.13088684858267785,-2.50230109280188,11.968193354263484,0.04092197506797543,26.826001518380604,GNSS_LOCKED
512,51.2,2.322570221294408,-1.3207799891610406,9.779424971714247,0.7033263450876484,0.7226845042947891,0.06164819184570491,-12.06,-33.0,-0.44,12.443836525247036,1,-174.59292977449655,455.20459295684697,-0.1282151640500291,-2.7459171288106408,11.693571935740351,0.0014622137473949927,26.97371313492474,GNSS_LOCKED
513,51.300000000000004,6.127456801957905,2.373948768552779,7.6571060665519415,-0.21196540749404588,-0.170099237299164,-0.05647792043025087,-12.37,-33.56,-2.94,15.17005868002371,1,-174.85014119916448,456.3792379970817,-0.12580249099301097,-2.696555611759578,11.92847168945246,-0.038420164691301655,27.829907148655664,GNSS_LOCKED
514,51.400000000000006,4.728048781937626,-0.43065225941601587,10.224769073533055,0.2445858120542383,0.24046069140840085,0.08454115228196642,-11.5,-35.87,-2.44,16.390653127668447,1,-175.0912545625805,457.58789531405387,-0.12737848758835993,-2.4941793827294485,12.060486862049643,0.05593115123627668,28.115496619197934,GNSS_LOCKED
515,51.5,-7.469165352380992,3.5011149714411474,9.60021734314083,0.7706531601820683,0.8496844776580715,-0.0957905795384982,-11.69,-34.75,-1.31,16.984150407808315,1,-175.3334818004581,458.7947316461959,-0.11499505076300125,-2.8880252066248806,11.67942492338447,-0.2664786232987613,29.063748368544392,GNSS_LOCKED
516,51.6,5.259734637379156,2.1599479023435078,10.15000462332485,-0.20101791560833998,-0.4419144680509269,0.1375354882630101,-11.75,-31.06,-1.69,16.77383675916573,1,-175.58493355472805,459.98790311897795,-0.12326579857644585,-2.61125204350786,12.036124246046194,-0.07373997705874191,28.802851961156684,GNSS_LOCKED
517,51.7,-2.824097170121508,2.7432996451644085,9.978610859761618,-0.04839276800875447,-0.08376488635483167,-0.11678730161457196,-11.12,-32.19,-5.56,16.97756048745151,1,-175.84208559288837,461.20563047791677,-0.11985464059057467,-2.8742900198046706,11.944702569152756,-0.15441070499056075,30.126095696287127,GNSS_LOCKED
518,51.800000000000004,-2.3686215929677967,2.1670710892466767,10.471668878620921,-0.5758415282499892,-0.4570883944537782,-0.1493895043113277,-11.87,-34.94,-4.5,16.30352261886807,1,-176.10823991303388,462.42312506787096,-0.11938621108099137,-2.93693693067302,11.936244380821355,-0.1528613364250318,31.32625108850757,GNSS_LOCKED
519,51.900000000000006,-8.239571127789429,2.0259081413639635,9.673510246691945,0.2533414993173054,0.4140077866577244,-0.19876905521341057,-11.94,-36.31,-5.12,16.715858366633945,1,-176.3662965537044,463.63837294033635,-0.11212772420908915,-2.9849590042735983,11.694809698920874,-0.3364339852580068,31.946430564486107,GNSS_LOCKED
520,52.0,-1.8061522299624533,1.54587798905447,8.338380785569736,-0.42700305806404154,-0.4762247137048728,-0.036345570028116524,-11.69,-37.0,-5.5,16.60690173962766,1,-176.6301690645104,464.8567246142214,-0.11319573477484288,-2.8396298403016247,12.008185596882711,-0.3537936131837402,32.56964568107683,GNSS_LOCKED
521,52.1,7.324022422676733,0.5358362428951694,11.058572654412885,0.5294440170917387,0.6866588486858121,-0.19102515092845138,-12.37,-36.94,-2.19,17.200840535732933,1,-176.89511281007853,466.0688125937981,-0.12806229709849284,-2.6298264546730246,12.285452042613766,-0.0399667157448794,33.90678691645454,GNSS_LOCKED
522,52.2,0.09662082730100006,0.5345771497415851,10.519171686815737,0.10542581432465624,-0.008517415267368633,0.2105810563919421,-13.37,-33.87,-1.12,15.628706171073352,1,-177.14430064335076,467.30517669882335,-0.12647301734142508,-2.6010219475699894,12.237693377666583,-0.014233395831849384,32.63659927340304,GNSS_LOCKED
523,52.300000000000004,5.541195177106064,1.265579785375511,8.797882185848215,0.4262348194767019,0.37846338292623044,0.11780231937316347,-13.81,-31.19,-2.69,14.485103908963465,1,-177.38801444530512,468.5362033420968,-0.12561541371134136,-2.41803070024284,12.468244873135834,-0.007777563203369818,32.10691541272241,GNSS_LOCKED
524,52.400000000000006,-0.6397462829142028,2.3231136346401096,11.48353549844501,0.02965036637985474,0.27449138385810423,-0.1287991302812378,-12.75,-32.69,-4.94,12.607853999630384,1,-177.62917171909734,469.7666665620996,-0.12603501123396899,-2.583449676818077,12.206370001857264,0.0649087097570051,32.66580412183839,GNSS_LOCKED
525,52.5,-0.5060792834286306,2.8660290462624514,9.522615255530612,0.04402663787386173,0.20363060727829999,0.09141811055252996,-13.31,-34.0,-4.19,17.12761572038297,1,-177.88060466301906,471.0080404958119,-0.11958414419929099,-2.682692860553277,12.338211065091503,0.004251225058758665,32.28455912803479,GNSS_LOCKED
526,52.6,3.6161186322442984,-1.7586171218128455,10.043459238051517,0.08017516960924594,0.09516957283066751,0.02093500860656423,-13.87,-33.5,-3.12,14.0163678433098,1,-178.1330697374057,472.258779817618,-0.1189182720396223,-2.370801384801509,12.493102389282726,0.02098157292057489,31.811464699813147,GNSS_LOCKED
527,52.7,-3.0061092800990514,2.602218975867573,10.097219782580604,-0.3105455847264616,-0.4207350474788969,0.015385695623872347,-13.81,-32.44,-4.37,14.411115445951143,1,-178.3608513651294,473.5201639142341,-0.11374650315943785,-2.4917535057203852,12.430975488787622,-0.01097008042945168,31.814165052599204,GNSS_LOCKED
528,52.800000000000004,1.4347612567406542,0.05120541047064938,9.740840316014554,-0.1249323600555516,-0.07062968322525624,-0.005772630115464844,-12.31,-33.44,-4.62,17.395836237534578,1,-178.6035236735614,474.7788955154527,-0.1121570166049582,-2.422970731524754,12.529457490754403,-0.0212347379684159,31.74494623679643,GNSS_LOCKED
529,52.900000000000006,-2.5435769095785443,-0.27136012855591624,8.862612915257497,-0.23073030599386835,-0.1510327990885379,0.040177599423773705,-12.12,-33.31,-4.94,17.268763517910592,1,-178.84890076954306,476.0298573767769,-0.10802556158814314,-2.5431238260492495,12.291845938444087,-0.13500630004472014,31.43973682964784,GNSS_LOCKED
530,53.0,-1.227643168241215,3.614400859427217,9.616722265868058,-0.27319853130262617,-0.4035440243447652,-0.043968885700225425,-11.62,-34.87,-6.44,17.163435680201953,1,-179.09058816348184,477.2903232097081,-0.10694272358271076,-2.6667177998756277,12.52678667370684,-0.12940763827305907,32.153263500681575,GNSS_LOCKED
531,53.1,5.660167205016534,-5.462255737784616,9.8296658695143,-0.19652642163009698,-0.11130394640319843,-0.19711774936911003,-12.0,-37.31,-6.75,16.663835138909086,1,-179.35662840117845,478.54072385516196,-0.1144304140909637,-2.3274831849043593,12.487510829032995,-0.027578811634601446,33.30102073995292,GNSS_LOCKED
532,53.2,3.6402199830245703,3.050553673301068,8.929225632242582,-0.49943728638228596,-0.47330015948096593,-0.08093031574379675,-11.81,-38.87,-6.31,15.286575253590732,1,-179.59776347336114,479.7993389547693,-0.11400267434136645,-2.5215035400244687,12.727240395327469,-0.04968035473656829,33.65729868423166,GNSS_LOCKED
533,53.300000000000004,3.1099573115313905,2.2334080440709343,11.036217366884893,-0.08720739937197819,0.05360084561957197,-0.16492907216025654,-11.81,-40.19,-4.12,14.837934955977222,1,-179.84990765387548,481.06563586318833,-0.11698873717152389,-2.674376325276055,12.73860630673154,0.05108779096818437,34.80094273603524,GNSS_LOCKED
534,53.400000000000006,3.8950811894538475,1.607126481882048,9.7083372664322,-0.24915843998169013,-0.28502129694950495,0.016023172941480514,-12.31,-39.44,-2.62,13.484146297321548,1,-180.1109258430347,482.3340955368939,-0.11512029025196634,-2.696254166054183,12.787452079782442,0.05548550989537934,34.77659209117587,GNSS_LOCKED
535,53.5,1.2312689642072925,2.6972467679660093,10.037500494170688,0.06974492906892625,-0.03225230047610193,-0.07432640165627341,-13.0,-38.25,-3.19,13.484146297321548,1,-180.3738318235704,483.60845589389834,-0.11107166716729448,-2.8568276798995607,12.753927391243263,0.014303789505184045,35.471048452387556,GNSS_LOCKED
536,53.6,-0.1669585226011619,1.8774835310447113,8.894944622221475,-0.17207715412627908,-0.14688786287999892,0.12160110511976208,-13.5,-37.0,-2.56,14.369692884895345,1,-180.646906020353,484.89048108531705,-0.1053799541542246,-2.9394755680391196,12.750529925513412,-0.10322215033991061,35.02472072449152,GNSS_LOCKED
537,53.7,0.40799083167517536,-0.034866612494164305,8.842175800706645,0.2512472705452402,0.21561989165800838,-0.004198971892690674,-13.37,-36.87,-3.5,14.484900424372077,1,-180.93474233390228,486.1650591012842,-0.1045275238693642,-2.9944309796167645,12.643353542996442,-0.16602041225707106,35.09701195404813,GNSS_LOCKED
538,53.800000000000004,0.027035252045515774,1.6876552056426433,9.985493342945762,-0.0390491475951456,-0.0030642885220170807,0.09130013257354214,-12.19,-37.19,-3.62,14.604411829594993,1,-181.21806619939412,487.43638464684693,-0.10649819983297693,-3.035917020926347,12.627711387682819,-0.14055382784390943,34.58843753036766,GNSS_LOCKED
539,53.900000000000006,-0.6561357841524392,1.8615549254357486,8.208263199504543,-0.15309635930312468,-0.025423580850086776,0.05683006514942291,-12.75,-37.06,-3.69,14.87517353780529,1,-181.50976741662174,488.71542955124664,-0.10433594258069333,-3.1187552255238606,12.705956905331501,-0.24264643319456108,34.55506553677314,GNSS_LOCKED
540,54.0,-0.07323603684364753,3.3395665489717548,9.438892215609643,0.16909148573038277,0.003996865410534342,-0.0022010271197406106,-12.94,-35.5,-4.12,14.87517353780529,1,-181.8077322279101,489.99483849532766,-0.10748342749740078,-3.2503028592657293,12.770546987074002,-0.22268985521148732,34.85920337606389,GNSS_LOCKED
541,54.1,0.2359391559942031,0.4851994620659363,9.590663007669475,-0.07547989740960855,-0.12290890354645714,0.13091236196800765,-13.19,-36.06,-5.75,15.045620167559147,1,-182.1083410817754,491.28616787375773,-0.11039286743026025,-3.136089777136669,12.80317424894689,-0.18512049433913363,34.230114540532426,GNSS_LOCKED
542,54.2,4.195991770298507,3.601426692045077,9.721416030878036,0.02037210387452907,0.060013997915533523,-0.0553118200561122,-11.94,-38.06,-6.06,14.985595177308772,1,-182.4061035111874,492.5771504110876,-0.11499070735770472,-3.132863636233986,13.066161241897884,-0.08099902846129196,35.06417972187108,GNSS_LOCKED
543,54.300000000000004,0.7457599590988735,-1.662433823787164,9.51967154186179,-0.23047624772720407,-0.3169198802190097,-0.0027383855749353444,-11.56,-38.69,-6.5,14.889725800184676,1,-182.70985024789866,493.8748472654708,-0.11516027427347357,-3.042946465726241,12.839561162807128,-0.09588796586436846,34.9830928986806,GNSS_LOCKED
544,54.400000000000006,3.3092883925374186,1.8677501210513296,11.478589533140815,-0.056262399959243876,-0.008772260655359769,0.14082773091199227,-11.37,-39.25,-4.62,15.371314011729368,1,-183.01867297554787,495.1725126336165,-0.12047918487406113,-3.198818134212464,13.001537202126315,0.05858567076370983,34.11461442560948,GNSS_LOCKED
545,54.5,-2.2600173811351505,-1.209444889479292,8.771929536668624,-0.23397985545011823,-0.37433529634820434,0.20542264517682507,-11.25,-38.75,-3.69,11.467112253646112,1,-183.32726338386186,496.4915173764917,-0.11204704432619525,-3.198995839134812,12.927726735562427,-0.11207473245579434,32.5517992576058,GNSS_LOCKED
546,54.6,2.5832590368077923,-1.2276834936355048,9.218061280345548,-0.2435035933780044,-0.11316183166369728,-0.08488627607874273,-11.87,-38.69,-3.62,10.774334967259989,1,-183.6495306483887,497.79593577319946,-0.11437048129787586,-3.2193119781833897,12.981002767413761,-0.09573239011816029,32.865952501398574,GNSS_LOCKED
547,54.7,-0.27386657455961666,3.7112115582810294,11.360462985680657,-0.2412894578578958,-0.12263874482965705,-0.15075846839646853,-11.69,-39.81,-3.25,10.752347393256581,1,-183.95628876195266,499.1043634946088,-0.11462557472391596,-3.415682331133819,13.025078063676855,-0.04266700340113369,33.95085126066236,GNSS_LOCKED
548,54.800000000000004,1.5572504806942256,0.08882552800672826,8.5010770415255,-0.16587549401041848,-0.1264930268980559,-0.014579253512006047,-11.81,-39.87,-3.5,10.44462277878912,1,-184.28237748740875,500.4192915264538,-0.11135364116477911,-3.359031487195639,13.0980796873607,-0.12106304066251727,34.101431517475234,GNSS_LOCKED
549,54.900000000000006,1.1657190286188752,0.916379487368197,11.235176408114235,0.104923470645199,-0.11592659649144821,0.18745908762627383,-11.37,-38.69,-2.19,10.45271845677216,1,-184.599797159841,501.74111949100313,-0.11385775137948771,-3.371237631296315,13.140455625349059,-0.023013264692424817,33.08857974715093,GNSS_LOCKED
550,55.0,0.8604295156237884,1.4419229993777911,8.644308447325834,0.1292483511852182,-0.012815959474701594,0.2550909345677445,-11.62,-38.19,-1.87,10.521501335028205,1,-184.9244715619128,503.0747514592736,-0.1091676773123111,-3.4218963726367937,13.290228030183178,-0.1225179315808914,31.920307165436448,GNSS_LOCKED
551,55.1,0.6742562153332777,0.4152066540827966,11.584528013712506,0.12905715178907892,-0.0006789184665681688,0.14888139790385635,-11.44,-37.5,-1.69,11.023705676202617,1,-185.25237157284383,504.4190715435095,-0.11235449428120658,-3.4510360012508947,13.313354834119702,-0.007016657843576215,31.178692910696576,GNSS_LOCKED
552,55.2,2.633213390782553,-3.946115585584497,10.392439692093987,0.22948898397888698,0.026784826460864938,0.05463295071474278,-11.75,-37.06,-1.44,11.216309994563936,1,-185.59659600098155,505.7559952632185,-0.11403274128297373,-3.3257902962992376,13.224776711110872,0.053786540282877784,30.646375885357287,GNSS_LOCKED
553,55.300000000000004,1.7905562883023096,0.6580139819569587,10.985342334127335,-0.027707025533347522,0.16701386214927444,-0.04755061078553656,-12.06,-36.75,-1.44,11.216309994563936,1,-185.91714870732082,507.0919936001194,-0.11160732757455843,-3.331952005685263,13.294904498556097,0.09269664399760313,30.841603030166574,GNSS_LOCKED
554,55.400000000000006,2.834517496774125,-0.25311866485727097,10.370482679315472,-0.2561643649521614,-0.10016294981421164,-0.0744520087920507,-12.62,-35.06,-1.56,10.804762515451396,1,-186.23216887001186,508.45603239266103,-0.1074272622211089,-3.1958500071083344,13.593667223807666,0.10641446761655088,31.09677142337276,GNSS_LOCKED
555,55.5,2.1067693923460755,-1.27616734906454,10.801042519805916,0.19505484837025672,-0.026760119092951527,0.18007843333777426,-11.44,-35.0,-2.19,11.33834087144069,1,-186.55965707161744,509.7968363090012,-0.10572666600539792,-3.289173349171381,13.360843570446523,0.1265489633890835,30.039817493507005,GNSS_LOCKED
556,55.6,0.22860641348255137,-0.6929245417352352,8.760097409685331,0.10578994912503219,0.021530682380403964,0.21168976446762197,-12.06,-35.06,-3.44,11.403952622745155,1,-186.88354705348254,511.15307730627705,-0.09720836054448209,-3.3067364434459603,13.4292420405151,-0.020007067383636577,28.5726098238573,GNSS_LOCKED
557,55.7,1.3161524286717006,4.168624562230296,10.344080147778818,0.14697513494826867,0.16358025910062593,-0.23130918386330948,-11.81,-36.5,-4.19,11.338586517157621,1,-187.20666745798326,512.5095499731738,-0.09560879810223927,-3.5132857502090893,13.597128805171304,-0.011774720442754412,30.380955125441403,GNSS_LOCKED
558,55.800000000000004,-0.5827490411177766,1.3759085448465957,10.966461923122447,-0.14153965083087106,0.053376220546470884,-0.08276693979391536,-12.75,-37.0,-4.44,11.371770711091605,1,-187.54116141501171,513.8830246700768,-0.09386183662535016,-3.539349424687747,13.602678791511089,0.016465232054614132,31.170839156212935,GNSS_LOCKED
559,55.900000000000006,-0.17078061432753233,-2.0487918578736193,10.099624252658149,0.02499877248322679,-0.1133869766160915,0.19848328621874886,-12.75,-37.69,-3.37,11.33834087144069,1,-187.882800662063,515.2574540461427,-0.09117203291083173,-3.4286676441560413,13.55491080400942,-0.003338540383085859,29.751788554058322,GNSS_LOCKED
560,56.0,0.8987623623133632,0.6585205696082209,11.187768214237002,-0.14495835268990678,-0.12095266660832749,0.17442095179697703,-12.62,-37.56,-1.94,11.15842214960302,1,-188.21982821415625,516.6281428713827,-0.09119378050132056,-3.485806790028317,13.62743807666384,0.06063214677686313,28.595575198081725,GNSS_LOCKED
561,56.1,-0.41862802802478666,0.04805159308221466,9.252262428106672,0.08329037470270834,0.12756496782492557,-0.04272859072925454,-12.06,-37.37,-2.25,11.209876306821464,1,-188.55817211337927,518.0072124452157,-0.08506602853662446,-3.493790528486478,13.659196162123449,-0.0373799257437049,28.79991200295743,GNSS_LOCKED
562,56.2,0.6648289448942216,0.3034806098505991,10.086629556669342,0.09956426723296043,0.09817094772535633,-0.07724760004730889,-12.69,-37.25,-2.44,11.227418069183848,1,-188.90262558621222,519.3875453717151,-0.08453686258642991,-3.535501441326079,13.727275261272217,-0.03016442057922881,29.251416658901608,GNSS_LOCKED
563,56.300000000000004,-0.15973183984566397,1.1337156994861486,8.701112664600899,0.040091957406032115,0.14547687756536998,-0.053983822069053715,-12.0,-37.62,-2.31,12.28444750794079,1,-189.24292895092503,520.765459753476,-0.08087727488503445,-3.53697565871215,13.710530536240494,-0.12203812846484266,29.47473515945349,GNSS_LOCKED
564,56.400000000000006,0.8646418412354816,0.02098289518988252,8.648839079003283,0.09976052296347399,-0.0062571941068698044,-0.06131415480917218,-11.12,-37.69,-2.37,12.75436611093689,1,-189.58397677657157,522.1540017435035,-0.08066596668905224,-3.458371771841399,13.833571609801899,-0.165689053675597,29.809180578240035,GNSS_LOCKED
565,56.5,1.0466940491620316,1.3404422524417332,9.858178918812426,-0.026147428443038648,0.09057846307036294,0.1042751361237523,-10.87,-36.81,-2.19,14.958771672132844,1,-189.93035384047081,523.5416536173267,-0.08482992715156683,-3.563177936601249,13.864561532301325,-0.11820362667026897,29.173741156906583,GNSS_LOCKED
566,56.6,-0.9139969651236407,-2.0974189583556093,9.579065945637666,0.03824182078361771,-0.018972511449142037,0.1610637667275475,-11.44,-36.81,-2.44,14.076485114630286,1,-190.27443838572356,524.9357749114997,-0.08576255596740151,-3.4322831457408522,13.751578787490008,-0.12446839579478493,27.867241455920013,GNSS_LOCKED
567,56.7,1.299688813093418,-1.3605997956244233,10.46486793635097,0.017717133080915964,-0.13166590718371285,0.11176847534471886,-11.5,-36.44,-1.69,13.243970413154939,1,-190.6225288994771,526.3232190915114,-0.09035761830975234,-3.4417169162754138,13.797745152620319,-0.04780854919560573,27.018977453413633,GNSS_LOCKED
568,56.800000000000004,1.5353603025768017,5.061009660166312,9.077393444209331,0.09891121726957189,0.15076139193831953,0.14657596596670253,-12.31,-36.5,-1.5,14.463343128329514,1,-190.9589308496918,527.7103171418795,-0.08848036958120213,-3.63312391797422,13.981026818000405,-0.08876992378704304,26.488596398598634,GNSS_LOCKED
569,56.900000000000006,1.1631741277416745,-2.734766962889211,11.455172776839383,-0.1714769756207783,0.031939107017565034,-0.13100713825922444,-12.0,-36.19,-1.87,14.402523917963691,1,-191.31144181673693,529.110178231009,-0.09312910555408903,-3.4315931529929786,13.882044228385928,0.03344645945939679,27.09567462413355,GNSS_LOCKED
570,57.0,0.3103344613980945,3.5484135829931174,9.571066378209833,0.04163895796716348,-0.027996697570262838,0.1999131363982068,-11.69,-36.69,-1.87,14.191124489985581,1,-191.64983113188913,530.5016548248118,-0.08933686792273622,-3.605695569137869,13.93429418498368,-0.01910133892088068,25.98564775369677,GNSS_LOCKED
571,57.1,-0.2718562312580861,-0.24140391435358985,9.931911697133685,0.22350102364010674,0.09422011149111975,0.12969183868858292,-11.75,-36.44,-2.12,14.634191676366312,1,-192.00087545000275,531.8933333333787,-0.08820323967221218,-3.564615070025416,13.812112485930864,-0.03333004405439011,25.11947787168513,GNSS_LOCKED
572,57.2,0.9726851001945672,0.5790469297688339,8.942825468999425,0.18425313524935802,0.08780479926523542,0.039009221688896874,-11.69,-37.31,-2.69,15.558145227542594,1,-192.34444219880848,533.2791769750094,-0.08623056422735094,-3.486150312644406,13.835260849112874,-0.08896547900006327,24.835315393407893,GNSS_LOCKED
573,57.300000000000004,-0.17712716812586696,1.9299081948597296,9.16828198386835,0.03790751406234078,0.12204346950234934,-0.08568309010208817,-11.37,-36.81,-3.0,15.19941424784241,1,-192.6871900252691,534.6668250413096,-0.08615967206927042,-3.5532909666532526,13.826883478600868,-0.11741051540562492,25.286027686214048,GNSS_LOCKED
574,57.400000000000006,0.9811300282016194,-2.02935111607117,10.734797708641825,-0.19555471924350373,-0.059516802269964586,-0.14103354930353404,-11.75,-37.12,-3.06,14.996902298589099,1,-193.03432040385923,536.0511106366864,-0.09060982773472742,-3.3751116058895856,13.752343301536058,-0.03744372349432322,25.988549898503056,GNSS_LOCKED
575,57.5,3.0081460575333967,-1.1327921052931553,8.645762884368954,0.023390148711643022,0.011393128751143868,-0.008531562606409412,-10.94,-37.0,-3.25,15.746992235731282,1,-193.3798956744388,537.4294683279428,-0.09064623024528211,-3.352354398342039,13.826883283786223,-0.09262043461544167,25.92585340359242,GNSS_LOCKED
576,57.6,4.103022270238971,-0.21198452211423632,8.525750494959787,-0.19570620557928167,-0.28697345300888855,-0.04717222027756508,-11.75,-37.19,-4.19,15.35890146381938,1,-193.718741138072,538.8116041576814,-0.09257545912031234,-3.3092052360397104,13.941289555757967,-0.12003582963134031,26.239191429346686,GNSS_LOCKED
577,57.7,7.392701703054549,-2.409757511236439,10.979904731676589,-0.07009983013188194,-0.05350760458606974,0.09897782613768655,-11.19,-37.56,-3.87,14.800312187739992,1,-194.06101027977982,540.1921992025766,-0.10220761058414674,-3.177658835897217,14.007362231476433,0.07492962759851762,25.760130668808735,GNSS_LOCKED
578,57.800000000000004,-3.9939122929058994,2.1566909184310403,9.205329487798481,-0.5409220760740265,-0.7777860511003253,0.08317767927471496,-10.75,-37.87,-3.81,10.880878910167125,1,-194.38655833752333,541.5850958055246,-0.09521768907304161,-3.504904961252052,13.701086983501632,-0.08212743697321201,24.983951629440355,GNSS_LOCKED
579,57.900000000000006,4.716709684301736,0.14647913498205872,10.010924203440416,-0.35335123456296014,-0.3390974366411483,0.14783004936830113,-10.62,-38.06,-3.25,9.026385777703506,1,-194.73162665655988,542.9565363946674,-0.09894056265341823,-3.468263186969542,13.808939623311572,0.006203746163452525,23.922422905209313,GNSS_LOCKED
580,58.0,-5.726168792200903,-2.1885769436130404,10.042581348194789,-0.47558900172605284,-0.7160122896346298,-0.02885727862067382,-10.31,-38.5,-3.62,8.638043180957306,1,-195.074105953892,544.3352657639344,-0.09407056625844068,-3.566785076503992,13.335941885621672,-0.13511134164543998,23.155512910872293,GNSS_LOCKED
581,58.1,1.0020067440413667,0.058406062993792744,9.52506220697278,-0.7906974245000912,-0.7781474092897491,0.05871679746524333,-11.25,-38.25,-3.5,8.670023852421647,1,-195.42570569537972,545.6887510902146,-0.09622517926664761,-3.6591386290722636,13.42115435336014,-0.13927522027535383,21.815603815215745,GNSS_LOCKED
582,58.2,-6.3587022283677275,-1.044775914910132,9.414392937867794,-0.19069473460502176,-0.15665231660851697,0.0036372922765805105,-10.69,-37.69,-5.37,8.725236852650978,1,-195.7842724837331,547.0460447524949,-0.09292805284020922,-3.849896088420208,13.109934514842864,-0.3445423112391285,21.60601714207602,GNSS_LOCKED
583,58.300000000000004,2.495158963117605,0.2548319224702181,9.299969509630879,-0.5711256830431353,-0.762645689353624,0.06896213945961717,-10.62,-37.19,-4.94,8.58769637070824,1,-196.15180965034338,548.3881450861395,-0.10203667833901006,-3.860543384409875,13.36989189417963,-0.2594345739636609,20.046697938237195,GNSS_LOCKED
584,58.400000000000006,10.364299351526352,2.248408410171629,9.92268632745286,0.6330996649037556,0.6994550971010293,-0.11460066072297347,-10.12,-37.0,-5.87,8.869651237065389,1,-196.51520925930004,549.7176352897809,-0.11496208436656598,-3.8451542218684636,13.664587763546939,0.018603455907406835,22.865430946583402,GNSS_LOCKED
585,58.5,3.8233603906583236,-0.5462005726533627,9.017639348941506,-0.16684646241311185,-0.24130486379423352,-0.04742753092325645,-10.5,-35.25,-5.44,8.54830229913795,1,-196.89176675633254,551.0620032244539,-0.11349571716008348,-3.8597489890260657,13.472888077549197,-0.000887307153302948,22.873073810784344,GNSS_LOCKED
586,58.6,10.053592792069079,3.0583285243752223,9.7806925863279,0.9492941236959551,0.9875046712977803,-0.22165241005094283,-11.31,-35.75,-6.69,9.593089831409976,1,-197.2673581310093,552.3841693637953,-0.1177757835657838,-3.928921753388752,13.60238545666742,0.18723699900808766,25.850328467218826,GNSS_LOCKED
587,58.7,-5.297876048660962,-1.5299324869274877,9.407518559560135,0.3825371952028602,0.3670305676153177,-0.06927471921492387,-8.25,-35.87,-7.5,9.361148746150056,1,-197.64820032759621,553.7334043056059,-0.10436696561582899,-3.9860605853469235,13.0716215056702,-0.09817632391711989,26.336158628572495,GNSS_LOCKED
588,58.800000000000004,5.8759594691505495,3.6850037347519975,8.744417786894896,0.5265107568657377,0.5967226890274696,-0.15934087769462632,-7.87,-35.81,-7.25,10.13723424835729,1,-198.03714315391352,555.0373761643589,-0.10686413708757035,-4.041883016870986,13.253090066819658,-0.04425779643671496,27.338147332817915,GNSS_LOCKED
589,58.900000000000006,-3.5692189564773362,-3.1997415038960857,10.099215685832622,0.6131424924372513,0.7120568924293879,-0.050258092996433655,-8.06,-35.94,-7.5,12.785669463360264,1,-198.4354749446388,556.3568052595258,-0.1045271634249361,-3.986469769524007,12.803788859860923,-0.1318715377557067,27.205107125464256,GNSS_LOCKED
590,59.0,-4.224343584477865,3.0259642729799894,8.93354235613899,0.002999460353896493,0.02333757454963383,-0.00940908346895097,-8.19,-36.44,-8.25,14.469166426623595,1,-198.82677434836228,557.6518943676979,-0.10281235141206063,-4.179988966049427,12.699139147936114,-0.20742479000396408,27.052571556193456,GNSS_LOCKED
591,59.1,-3.0558917535761214,-4.543480390238325,10.67142850296741,0.6677949973174645,0.638035013723637,0.050648324952026716,-7.12,-38.06,-9.62,13.451957665093031,1,-199.2300105496233,558.9489184404088,-0.10700794576042091,-3.908270571423305,12.567024560050136,-0.16207810881184936,25.534490929656332,GNSS_LOCKED
592,59.2,-1.1087162755138233,-2.7755206980451446,8.865272431523678,-0.44670691320041334,-0.622065187765161,0.04701601716067961,-9.25,-38.62,-9.25,14.135222652571327,1,-199.61982251524833,560.2325319870347,-0.1084597922003404,-3.7628853709173558,12.61449935479406,-0.21138914588695995,25.0571702661256,GNSS_LOCKED
593,59.300000000000004,8.109738533016301,3.849484375981519,9.796230219078398,-0.005900799225778653,-0.08856282803716327,0.1699303859189312,-12.0,-38.56,-8.62,14.185871469491836,1,-199.99934482519643,561.4932257828709,-0.11887410264134717,-3.802817750520959,12.981236906717214,-0.04287901570394618,24.457743562393517,GNSS_LOCKED
594,59.400000000000006,-2.3510211674026937,-0.9985991743625823,9.955861572429924,-0.6570513981078836,-1.0546897551028163,0.15511389597852454,-14.12,-38.75,-4.75,10.256949208531658,1,-200.38193565670375,562.7715559613235,-0.11815781546098678,-3.8364474392961734,12.543720110221878,-0.08860411699893701,23.836003013894253,GNSS_LOCKED
595,59.5,11.114750657757279,0.38700936461335833,9.949217067567966,-0.6911039504991416,-0.5764253603268028,0.10064011912053408,-14.56,-37.19,-1.87,9.414562917759135,1,-200.76974592087677,564.0144462050108,-0.12813848548645623,-3.723535924956547,12.823453256676533,0.14705012600873318,23.404385831833938,GNSS_LOCKED
596,59.6,-4.0826594255169475,1.9219683453417622,8.887096679722905,-0.7072342389021222,-0.9299316370090379,0.14157489824904132,-14.0,-34.56,-0.44,8.929486183098714,1,-201.1444440301137,565.284712807856,-0.11576649000105642,-4.017006391845018,12.417738052920562,-0.13246270138282265,22.03474263372106,GNSS_LOCKED
597,59.7,-7.793123394478077,1.9057787571479043,8.723794345767343,-0.9945025850691127,-0.9981215336480831,0.18181188728697228,-14.69,-32.94,0.13,10.581601961680265,1,-201.5153290709697,566.5368775705986,-0.10829486563107599,-4.047987317728207,12.068362865608302,-0.46018769220231653,18.761063918772095,GNSS_LOCKED
598,59.800000000000004,-3.3281901898173714,-1.8765740254800196,9.072937820094278,-0.09186553902425046,-0.011010898439304183,-0.10461005140684734,-14.56,-32.31,-0.06,9.697116769476992,1,-201.88104283224015,567.7735921197499,-0.11588117401018477,-3.809592790653917,11.98283948288365,-0.5075435079865378,18.554931662216173,GNSS_LOCKED
599,59.900000000000006,-5.35424983133711,2.725013805249173,8.854159176049862,-0.67992345697323,-0.7980652793313733,-0.0078404453514694,-14.87,-31.25,0.75,9.442642257898147,1,-202.22358621301512,569.0013796891542,-0.12185070861201279,-3.8003894603587742,11.921679610427592,-0.6488570261866516,16.596744835628943,GNSS_LOCKED
600,60.0,8.053819448436634,-4.505446223252676,9.008468816139734,-0.7066025372753189,-0.6654397167954588,0.045039955897640656,-13.25,-30.19,3.0,10.088667325686636,0,-202.5946514103374,570.2085131616207,-0.16683385650890956,-3.614490406981185,11.958739951986676,-0.38771847745936416,14.582342557932028,DEAD_RECKONING
601,60.1,2.5504029842702116,-2.303851799883608,9.342985403071047,-0.10856702546993424,-0.287071878471243,0.02324946389924985,-11.94,-28.5,3.13,10.4540742095405,0,-202.96706132219916,571.3994823485609,-0.2029208715395559,-3.8413853384869614,11.614658039643896,-0.49759995981924254,13.461674663096446,DEAD_RECKONING
602,60.2,5.1769166378721705,-2.6975890938475175,9.087464247812877,-0.54527770309832,-0.5630770017119077,0.05641459604524974,-11.25,-26.56,2.56,10.4540742095405,0,-203.35823402295927,572.5696161433191,-0.2379302245403906,-3.99621157042847,11.46419156436056,-0.45079689710609466,11.063523971024859,DEAD_RECKONING
603,60.300000000000004,-1.3940291741935145,2.044427158937278,9.492280123516004,0.22525183927066145,0.34684013366587296,-0.028554169289675323,-10.69,-25.56,1.0,9.995246989710674,0,-203.79071801022891,573.7139458024926,-0.2950020290249036,-4.70516391591164,11.008078574720285,-1.0017382572891982,12.305091380389312,DEAD_RECKONING
604,60.400000000000006,5.008137277187842,-0.40854573683607565,9.150609929603306,0.1964391770609417,0.11401080237240595,-0.03686999671847276,-11.19,-24.0,2.25,10.668698793169664,0,-204.27554107857793,574.8331906039122,-0.3801176389625585,-5.079866617545757,10.936466087601323,-1.0492475274875253,12.767787116694533,DEAD_RECKONING
605,60.5,-0.5477858690915018,-0.6630603193446779,9.783223697970634,0.19669575502657508,0.29015481839322266,-0.10649700144943763,-11.44,-20.37,2.56,10.989031646492595,0,-204.79935054555574,575.9235902696761,-0.4839462179535841,-5.533450586474004,10.40191241800585,-1.3949054681043875,14.206881602419447,DEAD_RECKONING
606,60.6,-2.4141383432755164,2.310558575457356,8.394745462425137,-0.27414543762417776,-0.23464184578992675,0.09001196161702237,-11.19,-17.5,-2.81,10.357092399481651,0,-205.3773376594676,576.9712826749728,-0.6293407645835181,-6.1807332426630595,9.942246604009737,-2.00857500653129,12.74028422167397,DEAD_RECKONING
607,60.7,2.0063710132230126,0.02151703026530987,10.523080801015785,-0.03371160631978184,-0.12753443542545037,0.0926869212998882,-11.37,-19.75,-8.31,10.724414429863664,0,-206.0129954685843,577.9837099992743,-0.8075919177183908,-6.6951205425623055,9.611036263651982,-2.1437884781639207,11.542889573340977,DEAD_RECKONING
608,60.800000000000004,-4.079712926030111,0.4087432449007006,7.845815059057337,-0.23473482216937275,-0.19128550400237906,0.08990700317366147,-11.44,-24.62,-8.81,9.055884820809498,0,-206.69782491020126,578.9627804551079,-1.0146349330480178,-7.1866076641319125,8.98353835239972,-2.8478852807357504,10.112666343753864,DEAD_RECKONING
609,60.900000000000006,-0.11671760058508238,-1.8751584886833657,9.372806549483052,-0.23630740376674872,-0.4003067172055358,0.03406043283850025,-10.0,-29.44,-7.56,8.936933365056255,0,-207.4281302074319,579.8909096023815,-1.2625742405275973,-7.542176798878371,8.475728163759177,-3.1207605363270754,8.178910211402032,DEAD_RECKONING
610,61.0,4.01106783599369,1.2332858579045987,9.58727275599007,-0.2605958980871045,-0.24164839320812853,0.021769978413060744,-9.37,-30.44,-7.37,8.914262317412588,0,-208.208355639313,580.7988622240572,-1.5197290054270998,-8.380587050737926,8.227287094910873,-3.0367366787802594,6.831827056086292,DEAD_RECKONING
611,61.1,-0.7106274801315221,-0.6510935842851403,8.783644683101922,-0.10290083863531736,-0.12227631241438977,-0.06477778037635226,-9.19,-31.81,-7.06,8.232169519506538,0,-209.0650403455522,581.6698149944767,-1.7755131076408266,-8.847560095672218,7.761308689310491,-3.4749791660822895,6.535151953364653,DEAD_RECKONING
612,61.2,2.6893508031282565,-0.40993086345450497,10.553297709953078,0.15478395484897864,0.25711685200591733,-0.07501027753499227,-8.56,-31.75,-7.25,8.88761566395326,0,-209.96716553985195,582.4987957857685,-2.0600297569492008,-9.417257163773039,7.440600494404488,-3.6028337396160097,8.002933140297403,DEAD_RECKONING
613,61.300000000000004,0.3168278788522186,-0.6842890537164789,9.656884876923087,0.1446347643024019,0.10507946997160199,-0.009465724783440632,-9.62,-31.62,-6.62,9.956949545752652,0,-210.92097640659796,583.2862568548858,-2.3696428590094785,-9.925351295204921,6.97683874981259,-3.921661672790144,8.333874200414916,DEAD_RECKONING
614,61.400000000000006,2.64719294387438,3.0455614876528516,8.802511830314542,-0.11125742998909115,-0.06762012117588483,0.009766958809226811,-9.69,-31.69,-6.0,10.095796214214001,0,-211.93551638451794,584.0565809800565,-2.7036124478913726,-10.582424442809655,6.959095775951101,-4.316498965520415,7.807618193468005,DEAD_RECKONING
615,61.5,1.4543557367746036,-1.5071968520087073,8.821994591939276,0.020835420207223967,0.10317522748130256,-0.051380713297597115,-9.06,-30.81,-5.31,10.9907637742645,0,-212.99582233809005,584.8107410004136,-3.070273272751399,-10.882960527884615,6.640979100767641,-4.646298811991979,8.416782037472274,DEAD_RECKONING
616,61.6,1.8439603225730077,-2.153330730722351,10.56111360382527,0.005152068554706638,0.015187560244650207,-0.10496301350200805,-9.37,-30.19,-5.25,10.210340081650747,0,-214.08217047982697,585.5438961229729,-3.4438779291885417,-11.29332207523783,6.202747629393844,-4.726959053927216,9.020452188882675,DEAD_RECKONING
617,61.7,1.6730229423425265,0.8587424460915387,9.221505168662883,-0.040524541480167015,-0.006880077956746591,0.09963817574168704,-9.44,-29.56,-4.87,10.14853579451923,0,-215.21873178811546,586.2599344617482,-3.8235911970460847,-11.864035936474238,5.981152739412917,-5.005739424411659,8.13730774696904,DEAD_RECKONING
618,61.800000000000004,1.07316066417865,-1.1607328901131277,8.63151472492918,0.06081348349333461,-0.02829306897947748,0.09387375817089912,-9.81,-29.56,-5.06,10.215031605032275,0,-216.40613629595347,586.9645078018033,-4.220635991860006,-12.253469645679852,5.662277678940496,-5.280564039745748,7.206905077109505,DEAD_RECKONING
619,61.900000000000006,0.8382273241815353,-0.8455850754678634,9.583023169811366,0.009723935542622438,0.08736037847681934,-0.12754845883016308,-11.0,-28.75,-5.06,10.161450261182926,0,-217.62732247032088,587.6405323753953,-4.631557589648397,-12.714135991680983,5.290394697760797,-5.5167422847779894,8.263390296812513,DEAD_RECKONING
620,62.0,0.21966260401659807,1.0029829700378752,10.145928604233852,-0.10612707989260951,-0.05722556958448771,0.00833769147897869,-10.94,-29.87,-5.81,10.161450261182926,0,-218.9049349157137,588.2948551120675,-5.057829917851897,-13.362193037096556,4.946240133746265,-5.819052149839584,7.787288597175795,DEAD_RECKONING
621,62.1,2.2374816908673822,-1.9341539060826045,11.014098981333818,0.14997033590371361,-0.07041164993953458,0.09167130358907172,-11.75,-31.12,-5.0,10.161450261182926,0,-220.24408828422773,588.9357203527549,-5.48464133503863,-13.828153465976563,4.5810294499169055,-5.812359973397648,6.68493181550485,DEAD_RECKONING
622,62.2,1.2472210735007443,0.8812150510473489,9.496149375806135,0.0406939737210913,0.02695742580713066,0.047922934975230556,-12.19,-30.75,-5.37,10.161450261182926,0,-221.6373194631911,589.5652418002009,-5.910145933035827,-14.4236836638652,4.357883345541639,-6.066792214256143,6.299261564384808,DEAD_RECKONING
623,62.300000000000004,0.7662311616906173,0.7796559657876084,9.989879410276485,0.20137478781809426,0.1381710068065041,-0.04026621051569812,-12.25,-31.56,-6.62,10.217635216324403,0,-223.08151365461995,590.1779682196269,-6.347474736260662,-15.03306242822374,4.069382289023619,-6.3114919842730615,6.976187402910486,DEAD_RECKONING
624,62.400000000000006,0.36615331612122964,-1.2655833263397762,9.540673905609822,0.07532878870407196,0.03873063224465321,-0.11173514092847742,-12.56,-30.94,-6.06,10.172554688588617,0,-224.56561080333685,590.764074554036,-6.791876552545247,-15.430075961453683,3.6831864986241367,-6.507300675894778,7.726067908176994,DEAD_RECKONING
625,62.5,1.3085741506249182,1.7106424659628414,9.215095460490947,0.036445946221231845,0.006436906698757215,-0.009928707679782434,-12.87,-30.87,-6.25,10.238894106578035,0,-226.09769462245802,591.338858037261,-7.242949721586969,-16.03543837947045,3.523691025875972,-6.755896079793096,7.647998395858044,DEAD_RECKONING
626,62.6,3.4063633028390634,-0.99388054872009,10.545692426481402,0.15245008299059043,0.21408244146521957,-0.06923597657614802,-12.37,-30.19,-6.69,10.182022209980886,0,-227.66049241575658,591.9061246497171,-7.67982969379413,-16.45923631934776,3.3284976295600455,-6.663684826915237,8.779199289589565,DEAD_RECKONING
627,62.7,-1.9573633019272396,1.0241414366335944,9.442153829081507,-0.007329478250566756,-0.10815253367459873,0.015077738833765886,-13.06,-30.56,-6.44,10.221492105742058,0,-229.28161570827828,592.4616645381476,-8.120282987390508,-17.034069773761704,2.9101602796728647,-7.055620507798201,8.099518080909275,DEAD_RECKONING
628,62.800000000000004,1.503900031698955,2.17815813511441,9.749996020670512,0.32737278175988216,0.40143351782477515,-0.05543512000187685,-12.25,-28.5,-5.19,10.666521244828793,0,-230.9295552070872,592.9849443306557,-8.573978539199777,-17.66007661456049,2.7595214564580157,-7.234453131757687,9.753258730558054,DEAD_RECKONING
629,62.900000000000006,-2.34085274225928,-0.3617460889528107,9.995343223030641,0.16496828231092572,0.19454690005831152,-0.10248409393210277,-12.56,-28.56,-5.75,10.25337064444372,0,-232.60203927983858,593.4791387498727,-9.026380749436703,-18.08468836681082,2.2120020199439465,-7.510893206070587,10.934992990984124,DEAD_RECKONING
630,63.0,2.4466751818517203,0.8563702027740295,9.704163955762063,-0.1714931306226466,-0.11254952540915286,-0.02653922529800597,-11.94,-28.19,-5.69,10.047248487999466,0,-234.31803206161797,593.9685906287593,-9.464346458972441,-18.52424665804607,2.1116820101237614,-7.495218659259681,10.605658704257568,DEAD_RECKONING
631,63.1,1.986543406199461,0.6291498644462258,10.882543490074033,0.013684274191110329,0.013801149241030054,0.0605288271775468,-12.0,-28.06,-5.37,10.153891868951442,0,-236.08605954810852,594.4738641257253,-9.877190998016895,-19.03411389611175,1.927740284131071,-7.426020049405602,10.070093416735228,DEAD_RECKONING
632,63.2,0.01545189858580727,0.8987341166490448,10.069055303572483,-0.09992555670644708,-0.1501936328040054,0.0764667625968447,-11.87,-28.87,-5.62,9.977415472332353,0,-237.930587317342,594.9996865374578,-10.272197239643045,-19.566469655547017,1.6777789208971674,-7.539472701913373,8.86681204681647,DEAD_RECKONING
633,63.300000000000004,1.7249289474521596,-0.6489084005085837,10.044137468891542,-0.21107261838429514,-0.32186422231627354,0.17838461862262162,-11.87,-29.5,-4.12,11.121458441939852,0,-239.89135024020956,595.548675282229,-10.67997395411558,-20.004481958353907,1.5058064754506126,-7.51575629629136,6.268103591523088,DEAD_RECKONING
634,63.400000000000006,-1.6610043339664393,-0.08153216909854556,10.035117723173297,0.09620979575160445,0.0945764645874235,0.06961600065773949,-12.0,-31.69,-4.25,11.280874171634105,0,-241.90417043626684,596.0912952422107,-11.087461454722435,-20.53594497690236,1.1067265034587324,-7.763242487670441,5.988065995817157,DEAD_RECKONING
635,63.5,-0.5644576569776174,-1.0517651990092627,10.78660139755022,-0.17910361423119137,-0.10421321299500885,0.028417452499854588,-12.37,-32.19,-5.62,11.143799969533504,0,-243.98958672782678,596.6301696229034,-11.493039026752824,-21.022158742720098,0.7246393617164202,-7.826456345358605,5.210124333120896,DEAD_RECKONING
636,63.6,2.962302312910967,2.276477356974097,9.563381881955074,0.14144252320120987,0.04751718052947674,0.026467719678965936,-14.12,-32.19,-6.19,11.004382803354858,0,-246.13552603243062,597.1896325151699,-11.875936142928046,-21.70718783057422,0.8254893813592833,-7.851855144279261,5.049082482830696,DEAD_RECKONING
637,63.7,-0.9348214851801566,1.901164887210898,9.741232247127769,-0.1736748430109831,-0.012656272608924296,-0.045847984347831126,-13.87,-31.44,-7.31,10.97419777186342,0,-248.34429808578108,597.753480982701,-12.25627040075313,-22.38172476055358,0.6083355764151344,-8.104782562968317,5.137536879174515,DEAD_RECKONING
638,63.800000000000004,-0.10281471553746915,1.0025047903118014,10.58570496753385,-0.06707775050751602,-0.1657200236760097,-0.029244130003715667,-14.75,-28.87,-7.81,10.925460795821966,0,-250.64663145181905,598.3228297415345,-12.64120939505472,-23.051956808294882,0.3846395823167918,-8.217984471092876,4.4675716009456305,DEAD_RECKONING
639,63.900000000000006,1.3507953806682078,-0.1455372162259341,9.828804459254373,-0.30309737912445317,-0.378595804673149,0.029694030574817735,-14.31,-28.81,-7.94,10.192093612565904,0,-253.10650943428683,598.960907558549,-13.014147124246632,-23.63662959557619,0.2977179113927475,-8.236190090677393,2.367017516974119,DEAD_RECKONING
640,64.0,-2.1152048986054814,-1.3515802339935925,9.929344617244041,0.01911696068415469,-0.03212949472997347,0.020139696685826495,-14.44,-27.94,-6.75,10.056007501363895,0,-255.64077602737552,599.5907867740351,-13.398074719765209,-24.16947552494214,-0.10271759208405112,-8.479206331323812,1.8871081920421628,DEAD_RECKONING
641,64.10000000000001,0.9007815996216428,0.9541735268056423,10.65879741014559,-0.21054436291758924,-0.27595803423707993,0.11515248405324624,-13.94,-27.75,-6.25,10.235805069508302,0,-258.36086037024035,600.2685925279571,-13.816680890912124,-24.98299749631083,-0.20258692326307925,-8.569470835686472,359.52651977632814,DEAD_RECKONING
642,64.2,5.57196545110676,-0.3710707665579824,11.200878186904754,0.27016536346313447,0.24556389789848965,0.015392154941157823,-12.87,-27.69,-4.75,10.337761084805507,0,-261.09836903584187,600.9303962441624,-14.203113745303368,-25.712627782691488,-0.08499928542307905,-8.257121515672155,0.47977192218017684,DEAD_RECKONING
643,64.3,1.0543823098551666,1.1461855046994844,10.59958793319256,-0.07074159088572804,-0.0010334864534693072,0.12807138331690954,-12.75,-27.44,-3.62,9.780243272485553,0,-263.9801522089722,601.6637429284524,-14.577527601218236,-26.531266956765407,-0.1328570721867368,-8.336978390313375,359.4364225038445,DEAD_RECKONING
644,64.4,6.369089775495502,3.191279241379612,9.252437792020988,0.4780235619953903,0.5240749507009956,0.0011001022626561502,-11.62,-27.94,-2.19,9.746544407512864,0,-266.7586829581807,602.3335884291266,-14.90832199813878,-27.347543337235912,0.3173463873366531,-8.195850072160841,1.6833148227893202,DEAD_RECKONING
645,64.5,-0.7630339199259162,-3.5143969385517653,10.333125407897674,0.4011071523261191,0.5110615253591946,0.01855881597421604,-10.5,-27.75,-1.31,8.607766174441124,0,-269.4130814413163,602.9531911366131,-15.175480497125866,-27.544167797891202,-0.0719202461262134,-8.1150447756542,3.446282896478836,DEAD_RECKONING
646,64.60000000000001,7.419463428058533,-2.7681908204759598,10.253702932654845,0.29288803322574103,0.3073574734813226,0.08082551260793382,-9.94,-26.44,0.19,8.22819950205296,0,-272.01999076175144,603.5894381913449,-15.370690929266697,-27.702101616631047,0.26114129673737485,-7.467812476665693,3.8556971028053275,DEAD_RECKONING
647,64.7,-1.7880392603629063,1.3289624696250044,10.890056207280525,0.6823231010001757,0.7486178130005278,0.06900938993942042,-8.69,-27.81,0.0,8.699982142345048,0,-274.43548073143444,604.1003957951066,-15.5352175068448,-28.13695801266788,-0.056113715208095605,-7.488616970062025,5.546967547221391,DEAD_RECKONING
648,64.8,-3.9599540877501394,-0.045354497438996264,9.598057137383224,-0.2549177891644816,-0.2978465722794839,0.10342427253239479,-8.81,-30.75,0.0,9.20850583119927,0,-277.1193308710736,604.6738803963381,-15.772354064839778,-28.4640020066441,-0.4803337265453025,-7.624180913982979,3.8779505172225024,DEAD_RECKONING
649,64.9,5.396123845421042,-2.0043569084661303,9.592259550197886,0.2080423588537952,0.17180279244956112,-0.008498672195215284,-9.75,-34.12,-0.94,8.714788693365353,0,-279.7620594321767,605.25142254038,-15.948307524029312,-28.557204185168185,-0.18891921401348638,-7.152433651006044,4.292421773718557,DEAD_RECKONING
650,65.0,-4.531471390547156,-0.6055918705763199,10.832815558429143,-0.5609777289012834,-0.4793358774174507,0.05394816305677829,-10.44,-38.25,-2.5,8.638228375224163,0,-282.720610000906,605.9282629699065,-16.18305303998204,-29.00045677972613,-0.6714381707937352,-7.231181707480726,2.2902270153083215,DEAD_RECKONING
651,65.10000000000001,4.098461712383247,0.3933654291300086,9.697976295665708,-0.19358161622623926,-0.4366691738853385,0.048604119553109906,-11.44,-39.37,-4.69,10.07607695675214,0,-286.0008155422128,606.6640975900141,-16.513142311813354,-29.62627987237802,-0.3669901039912362,-7.031872451024554,0.23079735802538792,DEAD_RECKONING
652,65.2,-5.764504371283752,1.4110143128397266,11.564803283342608,0.1394312323097135,0.12709742005496766,-0.16721033841232966,-12.12,-39.06,-5.25,8.815059958095883,0,-289.1281686444441,607.2275263739502,-16.798253706909595,-30.345522174876837,-1.0005428064756225,-7.36504476516421,1.6369565661140602,DEAD_RECKONING
653,65.3,-0.641957478423386,0.19407386364559548,8.33142542674097,-0.40664797223481314,-0.3905272681234647,0.004091396991015314,-13.5,-39.12,-7.25,8.618602457981238,0,-292.5743979347685,607.8433473638675,-17.182935797855354,-30.903786755002788,-1.068685582831846,-7.550746357525722,359.9290392521493,DEAD_RECKONING
654,65.4,6.736053118570052,4.760007850717369,10.723352883073078,-0.5663128261523818,-0.7883950483122418,0.22254334573749932,-13.44,-38.37,-7.94,8.759653769000206,0,-297.0186330604564,608.8928328770518,-17.852492823865724,-32.40674531269765,-0.3778141518504051,-7.455719387561952,354.65259806393817,DEAD_RECKONING
655,65.5,-2.048505603713031,0.954420658642542,11.05429580606167,0.3187464810890266,0.12372847987435737,0.14909954413526402,-12.25,-37.62,-8.0,8.742595376227891,0,-301.51694121116964,609.7774794531025,-18.69029035799144,-33.566218129695294,-0.6157801339711526,-7.9264799172943246,354.142362467355,DEAD_RECKONING
656,65.60000000000001,11.81313469080115,0.6282064563755283,6.934672689836093,1.0968695625707252,0.9862201491894804,0.14103106054548836,-12.62,-37.44,-7.37,8.790560332553873,0,-305.2033329827029,610.0887309022728,-19.5099035490491,-34.17731073602926,0.16600848913275001,-7.626230365834042,357.2482503096701,DEAD_RECKONING
657,65.7,-4.836090817737839,-0.566518626605321,11.268643432920442,0.845830251515222,0.8465450359405224,0.06780492420286018,-12.19,-36.56,-6.12,8.634416275114557,0,-308.2447627587322,610.0218983022512,-20.238671570834146,-34.39993805120688,-0.7091648696031285,-7.939692697919714,359.3488607193919,DEAD_RECKONING
658,65.8,9.922410014602015,-0.6519282162262986,10.76352573987788,0.5352152890738694,0.5168494028799567,0.12693887932468362,-12.62,-34.87,-4.94,11.596589244280139,0,-311.2298892600418,609.977166643801,-20.918628520643864,-34.54938131644319,-0.2807541873244303,-7.371150723090219,359.70646587515535,DEAD_RECKONING
659,65.9,-4.353905777637758,-0.6234124021608468,10.349167285645962,0.7520512820274164,0.8529490048233118,-0.1804289454933469,-12.87,-33.75,-3.81,15.085882329781498,0,-313.64239772035984,609.653214946165,-21.38059721214667,-34.3682152808892,-1.1206647922269752,-7.493012868398497,2.376997649202982,DEAD_RECKONING
660,66.0,-3.4613905135145204,0.9502716242241492,9.794551356909928,0.00955647486394422,0.14429859255854705,0.09294778089764826,-13.44,-32.69,-4.75,15.085882329781498,0,-316.2423522517851,609.5089209909718,-21.820138899657305,-34.3381451139215,-1.6881644296612635,-7.525642978434492,1.9134578645078077,DEAD_RECKONING
661,66.10000000000001,10.133219400368214,2.901294997352369,9.687840313111037,0.6490911605713898,0.6765217129975903,-0.17141317659646882,-11.94,-35.87,-6.37,17.211464636030666,0,-318.41571329553676,609.2670742003312,-22.0470801987375,-34.31848144119268,-1.0126567245145068,-6.969948969680296,3.767873537287522,DEAD_RECKONING
662,66.2,-6.071282553182072,-1.7539976907888164,8.946727605674294,-0.772964893621583,-0.7549224776436975,0.03668931693116977,-12.69,-38.37,-6.56,15.031460726305918,0,-321.0925697581084,609.333020470833,-22.267127998151825,-34.04518749987602,-1.639533856138907,-7.004349410724116,2.400540211770165,DEAD_RECKONING
663,66.3,7.892462853681957,0.21666079653915493,9.468871990500954,-0.02648558480144568,0.033687288502732615,-0.027206991584133085,-13.12,-38.62,-4.06,15.13892878399052,0,-323.80435476786107,609.5335627150089,-22.385619930289742,-34.029643614855,-0.9571880928301371,-6.480165837142078,2.511099035772064,DEAD_RECKONING
664,66.4,-0.8973334352271103,-2.166402420949965,10.531818137269825,0.5988612144663084,0.6270165037484678,0.0017233209177215257,-13.5,-37.44,-3.12,16.78084496735737,0,-326.28118364578347,609.7126003790147,-22.4266876317616,-35.64043800824924,-0.5292019170625326,-8.466578223049313,3.298630021893731,DEAD_RECKONING
665,66.5,5.637136095847806,1.1796738171334629,9.764570819655082,-0.3600800582901073,-0.3225829726278914,0.08770779550499505,-13.75,-35.81,-2.06,14.962959878287942,0,-330.1742056377925,609.9939584332986,-24.51713494309933,-35.73803387319713,0.06989230653317913,-8.169641633331088,2.206116774888903,DEAD_RECKONING
666,66.60000000000001,-0.539370642034907,0.5155422960150811,10.42506916147468,-0.3555624515810357,-0.17781979860307415,-0.09557129407121014,-13.06,-34.19,-2.94,14.25099856283567,0,-334.18396009607,610.4168628582703,-26.43987163576721,-35.92546488823323,0.08861653965370209,-8.061185186054207,2.3933820217533377,DEAD_RECKONING
667,66.7,-1.729869659898719,-0.5922214656516515,8.94187964330673,-0.16770710384927415,-0.11264959138675858,-0.1106567977075295,-12.62,-33.94,-2.56,14.020055399384672,0,-338.16524716083455,610.8482931245996,-28.158479541884255,-36.02892520609135,0.02607367690633078,-8.106903310807656,2.7602332114265122,DEAD_RECKONING
668,66.8,0.6325786446035148,-1.3023073127018212,11.048303579358912,0.17736692707417043,0.1003295788987352,0.06053130411835171,-12.87,-32.94,-3.25,14.401899880341679,0,-342.11940445140254,611.3442927216353,-29.583341998719774,-36.1873356866102,0.11095417157661103,-7.845216173819384,2.4459372326223208,DEAD_RECKONING
669,66.9,3.6035209768939156,0.5434614432412692,10.2874961807427,-0.15959273689258854,-0.2678821968064089,0.05182940251734932,-12.62,-32.87,-3.87,14.120774639327323,0,-346.6512183662641,612.1176451874472,-31.06836743283616,-36.68723017454109,0.6251301585889221,-7.588085326908401,1.5133641782857592,DEAD_RECKONING
670,67.0,0.27623539017659426,-1.0619677422628477,9.878960692988262,0.23750111476452873,0.17343701772534068,0.014002905703674942,-13.19,-33.94,-4.81,14.397596014595496,0,-350.8050414759712,612.6616074655603,-32.25617042896958,-36.96351950876183,0.7461766881926916,-7.4927004345605415,1.6242943030850363,DEAD_RECKONING
671,67.10000000000001,-1.7388990825378685,3.356295953506137,9.530547631339308,-0.46530839118093836,-0.32175868019703696,-0.06249506232069636,-13.44,-34.12,-4.31,13.673454546531337,0,-355.38931099714097,613.2447337209345,-33.61601454322437,-37.75189977126294,0.7434111844966396,-7.63681958847739,1.2773892778602347,DEAD_RECKONING
672,67.2,-7.902096973766123,-0.9693128321624169,9.743155455528848,-0.2884375978523088,-0.16739145508933073,-0.08035933616118504,-13.25,-34.62,-4.56,12.742700697513282,0,-360.0110496277311,613.6296314438013,-35.01098294750027,-38.144992680936134,0.015760871815056365,-7.938442187635063,1.287622404870833,DEAD_RECKONING
673,67.3,2.53248691534181,0.825081933769222,9.951484174543522,-0.6332018297054002,-0.6084444936330035,0.12994437665944333,-13.56,-35.19,-4.69,11.339959243037098,0,-366.3707283765821,614.5654127651836,-37.012582090216824,-39.261449614724604,0.37678370240102593,-7.874065819644397,358.7440968172696,DEAD_RECKONING
674,67.4,4.512863294059527,1.9198532783275817,10.736866547500021,-0.47214164210892706,-0.44668851978020296,0.06971489140246141,-14.19,-34.5,-5.0,9.22793089326951,0,-373.6162242580447,615.3936117508131,-39.4624739856614,-40.86182848239575,0.7907220464341094,-7.912506845343802,356.73618256466455,DEAD_RECKONING
675,67.5,-3.5129572611915267,-0.10886331504564141,9.514024244223839,-0.32472324709116074,-0.10765310361309434,-0.045806463310774356,-13.94,-35.69,-5.12,10.132051520258095,0,-379.52996863802804,615.1423953980922,-41.62675939494181,-41.78261965093467,0.1189110361984809,-8.495971146725942,356.48084916301946,DEAD_RECKONING
676,67.60000000000001,0.10171308678456228,-3.356626277529266,11.531508753453592,-0.003150835034385538,-0.00883081119342713,0.005354345174914558,-14.44,-35.5,-5.0,10.161967790448278,0,-384.74792305296717,614.5468323108851,-43.45112735778639,-42.367686924184206,-0.515332876154093,-8.567678061770826,356.2580697203626,DEAD_RECKONING
677,67.7,0.5396406056413884,1.7071185970581308,11.236692550849707,0.0799471870389683,0.0992515124931314,0.03020570397097212,-13.94,-35.75,-5.31,8.80969006053925,0,-389.3106819844609,613.7762489021156,-44.86222547072971,-43.185449041677636,-1.0353247684870104,-8.843925516119775,356.28106209133637,DEAD_RECKONING
678,67.8,-1.9609382233505608,1.8734104228403294,8.707735372747381,-0.01719230145303509,-0.21264185092841206,0.13603528220460656,-14.0,-36.12,-6.0,10.209121494151983,0,-395.0101967570608,613.773146180802,-46.38057542557968,-44.15736049100106,-1.488380925452887,-9.480128528249578,354.49749221865284,DEAD_RECKONING
679,67.9,5.789814866727155,0.9174230580762013,10.289452684741562,-0.275012806669331,-0.020462446011479608,-0.08918550594734817,-14.25,-37.06,-5.75,10.379144110778089,0,-399.8863509344162,613.2125113377513,-47.76846499831648,-44.98798624087592,-1.5450247382360465,-9.579318167109351,354.80186927699407,DEAD_RECKONING
680,68.0,-1.6777915021870626,1.8051252692520816,10.536860128496368,-0.2604642933761728,-0.3716841892900303,-0.14705680979765576,-12.87,-39.5,-6.06,10.47097939895147,0,-405.62144767364117,612.9358487040793,-49.51196216720073,-46.05423532964595,-2.164665203967998,-10.19492846686129,353.9929289577477,DEAD_RECKONING
681,68.10000000000001,6.1103718538056455,2.7153302364229885,9.702899357170867,-0.5645479952642877,-0.55997928706176,0.05728637800451873,-12.06,-38.44,-4.81,8.599375555544567,0,-413.2023390726186,613.2726630822945,-51.88206426116567,-47.782264076564736,-1.9745368809274748,-10.688979319331441,350.8510477379389,DEAD_RECKONING
682,68.2,-3.3672035401333638,-1.6098549442018852,8.91767162873483,0.049389009653944535,0.03446492692811049,0.06454381873768067,-10.62,-38.31,-3.94,8.582990917130411,0,-418.7191494037315,612.442550863534,-53.71845241770589,-48.32714596464717,-2.9281420696260296,-11.489368507506976,350.46288479303763,DEAD_RECKONING
683,68.3,-7.607935331405443,2.2413962152250773,9.299076913840828,-0.4747080378908578,-0.6088217924473092,0.15528378473960996,-10.69,-38.37,-4.06,9.85912425459276,0,-426.8622680994997,612.9603131963853,-56.20958636800846,-49.74020562434812,-3.8744942854038835,-12.816136075665952,346.10886635071967,DEAD_RECKONING
684,68.4,-1.9534179238211373,1.968046817769457,9.785185774320375,0.5233376694350709,0.6560381815828915,-0.012812027773987726,-10.12,-38.31,-4.37,9.29235803847789,0,-429.2843743900334,610.5551556870215,-57.208789329737385,-49.64782686383739,-5.097572669099142,-13.51368648519788,349.5237745411089,DEAD_RECKONING
685,68.5,-6.846283328959907,0.2110354003420864,10.147953229070783,0.03681576304704686,-0.03276821340453988,0.03241301870449947,-9.37,-38.94,-3.56,9.139505909669879,0,-433.955141880478,610.1059826976373,-58.2736473141581,-49.929794441970145,-6.23976699527195,-14.223104005795301,348.9927176995208,DEAD_RECKONING
686,68.60000000000001,8.790791890374406,0.006583385442587223,10.009297113142546,0.8371861372026032,1.0082391244888043,-0.05896617272499183,-9.62,-39.0,-3.0,10.111208601788968,0,-433.42837967608085,607.2952915398341,-57.734218032599955,-49.208790902531256,-6.572628737921875,-13.698913756226618,353.6787741749828,DEAD_RECKONING
687,68.7,-4.4083291637541215,1.0756091265502292,9.674699977305588,0.5279698822370107,0.611269101279062,0.009528340470667595,-8.62,-39.37,-2.06,11.560138882071765,0,-433.6399423601351,606.0212914462934,-56.590349344199794,-48.45712020096578,-7.464446240887602,-13.691292220195262,355.6963389715518,DEAD_RECKONING
688,68.8,5.979628118765206,-0.6419960701891357,8.96996254769964,0.2784930930492338,0.33240243928979896,0.07696346846434536,-8.87,-37.62,-1.31,12.512869343817673,0,-435.5434604095656,606.2113788686235,-55.46010838782622,-48.1530522259317,-7.0008355339299655,-13.084098036243589,356.1587250717426,DEAD_RECKONING
689,68.9,4.233530126198049,-2.2520189722584365,10.187208502782378,0.5368175128968916,0.6594082194066534,-0.10188119564543034,-9.69,-35.5,0.44,12.76495174238308,0,-435.6506716664903,605.6528629143819,-53.75572756717161,-47.28181375762333,-6.818489326036348,-12.263638022102345,358.4997253544205,DEAD_RECKONING
690,69.0,-2.3288545580807987,2.451470180837477,7.8835735095051245,0.4839825903827167,0.7072558698811612,-0.12682179120749476,-10.37,-33.44,0.63,12.151192440422284,0,-434.64842580709234,605.1574717022197,-51.36986744111902,-46.32603027297748,-7.027243118503476,-11.867335000192682,0.7755154352769533,DEAD_RECKONING
691,69.10000000000001,7.27420632519264,-2.5410716725648066,9.989156137703329,-0.17419486154991037,-0.052086847967169204,-0.0766197133801254,-10.81,-30.56,-0.44,12.39252876969394,0,-436.5092119802238,606.6065922582575,-49.463655731411166,-45.81089017324072,-5.936994738437437,-10.863341178982614,1.0030692992073726,DEAD_RECKONING
692,69.2,-5.258599103328094,0.709518222975767,10.236027261674437,-0.8609368285882275,-0.9109317299099122,-0.15899349239443497,-11.19,-30.06,-4.94,12.42588218226346,0,-442.5337341163369,608.8363297857954,-49.521199363408755,-46.70784427000507,-5.880010651707031,-10.846015125761175,359.5214780333874,DEAD_RECKONING
693,69.3,-2.932510320714573,-1.3743978018162688,9.678236004110724,-0.671224662444922,-0.6502687941740227,-0.0399505675699741,-10.94,-32.19,-6.94,13.09275289832552,0,-450.98056149705474,610.5979740361917,-51.201961303847035,-48.0527850735433,-5.824619105202483,-11.117836961711555,357.5175410399299,DEAD_RECKONING
694,69.4,-6.948394759799854,0.9238312165855169,8.713620785026627,-0.5074968174157948,-0.4120075197223168,-0.0891853912090102,-9.69,-34.31,-6.94,11.967984599555198,0,-459.8947645075561,610.8256134672414,-54.086792869807894,-49.58907423454391,-6.474610574569581,-12.047153047055028,356.32844486336774,DEAD_RECKONING
695,69.5,3.8046930926035505,0.21825430652113983,9.834222700283933,-0.555869604040003,-0.6100890306482031,0.09173400671041361,-10.56,-35.62,-5.06,8.815166987804014,0,-471.47951164520754,610.851888702671,-58.53102050295223,-51.92125412600414,-6.361794453158112,-12.768399750551303,352.9374095838981,DEAD_RECKONING
696,69.60000000000001,4.333511000093747,-0.6050820509250119,9.601718091243614,0.07971317927400837,0.1698008965636275,0.03650170648364365,-11.06,-35.69,-4.81,9.518006445232746,0,-477.75536139280587,607.4891987785688,-62.106071385049894,-52.84224001596479,-7.008943274590711,-13.385381307869286,353.35061650835326,DEAD_RECKONING
697,69.7,4.002770653078134,-1.0193546493929575,7.706158309275603,-0.4722162638840377,-0.3152904396063519,-0.08178140874449549,-12.06,-35.87,-4.12,8.998171587795289,0,-485.09238276212,605.6088818944402,-65.35990336389904,-53.89945513257512,-7.258453891073096,-14.08779437570294,352.10923894142206,DEAD_RECKONING
698,69.8,6.20347546531277,-1.8820700154585972,10.404643528164442,0.7645333407081896,0.9104513554459148,-0.17016600809877228,-12.5,-35.37,-4.06,13.773337516191216,0,-482.8172267070908,599.7221295053923,-65.67807647829031,-52.697801261415094,-8.28566892836969,-13.768304636113772,357.10631544703523,DEAD_RECKONING
699,69.9,-10.161673844956429,0.9927204187415947,10.268211486375899,0.19703599406654815,0.06647028069146092,0.07944097700183196,-11.94,-35.31,-4.0,11.824290444957224,0,-485.58845898661207,599.087900067682,-65.38109727360887,-52.545650070158565,-9.479654435914693,-14.131807118577282,356.7420939319274,DEAD_RECKONING
700,70.0,6.060023759778444,-0.4610834407484003,9.92778437424929,1.0877773969885736,0.884058649354587,0.009390905286875124,-12.5,-34.81,-3.19,13.57150929514785,0,-483.7819255275409,596.5948024235636,-63.58865290819753,-51.29873180974198,-9.620379960530247,-13.23395576080775,359.602746387242,DEAD_RECKONING
701,70.10000000000001,-9.648179846874498,3.7020286857532687,10.349098062740769,-0.1439285614133637,0.25453092932301774,-0.15456802783059806,-11.69,-35.06,-2.94,11.777474542717574,0,-483.91215124993596,596.847520853971,-61.120970991114945,-50.670294475543024,-10.505115782899903,-12.912160924716641,1.1559194869745746,DEAD_RECKONING
702,70.2,2.24692416559,1.4873611749485638,11.528312254156864,0.5534875597678682,0.8196420906173328,-0.25640622939128926,-12.5,-34.69,-3.31,12.377370556853451,0,-480.31994223521747,596.0979919796107,-57.15376640566676,-49.09961182583977,-10.545758333825216,-11.488206372350025,4.73233333714762,DEAD_RECKONING
703,70.3,-7.377470253256241,-0.08513170452525853,8.77506860629613,0.6051962800324153,0.8662142619764788,-0.12615020801992557,-11.87,-35.44,-4.0,12.77693631786017,0,-475.9359841024764,596.6031126263999,-51.8885830903398,-47.0197239800913,-11.041128665249133,-10.206907830978317,7.1420372878616805,DEAD_RECKONING
704,70.4,-2.1387904307215178,3.2571195931190995,8.311890789078845,0.15353186094100163,0.33615079340352333,0.2613779481329187,-11.94,-35.0,-2.94,11.040124696851931,0,-476.543188424648,601.3875298658578,-46.622888019658916,-46.41109893197654,-10.052627858709313,-8.838172505946693,6.054549020767465,DEAD_RECKONING
705,70.5,-10.781794991383673,2.46900878571668,9.973589913357566,1.2231564295854047,1.0719127458376805,0.06624586081114543,-11.87,-36.19,-3.69,11.040076101750758,0,-474.9219736837175,603.9737518263358,-41.523976319568995,-45.16334559564885,-10.488263784036668,-7.511363629892754,6.94452192437249,DEAD_RECKONING
706,70.60000000000001,2.927762614675841,-3.5891897518335196,7.227135852980744,-0.26393197246932176,-0.26921585458204644,0.12942189749077093,-12.5,-35.69,-3.25,11.002386093455936,0,-478.6937547208117,610.0027835868174,-37.21133531878642,-44.50533375182928,-8.796550875394223,-6.218127271411838,5.817679804749506,DEAD_RECKONING
707,70.7,12.101263815059465,-0.39246162687394615,10.373194040880751,0.7183708370675508,0.7811913166688822,-0.1301034865482255,-12.75,-36.37,-2.87,9.814317528355845,0,-491.05832248477026,636.3642096506165,-24.66550770114973,-46.17363569814219,-1.894782987467421,-2.7764950977721075,15.130462704419323,DEAD_RECKONING
708,70.8,5.1996525612403035,-2.0479178909140514,11.507693136961086,-0.5507977782728539,-0.5608761359154307,0.13436858862942336,-12.31,-35.25,-3.5,10.949267094804345,0,-485.4597054022236,638.1478697569685,-18.231626781480006,-43.647742965150925,-0.9795190177207933,-0.9699370435436825,13.89744423010655,DEAD_RECKONING
709,70.9,6.218497177613919,0.695826213348611,10.551510378274035,0.24284857324571324,0.2202434564284078,0.09320171872336626,-12.75,-36.5,-4.37,11.649484669752013,0,-482.99093215977865,642.206192006401,-12.076989810031016,-42.149138372995466,0.5059188819401078,0.5812685916902544,13.417399034731577,DEAD_RECKONING
710,71.0,-6.825690006664034,-2.366098116774119,10.54224171486903,-0.7771468691583476,-0.8489857676990745,0.20852510640637745,-12.06,-36.5,-3.75,11.06157774553411,0,-486.360931422825,649.0401957299719,-7.1764456479011765,-42.02135630917245,1.2615752342861715,1.5667809062624158,11.274529085559553,DEAD_RECKONING
711,71.10000000000001,3.964934366848455,-2.967524964473301,9.438850090546612,-0.3104212896251542,-0.39986489031079525,0.048943870343402716,-11.81,-35.69,-4.19,13.796389015788284,0,-491.9150618756771,655.6595144194827,-3.5092921865495197,-42.21434363032132,2.9282331538627657,2.4404712075096064,10.33364825236992,DEAD_RECKONING
712,71.2,-7.554129015699159,-1.3708742892965329,9.361152855664617,-0.5645853935954396,-0.7185502128017839,0.06320162198229982,-11.5,-36.44,-4.94,13.726431282010774,0,-501.2988038899592,663.300176937705,-1.0938695557947953,-43.706727933365016,3.8222970172788306,2.6626676008376906,8.609212857538285,DEAD_RECKONING
713,71.3,1.432556067209706,-2.88422158513495,9.647813112417875,-0.751425115063783,-0.7384431595697809,-0.051165677323565854,-11.62,-36.0,-4.56,14.243171875785084,0,-514.5320195114505,670.6885728778483,-0.7330688607024894,-45.94892673996644,5.536938255280985,2.9106273691981386,7.131059361508352,DEAD_RECKONING
714,71.4,-7.981296540206293,-2.1052979806838747,9.729492695398845,-0.031885843967449846,-0.09218802633770472,-0.1434502379030516,-10.75,-36.19,-4.5,12.422288607053014,0,-526.2254918033926,673.6763312990477,-2.3747280312546186,-48.06974112709737,5.585748103495787,2.364063197624122,7.645183316092907,DEAD_RECKONING
715,71.5,1.1898110595627132,-1.1582448729669557,10.920470136252744,-0.6319232632632801,-0.6513791608610623,0.20672698939090053,-11.06,-36.81,-5.12,14.15560629331833,0,-544.7851215618947,677.5821214369945,-7.034392928959227,-51.780781325182595,6.651375865469313,1.781982509045473,4.321050875057407,DEAD_RECKONING
716,71.60000000000001,7.965126671242747,-4.51205807961698,10.818205640826974,0.4706237833502936,0.3924001181659246,-0.018325441561510083,-11.25,-37.06,-4.62,13.68124879701401,0,-554.2750667851031,672.994235270352,-12.528870081744,-53.099111910095075,6.459522739711938,1.3818002199433495,5.490343357326239,DEAD_RECKONING
717,71.7,2.5537857009877327,-2.298809821918669,9.945954212949147,-0.23127460128285715,-0.06625655624181095,0.042814338210828376,-11.37,-36.62,-4.69,13.48642006907826,0,-546.3111887228097,647.606594479996,-21.674884361452033,-50.478691465609785,1.6693645181679617,-0.2926986296436316,358.5892390798908,DEAD_RECKONING
718,71.8,4.737632033414608,-2.7860112498738503,10.601322067626288,0.37581242236334733,0.41752559461804123,-0.09621668793013036,-11.62,-37.44,-4.0,12.922776704826768,0,-566.1181017310593,659.9678186567476,-21.152985026135596,-53.77395208532185,4.434001932383811,0.2488522847466328,0.21394535874794002,DEAD_RECKONING
719,71.9,-2.112593921948433,-1.88883595408315,9.578992331634332,0.25622035684135697,0.23344450620250792,0.022501805793200606,-11.25,-36.94,-3.87,12.689331870772103,0,-575.2172324715813,661.4334623893137,-22.378146534102786,-54.76448784472154,4.361093933691898,-0.05346386143192214,0.5263863981335797,DEAD_RECKONING
720,72.0,4.079268641102135,-3.1662372009313247,9.72971258522878,0.33808427255951046,0.37434855993010263,0.018706157439864677,-11.0,-37.25,-3.37,12.59547408141571,0,-580.0068714213676,661.004128589815,-22.581651113447457,-54.64482261610251,4.3962572907643205,0.13257742829723354,1.1282618711992587,DEAD_RECKONING
721,72.10000000000001,-3.586167440220103,-1.3531276446751062,9.124367526460187,0.3993386019127608,0.38045793335768413,-0.09256739149161272,-10.56,-37.75,-3.69,12.371425979732251,0,-582.0203796105374,660.3701420296211,-21.38565843653729,-53.95869367187274,3.7226934154382483,0.19368460642503504,2.317723980260488,DEAD_RECKONING
722,72.2,0.6564139979410176,-3.054918940209719,10.086658234621368,0.06621115076139578,0.2729965106376995,-0.06305139724456663,-11.31,-37.31,-3.31,11.398731497359217,0,-584.0003049262373,660.8793035035823,-19.380697569000787,-53.09874371381359,3.637086609949855,0.7364743249298962,3.0609802850867265,DEAD_RECKONING
723,72.3,-3.261031133739733,-3.634343159000789,10.308478217826543,0.36535085503686904,0.35376373948646495,-0.16069545528228618,-11.37,-36.75,-3.12,10.724661311532989,0,-584.0993956859612,661.2200187468736,-16.461429229434415,-51.76057323239005,3.173366831378624,1.3622688255905748,4.471715851984512,DEAD_RECKONING
724,72.4,-0.7802419742817824,-0.665182876043925,11.314739690023224,-0.45973683373675994,-0.17467918910545288,-0.1653243920271905,-11.0,-36.81,-4.37,12.135538627179002,0,-586.1140787208748,662.5359958898619,-13.769465717061891,-51.31834612605775,3.172886318211201,2.0501528498996437,5.105294637056353,DEAD_RECKONING
725,72.5,7.604024373778478,-4.04422063432155,9.394083853357422,0.4018036457025873,0.22038236440791217,0.10634765516027088,-11.0,-36.31,-4.0,12.176773242386995,0,-589.855528074029,665.059361477109,-11.292951745788312,-50.77280384263881,4.2098519279060564,2.8365261141901343,4.6825142744095185,DEAD_RECKONING
726,72.60000000000001,-1.1191215967778938,-1.4872836697169762,10.707666262422382,0.2669225884324708,0.5459900726912535,-0.024622191354741963,-10.87,-37.12,-3.94,11.22339499701024,0,-591.1697922317767,666.8425018667766,-8.195191486367495,-49.802688660382465,4.296363681243232,3.4556807287126357,5.432348161652566,DEAD_RECKONING
727,72.7,3.8095387024154017,-2.5161852222949332,11.576756700903054,-0.22395877590107297,-0.2495533583318758,0.1521183685232502,-11.31,-37.37,-4.25,11.362782811411591,0,-598.2304222446321,671.5011585790824,-6.083233617104733,-50.067017999921674,5.425296607128366,4.190525620711059,4.092475070679593,DEAD_RECKONING
728,72.8,2.593547809767808,-2.0910575381847583,10.100855514779395,0.1600933625632735,0.036484346278532476,-0.06035020911158798,-11.62,-36.5,-3.56,11.163272910082817,0,-603.6907760486797,673.9843300699871,-4.524474106421759,-50.14099249395173,6.088962893395886,4.600522545408095,4.39930462545567,DEAD_RECKONING
729,72.9,3.0999431645127773,-1.3769191044372238,10.003032142636867,-0.23904578854301523,-0.06677466575898178,0.04271328824410888,-11.62,-37.5,-3.87,11.630023159874941,0,-610.5955228833716,676.3517188708639,-3.7492796557114407,-50.64416995074271,6.784249331468991,4.849147436860677,3.9445372564557757,DEAD_RECKONING
730,73.0,1.5057022617242302,-3.52823140210906,9.904169855783476,0.08448288313263072,0.23432498440972163,-0.06272450987438634,-11.37,-37.12,-3.94,11.673416785504935,0,-614.3559325111967,676.6927894047751,-2.7633893896416493,-50.24173068532541,6.903789989588311,5.088615140294704,4.542082217187086,DEAD_RECKONING
731,73.10000000000001,-1.178324204081373,-2.8043118401738263,9.734379223819918,0.13416173798950712,0.15055710615614304,-0.0682935271129169,-11.62,-37.44,-4.0,11.673416785504935,0,-617.0338214768691,677.1441684200961,-1.1437021807743082,-49.64821284471714,6.7996981241612735,5.334907103058214,5.042796674001389,DEAD_RECKONING
732,73.2,0.9997828728043862,-2.2469231660865123,9.721748403602655,0.013239170949450806,0.056301073217741554,0.029844656257054146,-11.75,-36.94,-4.12,11.673416785504935,0,-621.4131420602453,679.0882092509969,0.5794255761233024,-49.414195929640734,7.176371768079959,5.673679238596089,4.830980209130901,DEAD_RECKONING
733,73.3,-2.013984780669839,-2.8547282783995134,9.817269533823364,0.22130537701974273,0.3134138444225461,-0.1005267239415947,-12.12,-36.19,-4.25,11.673416785504935,0,-622.7226451103919,679.910861570999,3.022908124329411,-48.405369761955306,7.0035389513302135,6.027553998001648,5.693255744375313,DEAD_RECKONING
734,73.4,-0.6370390073195682,-0.883001934406,10.450583588345129,-0.24909802962962094,-0.1641036395043013,-0.005432047135548185,-11.94,-36.94,-3.19,11.453371950897985,0,-627.0746761484376,682.8224329937294,5.491516345276162,-48.3412304245314,7.420981354195394,6.522852405919073,5.4347030832802705,DEAD_RECKONING
735,73.5,3.320649154314161,-1.4583479519677944,9.215119806868708,-0.0051808028671552365,-0.06192930188281734,0.11417272375641457,-12.25,-36.94,-3.44,11.631530409704828,0,-635.0734708751601,686.9771502660376,6.92459750895002,-48.96573417028021,8.455970530332696,6.855447885440774,4.572452420161578,DEAD_RECKONING
736,73.60000000000001,1.4918287912438417,-0.7173387578794246,8.749524313016106,-0.010587431448661698,-0.15571178759550805,0.07078351149195185,-12.19,-36.81,-3.81,11.699560952413494,0,-645.2761825905563,689.989977031837,6.60846468187111,-50.28901831316606,9.1665735153423,6.78779257624637,3.843077180500115,DEAD_RECKONING
737,73.7,4.235182306913228,-0.5763536549656848,10.586144267938957,-0.14714140249396646,-0.14349237529898348,0.03432121651637998,-11.75,-37.0,-3.75,10.935715966429893,0,-638.3106708386939,667.7804607200176,-1.2491596291477007,-48.49542174355764,5.624904158614257,5.473397096685994,358.2887376302995,DEAD_RECKONING
738,73.8,-1.1351474902927627,-0.9839929726706754,9.915192171360914,-0.1270235734407326,-0.19062004134677146,-0.06931191547852321,-11.69,-37.5,-3.75,10.808294456637393,0,-658.8869055862931,676.1825638335112,-3.1451688056294853,-51.75976526421418,6.69327058906076,5.16885077257181,358.32500863750477,DEAD_RECKONING
739,73.9,2.6300249920349277,-2.4397698922929254,10.076809740385727,-0.23438383407065583,-0.1495668193515004,-0.044506121774593115,-11.69,-37.12,-4.5,10.827696755890427,0,-665.4437722930375,674.6406532098607,-4.626039417744239,-52.30760831613159,6.291214089877051,4.930159696178562,358.2503017123469,DEAD_RECKONING
740,74.0,1.3826156521453064,-2.0485476193967602,10.489037361908226,-0.005403308720483622,-0.11797037223368,-0.00849385247800593,-11.56,-37.19,-4.12,10.384507627785002,0,-662.0808324787171,662.2228279826652,-8.13259266649241,-50.87076339681137,3.8424082359442386,4.221626628966343,355.2241936816868,DEAD_RECKONING
741,74.10000000000001,0.5139267694307427,-2.3086733536922104,9.222214549749646,-0.04233880165202484,-0.06422219845084197,0.0013546589279839715,-11.69,-37.06,-4.44,9.910516465852739,0,-664.6511175237954,657.2514014695157,-9.84003614442528,-50.38717053173966,2.570091063026874,3.709979440879267,353.5331416562636,DEAD_RECKONING
742,74.2,1.312295926627892,-1.3147748614910268,9.937855644179338,0.02827315362981539,-0.03653273443867529,0.03445806289184123,-11.62,-37.0,-3.94,9.914962010558076,0,-671.1636148636507,658.0126374549175,-9.846474549157032,-50.77761213222994,2.287041285450348,3.5745785087901503,353.14590121686706,DEAD_RECKONING
743,74.3,-0.07790495287829786,-1.1247079211473234,9.745731614426157,0.09696162112528914,-0.032368599560130946,0.007556308045055898,-12.12,-37.31,-3.5,9.430497239337972,0,-676.2976045556253,658.1571230576309,-9.550031222846878,-50.90824148708102,1.7880569945580937,3.3949383814577687,352.9315139890203,DEAD_RECKONING
744,74.4,1.0601571822000269,-1.576419830690864,10.065793807566013,0.08262273801367519,0.03557547491812319,0.06502959901055505,-11.81,-36.81,-3.25,10.033464659651786,0,-681.492742482516,658.3215751109038,-9.288455956511246,-51.021439746690206,1.4194928527116781,3.3162321808791764,352.47414613753745,DEAD_RECKONING
745,74.5,0.37563481195639864,-1.7631582177716107,10.226035903865727,0.0083057005361979,0.016768739501550636,-0.0007243715428820479,-12.44,-36.69,-3.12,8.523834611800197,0,-686.5166126269178,658.4189395936252,-8.937422967935149,-51.03217320740402,0.9120473572369627,3.208549311020254,352.39225415668625,DEAD_RECKONING
746,74.60000000000001,1.5571735085998668,-1.776683600858232,9.859377326512877,0.015871139924713142,0.07553820077807472,-0.029140644136694187,-12.37,-36.44,-3.06,8.647535642240543,0,-688.8540073805347,655.4380546003304,-9.248698196736557,-50.55494158246233,0.10833627891917119,3.0251959274065894,351.8818073903188,DEAD_RECKONING
747,74.7,0.45480508825354526,-1.8464117116507264,9.423931582029748,-0.009555994965683955,0.03956753156568631,-0.03462532896615193,-12.25,-36.62,-3.94,8.206787208121709,0,-693.88135473772,655.673679168685,-8.78573657994638,-50.553653666066346,-0.25962505024693694,2.904874153991586,352.04485313717123,DEAD_RECKONING
748,74.8,1.7333654625838848,-2.382787230654656,10.04866379010416,0.06282464186764017,0.03169054156017939,0.0012743428994179155,-13.0,-36.12,-3.5,7.484388060127152,0,-698.7808660727526,655.643096696139,-8.418087744358694,-50.50195871847829,-0.6064693380113515,2.8733834466307617,351.9740964761379,DEAD_RECKONING
749,74.9,0.4824658340699537,-0.7990856057028461,9.933615484994055,0.08380904169064435,0.055908965728893464,0.01966626761796077,-13.0,-35.87,-3.12,5.942033519742916,0,-704.2141318050285,655.7515878579011,-8.176680145949632,-50.646391716317005,-1.1277971468600594,2.6862104878151083,351.8760142546488,DEAD_RECKONING
750,75.0,1.0969383958548635,-0.1521033911992752,9.798741748004437,0.024762610166175012,-0.011442236758496998,-0.004419089919943479,-12.0,-35.87,-4.0,5.675157267496374,0,-709.5058529567385,655.6216169299056,-8.023095288320416,-50.81218642406096,-1.6057429160841652,2.498868666926677,351.77564658180813,DEAD_RECKONING
751,75.10000000000001,1.1395757003642206,0.41041355891043413,9.905541753170388,-0.016329012857158518,0.006786332644771188,0.006232096625154704,-11.81,-35.81,-3.19,5.513279334509941,0,-714.7312368456325,655.4691775759547,-7.827485595852569,-51.02758225778242,-2.068459136814795,2.3265288323558138,351.6364127823818,DEAD_RECKONING
752,75.2,1.3138831296584728,-0.360320751860814,9.973024286412688,0.015005257020815772,0.007928836158764477,-0.008081820271864994,-11.62,-35.62,-3.37,5.519799490949878,0,-717.0284788135885,651.3928421048406,-8.748898786370255,-50.63574357284709,-3.0677553157988324,2.0140385192966823,350.6706470123845,DEAD_RECKONING
753,75.3,0.9419599824365062,-0.05657268036742611,9.764609143909666,0.012598941932237154,0.027213939252747107,-0.03135615047380508,-11.25,-36.5,-3.62,4.542581574895723,0,-721.9609993148085,650.9723898138643,-8.548087301442818,-50.746098383713736,-3.5644041056362554,1.8335131429118605,350.79390582719253,DEAD_RECKONING
754,75.4,1.161096151104192,0.10963528038492466,9.621985361305947,0.003675955296863112,0.029626416510125802,-0.015104065592548553,-11.44,-36.06,-3.69,5.499719727368412,0,-724.3793363820974,647.4178085076851,-9.175124256458348,-50.44479753768051,-4.39037205748656,1.5582571379444983,350.04726660914264,DEAD_RECKONING
755,75.5,0.9059676158670738,0.371100117713197,9.655772627378576,0.053602254013129055,0.033535686969975984,0.0002146256363366534,-11.12,-35.62,-3.19,5.1894270813736405,0,-729.853357247903,647.147305612011,-9.121117824809037,-50.724721796292066,-4.756720102095599,1.3891591429184678,349.98423324042545,DEAD_RECKONING
756,75.60000000000001,1.8668100434054298,0.2605077911495881,9.66094338626363,0.039121419147512895,0.025660887270597028,-0.013706328041102856,-10.75,-36.0,-2.94,0.0,0,-735.9485442264829,646.7513735948777,-9.37576872185537,-50.951115595406186,-5.368317993815068,1.103742782990675,349.99580614133004,DEAD_RECKONING
757,75.7,1.4463810599478162,0.8803120737908379,9.636755970354459,0.07962145664061507,0.039637996702772765,-0.018110573149893176,-10.25,-34.81,-3.0,0.0,0,-742.85150128225,646.400836403315,-9.938062130251998,-51.36213033833765,-6.030558003389773,0.7438448419638259,350.0536914168344,DEAD_RECKONING
758,75.8,2.1518136765180973,-0.03458868002213405,9.993409477488852,0.06279045492703193,0.018224016677162884,0.006547059355684947,-10.0,-35.31,-1.56,2.761270101011975,0,-747.98700027385,645.7770141225544,-9.866552588903243,-51.51136257254525,-6.381466866149768,0.6550259988434809,349.92940060942163,DEAD_RECKONING
759,75.9,0.8578694985294348,2.007378924898732,9.50711205337169,0.05394166251583567,0.028897134537473668,0.041141617135825315,-10.62,-35.12,-2.87,3.0895429753709758,0,-753.125903460808,645.0790201908221,-9.834694873868019,-51.84260867787316,-6.814478984703851,0.4392465277913954,349.604478747532,DEAD_RECKONING
760,76.0,1.1670899849618759,0.8021243348077675,9.869443384938732,0.022269778136040138,-0.00844275444757261,0.07344540066681876,-10.94,-34.62,-2.94,3.7987415653760026,0,-758.6841030582357,644.236642678481,-10.065419558656702,-52.16206193467435,-7.21292536678223,0.2709337759021746,349.03059635324587,DEAD_RECKONING
761,76.10000000000001,1.5864882996005496,2.88132238535166,9.836735430360115,0.06866200396075979,0.03849810964581436,0.028287714043228426,-10.87,-35.12,-2.81,4.2887559705505485,0,-763.9443366126568,643.3651717300252,-10.181065074972794,-52.640321889657635,-7.555096788111431,0.10221075045330587,348.7977266057511,DEAD_RECKONING
762,76.2,2.8696807864712355,2.5765220952961436,9.521849872068378,0.06712013804727496,0.05377455832990152,0.020046793881784986,-10.44,-34.44,-3.37,4.326384205856235,0,-768.9989106599975,642.5692308558222,-10.148369952343987,-53.04756573954701,-7.7424191518297585,-0.016120383450326518,348.6346323154144,DEAD_RECKONING
763,76.3,0.5472574541188654,2.8188395852608727,9.247427370435393,0.1043591570625062,0.06325520007602287,-0.02293591071977478,-10.5,-34.5,-2.94,5.5620675433016125,0,-768.89187508985,636.5644614803001,-11.153842133576287,-52.4621742581722,-8.842517632869017,-0.38212788467391356,347.3339392063438,DEAD_RECKONING
764,76.4,1.4458189493379139,2.851361343520549,9.374201518231413,0.0649788216873303,0.05228583286607161,-0.02298248058037598,-10.56,-34.12,-2.31,5.618896979014776,0,-777.4766273665394,636.6847569015725,-12.149954249258299,-53.46223237689844,-8.966751173232645,-0.6618602435515406,347.43194333909497,DEAD_RECKONING
765,76.5,2.779912601144761,1.5186710822792082,10.039297402898546,0.11906723198212174,0.11560412748046164,-0.05006785373467462,-10.37,-34.87,-2.31,6.059144034743148,0,-780.9497688174204,635.970825801859,-11.449051976872846,-53.49899540503639,-8.957997898513142,-0.549980515498033,347.76302731292304,DEAD_RECKONING
766,76.60000000000001,3.7941202353992467,2.0481574248964978,9.931139427687807,0.11844556355125829,0.06307717804741274,-0.017452165613465374,-10.94,-34.56,-2.37,6.237371868451536,0,-784.1900998165067,635.6314452943869,-10.337306280191395,-53.549393881253735,-8.771927344513111,-0.3673418928192182,347.83240557569826,DEAD_RECKONING
767,76.7,2.206316723633252,2.3886471951959694,9.961791904667487,0.16679222359649679,0.11958080295401419,-0.005141567135558946,-11.31,-34.31,-2.0,7.08005062297522,0,-787.4434367283013,635.9335345267533,-8.991499905124112,-53.50210092574753,-8.623858849754365,-0.1785418780059692,347.8717459915302,DEAD_RECKONING
768,76.80000000000001,2.182645730062708,2.5635698294722715,9.336088008178722,0.013046873085503684,-0.07672743692476389,-0.004913199125533039,-12.44,-34.19,-1.06,6.775521297958351,0,-791.1559112164923,635.1719167988867,-8.007417068517238,-53.75622001563729,-8.594059270599624,-0.1289590851001203,347.74081342467093,DEAD_RECKONING
769,76.9,2.4435922401068364,2.4747228177114216,9.697575390250293,0.00027730871284664297,0.040715991575252,-0.03691600100121609,-13.0,-34.12,-0.75,5.79263901043295,0,-794.1717620216161,634.5479867068822,-6.75804149951963,-53.8219956559249,-8.555881921242296,0.0036378967758514957,347.9061115041875,DEAD_RECKONING
770,77.0,1.6420383577183872,2.6630884633112983,9.6904629233262,0.03224577588264678,-0.019002118649899535,0.011847760317513854,-14.75,-34.81,-1.81,3.533230020584741,0,-799.3033135395679,633.6497831777075,-6.617515465510442,-54.15073388224973,-8.872221074806983,-0.10543549998189831,347.71957350538594,DEAD_RECKONING
771,77.10000000000001,1.7242248209844957,2.5358138193552824,10.028274098780296,0.023659835446000796,-0.037110132119551734,0.03505296393655719,-14.94,-34.62,-2.81,3.5049634141002386,0,-804.8768252254823,632.5173135048159,-6.77939001522042,-54.54901272180972,-9.24454831469327,-0.22704926445890147,347.3737286695844,DEAD_RECKONING
772,77.2,2.7035515324062254,3.5944312196198096,9.59006501380707,0.015543575812112277,-0.04738735979170084,0.048488920208074465,-15.12,-34.56,-3.31,3.747546441494716,0,-810.7367957520273,631.2383397036374,-7.121464466138967,-55.11751488053013,-9.557665202881658,-0.39564966029282767,346.93449438044235,DEAD_RECKONING
773,77.30000000000001,2.1713196318711416,1.5009284601978743,10.2948398007749,0.06442789510719367,-0.005217776441050365,0.006948463216256539,-15.19,-36.06,-3.75,4.097861211705976,0,-816.2529839758613,629.9526962556574,-7.3065043444705005,-55.419786529012825,-9.878006677486107,-0.4611033549687374,346.7890525897134,DEAD_RECKONING
774,77.4,1.5087018050496568,1.67417101964335,9.429709335945953,-0.06815938733467723,-0.04628257259194575,-0.009017282985063362,-14.75,-36.56,-4.81,4.023420088166883,0,-821.5327377632565,628.6027601730315,-7.359859962641484,-55.68741614317619,-10.22187185298299,-0.6108867939018794,346.7094622602547,DEAD_RECKONING
775,77.5,1.8114948690208694,1.3391471866493192,9.55655188297538,0.01971626698895726,-0.00701226022668013,0.007662703343694979,-14.37,-36.06,-4.31,3.3482083110238445,0,-827.0232548197789,627.4140367069768,-7.452687273202622,-55.91370653111141,-10.554132818517328,-0.7438801842975029,346.55679253501415,DEAD_RECKONING
776,77.60000000000001,0.9060932984717521,2.3967785137572477,9.796000691632079,-0.0501593984237033,-0.16260579224251445,0.04330220639824732,-13.94,-36.81,-3.44,4.202909967615042,0,-833.3540580350843,625.5643880752491,-8.092724275313826,-56.47244409145653,-11.067472828670985,-0.9896108888942525,346.04261215244026,DEAD_RECKONING
777,77.7,2.2718148979404345,2.1595005115965678,9.989149655997254,-0.0780445337658974,-0.03383977701128502,-0.03670068447713484,-13.94,-36.94,-3.37,3.8815334284480643,0,-842.8971245122374,630.2908271065409,-5.9173627387267285,-57.7578143524333,-10.280664833945451,-0.745797960330411,347.9729664439707,DEAD_RECKONING
778,77.80000000000001,-0.751083470230073,2.749648648668211,10.155779311289914,-0.02391541785025432,-0.07749194389851183,-0.009990066059723095,-13.12,-36.87,-4.06,5.4622609639806985,0,-841.9617273728343,629.9038584725246,-2.397330098991857,-57.21471575202057,-10.504194439828069,-0.4044764113049817,347.85884746892697,DEAD_RECKONING
779,77.9,0.9345690156017015,2.541603738431977,9.55369029599902,0.007973982731015305,-0.018636744614329574,-0.017926163827928363,-12.81,-37.06,-3.12,5.3690814009519645,0,-845.4996679908488,629.7281718435692,-0.8261814460711177,-57.26546278845741,-10.626710745036608,-0.31190584457869,347.85188117140046,DEAD_RECKONING
780,78.0,0.1974345190075311,2.7935815974736227,9.598698545061252,0.012613732860911695,0.06366317863260013,-0.04204037856284362,-12.75,-36.75,-2.75,6.365772956568259,0,-848.9376476539459,630.900311202559,1.3918928983457182,-57.280917742061575,-10.539226793699298,-0.10692200747140879,348.37458940034986,DEAD_RECKONING
781,78.10000000000001,0.9362691123200345,2.677313764990803,10.404809564000017,0.02190608159904909,-0.017579355574996132,0.03168500980816726,-12.12,-36.81,-2.44,7.034657655278141,0,-853.4952172855602,631.3403478089125,2.849902103515703,-57.565156576093514,-10.511900233732037,0.0890106628439491,348.0533225585874,DEAD_RECKONING
782,78.2,1.0945354516587658,1.6221346485661883,9.083690698002831,0.06198084818677953,0.15679638807154814,0.08280577966400578,-12.44,-36.69,-3.0,7.131387418043975,0,-860.9499133356109,631.7192122481982,2.387395594100981,-57.98814249398779,-10.496887356279224,-0.034313236276118805,347.5744994345144,DEAD_RECKONING
783,78.30000000000001,0.7905752452837622,2.773359683733187,10.681821221879154,0.014089410818178084,0.10140851667072678,-0.10571173657375765,-12.0,-36.75,-3.25,9.106353458635406,0,-861.9524337059261,632.5128313707262,5.010652505019252,-57.5239812288106,-10.351101007294819,0.4265395937483304,348.2352546107107,DEAD_RECKONING
784,78.4,-0.36188191395974983,1.0806725514378765,9.89238708385987,0.03540724889777741,0.1849690883661538,-0.04730933390447199,-11.81,-36.69,-3.12,9.424268438932089,0,-859.7889508479586,634.2939685444246,9.091050425145493,-56.076168966722484,-10.084370770779891,1.0957193446492564,348.18717688566403,DEAD_RECKONING
785,78.5,1.0314780848396445,2.8417630030872782,9.645190613708985,-0.003107064714287632,-0.046887526830135993,0.14803028736246682,-10.81,-36.87,-2.81,10.75359777777739,0,-869.3001043403339,636.4838654276623,9.04287149501063,-56.93488481910736,-9.72481123421285,1.156936348234382,347.11742273249695,DEAD_RECKONING
786,78.60000000000001,0.723879391717374,2.2898734897362556,8.790526844123168,0.05659358332752349,0.13502846023717874,0.10154516853168001,-11.06,-36.81,-2.5,11.231627549823859,0,-881.9666276971168,637.1724745127988,6.368844772276595,-58.21256653299115,-9.611712924356299,0.786251705980446,346.50296870509004,DEAD_RECKONING
787,78.7,-0.19107157710131079,2.886333500323129,10.079925630545915,-0.06918268659245362,0.020457320759730932,-0.04609125625521417,-10.81,-37.0,-2.56,10.856625306574747,0,-889.158918092804,632.3436853886657,2.97809331151677,-58.7547731979611,-10.440075493376138,0.3606510033841048,345.7391924836333,DEAD_RECKONING
788,78.80000000000001,1.5427604529787364,1.380454358030481,9.422299802071652,-0.1365230829880587,-0.021628643338677582,-0.023033662295951017,-11.62,-36.5,-2.0,11.242504559614423,0,-903.9548932474589,628.8687644598963,-2.151837931684531,-60.78394221960594,-10.732434746489988,-0.31015196873556505,345.76127655107547,DEAD_RECKONING
789,78.9,1.212880194283407,2.166435508754818,9.265317555848872,0.06429815260229099,0.13231943683573588,-0.03442795677071475,-11.0,-36.87,-2.44,11.264069033217774,0,-913.4227296193848,625.1357112219299,-5.54589206272166,-61.97578712369824,-11.058790774795485,-0.783009212870502,346.0042419867657,DEAD_RECKONING
790,79.0,0.727107319839023,1.587217699983132,9.737759398254651,0.09689040362621,-0.03479084403058627,-0.12160323538783632,-11.19,-36.5,-2.75,11.525674182796262,0,-916.0480887326154,621.8461023555402,-5.208161231375245,-62.13887302078913,-11.256062573509984,-0.7356185328145842,346.631116585832,DEAD_RECKONING
791,79.10000000000001,1.8824795562513428,1.7014607087947555,9.378091843052264,-0.10615750700854218,0.01795601996408498,0.07112007489296322,-11.0,-36.75,-3.5,11.658166670625741,0,-924.011927975731,618.9600648677002,-6.973472853963811,-63.010789954681364,-11.433486264025246,-0.9874934178618999,346.10381127359847,DEAD_RECKONING
792,79.2,1.6269317846211306,1.3433644704216505,9.823145492040636,0.18038527311968697,0.0032105840584477504,0.0012749084436084396,-11.06,-36.81,-3.0,11.693555949715755,0,-931.6231219428346,615.9219201123918,-8.582024074781335,-63.80153242418991,-11.681004585593744,-1.2030066745695895,345.99920130115845,DEAD_RECKONING
793,79.30000000000001,1.9493905443108237,3.424193383258812,10.483861508041688,-0.07733767269942603,0.09849303090585078,0.07595608760603442,-11.56,-36.81,-3.56,11.538375569214102,0,-941.6596816448395,613.3734867176286,-11.293188881273895,-64.97933129160128,-11.994991140548539,-1.5177657697244678,345.51321984067744,DEAD_RECKONING
794,79.4,1.5463955119348622,2.334230291783781,10.480102106162263,0.022092397678097467,0.041753686276640695,-0.005315604118504285,-11.5,-36.44,-2.56,11.450658646844875,0,-948.9425377318521,611.1142517384403,-12.485600590708342,-65.64069093916174,-12.246698924801038,-1.6360661293156677,345.48482573239545,DEAD_RECKONING
795,79.5,-0.2977130237822778,1.6775807374791123,7.283457239849044,-0.0708260450908431,-0.12271501999614416,0.13441151440310384,-11.37,-37.0,-3.06,12.330255295684935,0,-963.433386574386,606.267219982545,-17.515413596978703,-67.42330483984361,-13.064083197420224,-2.689799086830269,344.43149651766754,DEAD_RECKONING
796,79.60000000000001,1.6051253755451542,1.1771809339476276,8.895119063145318,0.145222945110115,0.18532908430748532,0.023597599947738898,-11.69,-36.5,-2.81,12.13517574885242,0,-971.9624400211558,603.8833342952862,-19.57935457951953,-67.98997425848691,-13.372430602883496,-3.0386053444442687,344.36052991192196,DEAD_RECKONING
797,79.7,-0.02494934276726576,3.3060245246321784,10.571139003098297,-0.07796007629656955,-0.07293362379363964,-0.10737305539175504,-11.81,-36.69,-2.69,12.330255295684935,0,-974.9109030483567,602.2077903737614,-18.142016210849725,-68.06642799358511,-13.670951316398867,-2.864470687278693,344.8612794637608,DEAD_RECKONING
798,79.80000000000001,2.3107035222899293,-0.9416385635212169,8.556382106227293,-0.05185573944846369,0.13726603817508848,-0.08063514773328187,-11.75,-35.94,-2.37,12.278649494316399,0,-975.1855548661194,603.3974972016536,-14.642829079251644,-67.10039035363218,-13.166776009560383,-2.3742942424191997,345.39062418450214,DEAD_RECKONING
799,79.9,0.0939011676553815,1.706947881241864,9.535188688297515,0.1577411268042047,0.1767443336761805,0.025940073783679973,-11.12,-36.81,-1.94,11.808765145667397,0,-978.6961880455565,605.380312143249,-12.403438934531199,-66.66495749525262,-12.91995135715915,-2.027643059843416,345.2886419707186,DEAD_RECKONING
800,80.0,1.2340350825763406,0.2881543788416887,9.0022470183241,0.06937796842125823,-0.16478215114243341,0.07705115289605428,-11.44,-36.37,-2.25,12.023913494169435,0,-989.7290557126279,602.7489551752865,-14.57233896335719,-67.71817729126624,-13.206903699098092,-2.407810858992233,344.5767339588602,DEAD_RECKONING
801,80.10000000000001,2.0663992055746956,2.5446504124471114,10.009080215565914,0.11556093450651957,0.18135219314874562,0.06426563977834458,-11.37,-36.5,-2.75,11.72720412168112,0,-999.2538868930249,600.9992667884651,-16.618298793736095,-68.49224322762953,-13.444493675656812,-2.6427383386674284,344.2268839195548,DEAD_RECKONING
802,80.2,-1.198745712275836,0.40311618838432167,8.424733835318644,-0.004667056124508771,-0.00993780143607036,0.05994496383974156,-11.75,-35.81,-3.19,12.104940856947524,0,-1009.5144749069507,598.1409966761674,-19.033116174759968,-69.19917209568646,-14.016749956165988,-3.140053823292434,343.75264048707953,DEAD_RECKONING
803,80.30000000000001,0.39416143381128477,-1.9357133869508156,8.97901547986611,0.11869313816568544,0.31252048092656454,-0.24796087988594143,-11.25,-36.94,-4.19,11.55631409908031,0,-1001.134058875521,602.1656995565459,-11.1147014510314,-66.5612464015527,-13.182906244847603,-1.978666834282488,345.40821101203505,DEAD_RECKONING
804,80.4,2.1754263013135096,0.7642274861699702,10.798631047356686,0.05639340397819847,0.18985756292151482,-0.015642883022472198,-11.44,-36.62,-3.69,11.704398966408936,0,-998.8720492073197,607.8699445078058,-4.854065871469817,-65.04584848879743,-12.10059801341528,-0.8463706808389453,345.5298982889155,DEAD_RECKONING
805,80.5,2.0802403858542142,1.6323970244618813,10.122932390942315,0.3677642885110134,0.3273210239821675,-0.07613353633749952,-11.44,-36.81,-4.25,11.592236338574155,0,-992.0721448846334,616.7328526969968,4.121698844578382,-62.663473167136594,-10.549468562660556,0.6222791338506788,346.0594020029682,DEAD_RECKONING
806,80.60000000000001,5.819441682903084,0.45199748092002734,9.497526492541734,0.09782542218271453,0.20353414171399462,-0.02595399644604289,-12.06,-36.5,-3.44,11.635024683506721,0,-986.1600093054604,627.1717706208078,13.550981304769074,-60.35064141516223,-8.36108278557417,2.149268166751501,346.1963845501293,DEAD_RECKONING
807,80.7,0.17423460769162957,2.5052951151606275,9.420913483173214,0.4685666231362722,0.4615687446350607,-0.034954308156289686,-12.06,-37.12,-3.62,11.35473646252896,0,-977.6292198258825,642.6469227464835,24.904318442308867,-60.25689016540706,-7.204354251540981,2.021910390292631,346.39073367859083,DEAD_RECKONING
808,80.80000000000001,-1.604954821091306,3.647849498689055,10.34506937759094,0.08705718193356943,-0.09707869745301642,-0.0255345564796238,-11.81,-37.12,-2.69,11.174473305887915,0,-1064.8458010544173,627.0600104914573,-30.416755562879462,-59.962050202737075,-7.086298763838155,2.357680805385534,346.46904510332035,DEAD_RECKONING
809,80.9,0.683135294611633,2.3427311675981697,9.420353299936261,0.16301605021174845,0.37334650614225734,-0.08335114711106305,-11.62,-36.94,-2.87,11.102458854994321,0,-1079.010144490147,628.5132651446195,-36.257426777405065,-59.73795285694258,-6.850312843054255,2.3585335261356164,346.84858508155315,DEAD_RECKONING
810,81.0,-1.8693111193536287,0.18617071817767744,10.643446702678325,-0.1920562758797129,-0.09043083662619467,-0.016542692716183933,-11.12,-36.69,-2.31,10.665059977952463,0,-1085.7847331309954,627.0807741101253,-36.51459672486385,-60.016974024833395,-7.277353488933058,2.3208837962849755,346.8816378578421,DEAD_RECKONING
811,81.10000000000001,3.3278893870887405,-0.5805813030535806,10.135511407810004,0.4429576703681119,0.34562582487911536,-0.13180641653078282,-11.0,-37.12,-2.5,10.53710743204285,0,-1087.0669943311423,628.3784057694339,-35.0058875725302,-59.50180456015455,-6.874389668217334,2.420221665538449,347.5215850795723,DEAD_RECKONING
812,81.2,-5.864989816620857,4.416564128529892,9.166061758984425,-0.20110271011509506,-0.13284363144609104,-0.12276729844946155,-11.12,-36.06,-2.94,9.656589311534676,0,-1089.6445919837115,626.9076942414881,-33.81637405318161,-59.80341534698044,-7.61406439450847,2.2724150202485416,348.20933472493033,DEAD_RECKONING
813,81.30000000000001,3.4410604487486305,2.528572919294793,8.753958201286256,-0.5334491074761543,-0.6306314318184658,0.013152449790291168,-11.31,-36.25,-3.12,9.722757620313248,0,-1097.083988738171,614.1687145904319,-36.259342751602325,-60.55718792023025,-8.182870055712936,1.5987928896111554,347.1434848691492,DEAD_RECKONING
814,81.4,-3.1602774254453534,0.42541415212284744,9.452913021571398,0.27815864908105226,0.3823379630572504,-0.13692124724321156,-11.19,-37.06,-3.94,9.166150107932985,0,-1098.8826664892765,614.6969261418325,-32.1163353044093,-60.68809540855959,-8.393709767591467,1.5851171088988676,347.88425180631964,DEAD_RECKONING
815,81.5,2.911449963065747,2.7753286280341083,10.7787562760728,-0.288355156041017,-0.32408642009199506,0.13561779491097628,-11.25,-36.62,-3.19,9.411703170722967,0,-1107.452210371272,610.4468166989376,-32.24363997305224,-61.77687804551733,-8.687816596940669,1.6301494727963302,346.99545206012914,DEAD_RECKONING
816,81.60000000000001,1.9269625484004997,3.542580658585188,8.77564305361607,0.031882496291136465,0.07104542583736013,0.14909297065198557,-10.94,-36.75,-2.94,8.97467387963138,0,-1113.8632569372826,608.6604003299907,-31.6245188114285,-62.397226141911474,-8.95962068739346,1.4536930130925847,346.0301298968628,DEAD_RECKONING
817,81.7,0.5524469979998666,2.6326067557088177,10.981817690355145,-0.14320543122005172,-0.07430923184046201,-0.05812428522020296,-11.31,-36.25,-3.19,9.516256226630235,0,-1119.3137404192898,606.950809124206,-31.161602996332956,-62.80781142964302,-9.325078942089002,1.4775580341157342,346.28627374190245,DEAD_RECKONING
818,81.80000000000001,0.7184633094697248,4.0250655802619315,9.683548940731207,0.1785404768277282,0.06875360495651758,-0.16163662932519526,-11.31,-36.37,-2.75,9.314202982706462,0,-1122.2205062618693,606.6938427223554,-29.92861671476883,-63.05150712515812,-9.499166936797891,1.3997391848969547,347.1847616137044,DEAD_RECKONING
819,81.9,0.4252802128997787,0.5862609346194616,9.329448473358703,-0.13777065851886486,0.11035801393888067,0.0126081089281522,-11.69,-36.69,-2.87,9.383315381944533,0,-1126.4104551561923,606.5243421267265,-28.342449961949253,-63.19913218131853,-9.792968463316415,0.7724589149075302,347.04102402790426,DEAD_RECKONING
820,82.0,0.08305388735522858,1.6099425203918363,11.187694399778247,-0.23093829772092875,-0.17125673965924645,0.048436471455348205,-12.12,-37.06,-3.12,10.302988765031415,0,-1134.0355086562654,603.3349572111987,-28.90952670466821,-63.929483279058985,-10.172750488153458,0.8330136441279151,346.6305105494288,DEAD_RECKONING
821,82.10000000000001,-0.30962604429277785,2.664630941855982,11.102936067383226,-0.1148629260998508,0.10025454285020118,-0.011989363856243156,-11.37,-38.44,-4.0,9.717482013838,0,-1138.7055117900477,602.1765470286791,-27.890460444044166,-64.28305981582933,-10.49839052292499,0.8904877423857891,346.65123392195665,DEAD_RECKONING
822,82.2,-0.7243734886162423,1.0231122346945172,9.773856167051383,0.08917580559733275,-0.04590873664217576,-0.09347980314477597,-10.25,-38.12,-2.81,10.784963632883928,0,-1143.259424884418,600.8630894732439,-27.21987010827688,-64.48277868071317,-10.750389571022348,0.8515597158771895,347.1123365871608,DEAD_RECKONING
823,82.30000000000001,2.7459239867046197,-0.8656675473632158,11.31263204991139,0.24006714916492158,0.26142300682742436,0.03629373765728335,-11.25,-38.06,-1.62,10.920070625715205,0,-1145.7812279905136,601.8046889194095,-24.51437308140106,-64.59642737743663,-10.920390216471127,0.4982394069567012,346.87263274750524,DEAD_RECKONING
824,82.4,-1.6448132809938525,2.72771870829353,9.88515903661098,0.23260037541884107,0.17691988800434313,-0.010736786462665163,-10.56,-38.0,-2.31,11.091614700923657,0,-1148.6583156441764,601.916019563057,-23.10657135914208,-64.3556454229233,-10.63399672102556,0.7301963103480116,346.87366349942,DEAD_RECKONING
825,82.5,2.4123969816384023,-0.0009477946798576449,10.12273832935867,0.29227527134691167,0.24847004664353972,-0.08669533828324519,-10.12,-36.56,-1.75,11.011041188072186,0,-1154.8822282417152,600.9221585696479,-23.473204763206613,-63.959695101871326,-9.98572871532998,0.9376653012955417,347.2945107788394,DEAD_RECKONING
826,82.60000000000001,-1.5617734333491564,-1.3009910937947198,9.01721896134011,0.06378491716889281,0.23136727172192875,-0.09735897451035866,-9.75,-36.81,-2.31,10.006160642572345,0,-1155.0480002830648,603.7718153993864,-20.2758885359246,-63.17238613439619,-9.567064846045126,1.0358437018450175,347.75244427011694,DEAD_RECKONING
827,82.7,0.24251200752464644,1.3873702752322825,10.11731192440009,0.15833130856767763,0.23154065873807345,0.01686624078998745,-9.75,-37.31,-2.69,9.083228687555453,0,-1156.4938447445206,606.6238314241626,-16.676601790815752,-62.96133318289716,-9.11825029673516,1.2439964841431046,347.52428446292157,DEAD_RECKONING
828,82.80000000000001,-2.278441695944647,-0.3112156140532595,10.072748018775727,0.3254157249116859,0.3219816589105852,0.04583576447916532,-9.69,-36.56,-3.31,9.039996915682655,0,-1157.6306634890088,609.8475703951989,-12.431503595107039,-62.44698920408388,-8.848343251523708,1.4331007053198228,347.065623191009,DEAD_RECKONING
829,82.9,0.49986882354124185,0.13928668197054878,9.962695128803107,-0.05488900268902144,0.0007424266031309524,-0.017535284045134828,-10.19,-37.75,-2.87,9.039996915682655,0,-1162.3926622990807,609.9975366515914,-10.767928849873567,-62.50284818257842,-8.606148300949789,1.54496518772613,347.10163318451237,DEAD_RECKONING
830,83.0,3.4353188547193394,-0.43180290164934276,9.121478259061798,0.227289150915493,0.3022303302185423,0.09000532968721964,-9.81,-37.31,-2.5,9.090639734110837,0,-1166.4498132290348,610.8805430664477,-8.241101300694089,-62.359946288587274,-8.09874940670103,1.5570209196163818,346.36436642173294,DEAD_RECKONING
831,83.10000000000001,1.227647278590664,-0.23286682860297792,9.094942419251776,-0.18482422460509937,-0.03578061244111086,0.0038786302302228595,-9.56,-37.44,-3.06,9.140796618408432,0,-1172.9472106211313,609.5278675466177,-7.687029609245748,-62.52166073374175,-8.027411260083118,1.480593258094795,346.296160801768,DEAD_RECKONING
832,83.2,3.2446161385626757,2.112045801628942,9.607122108894016,0.05359540803726009,0.08758803934055506,0.006430987622206541,-10.0,-37.56,-2.06,9.557507700132755,0,-1178.6104338155424,608.4635217799631,-6.902278119879325,-62.816589943338045,-7.8241271852625305,1.4822158493640403,346.1529825481738,DEAD_RECKONING
833,83.30000000000001,-0.19895818414348715,0.04528666343882691,9.180486493050187,-0.18674083700151908,-0.18122755308299665,0.04892365276143753,-9.5,-36.75,-2.25,9.072562106973013,0,-1187.0033194184434,605.7928835798456,-7.528129106633081,-63.16933282965224,-8.121853876288677,1.3518242016704498,345.8816374638967,DEAD_RECKONING
834,83.4,1.13593817447286,-0.8569927712815408,8.7587148208939,-0.0702857179827499,0.017637388340137197,-0.11414771298711394,-9.25,-37.0,-2.44,9.54028618736211,0,-1191.9090456528554,604.252693033458,-7.459658515566734,-63.03315158495609,-8.110992722755151,1.2149360388874322,346.47007587991317,DEAD_RECKONING
835,83.5,0.4027424197896932,2.263824283854885,10.974019760102989,-0.06223718778978994,-0.066707424589214,-0.12648601488185462,-9.37,-36.31,-2.44,10.001187663491539,0,-1196.1624141074083,602.987253028639,-7.473212198911611,-63.174755639501015,-8.134296937381748,1.3414414839294078,347.1585261421841,DEAD_RECKONING
836,83.60000000000001,1.8343024919988113,-0.5155628465696079,10.34963092380999,-0.18295778455192632,-0.07418228280268427,0.11384220654060377,-10.19,-36.12,-2.81,10.503726480939832,0,-1206.2353553782916,599.7251969874413,-8.086222295321761,-63.92329201097845,-8.148741443365413,1.383605516732658,346.4453077479036,DEAD_RECKONING
837,83.7,1.8389180721796838,0.7533618066131933,8.82839858423641,0.08417730375137286,0.06731344635108706,0.047963126185523335,-10.06,-35.69,-2.75,10.94538382071025,0,-1209.4532484686524,587.8568548063201,-11.693343162250024,-63.09032040929376,-9.980037844610383,0.6902982680277512,343.8285997156143,DEAD_RECKONING
838,83.80000000000001,0.553623275378933,-2.209228344256895,10.32441791007564,0.0707122592224354,0.1875613708655454,0.0036067374033099996,-10.31,-35.56,-2.56,10.88232362376434,0,-1218.0052340655698,581.4824710439174,-12.446263485065531,-63.051980159952926,-10.741468202114039,0.5132021807918411,342.371988657717,DEAD_RECKONING
839,83.9,-5.739488478569046,-1.7275762779232533,10.962234740614251,-0.3803993339436508,-0.3800921464339387,0.08425352784583047,-9.62,-35.25,-2.81,10.959824850741459,0,-1234.266225679405,575.1195942689684,-14.881761449626817,-64.37911042167057,-11.804474809187013,0.5490251726942661,341.8673718058496,DEAD_RECKONING
840,84.0,-3.061940888881089,1.2162629454690785,12.255012641791806,-0.4748419718293545,-0.5750703576172407,-0.10148140509073243,-10.12,-35.5,-2.44,10.729366157400975,0,-1246.13372687549,567.9412988557386,-18.789824873548504,-65.42918981523522,-13.039839368296064,0.6067093998655503,342.33134693453036,DEAD_RECKONING
841,84.10000000000001,-2.6948556347448274,-0.4357234678601022,9.554879467970279,-0.7011881089540383,-0.8035818005413817,0.35573963189407304,-9.56,-35.75,-1.87,10.008918042006414,0,-1254.0157024475532,565.6465487276756,-19.271475630286485,-65.47392108078704,-13.73183833494801,0.4054561124861596,339.72657643411117,DEAD_RECKONING
842,84.2,-1.9199624452105308,2.771644719277085,9.815066932990556,-0.04657889847390912,-0.04384201129678476,0.06381304147593864,-9.5,-35.87,-2.12,10.080044572454149,0,-1260.6962105662888,564.1381636105614,-19.26946902711155,-65.68666586655061,-14.430194796254758,0.17666914457227065,339.21332350568736,DEAD_RECKONING
843,84.30000000000001,8.52239442341766,0.9658351404904645,9.133784823012492,0.4425044632645884,0.8398534382944506,-0.2719556253801487,-10.5,-34.81,-1.5,10.105016213968629,0,-1261.9089285026412,565.7217813429093,-17.33514072252598,-65.34523980458523,-13.675043407720965,0.29813743797138587,341.2678393905921,DEAD_RECKONING
844,84.4,3.0269570056969517,-2.1944798039307334,8.614858373519688,0.7747165418679973,0.7294738558596557,-0.1437374807534121,-9.94,-34.69,-2.75,10.017662949496156,0,-1260.0771555565045,569.6415800904002,-13.749680622948645,-64.05471506160947,-12.815678462238864,0.3660364441647074,342.18220970466837,DEAD_RECKONING
845,84.5,9.068374359497207,0.9245071080531546,7.371687492234924,0.391257303334673,0.23633445890191343,0.17643842020041858,-9.5,-34.25,-3.12,12.183702255036565,0,-1265.6578417452433,570.3348270850969,-11.896156166025772,-64.33977683791807,-11.771516019058225,0.24675692071406335,341.0484823263002,DEAD_RECKONING
846,84.60000000000001,0.5339720878448628,0.9500242391602179,11.35939328901023,0.6726634282208775,0.7478299836593124,-0.019607087347402522,-9.31,-34.81,-2.37,12.114084348599539,0,-1265.2387743595123,574.0748644742265,-7.943177986430127,-63.25182213957477,-11.145717702467381,0.5363580301277315,340.77328173736004,DEAD_RECKONING
847,84.7,-5.429843077691561,0.6225155570570777,8.569484418730626,-0.2813734991534293,-0.13233301703914524,-0.004461678548754125,-10.25,-35.62,-3.19,11.016940506699086,0,-1271.3638448623956,573.5266928312736,-7.594996501553663,-63.08347220382246,-11.619723977276882,0.4149194999801272,340.8075750434891,DEAD_RECKONING
848,84.80000000000001,0.8151149812323595,2.259660036376303,10.768508958410836,0.3112124181836333,0.40643474954542697,-0.04233243591197383,-10.12,-35.75,-4.06,11.167419190443116,0,-1274.0832210168442,574.7801830943837,-5.77098584943808,-62.62732325882969,-11.33715885508171,0.5964798486642893,340.7644672515428,DEAD_RECKONING
849,84.9,-6.00759274945622,-0.2598701929862421,9.83809783695397,-0.5607300605241726,-0.7365281025079469,0.14290477053129153,-10.31,-36.37,-4.06,11.123131208583706,0,-1286.6324843136406,569.4740288477623,-8.525777714823171,-63.50225804713425,-12.464564582087318,0.4793014506658105,340.22824140160134,DEAD_RECKONING
850,85.0,2.5836253810633005,0.8775244543191094,8.785253584410496,-0.2550967009752121,-0.12274720948208943,-0.0815365912699524,-10.81,-35.5,-3.44,11.249087772802199,0,-1294.1293859672005,566.0188432908396,-10.060871962187793,-63.955471618449835,-12.668675392382134,0.3091494037272403,340.66118950181834,DEAD_RECKONING
851,85.10000000000001,-2.4968653539213146,0.9624280538582537,9.8617063100426,-0.27351728038391754,-0.273347451111015,-0.1938850646710486,-12.06,-35.94,-3.69,11.355792976404347,0,-1299.1990676643743,563.4769911484534,-11.59342354430668,-64.07661241127003,-13.206511430981248,0.2573248609634755,341.74644858854754,DEAD_RECKONING
852,85.2,4.39825280310322,1.5648697549120694,9.721922414325064,-0.14407013207698333,-0.36538101797836725,0.17648059027670054,-11.06,-35.94,-3.19,12.140826619637213,0,-1310.6272063718643,559.1992587005137,-13.142968571769906,-65.27903157683137,-13.406812434483456,0.1717108681154216,340.6261969951134,DEAD_RECKONING
853,85.30000000000001,5.946418784167524,0.35385905496297565,10.617899160498764,0.09870486044013632,0.13229400690308799,0.07425298824302572,-10.75,-35.12,-2.0,12.14361573676953,0,-1317.339011954396,557.4831027339211,-13.11229647937459,-65.53691675576741,-13.160891635593735,0.2678712568076553,340.1185687303552,DEAD_RECKONING
854,85.4,1.615199188596896,1.1544821418804887,9.594525256375897,-0.11056334630193106,-0.11160195139013973,-0.03898564992958501,-11.5,-35.5,-2.31,11.938495313913839,0,-1323.7387225588304,556.1113329447664,-13.160139660917492,-64.6708681905372,-12.416090746784453,1.0299087864323557,340.2640546516978,DEAD_RECKONING
855,85.5,4.156828533877006,0.24120865030401206,9.31078542696396,0.27221874430148224,0.3235684225173349,-0.11050688304611458,-11.12,-36.12,-2.25,10.569874723437929,0,-1329.7329004144801,555.1429561616335,-13.09082695131129,-64.61012294423143,-12.212444876754947,1.0082267538085654,340.83918618678507,DEAD_RECKONING
856,85.60000000000001,-0.7991816490945404,-0.17280757712759182,9.84308587756085,0.3328480471007068,0.48370989139427895,-0.051946592848620916,-10.37,-36.75,-3.25,9.990375293378047,0,-1334.7242406192574,554.7981472824471,-12.438669672383865,-64.23453011989454,-12.390820995001155,0.9535342235144865,340.983316865102,DEAD_RECKONING
857,85.7,-1.9101947150493677,0.8682062504049032,10.385801667052732,0.22726128839533768,0.24365631143502783,0.03690567293476541,-10.19,-36.62,-1.75,10.49845680601041,0,-1340.0277679098729,554.4314510497951,-11.688293780681978,-63.973394330772685,-12.627707176885323,0.9781458821191152,340.61914026114374,DEAD_RECKONING
858,85.80000000000001,-0.3227402024474167,1.5595138980056182,9.303373245960387,0.1458753118754689,0.11703307269036875,0.0056376663510314395,-10.06,-36.44,-1.12,10.338692129581425,0,-1345.832025483094,553.6651602608629,-11.231733823764818,-63.923594752966274,-12.775842012176465,0.9110542911349111,340.4694513169835,DEAD_RECKONING
859,85.9,2.262409098984452,1.336751425037466,9.905412438989739,0.043555712953293746,-0.011267338758902009,-0.03613940987927756,-10.69,-36.19,-2.25,10.91370436502155,0,-1351.646672392658,552.7503450333237,-10.966442704525232,-64.01172058845434,-12.651244305631144,0.9261068250861864,340.61917364193806,DEAD_RECKONING
860,86.0,4.2112581259090875,-1.3498369613799306,8.252332050072711,0.5621473758375695,0.5165761914319021,-0.004211446858887828,-9.56,-36.19,-2.37,11.035774168725082,0,-1355.816231324939,552.9486524743617,-9.863903541622715,-63.49219959781033,-12.090112682407076,0.7858860367917345,340.23778531334983,DEAD_RECKONING
861,86.10000000000001,2.108257640715761,0.5673107001463191,9.080715592389351,-0.2893490454753123,-0.3043503826737859,0.17765909616128778,-9.5,-36.0,-2.44,10.987222947723861,0,-1362.0144755455337,551.8070269148504,-9.759972577269766,-63.40726672115584,-12.053367926396527,0.6843072613621914,339.38952671498373,DEAD_RECKONING
862,86.2,5.516418134781643,-1.2782776832596539,9.615040302397727,0.19600625092150023,0.24213423603842418,-0.11641104474140998,-10.0,-36.5,-2.5,11.093675091847082,0,-1368.0251635909494,550.8049422926622,-9.595755107205266,-63.26531929227267,-11.63471946240173,0.6579904400660512,339.8240610611457,DEAD_RECKONING
863,86.30000000000001,-2.612208090882627,1.05757770279449,10.85707595361105,-0.3576376839427666,-0.3475427638742517,-0.002230314484516977,-9.31,-36.5,-1.62,10.90145109365075,0,-1375.1453456539962,549.039601150598,-9.93094900246664,-63.31075380866177,-12.125335028600329,0.6998608730196482,340.00943841084893,DEAD_RECKONING
864,86.4,5.774087317567091,-0.11702803742739362,9.294605125962415,0.052484470952274896,0.16643775294805044,0.022269815950374125,-9.56,-36.25,-2.75,10.897017716603896,0,-1381.47746432611,547.8442187228211,-9.862686903539736,-63.33550835675467,-11.784033928534054,0.6632242300015255,339.72236583267977,DEAD_RECKONING
865,86.5,-0.5868325397249673,-0.37267246311798596,10.375666024672995,-0.323494393180994,-0.514303680497443,-0.056396469811899094,-9.12,-36.06,-2.25,10.88096715925777,0,-1389.015812927276,545.7357703296062,-10.42531335889455,-63.46296141511566,-12.122020384859004,0.6490769358431666,340.2449202490715,DEAD_RECKONING
866,86.60000000000001,5.9114217465564085,-1.4365722249648458,10.276761183699831,-0.3474594681691038,-0.17499017460097255,0.07369292213479332,-9.37,-36.06,-1.5,10.88096715925777,0,-1395.4969024179284,544.4520880500972,-10.400280786681575,-63.398704377635454,-11.785714251101608,0.7141857798047079,339.8026365479118,DEAD_RECKONING
867,86.7,-5.605642224911201,0.8596729879336666,8.856417429757352,-0.5015838895833404,-0.5331210236225674,0.13188929403887642,-8.87,-36.0,-2.31,11.240101844209581,0,-1402.8620310289107,542.6630049582726,-10.617006298564673,-63.37960663133297,-12.665901284544693,0.451163113235482,338.98294669735606,DEAD_RECKONING
868,86.80000000000001,0.24262586428264743,1.057472643677298,10.443371412424977,-0.507092674943242,-0.5208126734421846,0.03918989922048722,-8.94,-35.94,-2.0,11.33568569615207,0,-1404.5189852030078,529.4568356713972,-15.51588770721163,-59.28009800319664,-11.770603029413023,-0.3010552385072893,336.02336003335694,DEAD_RECKONING
869,86.9,-4.0670011706660505,1.080872744325245,10.75910526383936,-0.3321713464162852,-0.19880890206788043,0.06027235749957163,-8.81,-35.75,-2.44,11.210385694913898,0,-1407.6834022642358,529.0298211519585,-15.573462070500156,-58.86570260924296,-12.66733961420935,-0.5030807450085094,335.4642168391039,DEAD_RECKONING
870,87.0,4.467063125875035,-1.782414508265563,7.249006505733872,-0.4884429190921455,-0.5342624548642816,-0.18408860396867407,-9.06,-35.94,-3.25,11.444529613236085,0,-1413.5325001836807,527.7661630020021,-15.653731729272613,-58.82422669311481,-12.553137382242053,-0.7123016028454419,336.0537493235201,DEAD_RECKONING
871,87.10000000000001,-6.490997312940766,3.4624865743142332,10.736652490235933,-0.4527049704944508,-0.5291934233507644,-0.21944343319388043,-8.37,-36.81,-1.94,11.228575707468583,0,-1418.9051576760796,526.4588955293627,-15.913101338362749,-58.9108562318927,-13.7667975432852,-1.059487183322641,336.7256977596919,DEAD_RECKONING
872,87.2,-2.0186773287512176,-0.044561112694420195,7.09487691504379,-0.9588791936515703,-1.0679343379263586,0.2630057068960769,-9.81,-35.94,-2.94,13.173931882012283,0,-1433.8394060322616,531.714049802021,-12.479451557303262,-60.19171089084099,-13.269494730923853,-1.1751022617780635,339.1712551942995,DEAD_RECKONING
873,87.30000000000001,12.155939987876058,0.9853377721890659,9.529653347097852,-0.3806289350724079,-0.4920890820383087,0.19757322471514027,-9.0,-36.81,-2.56,14.479935310555705,0,-1434.6204441531247,539.2782365219497,-8.699489000593498,-60.30499991346871,-11.59418307505631,-0.4622078641553972,336.93367785948993,DEAD_RECKONING
874,87.4,-2.9694569658740044,1.0193950478867835,9.447582198328114,-0.7014870758575368,-0.8222980566368072,-0.01813087025414544,-9.37,-35.19,-2.12,13.362011041819123,0,-1442.6232285354135,537.2602763043678,-9.204018005431843,-60.687039907963545,-12.66529614909448,-1.0192071280158372,335.17857591938287,DEAD_RECKONING
875,87.5,11.139705507405168,-0.20263196728313215,8.944961181252937,0.6270753508482383,0.8376724459586767,-0.06794702083363699,-9.19,-36.06,-2.81,14.040063133926044,0,-1443.6312831981804,538.6102335303659,-8.081189209261032,-60.41542652021538,-12.054827955139915,-0.6499151802441628,337.32327254349156,DEAD_RECKONING
876,87.60000000000001,0.7004553541607254,-1.7048677438798747,8.921511884916454,0.05910364876969042,0.003161044227436623,-0.13412463048039036,-8.37,-35.5,-2.0,14.08430092196229,0,-1447.0797570552352,539.0114950309032,-7.533015428478788,-60.05239753561669,-12.28435578768984,-0.8221670037008835,338.1524432937728,DEAD_RECKONING
877,87.7,7.478691176958971,-1.8388579955598134,10.55042634644884,-0.6894216043919124,-0.5953533931596211,0.10551857017135349,-9.56,-35.06,-1.69,13.93271487940654,0,-1456.5464249437975,536.0373046540425,-8.352062128929235,-60.74535536929131,-12.691266462950425,-0.6681186514515908,336.04101111588113,DEAD_RECKONING
878,87.80000000000001,-3.005517529112092,0.501223822072092,10.18684848087903,0.22622342334273668,0.32787906826189783,0.02383126783875826,-10.06,-35.5,-1.44,14.172363818390277,0,-1460.5846497264738,535.7081134974773,-7.955401969695495,-60.4723373604564,-13.447546431428439,-1.0978298566102567,336.4828191243757,DEAD_RECKONING
879,87.9,5.71217763162562,-1.2555660585139057,9.94407735425785,0.7401384766740203,0.6673503942681972,0.0076665909465777095,-11.19,-34.81,-1.37,13.578577756692027,0,-1461.3923445110295,537.5505097607343,-6.522241884978064,-59.88143981524484,-13.038249782128798,-0.8459176392124952,337.5142658422856,DEAD_RECKONING
880,88.0,-4.38791644624023,1.1618696961696033,9.949480153251086,0.5080154024043193,0.6678682346698196,-0.03970027756825294,-11.56,-33.75,-1.75,14.486215189078724,0,-1457.2980445240014,542.8938083676582,-3.4463320284221446,-58.36640337804298,-12.728440133489418,-0.8157274940771806,338.5016692079733,DEAD_RECKONING
881,88.10000000000001,5.9109822403787255,-0.8376266223591271,9.770932890745005,0.038362281473478255,0.05133383719433315,-0.10348368238063103,-12.0,-33.37,-1.56,13.519095749729498,0,-1458.4576440932672,545.7653900832529,-1.7873817022948528,-58.01264637011198,-11.968796666922742,-0.4846180667514135,339.140946551045,DEAD_RECKONING
882,88.2,3.4279962863086784,-0.9099621069328246,9.284010577062066,0.5629764273691853,0.5952264491534768,-0.15950255939881333,-12.87,-32.94,-1.94,11.530496579402495,0,-1452.7541425695401,551.7902884094129,1.3531571358175318,-56.391364370090784,-10.755678187771565,-0.1083431771835201,340.5182905858828,DEAD_RECKONING
883,88.30000000000001,6.717559474247477,0.18530287392055542,9.381598456812396,-0.06179539065221049,0.05458131704022115,-0.1260321765435143,-12.81,-33.87,-3.12,11.472408958399065,0,-1452.0903287751207,556.2007293739615,3.57883066568231,-55.85457457351009,-9.618672974739276,0.25156613718959914,341.27514457598306,DEAD_RECKONING
884,88.4,0.202176537463548,1.7440098602051635,8.903517639405585,0.4296379432843429,0.4182370662083921,-0.042350491612220605,-11.56,-34.06,-4.0,11.473073480581338,0,-1447.9552294570326,562.8963434235942,7.149740993390329,-52.84135025275833,-10.795755583075211,0.480850552385808,341.58974963677883,DEAD_RECKONING
885,88.5,-3.60177666787202,-0.7891910163949649,9.410575407721582,-0.2572315715421735,-0.3859419811518539,0.096733581482987,-10.87,-35.25,-4.87,11.396929407507091,0,-1454.9116035663408,546.2553732042506,2.782190632839665,-53.60955252350954,-12.248091709545408,0.2620341481696114,340.7686991553243,DEAD_RECKONING
886,88.60000000000001,6.0315895347787905,-0.3031451890191061,12.209015959049344,0.18798081212306542,0.1651203104152222,-0.023894086338117827,-9.5,-35.5,-4.62,11.3928311419494,0,-1458.5867430249018,540.0795024336444,1.3333182488243749,-53.65136405732561,-12.605155563873922,0.5847149280742997,340.88538589355255,DEAD_RECKONING
887,88.7,0.1463747823543471,-2.277972135946981,10.359164219710964,0.11132779781555611,-0.14149239791372684,0.1880197935488768,-8.87,-37.12,-4.0,11.282268862892002,0,-1469.8347350220943,532.3808064790292,0.6391342230694788,-54.113642737608444,-12.252026820245456,0.9492212782739586,341.80486827632006,DEAD_RECKONING
888,88.80000000000001,-0.9704697428878317,1.6513962833939757,10.470542500908527,-0.001476933644903437,0.06266523023781756,0.16328630556862347,-8.44,-37.56,-2.56,11.264318421457688,0,-1467.884960881741,540.0396287790729,4.6205938861722045,-53.20745324218051,-11.421195920922564,1.4259545767705104,340.6401351349635,DEAD_RECKONING
889,88.9,-2.7837584505752657,0.5874850854977968,8.206203518873295,0.16348643425362655,0.23253847732803487,-0.19885304216177743,-8.75,-35.75,-1.94,11.598686840191611,0,-1459.3522596522776,548.018370456558,8.32173965246735,-51.07736525886381,-10.529148039871227,1.5944909756215557,341.8437895035446,DEAD_RECKONING
890,89.0,0.008278911156744511,-1.91399449756038,7.999426643387553,0.19573691788567427,0.34293436599396826,-0.47645539098317674,-8.12,-36.37,-3.69,12.297617488090145,0,-1429.1548604705306,566.2983912908363,15.538991661164847,-45.801868706381384,-7.550871804813212,2.293247153689544,344.7394254113596,DEAD_RECKONING
891,89.10000000000001,-8.15039890465072,-1.4988316231203516,10.590256447820456,0.7799518281406546,0.7204026384242718,-0.057883973009795066,-7.44,-36.62,-3.81,10.827288325024586,0,-1401.7818830107617,590.037511529288,26.632728072144662,-40.2089987306733,-4.370203968929818,3.4184745000188963,344.5560152362965,DEAD_RECKONING
892,89.2,-0.02141829839916361,-2.504485740908641,10.929677084437534,-0.1887550610259237,-0.5078673709940554,0.34123557906039975,-6.87,-37.37,-2.75,9.808898792747463,0,-1408.9595186593826,598.8373260957537,31.631909217827978,-40.28850342104182,-3.4489700575350666,4.105241096246116,342.7756220854919,DEAD_RECKONING
893,89.30000000000001,0.0029561186277408404,2.357038459156049,10.524331922902373,0.19427150430282145,0.1077575029762627,0.15635406348489814,-5.37,-37.56,-1.44,9.778775601119767,0,-1413.3844096191876,598.4922192407603,32.08112470474811,-40.29693932077331,-4.0199107016859035,4.018524450648195,341.6427357144569,DEAD_RECKONING
894,89.4,1.2928546992859067,0.6365786572804966,9.439652499410629,-0.19883132514024185,-0.10075476360949909,-0.1331275769815157,-5.94,-37.94,0.5,9.67902875124345,0,-1419.0025691369556,598.6550593484563,32.58268168144215,-40.50447968143916,-4.32444613572474,3.9815489831143345,342.4919471314232,DEAD_RECKONING
895,89.5,2.3591305053828378,-1.068649098804003,9.862470740752418,0.08137578747135947,0.06285270470880189,-0.2061462071545443,-6.44,-36.56,0.88,9.764826648849162,0,-1414.9702361330228,601.462415790669,33.23763208086151,-39.4228160007875,-4.025413912101337,4.10178932714057,343.6816107862698,DEAD_RECKONING
896,89.60000000000001,-2.0910860648216825,-1.3441237924880134,8.327016260340569,-0.09090403455878843,-0.030692731682221492,-0.02123235085471595,-8.62,-34.56,0.38,9.636148055824325,0,-1415.0759758981515,604.0572166068404,34.049621875539415,-38.87562519122325,-4.089978055474594,3.987262961589866,343.7743314943306,DEAD_RECKONING
897,89.7,4.989841344499265,-2.7994862612994593,8.490838903166244,-0.007716227775618478,-0.2543433221494245,0.04880701083767393,-9.75,-33.44,-0.37,10.836873958751694,0,-1425.9156388949702,601.9594790567929,33.15503032746698,-40.115378442041425,-4.284891882388587,4.053816383245191,343.5884536407223,DEAD_RECKONING
898,89.80000000000001,1.70744327142701,1.7304640811287277,10.51142050385113,0.6631644045141882,0.6968244441439925,-0.009660053248190316,-9.12,-33.69,-2.75,9.690806143052775,0,-1432.1429329532948,599.1451789570858,32.74484759963714,-40.0413236813478,-4.593145561709405,4.04488982301642,342.93745601818233,DEAD_RECKONING
899,89.9,2.412980665319454,-0.48882552747176117,10.944393042215108,-0.12704363985489306,-0.25878437270963367,0.16366716840497253,-9.94,-36.06,-2.62,10.338462231490631,0,-1449.4640019154926,592.6281931983663,30.97902089944554,-41.72518083387496,-5.40902910092055,4.0934738317787955,342.13672988573285,DEAD_RECKONING
900,90.0,3.0342446262746794,-0.5703557385761688,10.289499206929193,-0.18027217347476374,-0.13488155465334667,-0.05381263499384643,-9.31,-36.37,-2.56,10.97640211043059,0,-1462.8590756347699,584.1018082417664,27.69414053929916,-43.14982294954915,-6.380382029364292,3.9673933517310327,342.5444240324338,DEAD_RECKONING
901,90.10000000000001,-0.07716407215409696,3.8048048292294108,10.409215318045888,0.11843397170188806,0.12436186838645295,0.014590409121985903,-8.81,-36.19,-1.5,11.655069045514793,0,-1473.2635065502598,576.8525809625517,25.235892846785394,-44.143559672949706,-7.4690819458775985,3.816013559024862,342.27260011893355,DEAD_RECKONING
902,90.2,0.8658317647541884,-0.5089083317089652,10.031962436386005,-0.009078303823459997,-0.0029001941504233062,0.024263414301758976,-7.5,-36.87,-1.62,11.329679644848543,0,-1482.766300290275,571.5902421798071,23.710211690695466,-44.69234222673292,-8.059921948585941,3.729488357207026,342.0617417957754,DEAD_RECKONING
903,90.30000000000001,-0.2362015081043955,1.2201604410771718,9.028299990895272,0.09135075948033843,0.1662261527875848,0.01912707169965816,-7.94,-36.62,-1.06,11.349879838218717,0,-1489.7389259792576,568.4638715285541,23.241855008919156,-44.81725015700943,-8.443044986023319,3.5957959209760944,341.7179873336291,DEAD_RECKONING
904,90.4,-0.8252922164475346,0.08295561531607198,10.26680461406365,0.038499524868226866,0.16451993065500672,-0.06686156595677782,-7.69,-36.19,-1.87,11.335881707225926,0,-1491.2388285077575,568.4540803136138,23.855511457586402,-43.99169851278377,-8.380928210510993,3.659125188037989,341.9083131869152,DEAD_RECKONING
905,90.5,-1.47157707836942,-0.5649795986338595,10.459502215953934,0.16946528698655355,0.18007206015681992,-0.020321900930859373,-6.62,-36.19,-2.25,10.554592825355696,0,-1493.3329629716875,569.6815976891108,25.150835316931634,-43.13447066997803,-8.170737117506127,3.8104587878922875,341.7834572189256,DEAD_RECKONING
906,90.60000000000001,-0.5105414790019953,0.4236699265899169,9.778291357978741,-0.10923609351901448,0.0007701561471335966,0.049728992873515517,-7.19,-36.25,-1.94,10.491253173931527,0,-1500.564485948236,569.4688004710891,26.02700797720596,-43.35491253763718,-8.22599350106046,3.954098786086036,341.4196779917778,DEAD_RECKONING
907,90.7,2.175557903288398,0.7222669728501507,10.825424106212619,-0.0914007316762609,-0.135035893560638,0.10821956246134154,-6.94,-35.87,-1.69,10.432224746777045,0,-1513.1084014546814,565.9965551051088,25.671288221589577,-44.64163859211611,-8.669127029198586,4.157863461753925,340.82506486254175,DEAD_RECKONING
908,90.80000000000001,-1.7284189313895735,-0.9775427442910345,9.66295596909652,0.2884791565796293,0.4886168220087432,0.0080893429388179,-6.5,-34.75,-0.75,9.351027760435226,0,-1517.5735735208195,564.257755276585,25.897454130655024,-43.870071441366235,-8.943305315464823,3.935890204263466,340.2156215909579,DEAD_RECKONING
909,90.9,-3.6250334623478904,1.2980595302754705,9.552569833438493,0.29400092802958394,0.43697670881985023,-0.06470123852535771,-5.81,-34.44,-0.69,9.073390868848117,0,-1518.1518396089386,565.2843002304942,27.15496387570864,-42.58096082784888,-8.960623252058518,3.8255708940300703,340.040640799812,DEAD_RECKONING
910,91.0,2.3114317646517315,-0.6293968529740289,10.197305856392921,0.012941787986353755,0.13100038990551494,-0.03399908775716391,-6.37,-34.06,0.25,9.005032476127413,0,-1520.3630474317279,566.7498981841078,28.53493496395495,-41.89220545998174,-8.43885415221951,3.968831310206985,340.0285928794472,DEAD_RECKONING
911,91.10000000000001,-0.0018318443921336279,0.6425386383470839,11.539145038631641,0.07559545793010787,0.29201851131507317,-0.13254857898018274,-5.69,-34.5,0.13,8.410558542068054,0,-1518.6006207079158,569.2241352957063,30.073099272975696,-40.560222558769595,-8.010571867479216,4.153132038115757,340.38914197031005,DEAD_RECKONING
912,91.2,-2.443699093797076,1.3789073186123175,10.644419738325464,0.15360284903251928,0.3572512428356888,0.0925109413066843,-5.12,-34.62,0.25,8.301549646349093,0,-1524.7677950740501,569.192165258242,31.16174644601826,-40.30417176320846,-8.214849930171647,4.217867196435143,339.33294207866174,DEAD_RECKONING
913,91.30000000000001,-1.3819546381448744,-2.249677938077521,10.711016178357548,-0.08607897997676353,0.0913263190968156,0.03343729424439959,-4.56,-35.0,0.25,8.301549646349093,0,-1531.599191900079,568.0771701743166,31.70720845158977,-40.05987798967414,-8.361552818236474,4.226253363338964,338.9721900774568,DEAD_RECKONING
914,91.4,-0.7760811162841502,1.911257035931876,10.688981488128233,-0.006824446234045324,0.10035203346634179,0.08461859318594726,-4.0,-35.62,0.81,8.381494594698802,0,-1539.937527606522,565.7324067830847,31.804523193526606,-40.493211606109135,-8.827307682821413,4.30901668173293,338.3064721477039,DEAD_RECKONING
915,91.5,0.6342659446616815,1.5088484248880332,9.573400900524083,0.1342902558394354,0.23155083548577238,0.054295743593947926,-3.94,-35.94,1.13,8.381494594698802,0,-1546.4436314851268,563.6319774988231,31.900955195440893,-40.64213627993802,-9.116751478133914,4.2447738236435315,337.6485810478122,DEAD_RECKONING
916,91.60000000000001,-1.6749869609025045,0.9727465013650322,8.139914717912509,-0.09605259626176356,0.19258276022479875,-0.18976996394469886,-4.69,-36.12,0.44,9.6160351360752,0,-1538.1335792588495,565.8193671593419,32.61816806007079,-38.55936660241735,-8.592587241705576,4.018394392815521,338.4425905279493,DEAD_RECKONING
917,91.7,3.5997093633304376,-1.6280276453043987,8.941428701034068,-0.07801109955517266,-0.15029880512171376,-0.08748044081495049,-4.56,-36.37,1.44,9.588437101559379,0,-1531.9516662837852,572.015284072167,35.09969054314401,-37.646003499826044,-7.195217683969031,4.29877789242558,339.0852900171219,DEAD_RECKONING
918,91.80000000000001,4.175025727756042,-1.6077849617894668,8.757172046912107,-0.33368765746318796,-0.1931331658595229,-0.0401444579214632,-5.25,-36.44,1.0,10.283635172109069,0,-1530.3612830277323,577.0570512328143,37.328929649885055,-37.85005775140719,-6.08248133078471,4.6501869005222245,339.48933894573486,DEAD_RECKONING
919,91.9,7.126351029118002,-1.4444571376154758,11.964760608026412,0.036171287313700784,0.40918250394553557,-0.35195654055427283,-4.69,-35.94,1.56,13.149354364893025,0,-1507.0399912163653,587.0804420991971,40.05581166679372,-33.91459594886186,-3.829292663981599,4.826933650350151,341.0294309751246,DEAD_RECKONING
920,92.0,6.811432863345911,-2.435909555012413,7.536545108199814,0.44159826432451854,0.4937670685150642,-0.00987851181162892,-5.12,-36.12,1.06,13.093775347888752,0,-1486.9069910362211,604.057119550356,46.24363435736929,-30.012583727279274,-0.3203783731429195,4.806952528975108,340.4334910358345,DEAD_RECKONING
921,92.10000000000001,-3.4833910658849554,3.031606458604953,10.530929889248034,-0.3561127073846165,-0.3827242756678763,0.04167863305937375,-4.75,-36.81,0.5,12.500811561459178,0,-1482.1327145451005,623.1138015700092,54.554843725179744,-23.84161393550967,4.510948444990618,6.564691982821838,340.62456931322384,DEAD_RECKONING
922,92.2,2.061583494345274,0.2578867607964966,10.19728220921874,0.2189755333457434,-0.2095402532462316,0.142453529494542,-5.12,-36.81,1.19,12.623540150493007,0,-1470.5588693936204,623.3803233322702,54.06396512746176,-22.456259258336974,4.088907479349273,6.178693256513682,340.01089798897914,DEAD_RECKONING
923,92.30000000000001,-0.9172683185860332,0.48371401628916677,9.260438835290893,-0.20074629547943762,-0.3268836737359291,0.20879369889004062,-5.31,-37.44,1.31,12.526762984954813,0,-1472.0352585391176,623.8647691645937,54.64456304663037,-22.091439236103014,3.746123042995277,5.9843481589022725,339.1468866324533,DEAD_RECKONING
924,92.4,3.1085873288338437,-0.21712777638988737,10.099080223353692,-0.392518290222428,-0.22908646517147468,-0.20301823394981175,-5.31,-36.81,0.69,12.526762984954813,0,-1476.9459083631677,623.2955222367225,54.9742080502981,-22.165041221857965,3.832829742926598,6.065637631686259,340.52444429987395,DEAD_RECKONING
925,92.5,4.950518030678059,0.844580269369958,9.681767396840433,0.01205559348784061,-0.08864986001317615,0.14600758536904926,-5.69,-36.87,0.13,12.526762984954813,0,-1478.0873881658854,624.1899039684663,55.70898734608678,-21.988573654322916,3.9335493796076,6.054959974704733,339.68851143880414,DEAD_RECKONING
926,92.60000000000001,4.334268737373963,-1.331348153573708,10.012275984819764,-0.2157006957876307,-0.3419115996523979,0.12754237672189717,-5.37,-36.5,0.81,12.136331439680635,0,-1474.6545384397443,627.6040109578047,57.044067496624315,-20.774720281257537,4.106514190071163,5.863344638780452,339.16698815457534,DEAD_RECKONING
927,92.7,4.463750522623389,0.07846574777901355,9.25121487633948,0.2682963612813845,0.22505115081505875,0.031148869000117353,-6.69,-36.31,1.5,12.17460926768443,0,-1474.5849206357254,628.8551610114337,57.740152810281835,-19.67341365767022,4.07555447649151,6.0206829264883375,338.7234299559756,DEAD_RECKONING
928,92.80000000000001,0.2584105257627007,1.270726539888154,9.518834409264556,0.07152231513520976,0.07515251121329249,-0.08521067125680734,-6.44,-36.0,0.44,11.810825779109974,0,-1476.5781226549798,629.2575288606089,58.35073898611634,-19.54446935769439,3.7418767833492947,5.8984700265189804,339.10079860936105,DEAD_RECKONING
929,92.9,0.9000832483631304,0.15044529057788353,9.726251499964363,-0.12517329308506586,-0.20006472522725366,-0.059272273602281156,-5.81,-36.69,0.44,11.42029773467247,0,-1478.4920220707081,629.5644773365653,58.90347839182042,-19.31419272624941,3.5169818531286405,5.798180436264616,339.59287800203555,DEAD_RECKONING
930,93.0,1.0320578631732211,0.6360961249152921,9.896169769003059,0.11618533822756827,0.15593077452394308,0.00022524943681338514,-5.69,-36.94,0.0,11.063338809484444,0,-1480.4168666996102,629.9046517873975,59.48084919664211,-18.69312248421555,3.3143059053744017,5.815052492472539,339.382087773208,DEAD_RECKONING
931,93.10000000000001,2.296082024417214,0.33801578440077934,10.225509837002948,-0.01676586964496366,-0.053193061885435565,0.017818355207490616,-6.0,-36.81,0.81,11.277422357789131,0,-1481.977491862141,630.0101711305696,59.91971004607839,-18.366965477247973,3.3500664636012156,5.894636025596183,339.2729305654557,DEAD_RECKONING
932,93.2,2.0466040156192964,-0.4889773073808853,9.012677326195446,0.02475909102300175,0.0019136195788924462,0.009609134811313341,-6.37,-37.56,0.25,11.194020073279152,0,-1483.5402951507463,630.1256004345182,60.37071740790688,-17.987284897155963,3.40483152451445,5.829061786859831,339.15727476188624,DEAD_RECKONING
933,93.30000000000001,3.14122162602699,-1.0511643638446018,10.231441068899509,0.07724698539465806,0.004445639983941165,-0.022504877972801117,-6.06,-37.25,-0.12,11.237313530896909,0,-1484.8268630215348,630.2701480985377,60.782157230940975,-17.462561914100668,3.614709699695667,5.878362288103478,339.2314821744281,DEAD_RECKONING
934,93.4,3.151305605788023,-0.5081052662065186,9.172276129041373,0.0652648492223694,-0.052891838527596796,-0.04276696006442374,-5.81,-37.12,-0.31,10.296835527337537,0,-1487.4400467072844,630.7390894109823,61.57887727857795,-16.924127958005787,3.4256549294222283,5.752063750955833,339.48968840276945,DEAD_RECKONING
935,93.5,1.6089983108521673,-0.9085273118348663,10.17367452296981,-0.08727273980309372,-0.1664100101638493,0.032473179772376334,-6.19,-37.44,-0.31,9.488140449778768,0,-1489.5141452573444,631.5469565213335,62.461912221706505,-16.42219752894694,2.883128847824959,5.621541811073097,339.4203977292279,DEAD_RECKONING
936,93.60000000000001,3.3599156059153374,-0.6529508420099002,8.979287406528712,-0.20514849296926613,-0.21174665461673275,-0.03428687928437127,-6.19,-36.56,0.19,6.88876859216443,0,-1491.6821757309015,633.4356829455592,63.96142735089492,-16.144201135636123,2.1644701972306137,5.37514799075563,339.78514237182253,DEAD_RECKONING
937,93.7,1.0957481339961985,1.6981891073319406,9.762775330948829,0.10314767181208606,-0.08089012266302753,-0.04007849617072158,-6.81,-36.87,-0.81,6.834359694035787,0,-1493.1629686557487,636.4032819940925,65.89351135179695,-15.8986157845351,1.0468352562580518,5.110999477336696,340.05263058690065,DEAD_RECKONING
938,93.80000000000001,0.3146572912288713,0.42043414577797095,8.782371371568185,-0.29950799041623255,-0.1547122027803114,0.0025783691926819035,-6.44,-37.44,-1.0,6.322642435171159,0,-1493.8312771721105,638.4206507850365,67.19628341455741,-15.284160898213056,0.4822409207881745,4.685733780796745,340.1243255979739,DEAD_RECKONING
939,93.9,0.5665712879974734,-1.2254598122003941,9.35092654683474,0.20964432708207562,0.11972088625850535,-0.024184613203062005,-6.94,-37.87,-1.25,5.21254380631032,0,-1494.4828744075344,639.8050474820055,68.14619393305566,-14.91714218760866,-0.3770907517962467,4.3379107426718,340.10214771988325,DEAD_RECKONING
940,94.0,-0.47913366492398,0.4544885804410179,10.010815506809884,-0.011055525517095306,-0.0031898848113594627,0.02966125402661042,-6.31,-38.0,-0.81,6.532099095879031,0,-1497.052347091278,638.58162457493,68.21464772262199,-14.805463226361764,-0.5605475690887146,4.337988540689943,339.86397735937106,DEAD_RECKONING
941,94.10000000000001,2.6640865837735657,-1.5445533453432432,9.417242767261905,0.052741581261939924,0.205853165662641,0.06334303270810027,-6.69,-36.56,-0.37,7.284981391145036,0,-1500.4840533714453,637.1609910406856,68.38129922919433,-14.769298705774418,-0.21676820363049365,4.455000736958513,339.21658937947444,DEAD_RECKONING
942,94.2,-0.9632038009700191,0.0017744067242954423,9.215715751870697,0.2696442636940376,0.1836643477015586,-0.08316987700039796,-7.75,-37.12,-0.25,9.096053016192599,0,-1499.890357988719,637.1148354992793,68.32859522664161,-14.059864325678593,0.00943670531530627,4.319037006204203,339.4712307860185,DEAD_RECKONING
943,94.30000000000001,3.0260466219307203,-1.907959567149096,9.639459415445762,0.04696922138413448,-0.04115786207011246,-0.04505033443145304,-7.5,-36.62,0.0,8.961301414574118,0,-1497.3811630126966,638.9208959706638,68.72221749994794,-12.762504065153774,1.2326734280393923,4.397865534633716,339.73712247689303,DEAD_RECKONING
944,94.4,3.4921809865623294,1.5508378425666183,10.10464223182374,0.11206681402137288,0.11029972188087979,-0.04244962365085929,-7.25,-36.81,-0.31,9.692963720018517,0,-1479.5783023552426,626.6979242874066,58.907982524070064,-6.933804469504146,3.484029623509559,3.332239349821636,332.46422300807177,DEAD_RECKONING
945,94.5,2.3864288079291263,2.0940764810586403,10.029433249000814,0.053585025295211815,-0.11773008084075252,-0.10096183996610493,-7.06,-36.94,-0.56,10.25710267335949,0,-1499.5187273080055,631.6308130176656,66.15948731627176,-11.158855930625204,3.2000869330427344,4.613078139447531,333.2236760475049,DEAD_RECKONING
946,94.60000000000001,2.616638546826783,-0.9859864769415071,10.251570303253482,-0.09635070313547418,0.07656325035138258,0.04879969980370005,-7.5,-37.44,-0.06,10.230221523042653,0,-1509.5883540845423,628.702093279253,67.07665077277935,-9.396804660281685,4.712393553043587,4.612017574580047,332.7651087392102,DEAD_RECKONING
947,94.7,0.3858527613489808,0.8171659470360324,9.225183468179052,0.21538299905860306,0.029080152571549982,-0.05272957844452363,-7.75,-36.44,-0.06,10.233058327310227,0,-1512.617287123778,629.900115941407,68.37427598917797,-9.420877038518027,4.8239440821578725,4.627727464084945,332.9812808526616,DEAD_RECKONING
948,94.80000000000001,2.1414488919713635,1.1381561082098524,9.626229204440294,-0.015771922885338747,-0.08463245392609864,-0.0026180509822611056,-7.44,-36.19,-0.62,10.070409413293211,0,-1513.4818288499769,630.6768489084141,68.94167181311872,-8.171385582016853,5.587612710261664,4.505383577370173,333.1198718854443,DEAD_RECKONING
949,94.9,1.8861195374628295,0.2990021891045456,9.66537675578721,-0.08518998492192566,-0.04080766236431793,-0.07441700854886543,-8.06,-36.19,-0.56,9.921975187921257,0,-1513.2593258734398,632.1346080885983,69.5718482391759,-7.835378603022936,5.7251749324345615,4.44101539359316,333.592482247363,DEAD_RECKONING
950,95.0,2.211207877035374,-0.8869287366446595,9.572053978151743,0.04430287670664316,0.05420583761227726,-0.007427131631215576,-7.69,-36.81,-0.87,9.649564423212281,0,-1513.3090721767996,633.0978224512171,70.01956522276987,-7.183601875566817,5.9535056749998185,4.297229562679465,333.4984692328341,DEAD_RECKONING
951,95.10000000000001,1.4258136846148268,-2.247712190046421,10.884278065516417,0.04837974355355827,-0.006344525468220868,0.07955581317713391,-7.12,-36.5,0.0,9.819246076113693,0,-1512.4452945315131,634.4298681040806,70.41276514926344,-6.610541066052196,6.165497763989144,4.262384946990297,333.0119238883213,DEAD_RECKONING
952,95.2,2.180384677379584,-2.553081101238055,10.34347683127629,-0.04916052418703222,-0.14021826675561969,0.10958991983620618,-6.75,-37.06,0.06,10.009157127044796,0,-1511.4285862175411,635.5035263115179,70.63674362890862,-6.1349002793040555,6.492235780162421,4.224339002915972,332.59711357865,DEAD_RECKONING
953,95.30000000000001,3.9451850901157126,5.111880620478861,8.952837076407754,0.23614084276153594,0.18508938299576363,0.055207541895279814,-6.37,-37.06,0.0,10.524196784227298,0,-1510.0714248790855,636.5505245313605,70.74622572313268,-6.4742752059496365,6.638343123214632,4.3606966776578355,331.8859374174401,DEAD_RECKONING
954,95.4,-0.19664787710921208,-3.1545573087401864,9.054071675125082,0.012956247917462029,0.15108705755583562,-0.05606207879682016,-7.12,-36.69,-0.44,10.42452909082369,0,-1497.8147509335029,641.2782371140164,69.7368399483888,-4.336159031280101,7.936480592293896,3.6669073841015254,331.6589681238091,DEAD_RECKONING
955,95.5,3.9013274656826877,-1.835789558309402,9.92285079566916,0.16472951213587747,0.17069127374348148,0.04383317122116168,-7.0,-37.25,-0.06,9.769165621315976,0,-1499.3271573657498,641.6323283107738,70.14528986131698,-4.20644846672615,8.038264651490545,3.4917224546976846,330.97191432259547,DEAD_RECKONING
956,95.60000000000001,-0.4342252922828242,-0.18362399049974326,10.054069580307015,0.2505453443025737,0.25333534829934456,-0.0510662486418826,-6.62,-36.81,-0.62,9.993295514308299,0,-1499.1198723981304,642.4775338647498,70.28521748843934,-4.0081487964660045,7.98676688009402,3.255784291822306,330.5490185318732,DEAD_RECKONING
957,95.7,-1.1249133607341326,0.8606156879270465,10.137155235495591,-0.17301237102284003,-0.10891413073415761,-0.011073915273197668,-6.75,-36.94,-0.94,9.921567841258485,0,-1504.4568704609785,631.55339106035,65.90297433693387,-4.258563519606246,7.770293894609061,3.280678811854206,326.579586455768,DEAD_RECKONING
958,95.80000000000001,-1.0294982947475448,-0.5640051777452204,10.619701496774214,0.19273639359237282,0.11595817082202896,0.0029724072088294427,-6.06,-37.19,-0.44,9.757820350717493,0,-1505.8469225746885,630.970896020878,65.53056250648135,-4.08804544455982,7.6427427482896375,3.1164266158633143,326.0617175596294,DEAD_RECKONING
959,95.9,0.4823873140174397,1.2209891300389024,9.904424461502137,-0.2604871849881776,-0.11071674101597669,-0.0003157779854756864,-6.56,-36.75,-0.69,10.031972491597712,0,-1506.917489137848,629.9116523652064,64.74428021571347,-4.166109402027277,7.750152289396601,3.0058640199757694,325.9241415175469,DEAD_RECKONING
960,96.0,4.503194725176805,-2.959734904049929,9.49735437766162,0.26838030070531477,0.12320926523047013,0.08323143129066395,-6.37,-37.44,-0.69,9.826845609229503,0,-1507.9532193718233,629.4366205488328,64.37505029092578,-4.018167848986665,8.285840736563113,2.9682805533021464,324.9573438373431,DEAD_RECKONING
961,96.10000000000001,-2.0164085599291193,0.2581930305041672,9.75998585493051,0.1982340499506859,0.42476393084390224,-0.07311391450459748,-6.75,-37.0,-0.75,9.425652579000179,0,-1509.620075273631,628.4677589150315,63.83665531328714,-3.829064329789321,8.071253798401209,2.9563738988865946,324.301365597504,DEAD_RECKONING
962,96.2,2.9691004591232235,1.0744964463115239,8.30863710487455,-0.2656092985074061,-0.12516529386550776,-0.08036690710712172,-7.37,-36.62,-0.69,9.83136229209674,0,-1510.9505583753942,627.7527497731288,63.342391324344604,-4.069537313238278,8.300428693434384,2.902899071816869,324.6359966369734,DEAD_RECKONING
963,96.30000000000001,-3.533308968158122,-0.02826434259269752,11.467590757978382,-0.40820749780188237,-0.3591182462062216,-0.1436963603578524,-6.31,-36.5,-0.75,10.302382466901781,0,-1510.5564502485047,628.032128030199,63.07083914307567,-3.742838542305771,8.490319343455695,3.0682535619057636,325.7546587006134,DEAD_RECKONING
964,96.4,2.569341892335634,0.2778407401526241,8.377252512214287,-0.31055276270787235,-0.3645222567443859,0.12455346607978417,-6.5,-36.44,-0.81,10.407463245713467,0,-1511.2719319066302,628.0642885176652,62.88947839141466,-3.9155700582374022,8.82572750465602,3.010992637970873,325.1434742364925,DEAD_RECKONING
965,96.5,-3.478758617985926,2.174236712939964,10.093441421234518,0.051822700954234115,-0.1334917135608342,0.056995702262540957,-6.56,-36.5,-1.19,9.22382888127262,0,-1514.9349783121215,625.8630053088184,62.005757183627516,-4.194041583334014,7.815342650077491,3.0934698635691324,324.14233174008496,DEAD_RECKONING
966,96.60000000000001,2.852733633658463,0.7759129606049824,9.709897706616635,-0.5484805921473003,-0.5339009541244201,0.032108429154672505,-6.75,-36.56,-0.31,10.74106356262302,0,-1517.718534295046,623.8381111187534,61.04172580941213,-4.663988203939159,8.212617213044304,2.9443212960060583,323.42819706308586,DEAD_RECKONING
967,96.7,4.717322433836256,-5.274830890694036,9.844081283177479,0.10885117059925506,0.34987839290727946,-0.01868536421350314,-6.75,-36.5,-0.44,10.412980515817683,0,-1522.1166308099419,617.9372608778203,58.38427723469609,-4.965089235016497,8.403353874158464,2.8045944098342828,320.564743173654,DEAD_RECKONING
968,96.80000000000001,1.2728231256502818,-1.9942827959251328,10.29203741251881,-0.04267721597641297,-0.11224865246523673,0.024044859247687556,-7.37,-36.0,0.19,10.891581686475462,0,-1522.3202175117156,618.3246225967648,57.9716928077053,-5.28459514371736,8.403687013005346,2.8315279553523207,320.40752125611647,DEAD_RECKONING
969,96.9,4.880939389025701,0.08250036153294923,8.153409710728656,0.3406056327632727,0.36251432554652296,0.016602912499923902,-6.44,-35.75,0.0,10.848768086871067,0,-1522.5240066694091,619.205956803958,57.84173660715259,-5.813216572661641,8.488154936530757,2.5847802328884115,320.76334435718144,DEAD_RECKONING
970,97.0,-2.1342750002248905,-3.1343419546311613,11.123141596907502,0.45283905090623916,0.3210733833592332,0.002887295030200915,-6.87,-35.62,-0.56,10.548077512179326,0,-1523.1079011051447,619.7669050266217,57.72859705038902,-5.598681266913836,8.269779466689497,2.452187389978156,321.2603606687003,DEAD_RECKONING
971,97.10000000000001,3.9300955719920103,-1.1886658802705765,9.512823172964447,0.22156618459867,0.13375973940409142,0.019747606359699563,-6.44,-35.19,-0.75,11.294535438877269,0,-1523.9880764129716,619.9608776386705,57.55881766407034,-5.950349155755552,8.68858289667872,2.2588978636938544,321.43310157991476,DEAD_RECKONING
972,97.2,1.8429414687141012,0.7714414043349912,11.380168058626005,0.14624281822998458,0.19179363312583625,-0.09461094232985846,-6.94,-36.87,-0.69,11.01414269834469,0,-1524.6984728549849,620.6024697685475,57.67632559215038,-6.147594493190714,8.664411131724433,2.3904300319906016,321.9903908788056,DEAD_RECKONING
973,97.30000000000001,1.8054882507130106,0.12382614805901883,10.529614570419666,0.027134287917921957,0.17557232622450433,-0.10896911802572117,-6.62,-36.0,-0.31,10.253204937655914,0,-1525.3959142939761,621.4240131119236,57.92196856665901,-6.133823447717498,8.422254008926908,2.413719052922533,322.5762664453531,DEAD_RECKONING
974,97.4,1.1189213331956738,-2.2494201936216727,8.399397133285618,0.002916776800766822,0.1358280134135996,-0.05671060910631718,-6.94,-36.06,-0.37,10.050878229751675,0,-1526.3976063021878,621.7515110389564,57.988462708634785,-5.991267782719545,8.265729459935727,2.236047782621229,322.7863055112326,DEAD_RECKONING
975,97.5,-1.7204991893631996,1.354407243814812,10.912523122417774,-0.3112626822688498,-0.29768288982930907,-0.050639013908966156,-6.56,-36.19,0.06,10.621257113411046,0,-1527.265084527976,622.274193931532,58.12365742372671,-5.961303563180681,8.181927258136763,2.0322695160166178,322.82341486417533,DEAD_RECKONING
976,97.60000000000001,2.268755363046884,0.11572130957279135,10.936974551545632,-0.03631164440057139,-0.12611504151301461,0.17472535816273796,-6.87,-35.56,-0.25,11.375098412072495,0,-1527.9763677467135,623.2549596406217,58.441605040652334,-6.248383806093895,8.587739849514689,2.159881137559424,321.66341140870327,DEAD_RECKONING
977,97.7,1.168169673456332,-1.6969363635912456,9.389647782634803,-0.01998784373587578,-0.08670466968637092,-0.0031490248280259896,-7.12,-35.25,-0.12,11.43905046483325,0,-1531.9697626453162,618.873054154786,56.837968611234565,-6.681851563677877,8.470279476520265,1.831614522208225,319.01416790395746,DEAD_RECKONING
978,97.80000000000001,2.0173764761178723,0.6616702670385928,9.82961201784299,-0.11328066445613967,-0.06620993261384304,-0.14082881766046984,-6.87,-35.31,-0.44,11.70840387299847,0,-1533.1154989393056,619.2345246741722,56.92016854900165,-6.994341181910639,8.583403499491789,1.818175122271181,319.6627157334373,DEAD_RECKONING
979,97.9,-2.0375207499676034,0.932018600821,11.468065005970935,0.06700515058338619,-0.07705039358790447,0.035833457037338035,-7.19,-34.81,-1.06,10.853226836594898,0,-1533.9110269589767,619.9223224735483,57.06215499331057,-6.909607053551047,8.095929625327537,1.8011927114198296,319.2752251202112,DEAD_RECKONING
980,98.0,-5.124468048560106,1.1315930052589747,10.997051701694211,0.40301007018079904,0.34628148369917117,-0.11725343227372106,-7.25,-34.81,-1.12,10.861561938847004,0,-1534.7497875323681,620.5890210051292,57.20119064653992,-6.757377374237812,7.603866690654078,1.8379655637761516,320.1121693581673,DEAD_RECKONING
981,98.10000000000001,2.9766844621349833,-0.7163190745391667,8.520629824510364,0.33589764425995816,0.025336416191516185,0.17852027502550194,-7.69,-35.62,-1.5,10.716534119230543,0,-1535.4791191987024,621.3274513861562,57.36626266327377,-6.883036314057707,7.755877527169058,1.7210150065635292,319.0147630914029,DEAD_RECKONING
982,98.2,4.613759929012313,1.1183670413285018,8.179923628513315,-0.27532190075745117,-0.17026890606257772,-0.09682350226859852,-7.69,-36.94,-0.62,12.618400759709393,0,-1536.362242126256,622.1663503461866,57.55375568885154,-7.471442353215606,8.439232802121973,1.67931520843992,319.4063753255319,DEAD_RECKONING
983,98.30000000000001,4.391208093465378,-0.21085179636118723,11.394995635797999,0.297377355299252,0.6079198476436194,-0.3327479938274322,-7.75,-35.87,0.38,12.146696309289222,0,-1537.0204774427086,623.1664247614335,57.72949820092125,-7.737087389519125,8.702530498329569,1.8563127636353527,321.5130571285055,DEAD_RECKONING
984,98.4,-1.3111622898517445,-1.5873679375256684,9.203645966169399,0.3218249949151998,0.40989378505250296,0.15564407352406356,-7.75,-34.87,0.75,12.14541670477332,0,-1537.5800712228472,624.2850216627872,57.89829942686895,-7.5659721755456015,8.754065640179187,1.7763529603704626,320.6455659926279,DEAD_RECKONING
985,98.5,5.732752466590031,-0.9345281166022729,8.416974343318728,0.19247499163341145,0.14131143598665655,0.12762000491736106,-7.94,-34.25,0.5,12.417773291126608,0,-1538.2709464913721,625.293903880121,58.065155631135305,-7.8428933420348645,9.243733792716581,1.627286544229263,319.8540873675107,DEAD_RECKONING
986,98.60000000000001,-0.0731600210871713,2.7715485789871406,10.262690443330584,0.3129261750510626,0.3871380620384701,-0.05856329813978524,-8.06,-34.81,-0.12,12.168134251876388,0,-1538.5588098066887,626.7727513699118,58.29695129032281,-7.881767786169605,9.078552318966855,1.6402283239672335,320.03127471185746,DEAD_RECKONING
987,98.7,-1.1796260951747244,-0.13034718232711912,9.736068503643665,-0.1592386942067502,-0.13060713606034344,-0.0959672562775661,-7.12,-34.81,0.06,11.756930676492876,0,-1539.2013497157259,627.8305833575125,58.48824184986109,-7.65877643296281,8.925334735320975,1.6000178656177078,320.5132679264684,DEAD_RECKONING
988,98.80000000000001,2.749620562885056,-0.7948692375536213,8.90968159169286,0.05864550668852158,0.1614925770298681,-0.12564136305173823,-7.69,-34.37,-1.06,12.1804907606486,0,-1539.825049152967,628.9485528853874,58.676430623970674,-7.699658402168138,9.209900397059092,1.4845967618534461,321.14356753561964,DEAD_RECKONING
989,98.9,-1.693693236430372,1.484767223450592,11.464083659980716,-0.5914449329457031,-0.610901170918979,-0.1232752637907251,-7.62,-34.69,-0.19,12.516330198525582,0,-1540.4845963845767,630.2548746583617,58.969476089436284,-7.688638178833056,9.244409929760527,1.6630022456057494,321.7355130093325,DEAD_RECKONING
990,99.0,9.06509020193506,-0.543159419261033,9.700968806054837,-0.6162306279518942,-0.530762531092219,0.15434665128403427,-7.87,-35.06,-0.5,12.17460926768443,0,-1541.1985966902678,631.0135420864902,59.01869306712087,-8.036651427006293,9.525472943991828,1.662081301728387,320.5537142962318,DEAD_RECKONING
991,99.10000000000001,4.956830290838637,1.5148619967379728,9.40207311493926,-0.03910185904003827,-0.3215637482001135,0.012994632088172657,-8.06,-35.25,-0.19,11.842366184673907,0,-1541.980315723518,631.6925162756598,58.9475686966831,-8.143529075177373,9.243586713747916,1.7558635442315544,319.6979677547069,DEAD_RECKONING
992,99.2,4.70918060984506,0.7442404594754056,10.293596402246358,-0.29842073262422164,-0.31448951070497266,0.10928656823493772,-7.31,-35.31,-0.31,11.791552594781452,0,-1542.3016591178687,632.9714092937334,59.15651669363255,-8.232374587667607,9.033857975750708,1.7982342223299632,318.80551112819956,DEAD_RECKONING
993,99.30000000000001,3.946579567938832,-0.5979893332646515,8.794907450407278,-0.45390722331683125,-0.47665647226176877,-0.046627567723074886,-7.69,-35.69,-0.44,11.18869967259956,0,-1542.2125278305439,634.8468403410565,59.55928266950602,-8.049199323975401,8.646806469439031,2.0760368672880936,318.8991971309993,DEAD_RECKONING
994,99.4,-1.683813421429759,0.8560901868871983,9.5675532323436,0.09587827294058253,0.03771277194207686,-0.03916240046748999,-7.69,-35.69,-0.31,11.29251605036092,0,-1543.074392070841,635.6498878248134,59.76079507871313,-7.7558931353214655,8.116018509354534,2.0842725739670382,318.87171387004184,DEAD_RECKONING
995,99.5,2.912106423626468,-0.7287875356361339,9.340600985235097,0.304675746401588,0.38948137159712026,-0.07101718618377643,-8.31,-35.56,-0.19,11.464373624216908,0,-1543.5812645080914,636.8060253324921,60.06504777079408,-7.6956388123808965,8.146115602319835,2.03852295179343,319.62244727634476,DEAD_RECKONING
996,99.60000000000001,-1.3818896393209863,-0.12599893782092664,9.855860830105371,0.24624200907745086,0.1532920606843886,0.00945235931576477,-7.87,-36.44,-0.19,11.464373624216908,0,-1543.7512450856655,638.2968429338404,60.37779694314132,-7.368165009468605,8.028482969129422,2.026471221369185,319.7546979358076,DEAD_RECKONING
997,99.7,3.192735377143838,0.667485381226522,10.271403516432555,0.22544732194232198,0.24432456837439087,-0.010888081451873092,-8.19,-36.25,0.44,11.464373624216908,0,-1543.9460790105572,639.6758128483569,60.628994580843084,-7.404913603588518,8.149042760796766,2.0618733343544178,319.92046352413666,DEAD_RECKONING
998,99.80000000000001,-1.6068201944678686,1.9072504918961382,9.334946103958618,0.2434761264894218,0.31964535808481404,-0.07233920710470942,-8.37,-35.06,0.06,11.279365390933426,0,-1544.3256261844144,640.8202873274802,60.79916308866438,-7.323737344365443,7.860564640417,1.9476167320932203,320.3447647974128,DEAD_RECKONING
999,99.9,3.082803437636046,-0.8772214582740948,8.950660900070053,0.012584084137879151,0.006522439193392112,0.06350707530172744,-8.06,-35.25,0.38,11.121313678870715,0,-1544.8177050473103,641.8588166731998,60.987443593131765,-7.279421303767793,8.040343508033084,1.8641230688502164,319.9189940186477,DEAD_RECKONING
1000,100.0,4.672203125206217,-0.025646750358355442,9.960146001490608,0.3781177361296642,0.3608865863355639,-0.062073339101752376,-8.5,-34.87,0.06,7.7808364004493145,0,-1545.4912695131477,642.7697724761554,61.275536811467404,-7.142188405643713,7.859094060634362,1.8418627834703472,320.2519094914478,DEAD_RECKONING
1001,100.10000000000001,3.49032892851104,0.5856529335939482,9.492709097100352,-0.20676435947126917,-0.21819565895066254,-0.02559324261444658,-7.87,-33.44,0.5,8.0282016190518,0,-1545.7116506587074,644.1257015238206,61.64089049493815,-6.780637534509197,7.461325035941589,1.7036379082137922,320.6081985808216,DEAD_RECKONING
1002,100.2,2.8791263621435323,0.6092116091340801,9.138365814854778,0.07061025684062412,0.035927666032693546,-0.03176640430304211,-7.5,-33.19,0.5,9.103106685922132,0,-1545.7629468774408,645.4927342177597,61.92324134597927,-6.479072284403078,7.166734178370958,1.5740458717045407,320.96902022889964,DEAD_RECKONING
1003,100.30000000000001,-0.9361376755628755,-0.0037684114368350106,10.59489342426185,-0.19263882779528793,-0.20677549287152405,0.06179868585492493,-7.06,-32.81,-0.56,8.982541273253624,0,-1546.1213579479288,646.4532022964095,62.108535457023194,-6.092773959444492,6.803794244756149,1.5514911719860647,320.6660282339434,DEAD_RECKONING
1004,100.4,0.49598501212944074,1.4129127469299956,10.899004592957363,0.04577223131407418,0.0965590209548307,0.007790912191486279,-7.19,-34.62,-1.75,8.738620445903168,0,-1546.145343158796,647.7480300811981,62.328604745710386,-5.85362516287185,6.566006951694083,1.5773502177501122,320.7685362062154,DEAD_RECKONING
1005,100.5,-0.3645864675938539,1.0285194551432228,10.124139839909331,-0.14465083950321658,-0.2798200506497543,0.08991781739668503,-7.56,-35.37,-0.94,9.577916016279069,0,-1546.651696381687,648.5748279306466,62.5141630393086,-5.847282128339445,6.593024273635722,1.6104811764094544,320.2136494376165,DEAD_RECKONING
1006,100.60000000000001,3.142310474343981,-0.2578316010897218,9.838319723830265,-0.12253749450423407,-0.17255413425820443,0.26663794401965063,-7.94,-35.81,-0.44,11.668127783671778,0,-1547.2533422493316,649.4021825461923,62.73771379556706,-6.0773215717518925,7.129565513442752,1.7073404685707685,318.57016803877184,DEAD_RECKONING
1007,100.7,0.9049208241268595,5.624842039579427,9.705561106491551,-0.005348777386447518,-0.04807184145606818,-0.15623133053102017,-8.37,-35.56,-0.62,11.535503620161826,0,-1547.797537046298,650.3831093240576,62.987843628746944,-6.650638803404064,7.237619387438267,1.7912233340291273,319.4067601176536,DEAD_RECKONING
1008,100.80000000000001,-0.12644182338077323,-1.6842357090218463,8.043858532554871,-0.17442759301913904,-0.09189162265758856,-0.1619059124272642,-8.19,-34.81,-0.44,11.527952406771684,0,-1548.329367241768,651.4459774873753,63.25459213343395,-6.601304760455617,7.736974734175885,1.7049876983956183,320.2707753391451,DEAD_RECKONING
1009,100.9,0.9407054313996025,2.730168097909049,9.419358480198902,0.027475009375715814,-0.0961925476669314,0.01924623685683663,-8.31,-35.5,-1.06,11.519383054433964,0,-1548.865483317306,652.46868129327,63.43979826321154,-6.7578973247509895,7.8327046884565155,1.99863016325846,319.9923677038765,DEAD_RECKONING
1010,101.0,6.321649391232438,-0.9407932579699269,10.105324736498519,0.512155821163076,0.3380360256258486,1.5094892248967396e-05,-8.62,-35.62,-1.12,11.42465200614035,0,-1548.311750529385,654.5711481859412,64.027736712559,-6.824913465381286,8.335847936220343,2.195954257029737,320.7081497702413,DEAD_RECKONING
1011,101.10000000000001,-1.1199265611569746,3.081892712447206,10.550830581834775,0.24893038990255728,0.43881414653483675,-0.06282496147124643,-7.69,-36.62,-0.37,11.3456853863139,0,-1548.7164829747496,655.6285878952255,64.21387011633016,-6.828299940777307,8.054380966000673,2.220629143886858,320.8419035752964,DEAD_RECKONING
1012,101.2,7.631914389753278,-0.2998417715561195,10.619449308674483,0.03211506202015591,-0.03110771167346519,-0.11187494386985004,-7.25,-36.44,0.0,11.55821218318232,0,-1549.3408373789555,656.5240519170586,64.43174024489984,-7.075059770411326,8.559774622231881,2.372234644676968,321.4263574281969,DEAD_RECKONING
1013,101.30000000000001,-2.7530771846092916,0.5088325028716105,8.663806721620999,-0.720939364953649,-0.7690010500770228,0.10540895142569824,-6.87,-36.87,0.06,11.313384695176321,0,-1550.1001322705001,657.357130323142,64.66513264203068,-6.809527740466687,8.31806809822786,2.177498620389346,320.86989839170224,DEAD_RECKONING
1014,101.4,8.421252418915387,-0.6468807596199807,10.137416159936674,-0.39687689513591623,-0.6455065706387318,0.0859749810671614,-7.12,-37.25,0.75,12.751332055780361,0,-1551.110520264015,658.0974648642308,64.94442116212545,-7.253192442992254,9.126498677575627,2.3676958705242828,320.1698502003126,DEAD_RECKONING
1015,101.5,1.7345798270580177,-0.2923599152729799,9.853539126298985,-0.29574416498671335,-0.5387674349233867,-0.040536155989263925,-6.25,-36.87,0.13,13.109794254332517,0,-1552.1692007864167,658.8826902153867,65.26515675197342,-7.351047804610486,9.353693995027616,2.364241722594664,320.1214090384667,DEAD_RECKONING
1016,101.60000000000001,-6.782134855061819,1.6561270347720736,9.145819973761384,-0.8391952733969261,-0.7048181381284516,0.06270761734750772,-7.31,-36.75,-0.69,14.680018402167944,0,-1553.3199390985706,659.5553665224712,65.55163351077553,-7.031307310529878,8.757134332618259,2.0932178186076227,319.0768635058951,DEAD_RECKONING
1017,101.7,-2.112905990440345,2.039296831684636,9.493709390846252,0.28765006700883566,0.16885466087065681,-0.07053681628814705,-8.56,-36.31,-0.12,12.805548881170209,0,-1554.1849556925295,660.3542359064096,65.79700454256728,-7.110775699169491,8.485942181889426,2.087797463955862,319.5799277005034,DEAD_RECKONING
1018,101.80000000000001,-0.38333611737118284,0.8345257716660627,9.733016635018352,-0.3616617559623162,-0.1818027117095419,0.07219146964365841,-7.19,-36.06,-1.31,12.776017942621788,0,-1554.939802542418,661.1948255608913,66.04162188750098,-7.149690094012269,8.359906997109775,2.207709460754434,318.8436940154461,DEAD_RECKONING
1019,101.9,4.332774302877884,0.44292704035531066,9.833301816645472,0.1559015352817866,0.3682232652051988,-0.1767442736226656,-7.44,-34.81,-1.25,12.522640909001158,0,-1555.3424247992239,662.2946534492557,66.26616318284101,-7.438368346844025,8.465170386766312,2.3864415429428574,320.2167231621158,DEAD_RECKONING
1020,102.0,3.3129158774919794,-0.24902999993109248,9.76818878747723,0.2544993212606433,0.17714313210045118,0.03185131437655243,-8.0,-36.0,-1.19,12.502868345439033,0,-1555.9069412308663,663.1071542666709,66.36148487608124,-7.475329681275324,8.604190672376077,2.490019858556467,319.9492903526215,DEAD_RECKONING
1021,102.10000000000001,4.406127892911795,-1.3581501409595182,8.77957306228021,0.294128777257713,0.31799468508434686,0.08910562634867507,-8.31,-37.06,0.0,12.325643728822676,0,-1556.3754126810695,664.1729067221379,66.57454429202106,-7.524692631672435,8.775012173895043,2.4679683012322835,319.4986298232009,DEAD_RECKONING
1022,102.2,-0.07350058132386712,0.9029573046686563,10.06181437815718,0.3290840450924855,0.23791240088369783,-0.11141436519283134,-8.37,-37.12,-0.75,11.403287533805377,0,-1557.046734111206,665.0620100034411,66.78751389486017,-7.367471416743062,8.352663198679737,2.349688047521989,320.17475249685754,DEAD_RECKONING
1023,102.30000000000001,4.272038039294905,0.09402787091732809,10.346026953391728,0.12125090830757762,0.22588842069270618,-0.036600254528382524,-8.5,-36.62,-0.56,11.474641109561208,0,-1557.6097059833728,665.9651832509771,66.92525620964021,-7.225920700083651,8.21645801081625,2.922566925569145,320.3144549860637,DEAD_RECKONING
1024,102.4,-0.5907359566465545,0.39547108588239405,8.985479525865934,0.322405606982445,0.28921310202718337,-0.05273041060048012,-8.75,-37.25,-1.12,11.352101510833554,0,-1558.0023648344882,666.943708476755,67.12597035760508,-7.0057805126383474,7.982556895419998,2.7381290122425717,320.5388801280679,DEAD_RECKONING
1025,102.5,-0.015549087754881518,1.0426519103077594,9.977410459122225,0.14128453383432144,0.193693634680366,0.030944246371941136,-9.0,-37.62,-0.87,11.188970969171727,0,-1558.3750642822397,667.9256494152608,67.31245262333073,-6.811917992498653,7.787726648730858,2.826630926144749,320.2299558040819,DEAD_RECKONING
1026,102.60000000000001,-0.9148868625575566,1.3485547851561897,9.548425333538088,0.2721564572282674,0.25075481243388204,-0.032728837898814846,-9.0,-37.94,-0.31,11.444615761179525,0,-1558.5781843443976,669.0119643490922,67.48964789310821,-6.701286383216874,7.6861169560535085,2.8105739334769346,320.25636343448684,DEAD_RECKONING
1027,102.7,0.25702525292863415,0.4671525814558741,10.22852816318145,-0.19071222650796513,-0.22989668445839598,0.021099315993920335,-8.12,-38.0,-0.37,11.535131032736938,0,-1559.0489194714291,669.9399067326191,67.7512940092058,-6.61512590210898,7.781631207633736,2.9664644780131395,320.08394902477255,DEAD_RECKONING
1028,102.80000000000001,4.144805031566999,0.011880983618079724,9.396225679097174,0.09430729296773278,0.06616873930705103,0.01412878025923468,-8.25,-37.31,-0.87,11.359151969463419,0,-1559.650545487021,670.8018465395736,68.0604086804651,-6.698354609544507,7.9958592833376505,3.0372635044257112,319.91897489031254,DEAD_RECKONING
1029,102.9,1.0127885258236948,-0.26873260801245685,9.845957054413283,-0.2978117331244706,-0.2518038765831124,0.05593996202283116,-7.25,-38.0,-0.69,8.754198015005755,0,-1560.2253183036,671.550136066477,68.30276836547309,-6.22715010751031,7.278359828485729,2.788647796323292,319.5356903330046,DEAD_RECKONING
1030,103.0,3.7825911684859252,0.0662907535644472,9.446315142323177,-0.012516821966765065,-0.07067849359543188,0.026519232849628226,-8.06,-37.44,-0.37,8.808976281626412,0,-1560.657493619144,672.3922144452079,68.55554442198377,-6.008508666375178,6.900340546124332,2.7633954875815885,319.3264791725426,DEAD_RECKONING
1031,103.10000000000001,-1.3740519521325576,1.7888570570731621,9.756669804918083,-0.33751940401674296,-0.276582413747678,-0.055156144876984316,-7.12,-37.75,-0.19,8.784179917005789,0,-1561.132554049296,673.1759601362473,68.82662029567676,-5.721452701009381,6.359499936276851,2.5733803722686552,319.65952693012383,DEAD_RECKONING
1032,103.2,2.6742417067922832,0.3206375234511904,10.113922827578218,-0.11794656533547834,-0.1691748195859554,0.01945502874896819,-8.06,-37.12,-0.5,9.53769296108963,0,-1561.8089216191586,673.8165712576574,69.12299849711508,-5.681516576175192,6.368941580157666,2.790386631800357,319.5430066216172,DEAD_RECKONING
1033,103.30000000000001,-2.3988699751721407,1.4931093283474661,9.316318126589463,-0.18579847718411602,-0.23184165942434937,0.0453649736187239,-7.69,-36.56,-0.06,8.686220545314262,0,-1562.398861286913,674.4646585115681,69.42041228217607,-5.394518040385583,5.845638191241091,2.7122552454547058,319.2239688655485,DEAD_RECKONING
1034,103.4,0.876251303526646,-0.177748626959302,9.920144668737544,-0.41494289172474574,-0.3742968566590453,0.017176428681889462,-8.19,-35.87,-0.12,9.839866362815597,0,-1563.2213731080244,674.9443524269046,69.78896461922777,-5.380690878544318,5.934863457734957,2.998377687482275,318.92802107552376,DEAD_RECKONING
1035,103.5,-3.2712486789282704,1.07039805930497,9.709084215066126,-0.016829953580391122,0.04685782570196321,-0.03739501080313142,-8.75,-36.19,-0.75,9.643015977751942,0,-1563.8437967263792,675.5173410539396,70.14345911014208,-5.215976464572043,5.622306309226996,3.047331310685054,319.1441092529179,DEAD_RECKONING
1036,103.60000000000001,1.7277591908850227,-0.5152673922081101,9.91157898888161,-0.3279641267481736,-0.32817113774496154,0.10558373888760245,-8.31,-36.5,-0.87,9.161585354288087,0,-1564.3517036989167,676.1631759183238,70.50380712779162,-5.199522109474823,5.62925939224368,3.1558267145837053,318.1532872423146,DEAD_RECKONING
1037,103.7,4.555857529577111,0.09642484580015946,10.14675620429051,0.18112606469216802,0.2436405668185666,-0.020356888010109757,-8.81,-37.19,-0.81,9.606946511027164,0,-1564.825394377281,676.806255442514,70.85376453575483,-5.388147333723921,5.7977585824806,3.427353726684502,318.3882646399664,DEAD_RECKONING
1038,103.80000000000001,2.1938310264936973,-0.5409206230379541,9.854772160063662,-0.11503231163193638,-0.0812609594258726,-0.013263625213332852,-8.25,-36.31,-0.31,8.70479586311264,0,-1565.3771031735696,677.3677391095472,71.20216539036419,-5.246326691577381,5.65073386880744,3.4372500205470584,318.3469023089962,DEAD_RECKONING
1039,103.9,2.887724396593336,0.5171803307467151,9.938913781938567,0.2060792765373113,0.23121267199153667,-0.0048899992221316585,-8.0,-37.19,-0.44,9.525373622582395,0,-1565.8178495491675,678.057409495725,71.56178815371727,-5.383632147972738,5.727275885164711,3.528904466117129,318.4399466712841,DEAD_RECKONING
1040,104.0,-0.24966135737157397,0.4960651890373832,10.348039669176993,0.009065202530017899,0.0161384214027565,-0.051943175275649144,-7.75,-37.25,-0.31,8.853684653054223,0,-1566.8364095705067,678.2768961577832,71.82919141247515,-5.279548069697013,5.440493885017093,3.466211101070009,318.30293787530536,DEAD_RECKONING
1041,104.10000000000001,0.8630252493110869,0.5342917993835599,10.051636275858922,0.21078380866631197,0.18409142447766835,-0.038297564386087564,-8.25,-37.44,-0.5,9.05047892935422,0,-1567.3257051575827,678.9130168827417,72.17555856852096,-5.269578554591436,5.389647169933756,3.4502705612178426,318.5436436185283,DEAD_RECKONING
1042,104.2,0.0862676684772655,0.4646085275416854,9.706680029006368,-0.01921223122610797,0.04352737283917381,-0.07115390351227484,-8.25,-37.31,-0.56,9.798822153807059,0,-1567.7686971704577,679.6478305255922,72.5567804324657,-5.328693475963906,5.458629418573029,3.5498535218791383,318.89326491013924,DEAD_RECKONING
1043,104.30000000000001,4.178089855338425,-0.9551664537848046,9.476125580968327,0.30259175255577286,0.29330894231776233,-0.03753912148228101,-7.87,-37.37,0.56,9.48496757916577,0,-1568.245793689282,680.3350499694789,72.90250665995298,-5.453748704148012,5.80752838143748,3.5608855781022726,319.0709087943547,DEAD_RECKONING
1044,104.4,0.7025789286452762,-0.06791551133257309,9.790159119868486,0.051251167122365465,0.09020121277384233,-0.022726616174067522,-8.19,-36.81,0.13,9.08653597549245,0,-1568.8135132395187,680.9707846400269,73.2397434008229,-5.346857045692218,5.7811423020922605,3.439929476772337,319.10041537483244,DEAD_RECKONING
1045,104.5,4.377226271530573,-0.1835573661767229,10.433133393719492,0.23628541725821764,0.2695442822349494,-0.023173508701875956,-8.19,-36.75,-1.25,8.673169671116002,0,-1569.3828080263822,681.5666453144447,73.55362105527539,-5.352704122009402,5.839255477710902,3.3984723277153157,319.1587451338826,DEAD_RECKONING
1046,104.60000000000001,1.4164299178701028,0.29706150968952477,9.926549256273475,0.13310952362303158,0.1586904438599045,-0.02214808678861667,-8.75,-37.25,-1.0,5.087691675773482,0,-1569.9023612962628,682.0819180605343,73.79669740654617,-4.912684508024898,5.269247217225394,3.049432952055906,319.2804096774041,DEAD_RECKONING
1047,104.7,3.804545689509256,0.014492390495654699,10.502768046427297,0.13360500029983866,0.14725375936570756,-0.0837511447536474,-8.87,-37.75,-0.37,5.185699414226227,0,-1570.2537729969322,682.5309972946617,74.01168779082367,-4.428077057808631,4.643371474903537,2.918558662674365,319.7664511628204,DEAD_RECKONING
1048,104.80000000000001,0.48626632498074124,-0.6527436362811387,9.67715331574757,0.18780019898999406,0.18129705537326585,-0.06632603540316281,-9.25,-38.5,-0.69,5.271549104373812,0,-1570.4715187240279,683.0649798227502,74.24137314116743,-3.769052398792233,4.0223801942996955,2.6490203800121215,320.20473565504113,DEAD_RECKONING
1049,104.9,0.948340952680836,-0.6499735000288855,9.815860001891256,0.04866358132761566,-0.008113407492871958,-0.0014860926031528938,-8.25,-38.56,0.06,6.403869010562862,0,-1570.807998619896,683.6945082887877,74.52232066243236,-3.648097517036497,4.1686929358187506,2.4404220481455297,320.2973026413177,DEAD_RECKONING
1050,105.0,1.9520602676004153,-0.0481936694512055,10.165502765819339,0.013288751087217623,0.03766160317173479,-0.023178713102257182,-8.19,-37.5,0.38,7.1455959610814075,0,-1571.3385857850724,684.2109743183117,74.83129590866595,-3.7734697928109773,4.521879389204622,2.4101495721939985,320.37057071043307,DEAD_RECKONING
1051,105.10000000000001,1.132702303996983,-0.0547095456542062,9.948977268852023,-0.08081817986730969,-0.08007642795391344,-0.047782606553817115,-7.5,-36.37,0.0,7.012707217549807,0,-1571.8536578731832,684.6901738296909,75.13093403547512,-3.7637795326175576,4.673365945680577,2.3424751766607876,320.61592406923205,DEAD_RECKONING
1052,105.2,2.1357377538431894,-1.7264168442883474,9.659923754697358,-0.06267132803663297,-0.1139083132687819,-0.0053675702497297,-7.5,-36.81,-0.31,6.427183696584418,0,-1572.216781533888,685.0679228995963,75.40241456383838,-3.584827210397834,4.697660183461856,2.2254194161020013,320.5490229985628,DEAD_RECKONING
1053,105.30000000000001,0.6766780857741949,-0.3928760296288356,10.122028970694368,0.0042814983128174975,-0.03644520010011506,0.011680161037413555,-7.06,-37.06,0.0,7.675616132953239,0,-1572.7392094310694,685.5082871760848,75.76714357279828,-3.6862215085381567,4.949017365479427,2.2840529144804815,320.39755541253766,DEAD_RECKONING
1054,105.4,2.933901814185763,-0.5545162791265168,9.443345620642145,-0.21198348438975334,-0.19626877559485273,-0.025016595941025625,-7.37,-37.0,-0.94,7.601487234504998,0,-1573.11941345445,686.0214367210897,76.10676530147586,-3.8049958733363587,5.195862563442278,2.3225271487059347,320.52843996420404,DEAD_RECKONING
1055,105.5,-0.031351173415383814,-0.5959831939150962,10.021679740766826,-0.043215016659669765,-0.016161056215144343,-0.020433614391864426,-7.69,-37.87,-0.94,7.706409931025174,0,-1573.437415640347,686.6043814460885,76.45695264748937,-3.7594586282102114,5.207649152515719,2.345322667972402,320.6145406778447,DEAD_RECKONING
1056,105.60000000000001,-0.47695831574068337,-0.2838580320245956,10.14242723773264,-0.19204547126806495,-0.18856841841859573,0.028801710722390034,-6.87,-37.19,-1.31,7.608980249131495,0,-1573.7109502562384,687.2222184538366,76.79913195738035,-3.692566073154941,5.13121248277234,2.3935790793523024,320.418676463655,DEAD_RECKONING
1057,105.7,1.9556295726673125,-0.49492446406732754,9.681363449916377,-0.1566100347067806,-0.18621904625743294,0.007103086660953673,-7.31,-36.62,-0.5,7.134645136281667,0,-1573.8764674266783,687.8351573563159,77.11448410442463,-3.6706757876266587,5.0250314604814506,2.419929106469135,320.29110241013296,DEAD_RECKONING
1058,105.80000000000001,-0.21307461096964891,0.3048368175039107,10.406572906814914,0.0016777399723934556,0.008915079106623054,0.026353112778335814,-8.44,-36.69,-0.06,5.049084747204436,0,-1574.1005296408862,688.2539096580714,77.32795579413329,-3.248053562450335,4.241012943852395,2.1804440382664496,319.9676238799725,DEAD_RECKONING
1059,105.9,1.6532329493232283,-0.022019330820191065,9.815793346660383,-0.0900275790528047,-0.08780902470426187,-0.03230217005678303,-8.25,-37.0,-0.69,5.671781133729403,0,-1574.4039020568289,688.6469399613522,77.55380599790772,-3.1293979201262663,3.988962966930294,2.135515139288559,320.0041210341626,DEAD_RECKONING
1060,106.0,0.07496577353140221,0.13520053372840277,9.993553539081,0.08717950116712331,-0.006737767795036369,0.002599434821594067,-8.37,-36.87,-1.31,5.577925374203591,0,-1574.7010889569397,689.0319032783683,77.7796575856509,-2.980069800226269,3.692109467354639,2.0769213701389053,319.85380598200504,DEAD_RECKONING
1061,106.10000000000001,3.130990759860828,-0.6134103321100746,10.944567941957633,-0.12507923726912568,-0.13063341251563856,0.07082228419567366,-8.06,-37.87,-1.06,9.352164642852815,0,-1574.9748056292917,689.4525138600413,78.02477241601017,-3.0127742074140347,3.78034952696726,2.29038831773594,319.2602324637671,DEAD_RECKONING
1062,106.2,1.6328903050873853,-0.06883162825070754,9.6068907003517,0.07137329391939651,0.13065482552023733,0.0254454216583609,-8.12,-37.5,-0.44,9.006250546548701,0,-1575.1606256804073,689.9786893215548,78.30806867203539,-3.1465740036843655,3.8815466371262874,2.362350183021564,319.02733913710324,DEAD_RECKONING
1063,106.30000000000001,0.29116017617114953,-0.5530336449941953,9.815656306091633,0.02444015985835966,0.01687384984714092,-0.007239597877918872,-7.81,-38.12,0.0,8.75057834387527,0,-1575.2881057302923,690.6364000423558,78.64492348778651,-3.2616774448165917,4.046880667286626,2.4876632851386895,319.0130762911735,DEAD_RECKONING
1064,106.4,2.3193002078985088,-0.9646668424223568,9.800862642582683,0.1591409350285701,0.23458346701010954,0.032519222065560856,-7.87,-38.0,-0.37,7.7420391072061,0,-1575.600664345204,691.3378984256824,79.01324928577414,-3.6220307991706044,4.556095021792064,2.7583526585445655,318.6602003150037,DEAD_RECKONING
1065,106.5,-2.88645019296212,-1.6909072206847822,9.673828919026064,0.21672098878570917,0.2041668092480005,-0.06046666041080064,-7.75,-37.06,-0.19,8.217488029697744,0,-1575.699897845622,692.188915689329,79.40735992984555,-3.462817348047051,4.606049964848046,2.8128241036662534,319.08886603634,DEAD_RECKONING
1066,106.60000000000001,0.06952637473273694,0.3323327725333334,10.200327457563157,-0.12030702733443402,0.0029794298238444727,0.007271325317748951,-8.19,-37.44,-0.25,8.323969559516144,0,-1575.6726082665912,693.2123599190855,79.86142275772093,-3.660561260793151,4.729448609125976,2.941719102720942,319.1877876809449,DEAD_RECKONING
1067,106.7,-1.8317008504918824,0.5418957729117032,9.065306859980403,0.2954795491050859,0.15569701074847492,-0.10267208434937138,-7.81,-37.56,-0.19,9.218712798957212,0,-1575.8501226041617,693.9869218086026,80.22557852627968,-3.6528918335620078,4.664318169615314,2.951843733237514,319.7845331614267,DEAD_RECKONING
1068,106.80000000000001,-2.3848699037681462,-0.3380775453915873,10.303732310934855,-0.3454191740622408,-0.3729181549205963,-0.012473729224953307,-7.56,-37.31,0.31,9.592544857981924,0,-1575.9551059995174,694.9187136529115,80.68818684274761,-3.5689672257804665,4.605167926186425,3.0152487459181705,319.9241858052304,DEAD_RECKONING
1069,106.9,3.5695121725431527,-0.021431641094641754,9.87280302370235,-0.15686618403106595,-0.24333205202393016,-0.0510723287637747,-7.5,-37.56,0.13,9.898087534287937,0,-1577.6746948211407,694.9429497566466,80.98455302249698,-4.010937399316978,4.997411954838287,3.340529171909957,318.9229775915778,DEAD_RECKONING
1070,107.0,-2.195875121774282,1.5362646433209368,9.914732989609695,-0.18650712605225195,-0.24954144183816038,-0.06044932371053797,-7.81,-37.12,-0.25,10.034304999590907,0,-1578.048930053663,695.7814846503013,81.4867852534326,-4.151735445751648,4.9505321432217935,3.5241016279212385,319.13835642196483,DEAD_RECKONING
1071,107.10000000000001,3.6638437916178703,-0.800484731402253,9.99023150459563,-0.239849344094084,-0.17429951624145265,0.048593834749207435,-8.12,-37.19,0.0,9.984859054881092,0,-1578.7507557742506,696.6001811934833,82.04431813377316,-4.541736727817306,5.466042570570258,3.9814500101836607,318.43892347689757,DEAD_RECKONING
1072,107.2,0.5616305866397143,0.07014642087438869,10.257004980684627,-0.06936366409443086,-0.23280925123523097,0.01512827295781189,-7.69,-37.44,0.25,9.476447036007533,0,-1579.2565343618653,697.5587562201132,82.66548626881239,-4.736905066341628,5.553751346891863,4.260683540413994,318.15837659173275,DEAD_RECKONING
1073,107.30000000000001,4.305350387861733,-1.9648260520559997,10.323120594224445,-0.41186921411821736,-0.3117469901343752,0.13044904983862388,-7.19,-37.81,0.5,10.027912433553457,0,-1579.87446203385,698.3539632618524,83.28293797665422,-4.8903422719055785,5.902099689513074,4.631891712241729,316.8921931692326,DEAD_RECKONING
1074,107.4,0.8832670921252272,1.4313496512303832,10.291543712674562,0.11270885630334318,0.20150127010155205,-0.029503760069755393,-7.12,-37.62,0.38,10.787849933990472,0,-1581.4043893222379,698.718133890586,83.77449371101257,-5.155220355346221,5.644179152367434,4.713521307285569,316.3342296322822,DEAD_RECKONING
1075,107.5,-2.073040502013006,-1.2972058291769124,9.217921144366722,-0.05812612967067566,-0.031389172042916955,0.07463700776403057,-7.31,-37.12,1.19,10.683760389196943,0,-1581.9819213584074,699.4822222833035,84.3705679441975,-5.007892152091313,5.476170530438108,4.657050810166295,315.70432162116236,DEAD_RECKONING
1076,107.60000000000001,-0.3377676906730011,-1.4229856319896106,9.747438869687183,-0.02366598469765317,-0.0023028931022062537,0.09159775025430623,-7.56,-37.25,0.63,12.729095584006089,0,-1582.4819694410744,700.1828568104627,84.91967419129976,-4.8415293916218465,5.260255566429059,4.644420211966235,314.9838713064737,DEAD_RECKONING
1077,107.7,1.009721457960203,1.1446971153775047,9.854599978252853,-0.03401867375352662,-0.05426405797303074,-0.019988042634302105,-7.12,-37.44,0.25,10.920320948988042,0,-1583.0087725298781,700.9493626008914,85.53955743540146,-5.135178336345385,5.1909244267208505,4.8479275946357845,314.9399912407047,DEAD_RECKONING
1078,107.80000000000001,3.3158851227071873,-0.6848343222548353,10.696638439438388,0.28642715109641836,0.17866770943943,-0.04936635208780286,-7.94,-37.19,0.13,11.106585852806683,0,-1583.4699048505063,701.7713974466847,86.17151552729034,-5.4390060222062635,5.396251897396485,5.204163354630983,315.3697127237165,DEAD_RECKONING
1079,107.9,1.314155748469963,1.0111273948597812,10.018458156329618,-0.07784809076078779,0.06928852181522431,0.02625481878744035,-6.12,-37.87,0.69,10.703988229909298,0,-1583.9924924661025,702.569544011841,86.8306947845963,-5.762350047350837,5.494026557476111,5.397421072682971,315.1238278814468,DEAD_RECKONING
1080,108.0,1.7554625018589065,0.586289064188127,10.092534010731928,-0.20377595437280333,-0.0938347775885097,0.03421863431477211,-7.19,-37.06,2.19,10.716817851819952,0,-1584.6058425225858,703.2602593692699,87.47677673032062,-5.946162429733365,5.49708215744518,5.512083835595597,314.64599339815544,DEAD_RECKONING
1081,108.10000000000001,-0.4898777603090909,1.0442126664834703,9.05517655471775,-0.05011198809627398,-0.05872743933192826,0.03886086101148019,-8.37,-36.5,1.5,10.922781522614335,0,-1585.2599007268248,703.93724996945,88.13657828645748,-6.073779332803245,5.3915712386280505,5.4625704805132225,314.170445504196,DEAD_RECKONING
1082,108.2,1.3677929936970692,-0.5900801568507676,10.829302507774182,-0.08196408119614476,0.00504095062895555,0.009168326479146678,-7.56,-37.75,1.19,10.922781522614335,0,-1585.8878836894735,704.5878429326439,88.77621220457353,-6.103883786542809,5.391589326216715,5.612666364920371,313.98698271694695,DEAD_RECKONING
1083,108.30000000000001,-0.7800968478015683,1.6582901990587284,9.7114604073618,-0.24627951154749103,-0.060168608302637136,0.0803377916478482,-7.62,-37.81,1.13,10.741022977047974,0,-1586.4697708786773,705.279798406043,89.42387959594957,-6.193578969782716,5.0512866143389505,5.610118095620415,313.2678373558714,DEAD_RECKONING
1084,108.4,1.381668664568026,-0.08344691366314957,9.627996404961467,0.05272807797910104,-0.10862201888071613,-0.011693879035939462,-7.69,-38.19,1.5,10.464461695672084,0,-1587.1385151392615,705.7816905440452,90.03938029352591,-6.185781923704704,5.020391313653785,5.554127084671698,313.11438127164195,DEAD_RECKONING
1085,108.5,-0.7223473816469461,0.8953339966604231,9.580762234532902,-0.07044040125431711,0.08941346345240804,0.12320224196245658,-7.56,-37.81,1.75,10.160775068471768,0,-1587.6505650852062,706.437905246807,90.64264911327513,-6.157805486228037,4.623201688895712,5.463107434413702,312.3437276752567,DEAD_RECKONING
1086,108.60000000000001,2.566457831582,0.19003137996519892,9.942393467034986,-0.05141874577531818,-0.11078139028444971,-0.0337298999337031,-7.0,-37.75,2.38,10.162665086864775,0,-1588.2652111522455,706.9341556766581,91.24077892774098,-6.22249157614107,4.6645781216578595,5.431241860370886,312.4058438593075,DEAD_RECKONING
1087,108.7,2.3116664987577433,0.6818885699955524,10.193113672309876,0.0660063200601836,0.004494049839549584,-0.025293264481917873,-7.5,-36.75,2.0,10.170537519075793,0,-1588.8553313383293,707.4912777762991,91.82252512372122,-6.300732164806176,4.673402418318213,5.3982376430757855,312.60855407527947,DEAD_RECKONING
1088,108.80000000000001,1.4357758168743118,-0.2705573376392586,10.00302749075141,-0.08139370424155262,-0.04523720000716423,0.020717882260271655,-7.69,-36.56,2.13,9.539819812147615,0,-1590.9381088676348,707.3766722859586,92.24570496854729,-6.232415190980686,4.446853504623247,5.17046285434458,311.0230987369049,DEAD_RECKONING
1089,108.9,4.060776078789146,0.3905183235617295,11.115069569593185,-0.027098296595460973,-0.12498962646031284,0.05941864689586841,-7.44,-36.37,1.81,10.12941440940616,0,-1591.6577768552527,707.913796552342,92.83989444359652,-6.428672741090615,4.3849443815479,5.465408165226313,310.4789698247466,DEAD_RECKONING
1090,109.0,3.636300443695102,-0.21132428636923775,8.96078911475844,0.2517244020182299,0.3360271657304827,-0.0003596104882988867,-7.69,-36.75,0.75,10.243274939567442,0,-1592.2484097088404,708.5711207245281,93.38779111901135,-6.588841281643417,4.622860086754054,5.365769626195511,311.0513925489803,DEAD_RECKONING
1091,109.10000000000001,-4.484419885788237,1.2607733556172063,9.025218322218736,-0.3906769538235603,-0.5178474590985762,0.11613525242703888,-7.87,-37.25,1.06,10.702634458401489,0,-1593.1459547004504,709.0548071811321,94.06023145155443,-6.532962212832583,4.22365523307018,5.217884920442224,309.4969589418956,DEAD_RECKONING
1092,109.2,2.3644241188895903,0.4526287606240415,10.142270941020515,-0.0746874111881196,-0.0316790833192038,0.01814046002921892,-7.87,-37.87,1.38,10.381502883555191,0,-1594.0534811001385,709.4799943660137,94.67832396358796,-6.6947364793025805,4.381077067333443,5.269410379438686,309.4853619541243,DEAD_RECKONING
1093,109.30000000000001,-4.411485859062678,3.8649165218874226,10.097605238081536,-0.4895806147701469,-0.5431842383419123,0.021390999467098902,-7.56,-38.37,1.88,11.800190914481298,0,-1595.0941310752028,709.758388038936,95.34582151175178,-6.608856829905556,3.9318974523348325,5.034060992633103,308.7054450731959,DEAD_RECKONING
1094,109.4,3.137522985760746,-1.4562005633651842,9.330955229400573,-0.42726201793701163,-0.39315296796383165,0.04017265001992176,-7.19,-36.94,2.19,12.18735152051242,0,-1595.9111599264413,710.1295591286087,96.0236089957126,-6.835846472134208,4.2283073297213525,5.230892810239387,307.7940232369466,DEAD_RECKONING
1095,109.5,-4.094412444053116,3.110527979312329,9.240989422020682,-0.14271821574297638,-0.1764328573527532,0.0057548016025140356,-6.75,-37.0,2.19,12.079617207887118,0,-1597.5534427168373,709.7468460174733,96.64134420662552,-6.918215518036493,3.763705661372974,4.905456075467191,306.40351242032307,DEAD_RECKONING
1096,109.60000000000001,2.2053178903096935,-1.296485220636927,9.995184270705069,-0.41489748119201675,-0.4689182786739945,0.0656808040902214,-7.0,-37.37,1.63,11.37051321710909,0,-1598.2393552971357,710.2406614625557,97.32894441378876,-7.315474214264454,3.849035344757065,5.321807421886069,304.9280729995938,DEAD_RECKONING
1097,109.7,4.636306469956164,-0.014695627277842016,9.785042023679896,0.2266068962960277,0.2250590705008838,-0.08312592457446447,-6.44,-37.87,1.56,12.199965125535664,0,-1598.77973093778,710.7659244769304,97.97362165940437,-7.876937064449112,3.8711252515232664,5.64666283385946,305.88154240767784,DEAD_RECKONING
1098,109.80000000000001,2.671464681976772,-1.689125162875562,9.12884536220717,-0.25904709517511626,-0.18127053224672457,-0.10082661662638227,-6.25,-38.0,1.31,12.219735263431469,0,-1599.4491094290931,711.2947863352048,98.66529957240992,-8.259031581996416,3.993897857870199,5.888363861545522,305.9868691384305,DEAD_RECKONING
1099,109.9,2.204297512479996,0.37893709466679426,9.929051644782598,0.3305482552240327,0.4100108428941514,-0.08869779973356302,-6.5,-37.37,1.63,12.767890741022487,0,-1599.9383618610734,711.7421458839032,99.30006521589695,-8.626039218829511,3.882863011058573,6.0411284952200495,307.22292421517886,DEAD_RECKONING
1100,110.0,-1.9688345146128519,2.5742544177826523,10.034204035527466,-0.15031751640858068,-0.10189651933572472,0.006324840552958856,-6.06,-37.31,1.5,12.315482585537426,0,-1601.0187747358348,712.1248447388986,99.89144178964234,-8.977653075783246,3.3020196409736626,5.953234215352029,306.22316430993936,DEAD_RECKONING
1101,110.10000000000001,0.8151249724004599,0.35346489852844126,10.306858131112383,0.12117580923773005,0.3253747401547209,-0.04571653666704348,-6.69,-37.56,0.88,10.78288071927171,0,-1601.876029912804,712.5078182452501,100.48834211378768,-8.960999447136127,2.8180524583415227,5.85884664914546,307.0419475962729,DEAD_RECKONING
1102,110.2,-1.4917494091396608,0.39049643640037734,9.502567043882935,0.2234649301701483,0.1360854270977433,0.015784534065836155,-6.12,-37.75,1.44,10.929806497607283,0,-1602.7365588078146,712.9301994359122,101.08836322149835,-8.981260564613793,2.3801766707362795,5.728764680835372,307.0883015027173,DEAD_RECKONING
1103,110.30000000000001,-1.528242638656739,0.5831452158807215,10.09695174419423,-0.1436115859032643,-0.13282145511061205,0.14021367071954505,-5.87,-37.19,1.69,12.786723263528744,0,-1603.752018558715,713.2527400885697,101.72167226389324,-9.043917597649333,1.9439574504432309,5.7081343460903495,305.877123775826,DEAD_RECKONING
1104,110.4,0.2601509425076296,-1.095497408239336,9.073292875558096,-0.016984853680194527,-0.08200055023142602,0.01403012855271686,-6.12,-37.31,1.94,12.717387952189874,0,-1605.3231616811752,713.1687187049816,102.33041117576772,-9.232340684119524,1.7461336578960178,5.7364894474510155,304.8106946129202,DEAD_RECKONING
1105,110.5,-3.524695604858262,1.6647880509631139,10.19057284790523,-0.4502690614570059,-0.28840363443387235,0.0032643437258308393,-5.37,-38.06,1.19,12.751053306316086,0,-1606.696792614581,713.2866826190684,103.08428306115428,-9.350015496029688,1.2008868512727173,5.752596203664102,304.03232284431374,DEAD_RECKONING
1106,110.60000000000001,0.3658676672967582,-1.2727906253804477,7.874112255611452,-0.2826744745326863,-0.5317720310668934,0.22070690615080607,-6.19,-37.75,2.31,13.343639983061045,0,-1608.3133469940287,713.2788226823287,103.93798312910661,-9.662067885559594,1.1632642179258275,5.870639000868605,301.2233602326755,DEAD_RECKONING
1107,110.7,-5.072166140997252,2.16785235609028,9.612551001701622,-0.276109097337622,-0.20653042627501172,0.16270048982736823,-6.06,-38.37,2.06,11.646971707119542,0,-1610.1070381919292,713.2240762814795,104.88778648090798,-9.861823585963094,0.5711075199432298,5.886121223415792,299.52520386648536,DEAD_RECKONING
1108,110.80000000000001,2.516247795498738,-0.8273237848369901,8.778345443572539,-0.4934806242562,-0.6269511829564863,-0.016529297419233587,-6.0,-38.06,2.31,9.77248596666633,0,-1610.6402777327417,713.478366966739,105.36661057858707,-9.597513929063407,0.08001880920463102,5.490843035484993,297.74640536683944,DEAD_RECKONING
1109,110.9,8.286585893202767,-3.03634899400436,10.399118593476162,0.5094481541715743,0.4810774700719122,-0.14268011774730255,-5.44,-38.31,2.88,10.556319362147155,0,-1611.667816330541,713.482327063346,105.97460178812669,-9.846960016017167,-0.06569629673100517,5.831837764302686,300.02124371041543,DEAD_RECKONING
1110,111.0,2.1314358692027406,-0.06460031118789737,9.812895497521126,-0.15469451448298674,-0.10130515167252002,0.0501455225666332,-6.06,-37.94,2.19,9.172853102009235,0,-1612.551027485348,713.4381095771654,106.46846753987259,-9.563764237510382,-0.741198870531392,5.476633990834194,299.26628449356286,DEAD_RECKONING
1111,111.10000000000001,5.147498424678653,-2.705327310289133,9.917882009387617,-0.5244243568787146,-0.5313777121461853,-0.028681543658462802,-6.19,-38.19,2.69,9.00599931709099,0,-1613.361616038792,713.4091359870089,106.9204845387948,-9.33869168256817,-1.1336799297695965,5.396756036514016,297.4691716214505,DEAD_RECKONING
1112,111.2,-3.54988541282297,1.884298753361568,9.899173748546225,0.15902173929861457,0.3264952925381304,-0.04243477796435495,-6.62,-37.94,2.63,8.90122219510327,0,-1614.3003164228146,713.2684841139476,107.47203690428937,-9.07311630967268,-1.9997249252938027,4.834619975008934,298.7361105640656,DEAD_RECKONING
1113,111.30000000000001,3.95491525341545,-1.4773314072799804,10.680977587813109,0.6216489846217,0.6728637937433738,-0.06153198345644191,-6.19,-37.56,2.44,13.850025099206563,0,-1615.0975937731441,713.2020873313332,107.94736790092517,-9.152914440047708,-2.359333317969899,4.918967630619503,301.0819837696237,DEAD_RECKONING
1114,111.4,-4.479764940845032,2.0342074346631764,9.929543151501823,0.3624016727852155,0.5552581138884081,-0.05646489638319865,-5.87,-37.37,2.88,13.50595158062575,0,-1615.8093740589816,713.1881549842985,108.37112813338679,-8.876033618543305,-3.163250834888037,4.459681195538158,302.7676888296763,DEAD_RECKONING
1115,111.5,0.7041547959943649,-1.9076091917801186,9.670282229837666,0.38946706277398757,0.4120340618695267,0.10400552328363111,-6.06,-36.87,2.56,13.65234801392432,0,-1616.4687934686792,713.2178271683698,108.75302629842793,-8.792292321411308,-3.3718134609188315,4.445653978895848,302.9879435675171,DEAD_RECKONING
1116,111.60000000000001,-3.0791771287445626,3.2778914037828826,10.830041588785459,0.459198927622752,0.5960786715847091,-0.036367047610756216,-5.5,-37.94,2.94,12.628468995781045,0,-1617.0389122971778,713.381763727496,109.0910043422746,-8.797269097085048,-4.0740831667402375,4.28980135540742,304.28191943232684,DEAD_RECKONING
1117,111.7,-1.4683778721058374,1.783250904027643,9.671256504611721,0.46084094460535474,0.5185978966288124,0.024227781314347198,-5.31,-37.37,2.88,11.428965112390248,0,-1617.5279989926726,713.7359792994214,109.385849149598,-8.95604618006025,-4.384285530116367,4.284604254950132,304.88965137000116,DEAD_RECKONING
1118,111.80000000000001,3.453805766251247,-0.48496595209273174,10.1746110257012,0.16805263056068837,0.012003893811333977,-0.21739535389469347,-5.81,-37.62,2.38,12.462160663811778,0,-1618.1184427096732,714.1029073487006,109.7675585272357,-9.409092239031963,-4.158700185922805,4.635444633481083,306.0837494618059,DEAD_RECKONING
1119,111.9,-1.6431317202945848,1.0387211616231269,10.992610963195144,-0.40882452871796116,-0.02716119960427846,-0.0002528924544169054,-4.87,-37.25,2.5,12.589613246648222,0,-1618.8353751891796,714.537639734462,110.25520235483695,-9.650318417280648,-4.256220791987041,4.9645096685723145,305.93751111296376,DEAD_RECKONING
1120,112.0,3.017975078840991,-0.3774938945499828,10.422801010912192,0.029625308320169273,-0.1469182975677549,0.129400830548832,-5.25,-37.25,2.56,12.602983524113935,0,-1619.7494000694169,715.0858425531305,110.89949421728852,-10.383177880211223,-3.8605814463837134,5.539845175509324,304.8274629846464,DEAD_RECKONING
1121,112.10000000000001,1.0025614650282522,1.9822849656326114,9.093683440381422,-0.1557632514320893,-0.3856048175602684,0.24285926825553908,-5.56,-37.87,2.81,12.433192735370271,0,-1621.0767228873385,715.6507668406588,111.7971191297514,-11.359143552111288,-3.57380390053783,6.031992720335447,302.6108737510006,DEAD_RECKONING
1122,112.2,6.240254121433584,-2.5252120903670265,9.518786789218224,-0.4823414283488958,-0.7108492573895527,0.04624770012733872,-4.81,-37.87,3.19,13.35922515150414,0,-1622.9826394054,715.9114042541366,113.04990215567797,-12.571608805664757,-2.6983719028469864,6.916422591883276,300.76131148323213,DEAD_RECKONING
1123,112.30000000000001,2.352172315247211,-1.0832293323135245,8.933797068044482,0.44054615380104556,0.6783659323433824,-0.037154921706269835,-5.31,-37.62,2.44,13.89946510621285,0,-1624.4659403748626,716.4839695386669,114.0421493395597,-13.233279967172585,-2.3489632340295516,7.263068062717476,302.2660020666925,DEAD_RECKONING
1124,112.4,-10.384654767954459,2.565239684357162,8.110856105997684,0.2678535939004356,-0.03626819368008709,0.04562554505761226,-4.81,-38.0,3.25,12.375936192248075,0,-1626.0769799207771,716.8683947947508,115.07326995366617,-13.07083748154757,-2.9027501881518845,6.991189525427983,301.8144468843465,DEAD_RECKONING
1125,112.5,-0.31534751888698886,3.551467715289688,9.695059086956968,-0.7792542459271743,-0.6784084479234166,0.18971348921627032,-5.19,-37.19,3.0,12.065705410024302,0,-1627.614913213598,716.537955846195,115.91502250015446,-13.196010263777687,-3.546684574132619,6.8401832681341235,299.170269748692,DEAD_RECKONING
1126,112.60000000000001,-7.684332304083093,3.7884580808802224,9.975452243374152,0.8762989215432863,0.8152309374978581,-0.12718383800010388,-5.31,-37.31,3.25,12.345009675189234,0,-1628.9108248538578,716.6685203978205,116.67401634478847,-12.951802475766865,-4.381435816775789,6.478820861651236,301.461507134386,DEAD_RECKONING
1127,112.7,0.5879423447882728,-0.9868460713147759,9.906626538369933,0.4558601945285117,0.3491289096107197,0.09597284781883592,-4.31,-37.69,3.19,12.873184100515386,0,-1630.090564246422,716.8147112649671,117.32199964311474,-13.051593700360614,-4.453511252715503,6.6184291631341905,301.32205747801186,DEAD_RECKONING
1128,112.80000000000001,-5.986050925202977,3.6402924167324127,10.589439828034205,0.7054886610754438,0.7794213330789531,-0.02810595373590813,-4.12,-36.56,3.25,12.843491602536773,0,-1630.9902279218268,717.1163687134654,117.77486126583115,-12.772885788600858,-5.23277457868244,6.398302251640806,302.2944463230051,DEAD_RECKONING
1129,112.9,2.2128938548350088,-2.0320298789201376,10.19714820419951,0.5016871114827639,0.4413153362206914,-0.020328211640450056,-3.44,-37.5,3.38,10.048812270985737,0,-1631.845702157941,717.4313001891849,118.19766929548811,-12.86297524995157,-5.039204041395801,6.55308289102954,302.66206706747016,DEAD_RECKONING
1130,113.0,6.319803191015321,-1.910027954753413,9.906382448143876,0.535693046323603,0.6538301814851417,-0.047566731017011754,-3.87,-36.56,4.25,10.066656641356106,0,-1632.756808058948,717.62386490122,118.62639495278394,-13.216849204744891,-4.6480733984686315,6.688029546226123,303.1487444026797,DEAD_RECKONING
1131,113.10000000000001,3.9218559561870765,-2.5594066008141465,9.030046272341519,-0.48742522796856863,-0.49660383123266566,0.03798015198530808,-3.69,-36.0,4.0,10.048812270985737,0,-1634.0785759100345,717.1921397699949,119.29642299275713,-13.217056007329397,-4.398204126711044,6.633295205537367,302.62684939064343,DEAD_RECKONING
1132,113.2,5.051640339835479,-1.7105348481421963,9.359145412388786,0.22046315735680116,0.10228277617295499,-0.03329204028928728,-3.75,-36.25,4.13,10.066656641356106,0,-1636.7492011649247,715.3122138723747,119.26244730130148,-12.762777090312271,-4.545814452031523,6.315022729224793,299.42287049554733,DEAD_RECKONING
1133,113.30000000000001,-4.82019409044611,1.122792534083193,9.855435303721263,-0.5507649708571307,-0.6926854544993147,0.11553344970969044,-3.44,-35.81,3.5,12.587913032056223,0,-1639.3709965663577,714.0287470383734,120.60640577856898,-13.061850206639,-4.829360975300314,6.627692957100152,298.16220455638665,DEAD_RECKONING
1134,113.4,3.871560847377119,-2.156645683761888,9.416473362133395,-0.3168595613265497,-0.35531391567117265,0.04390409692005159,-3.87,-35.31,3.69,12.335195197834588,0,-1641.7861912470826,712.8602335942791,121.91218216674714,-13.699577566211563,-4.5253308177711915,7.019303171327811,297.4464569846243,DEAD_RECKONING
1135,113.5,-4.607715528145694,3.248242031411097,10.45210735340292,-0.4858362020121527,-0.48397487457449406,-0.05882147222749045,-3.31,-35.87,3.88,12.353390828653948,0,-1644.0342021629608,711.7783006134752,123.22438403694545,-13.687993590817287,-5.1359750852624995,7.119088824621529,297.07479603292086,DEAD_RECKONING
1136,113.60000000000001,0.8831844589569866,0.6064381633500148,8.89517165969772,-0.46371088113441317,-0.6599135032253235,0.11560180352584083,-2.87,-34.31,4.75,13.08726218860775,0,-1646.3509964014947,710.5648958906023,124.56821478310533,-13.99373000745194,-5.335718501358091,7.257920799613005,295.1787302590074,DEAD_RECKONING
1137,113.7,4.8380599795786905,-4.218373899606731,9.663927845711376,-0.21098596780733314,-0.34792949766810793,-0.04198864180729211,-2.19,-33.37,4.56,12.4609296420945,0,-1647.653335018966,710.0968859111762,125.23041784175037,-13.788299080636115,-5.294235912870814,7.307301732934554,294.6387079238489,DEAD_RECKONING
1138,113.80000000000001,-1.8622198738190068,1.1502807397769808,9.690631200868788,-0.1953584196409184,-0.07115419619655232,-0.03421546783291671,-2.31,-32.5,4.0,12.174276981942729,0,-1649.1636506810407,709.447612725216,126.07928435571363,-13.472807970463398,-5.875772437918139,7.031596698028789,294.57519274142396,DEAD_RECKONING
1139,113.9,3.010832142855499,-3.1036876116242103,9.391687396682162,0.3588784465375588,0.4400710996783437,-0.07161443875840855,-3.56,-33.56,2.5,12.696450406246928,0,-1650.552089676179,709.0498925853099,126.99818885330399,-13.55663899114765,-5.71176209675072,7.230833791646295,295.7779114109301,DEAD_RECKONING
1140,114.0,0.565233525169204,0.33422039525765823,9.64138528892081,-0.05643887463494213,0.026519134980577733,0.006306259574675382,-3.62,-34.31,2.06,11.883232099746525,0,-1651.8937281995954,708.5644360433531,127.76945161838782,-13.41790295028545,-6.073648000685747,7.099772784884666,295.67140859257955,DEAD_RECKONING
1141,114.10000000000001,-0.7744597972701268,0.8448892442116333,8.0319368528038,-0.10229007832761981,-0.06545920280109435,-0.1399269189411909,-3.87,-35.81,1.0,14.549203511548804,0,-1653.1456289002288,708.3307246617035,128.66211166936668,-13.426078147017591,-6.225196716800743,6.944139587983879,296.2794765633859,DEAD_RECKONING
1142,114.2,-1.682956401303492,0.7665129038703512,11.655735800004727,-0.4391854772645352,-0.4720510035679905,-0.05406529931828149,-3.81,-36.0,1.94,12.162022208276218,0,-1654.6131106952105,707.9391525918759,129.7212824970302,-13.375745205485034,-6.545999640639455,7.1715908366450405,295.48689649450625,DEAD_RECKONING
1143,114.30000000000001,-2.0249164510003625,-1.5725623792796828,9.842699549907145,0.11162941756961751,0.6709938789522473,0.02185629295385598,-3.56,-36.87,2.69,13.799089696287165,0,-1655.6156934662627,708.0611557165014,130.47605804136094,-13.124510095215095,-6.634102956022274,7.151295661441493,296.7063473941461,DEAD_RECKONING
1144,114.4,-3.22528594012783,1.59824076026074,10.503192570197639,0.2163066719376101,-0.18882312679382793,0.15290856896550015,-2.81,-36.56,4.06,12.722983703146898,0,-1656.8800217762866,708.1429646473279,131.2771803120099,-13.280499882867693,-6.969561123297583,7.27962607781533,295.26950797908836,DEAD_RECKONING
1145,114.5,4.911808159730484,-2.3637734228591567,9.080680987535557,0.36962785200471,0.6317688884612278,0.013233767220595721,-3.19,-37.0,3.69,14.283983725996231,0,-1657.8059924269974,708.4582082586377,131.8298095084252,-13.655785852476829,-6.673913651656438,7.523900542722643,296.2678565127718,DEAD_RECKONING
1146,114.60000000000001,-3.4811963137883004,1.1064370899049751,9.331649361230273,0.3266037684903419,0.29658416718186337,-0.1427227038173944,-3.19,-36.56,4.38,12.431664586238421,0,-1658.3187405635163,709.6302286633618,132.35948203135956,-13.680399598109668,-6.6360710619745795,7.565232233143547,297.4879269997534,DEAD_RECKONING
1147,114.7,5.426553314895057,-3.624054920444796,9.135731437832515,0.27713636771205863,0.520512219825619,-0.08917316134114063,-3.5,-35.94,4.63,12.099830421985091,0,-1658.9483009833536,710.4778235323903,132.9151756693871,-13.951059623281461,-6.001623631135881,7.839551526482242,298.6214751396779,DEAD_RECKONING
1148,114.80000000000001,1.0561636470134248,-0.7526501556049586,9.761405791892638,0.5622470231416395,0.635513544943211,0.006704413626693663,-3.12,-35.12,4.31,11.13061781450427,0,-1660.0280307094397,710.44036206828,133.5510192315173,-13.823172800664507,-6.107947022342504,7.7845145787237415,299.1556904654968,DEAD_RECKONING
1149,114.9,-3.6277635305461184,1.6553435953405813,10.584372219352666,0.0087260055929013,0.24045625225782039,-0.019238959860556328,-3.5,-35.56,4.75,10.503948602102568,0,-1661.083519847279,710.4338673956896,134.17129903867954,-13.481470213642098,-6.5518395478273455,7.700066221735594,299.38311058609173,DEAD_RECKONING
1150,115.0,-2.0420833268082355,2.8742547681110704,10.571435281188766,0.11904655855471868,0.04503996420622136,-0.02175887222675464,-3.75,-33.94,5.88,10.48203761906834,0,-1662.1485702936168,710.5507652255991,134.83246666535635,-13.498533763762312,-6.898845703635577,7.759830531757164,299.45471114734136,DEAD_RECKONING
1151,115.10000000000001,2.486223053721769,-0.5122447621970945,9.88307070098884,-0.6568800642767728,-0.5276151591247471,0.10203291144287957,-3.87,-32.06,6.5,10.26314247941269,0,-1663.4390403610553,709.8198727608366,135.57096182900426,-13.361070404981005,-7.071457428371075,7.681940285061881,298.23030218702377,DEAD_RECKONING
1152,115.2,5.2391013888910045,-3.505404915935722,9.390064254958752,0.2317724102412355,0.41202437838043743,-0.04255868267677602,-3.69,-30.44,4.19,10.814573065828418,0,-1664.8385842784544,709.3952180807527,136.3860686944139,-13.638539426119356,-6.702561148575506,7.87809104828148,298.848821658279,DEAD_RECKONING
1153,115.30000000000001,-2.7297844217480476,1.127342841635105,9.806523426688777,-0.1581553788018147,-0.1771681186910851,-0.007644205355435893,-4.69,-32.25,1.31,10.684929169578208,0,-1666.406848481967,708.7970267314647,137.3238445927771,-13.533334332305786,-7.070089509859326,7.856697927296116,298.5985429500162,DEAD_RECKONING
1154,115.4,3.7968910407129264,-0.7021428220709188,9.538999625871059,0.37666394236055006,0.45259237311772627,-0.0164121394422879,-4.44,-34.37,1.06,10.49873826486935,0,-1667.7862734515124,708.271035917871,138.11449968098165,-13.750263055932782,-7.052834313210408,7.907344947976884,299.0667852735215,DEAD_RECKONING
1155,115.5,-1.9733325089415588,1.7192343298767467,10.425483740245708,0.06409398091988207,0.08982375230336977,-0.05695072547373445,-3.75,-35.94,1.88,10.422025128739733,0,-1669.2181823863048,707.8585767316355,138.9846089052434,-13.743430889760662,-7.360569421202521,7.960600450332265,299.38488056438445,DEAD_RECKONING
1156,115.60000000000001,1.4972083687314788,-0.7125033976164489,10.207110639597548,0.4290040074685165,0.3985400621219863,-0.08468955342754103,-3.62,-36.5,3.31,10.382014260952129,0,-1670.4569673280816,707.7323426212608,139.77879443090396,-13.901294854663483,-7.210633818630423,8.099841863256737,300.07958825091237,DEAD_RECKONING
1157,115.7,-1.2258679066410043,1.992391089916448,10.359056089735645,0.1461870196750435,0.2789183354714359,0.042484437343243316,-4.06,-36.75,4.06,10.286085920219392,0,-1671.797211882672,707.5264759513294,140.49095284500734,-14.042095403984433,-7.410918026958444,8.163111130834746,299.9016665828397,DEAD_RECKONING
1158,115.80000000000001,1.9220672135901773,-1.2171667057179674,10.69591060625197,0.2947291974852541,0.24183680149343537,-0.05070494643644562,-4.44,-36.25,4.19,10.286085920219392,0,-1673.1584931465768,707.27627975048,141.25203087540174,-14.247935789733521,-7.1820090617478405,8.337442914984916,300.21439008668756,DEAD_RECKONING
1159,115.9,-2.8365975371929015,2.8267169064648905,9.99823893506735,0.35154528790960504,0.48616600900651796,0.03768928541677525,-4.69,-36.5,4.31,10.286085920219392,0,-1674.4188198101806,706.1013784576475,140.73574796815558,-13.557699096957181,-7.580066850819248,8.00748017471983,296.7118267625872,DEAD_RECKONING
1160,116.0,1.7902968976513416,-1.336372747192874,8.51840949407929,0.15210222265338205,0.07041757505202516,0.08175291424587502,-3.62,-36.37,4.25,10.448686027566595,0,-1676.75512976604,704.3384420275623,141.01290358803297,-14.20866313511186,-7.71038179683585,7.8414453617420214,296.17311446873344,DEAD_RECKONING
1161,116.10000000000001,3.8493292939321173,-0.7598478236356976,10.988678729118991,-0.03203195323973539,0.12017659783003054,-0.19266045080827177,-3.12,-36.94,3.94,10.30350950539318,0,-1678.3876863208643,703.4376167295723,141.7443707156538,-14.50637998336086,-7.578476412667942,7.97487231565978,297.21826480473715,DEAD_RECKONING
1162,116.2,-6.7335473668925365,5.015474365347468,8.90433258578974,-1.1301480254462628,-0.7033893601009269,0.13473195120951034,-3.87,-37.0,4.75,8.76049267245065,0,-1678.2633363323612,703.6924353777307,141.95201061593573,-13.10875946672535,-8.602403329029949,7.41088124918966,296.04925251683017,DEAD_RECKONING
1163,116.30000000000001,7.247366111965908,-8.546736573384317,9.407883953594617,-0.6118360256235211,-1.5222966645372031,0.062035819395895704,-3.31,-37.19,4.81,11.171553927324064,0,-1680.2440933438265,702.4151980253832,143.14696068197205,-13.454565033337941,-7.700576550159088,7.688613560679416,294.0835278655554,DEAD_RECKONING
1164,116.4,10.895994408061217,-5.661627266323847,12.687486006168324,0.3114845407366002,0.16954068705663122,-0.20806872978531565,-3.31,-37.44,4.88,15.513500949812746,0,-1682.6205761727047,701.5631612185548,145.20536955923134,-14.430252362889672,-6.704612276141969,8.691929869093054,295.403356172951,DEAD_RECKONING
1165,116.5,-8.970608547526242,5.186857213514379,9.029481191279098,-0.7540245241647348,-0.75256092034532,0.11672196934232361,-3.44,-37.5,4.63,13.58797651991666,0,-1686.0580282573355,699.9141148205848,147.79460760571368,-14.680718238675892,-7.336382280890589,8.777420302485986,293.6582737957318,DEAD_RECKONING
1166,116.60000000000001,7.544204736963672,-3.143822909600695,10.478349119963731,0.9819215438590462,0.8164435422418655,-0.299093236361209,-3.19,-37.31,5.19,16.07909240040464,0,-1687.2565579592588,700.5524187716151,149.47237868055882,-15.130677401232825,-6.497876836332754,9.334897079927755,296.3009554514708,DEAD_RECKONING
1167,116.7,-5.520780609876177,4.021872539443603,10.295396780798917,-0.021685577853781075,0.23363849283184665,-0.0803329345935447,-3.06,-36.87,4.5,11.997319046456209,0,-1688.6656414293464,700.137581969653,150.49754901627654,-14.585462593367906,-7.2713640708652685,9.085842348481517,296.8752685337339,DEAD_RECKONING
1168,116.80000000000001,4.070558221317112,-1.7507658645566362,9.864013793297884,0.6134647148648916,0.7005841896965772,-0.12586360380557826,-3.0,-37.44,4.88,12.152650523276014,0,-1689.395105518333,701.0147444283095,151.52041710597743,-14.684536276184376,-6.689989664393095,9.239932511859514,297.95539353547434,DEAD_RECKONING
1169,116.9,-4.745621635315293,3.16906101137289,10.075349418289354,0.45344353691713635,0.5503093878416188,0.016871173090824216,-3.12,-37.19,4.56,11.388033496248905,0,-1689.8214365520487,700.6492193984104,151.2748226815195,-13.560674699864403,-7.089066058354022,8.851057144036803,294.63634691610406,DEAD_RECKONING
1170,117.0,1.5290833106020925,-0.00011979130059103952,9.387626267853243,0.3533985865761252,0.40111366373433327,-0.0014586883207473099,-3.75,-37.62,5.44,10.79643184489948,0,-1691.3833919673427,699.6846643718163,151.64672826276342,-13.750162138564411,-7.263995852643602,8.701723845078487,294.59882384993307,DEAD_RECKONING
1171,117.10000000000001,-4.083352974750276,3.8233503992793323,10.43282270135598,0.643645642582318,0.7200192473363226,-0.0892592306152715,-2.81,-36.75,5.5,9.788485056250593,0,-1692.7560016790214,698.8638966604561,151.88637099636395,-13.555038800714051,-7.94577385710588,8.561867663913992,294.889376064171,DEAD_RECKONING
1172,117.2,2.2629660076530147,-1.4221276559553477,9.375809761208572,-0.10362744112892092,-0.07486001291195236,0.06614485552100295,-3.19,-36.5,5.69,10.911525905684625,0,-1694.4926210257552,697.9418309724299,151.75069567510675,-14.267584083943198,-7.709324834126808,8.442894855234295,294.4711602800059,DEAD_RECKONING
1173,117.30000000000001,3.9086877726450653,-4.934509496160291,9.98567087722597,0.43854688815302817,0.4259814012763854,-0.012023837070689394,-3.0,-35.19,5.81,10.607677763005467,0,-1695.96661227662,697.1939779714291,152.37389913515844,-14.36188348534463,-7.123707745082458,8.400215800910455,294.27933026563295,DEAD_RECKONING
1174,117.4,2.6540503206143264,-1.8959588410481905,10.27632481282575,0.47424178686530577,0.49974114069786346,-0.04841538892542499,-2.94,-35.37,5.38,8.438732636671341,0,-1696.8209298014735,695.4107215544639,154.0819330043209,-12.795095303278998,-7.017318838349114,8.358306804404485,291.2627542374295,DEAD_RECKONING
1175,117.5,2.7614420076750963,-1.7753604218518628,9.29201870858907,0.17425416237195082,0.22801699314601237,-0.026615554337664157,-2.44,-36.0,4.88,10.928741680383157,0,-1699.9141382388555,691.602542215746,152.6589253536546,-14.112510229685814,-7.530952118047892,7.906770023191015,291.158224047319,DEAD_RECKONING
1176,117.60000000000001,-4.975999896712983,2.2358713077547194,11.52658271922219,-0.5292263155371818,-0.5163937426488525,-0.02142193959588629,-3.19,-36.56,3.69,8.861091184830698,0,-1700.231126744992,691.4206654341635,153.44093734119772,-12.677433397452784,-7.941638933445259,7.912488236157474,291.6245633747618,DEAD_RECKONING
1177,117.7,-0.9425062343791967,-1.3057354076307226,8.750783513686976,-0.2978202281244736,-0.2775499822789309,0.09250918363520229,-2.75,-37.0,4.69,9.238652672262086,0,-1701.5399783108867,690.6245064266112,154.25376988958757,-12.416422068086678,-7.8146732428578956,7.761741457967908,291.1845332985645,DEAD_RECKONING
1178,117.80000000000001,-4.639586607358331,3.8457279357307157,10.854116306598229,-0.4861590966953715,-0.4501436680275499,0.06676990965280238,-2.69,-37.81,6.19,9.419878241735043,0,-1703.1121381635992,689.9015002222316,155.40347962078783,-12.193217659190859,-8.1825065103828,7.960733037863244,290.87636374244784,DEAD_RECKONING
1179,117.9,-0.6487452527547175,-1.1678760611004368,10.486975699549262,-0.43589465992495807,-0.38393940022033696,-0.17049302744497516,-3.0,-37.62,6.13,8.907246992968469,0,-1704.2626772692206,688.871683074907,155.97510410650702,-11.780643096940034,-8.26719657753361,7.893147298880478,291.8098834902414,DEAD_RECKONING
1180,118.0,-3.0557156267202354,0.6516496348338645,10.6303099965165,-0.06702105775919794,0.11181644793907737,-0.043245690965989375,-2.5,-37.69,5.94,8.754066431654346,0,-1705.4515394749608,688.5986158221983,157.18207797753396,-11.464489318321535,-8.30213740796371,8.013380248983774,291.99276555920346,DEAD_RECKONING
1181,118.10000000000001,-0.025770423764697112,-1.1174008770759207,9.93343046359962,-0.1675778939572457,-0.21805294437232767,0.02547749806030163,-2.25,-36.5,6.5,8.574442740705122,0,-1706.597204825318,687.8142447942103,158.02341872542647,-11.212888224402372,-8.29422000951665,7.982107199280553,291.73454537568614,DEAD_RECKONING
1182,118.2,1.8783049548529804,-3.9875534875016476,9.283030036625338,0.2877052200877136,0.3294187365548363,0.06070141959539017,-2.37,-36.69,6.31,8.932413449631397,0,-1707.8365059361895,687.3465777226149,158.98621547188344,-11.275254071380921,-7.817402987789015,8.017026747362555,291.3447853750315,DEAD_RECKONING
1183,118.30000000000001,-1.2487569194122474,-2.771108784990945,9.320752181984352,-0.04501884140266509,0.07729173615746497,-0.01984896572939029,-1.75,-36.5,5.81,8.992623102439724,0,-1709.0318665053726,687.1376727248075,159.98694583165286,-11.188168763062503,-7.455409117234251,8.038416487254338,291.3876712341174,DEAD_RECKONING
1184,118.4,2.2689558629660027,-3.3983583916049827,9.519853994369882,0.21648953694134643,0.34922180973125977,-0.04300718548039637,-2.31,-36.69,6.56,8.926984324071544,0,-1710.0689363177653,686.942682746705,160.80823475393865,-11.284224544218429,-6.9684732019135875,8.054107288456809,291.561177683228,DEAD_RECKONING
1185,118.5,-0.9064241712393709,-1.052667724390716,10.035818626988986,0.2208918093201079,0.23340728371661318,0.05124049651712521,-3.0,-37.0,6.94,9.045158843473066,0,-1711.216208457308,686.6736602484395,161.45544391709618,-11.336804400625319,-6.804900705420185,8.08434170367205,291.165743486033,DEAD_RECKONING
1186,118.60000000000001,1.4152037365743895,-0.9479106162941439,10.010377008260116,0.10254980711653484,0.20342074442820304,0.007244156033465166,-2.81,-35.81,7.88,8.223021324638172,0,-1712.3208707859503,685.8471984850087,162.3411613484238,-11.083490039460317,-6.777926487462616,8.042504033793946,291.01067262772096,DEAD_RECKONING
1187,118.7,-2.6159562301438437,1.1829900722496483,9.92446950979902,0.24473926626783934,0.41617839322890215,-0.12321285061262459,-2.94,-34.44,9.0,8.09663081380421,0,-1713.1992473741495,685.8450248032615,162.99051480192543,-10.951560435198363,-6.79361995712458,8.040295666163981,291.51740220218056,DEAD_RECKONING
1188,118.80000000000001,-1.1805427058642317,-0.05797519834389429,10.228265990186594,0.1003735922308859,0.15001768518810404,0.007841945770709471,-2.44,-32.87,8.13,7.919522480470875,0,-1714.2328010898445,685.5353302282141,163.70382918953626,-10.900584720978372,-6.692690575224794,8.079477358437659,291.34517113853997,DEAD_RECKONING
1189,118.9,-3.7190718220613106,0.15213440629880012,10.666715827974873,0.2849918358563635,0.4194379992365374,0.06412923117947039,-2.81,-32.87,6.38,9.005032476127413,0,-1715.597069361319,684.8916182464836,163.22047542950926,-11.450690686280552,-6.706856952996302,8.130756089564855,290.69620599984347,DEAD_RECKONING
1190,119.0,-0.4416820036328965,-0.2869899073379264,9.167798783827719,-0.15495242942109605,-0.09483997804636266,0.10056253368260812,-2.37,-35.12,5.81,8.970573456223155,0,-1717.297738213219,683.8272287415122,163.7185955284404,-11.87535042275926,-6.641733300114035,8.110861643578701,290.1141074063796,DEAD_RECKONING
1191,119.10000000000001,2.434200016066673,-4.370001950701274,10.34345167159629,0.1646242724705018,0.2587071961136938,-0.0060832222176032845,-2.75,-36.69,6.56,9.023690831523687,0,-1718.6582685744816,683.075589542146,164.37473566036033,-12.053143329988044,-6.094616284503382,8.104490396459799,289.9399629210305,DEAD_RECKONING
1192,119.2,-0.4323516034266055,-1.848522869463758,10.47603080140966,-0.17779257707452784,-0.10335114153521067,-0.015075512613736472,-2.75,-36.37,6.94,9.005032476127413,0,-1718.486446239315,681.7140308793458,164.0920152227716,-11.21647130483318,-5.824961000970405,7.901488365320753,286.31734892752075,DEAD_RECKONING
1193,119.30000000000001,0.6599457177795325,-3.2570811919192555,9.691373892737309,-0.03878453387607413,0.05512797061612599,0.011573970267942078,-2.25,-36.44,6.75,9.165175818862075,0,-1720.3306589884844,679.7912083977301,164.52496867828037,-11.380471117632254,-5.760251975307305,7.817705697309026,286.16099179989135,DEAD_RECKONING
1194,119.4,-1.776237822989442,2.290793481181377,10.539784139761053,-0.30775924279066064,-0.3099681666163851,0.07186705894494422,-2.56,-37.31,8.13,9.90735112874966,0,-1722.9143826350967,677.1978285920463,165.18686143256198,-11.852053717736892,-6.342533823065608,7.98417885172354,285.8021226555292,DEAD_RECKONING
1195,119.5,0.5583423381182258,-0.9466977365124027,10.381104283704454,0.33686747608178214,0.5201907134160512,-0.05963384302549642,-2.62,-37.37,8.44,8.843735799862506,0,-1723.7864078447317,677.0627407763769,166.1894941079431,-11.529198613288473,-6.142989207005287,7.999342271491749,285.874820407727,DEAD_RECKONING
1196,119.60000000000001,-0.10675738402496854,-0.16476607520151212,9.326658136836517,-0.09053647072033995,0.021223253122081738,-0.014152420161268388,-2.37,-38.19,9.0,8.928962651810814,0,-1724.9274653167888,676.4535921222765,166.9855369579602,-11.410127465031893,-6.086371468367494,7.917473357614836,285.88166472884495,DEAD_RECKONING
1197,119.7,0.3708255182912897,-2.5767227778191173,9.35873688545907,-0.1623731542863807,-0.016037513631031047,-0.10112446253813027,-2.75,-37.37,8.25,10.28236105483728,0,-1726.2276039117687,677.7900600293053,168.67146726924088,-12.101185669614086,-5.081697585284176,8.099863257566168,286.4006169160545,DEAD_RECKONING
1198,119.80000000000001,0.5130005601074609,1.6251714135482553,11.056805288686014,-0.1022017442171618,0.0018894009751217501,-0.050173435630072656,-2.75,-37.56,8.06,10.326232563882566,0,-1725.984990455161,677.4390590903253,168.79283521251313,-11.759670938581404,-4.914782448371051,8.089871338699,283.0039051217513,DEAD_RECKONING
1199,119.9,-0.09901965258189638,-0.2344860382708656,7.851657318442942,-0.16169762100528462,0.10909003598723392,-0.045997971798062545,-2.75,-37.81,9.44,10.265659417019217,0,-1727.9459195042043,675.3636114534705,169.1988015620137,-11.985852965619811,-5.248042412149543,7.848107460885719,283.1743400056512,DEAD_RECKONING
1200,120.0,2.46078711580554,-2.608948871037978,9.937892986895921,0.21693846698836702,0.3183591878262166,-0.030028470946235706,-3.06,-37.44,9.19,8.73165692737832,1,-501.06589501752137,1126.7215719322194,7.2956259693216055,-9.236087891111769,6.9294147967232025,0.0802479023163869,281.32112299111054,REACQUIRING
1201,120.10000000000001,2.312888204384713,-5.1915278986851545,10.218040622897904,-0.45681692171348054,-0.4571069536231711,0.12213072089185405,-2.0,-37.25,9.75,10.311308329415148,1,-501.6023709006862,1127.7090787735879,3.634966058274183,-9.379560744302513,7.08884920671933,-0.030753502213030845,280.9886622863355,GNSS_LOCKED
1202,120.2,5.227903203888489,-2.1225639580447337,12.055479597045569,0.33650973060395156,0.42704696819739524,-0.10051690485818202,-2.62,-37.12,9.44,11.245491506963521,1,-502.40336562806743,1128.4967476951313,2.3853030815955263,-9.478402384379912,6.9835976494045795,0.08512310722747304,282.5229398289617,GNSS_LOCKED
1203,120.30000000000001,-0.28125101081869175,-1.1344112045321497,10.79222041370289,-0.14588172310673014,0.11901196004040275,-0.012340835901708409,-2.56,-37.37,9.69,10.51931385974153,1,-503.2736481290137,1129.216730575435,1.7602729968046695,-9.392220761445698,6.764446275708718,0.07660657612718486,282.75068796999153,GNSS_LOCKED
1204,120.4,-0.4960249921822232,1.2893988308425481,9.592712652433226,-0.11728508101398917,0.015736011381199226,-0.07232708840643846,-2.44,-37.56,9.44,10.775361284924461,1,-504.1553475748201,1129.8996908515626,1.389818116642652,-9.255417641961655,6.572408578539793,-0.008197657697351424,283.5372562847545,GNSS_LOCKED
1205,120.5,0.11729188416215146,-0.11889352179399362,9.193992827623108,0.03835860594005049,0.003694644246377794,0.02012726892125781,-2.69,-37.87,9.75,10.941924492289647,1,-505.0512558616209,1130.5478605200594,1.137870914975288,-9.287738269732175,6.3534680507453505,-0.0885843435196279,283.44570496233865,GNSS_LOCKED
1206,120.60000000000001,1.900771037200956,-0.7758520484804954,9.819980091782602,0.06761754005177589,0.14067984456563778,-0.02598845148011868,-2.19,-37.44,10.25,10.924591679548797,1,-505.9489298296855,1131.173083501811,0.9556731813876522,-9.264444891257133,6.227208375209584,-0.08985962435485947,283.91748608260735,GNSS_LOCKED
1207,120.7,-1.268696522914997,-1.5821190952100699,9.98950567902712,0.06664723697658928,0.07012996539823939,-0.004979332950114268,-2.31,-37.62,10.31,10.83600846206113,1,-506.8462591712825,1131.781539358848,0.817533306280995,-9.085036404665168,6.094422062447442,-0.08696310895860612,284.21373017419387,GNSS_LOCKED
1208,120.80000000000001,0.11568242274800111,-2.5269268009670127,10.049533788670088,0.13060047083480095,0.21956027356239244,0.04149449711631281,-1.56,-38.0,10.5,10.775361284924461,1,-507.7360880187508,1132.3744090551088,0.7096526521411487,-9.038986856122477,5.999674251831437,-0.07076019612694626,284.30186719140175,GNSS_LOCKED
1209,120.9,0.8311380930858079,-0.49023237062026326,10.35115923715879,0.18057276538900366,0.2364798874988245,-0.037380064316573126,-2.5,-37.31,10.75,10.650233715999363,1,-508.62861672811556,1132.953885727123,0.6241315883805737,-9.091497258540695,5.823150225224193,-0.05101147338730524,284.685139039881,GNSS_LOCKED
1210,121.0,0.549317364239927,-3.2146412063300125,9.900132904557879,0.0923395773831327,0.20123896225861887,-0.003384156878546581,-2.19,-37.25,11.75,10.449219534390494,1,-509.5213318009039,1133.5187475557434,0.5550655938254554,-9.031196091898678,5.791285692220352,-0.051976993854573175,285.05885383321754,GNSS_LOCKED
1211,121.10000000000001,-2.442107220352896,-1.5464212699294093,9.662131794288989,0.3913634470304219,0.45204329170850505,-0.10634902326681489,-2.19,-36.81,10.88,9.51931615417977,1,-510.41153259371293,1134.0743089851353,0.49711070651410144,-8.898586411978524,5.615892635382755,-0.08064509208666315,286.0490948525274,GNSS_LOCKED
1212,121.2,-0.7687669555249994,2.3819220827192833,10.217177739960633,-0.0508107116448978,-0.07352381931764561,-0.06350377606950038,-2.12,-37.06,10.88,8.409847084088346,1,-511.3021108642774,1134.613741468493,0.44660927085825824,-9.023779047117236,5.33787099747644,-0.08518582939037024,286.3487543836381,GNSS_LOCKED
1213,121.30000000000001,2.243818267025089,-0.9686177676174924,9.716758797295538,0.21458670041834602,0.19823796238608624,0.1251617684142393,-1.5,-36.37,11.19,9.052592271608358,1,-512.1801724205368,1135.1354009670902,0.4042690788026838,-8.946201589934189,5.3357120467516905,-0.10318627040471508,285.8852321989345,GNSS_LOCKED
1214,121.4,-0.4163761198219688,0.893352103756959,10.50215655784825,-0.0008116692188897159,-0.04001463902569138,0.044429493095495966,-1.44,-36.19,11.75,9.358989826494499,1,-513.0627234757344,1135.6512881748617,0.365591004122087,-8.909868474473031,5.172196860396532,-0.07309162318950073,285.57360711453725,GNSS_LOCKED
1215,121.5,1.8986337146489187,0.4903465693079129,9.975249606379101,0.12963246621307722,0.21446932829715618,0.04030906750697708,-0.37,-36.81,12.56,9.454736849457944,1,-513.9423614617109,1136.1469610212678,0.33352746949939166,-8.9595613098598,5.0089601632696805,-0.08209837968055009,285.25469967193,GNSS_LOCKED
1216,121.60000000000001,-1.6349856132582878,-2.0465130238563614,9.189090042415774,0.2678307858683455,0.22734915208522607,0.1378036036802856,-0.81,-35.75,14.0,8.213648636001315,1,-514.8173796620094,1136.6377857582288,0.3049102308381997,-8.725462207387833,5.038300575019889,-0.13291236279472127,284.6916931495108,GNSS_LOCKED
1217,121.7,0.7967482491422819,0.9638375780127534,10.319515863193352,0.19288129178898264,0.34495497988789636,-0.005750576349751162,0.0,-35.0,13.31,8.549192124126401,1,-515.6945492351113,1137.1198220392307,0.2763897316424999,-8.908633387698007,4.850483880600188,-0.10411572481173288,284.6697749921799,GNSS_LOCKED
1218,121.80000000000001,0.8744458861208227,2.5299569701843323,9.719176736805546,-0.14402671524846,0.042114648978184836,-0.044249651254934144,0.0,-35.87,11.56,8.940917983664788,1,-516.565497943462,1137.589220694106,0.25300764728161385,-8.848957294369626,4.669744980844298,-0.1239888001814043,284.7334224477743,GNSS_LOCKED
1219,121.9,-0.4426852351037232,-0.6910461899271958,9.671328935880958,0.00791009716572391,0.12160460074402987,-0.05685649866738096,0.0,-35.81,13.13,8.613506806666084,1,-517.4496421952363,1138.0423155507556,0.2302246801509954,-8.897957174725464,4.62215018515725,-0.1364659803019403,284.97938904532504,GNSS_LOCKED
1220,122.0,0.40306320050239264,3.4189870787475414,10.259881129026697,-0.11127975364528883,-0.044141530347709415,-0.019139533097912182,0.06,-36.69,13.06,8.536410598553209,1,-518.3198332000051,1138.491837218579,0.20935280318571667,-8.827210588218536,4.4191045278694885,-0.11201967372920213,284.7998870354509,GNSS_LOCKED
1221,122.10000000000001,0.7549127474476607,0.4029170502866976,10.540889331281745,-0.0848115406360395,0.022434944763013866,0.0433706793631589,0.56,-36.87,14.0,8.920560257070548,1,-519.2031277959991,1138.9201298179062,0.19016504674183096,-8.943375691171974,4.336095760865328,-0.07547410436549948,284.4064225969984,GNSS_LOCKED
1222,122.2,0.4917563417609571,1.3108808999842558,9.807123582702237,0.09596592177840889,0.2359792174992891,-0.1525208535435188,0.44,-36.62,13.81,9.887278888114976,1,-520.0868318997797,1139.352556915002,0.17491960256349526,-8.934781793581644,4.336596219579646,-0.0981500670050048,285.336167140842,GNSS_LOCKED
1223,122.30000000000001,1.0253824212503588,0.7475554548768757,10.402136977663512,-0.06749964775083192,-0.07442027986259218,0.14992838123146354,0.88,-36.06,14.69,9.372670088115756,1,-520.9631367266487,1139.7777048280398,0.15987414070509026,-8.876838522952232,4.2912155445715845,-0.07282676230878096,284.41725396545667,GNSS_LOCKED
1224,122.4,1.3796404781000995,-2.007645099823973,9.614407187359006,0.1993534066812134,0.42306128888801575,0.026870524539085113,0.75,-36.0,14.75,10.078324139328048,1,-521.8540235986712,1140.1977957706229,0.1465750359435265,-9.011782296362577,4.351769806758994,-0.10021046701134223,284.12446694802156,GNSS_LOCKED
1225,122.5,-3.790366870311976,-0.29623150500069334,9.249989151555067,0.07995205297961543,0.2154154539572928,-0.0545390815903443,0.19,-36.19,15.69,8.463899093334271,1,-522.7470780887758,1140.6159547414852,0.13310833410141112,-8.82718295362195,4.202542354526078,-0.14285395575374313,284.5566894043319,GNSS_LOCKED
1226,122.60000000000001,0.03684421629349032,0.41632518611015706,9.821127970510112,0.0031846889947955417,0.07579284053034334,0.022683762482189136,0.63,-36.44,15.56,8.676478700737723,1,-523.6401655024255,1141.0184431323398,0.11869002768899949,-9.019275579553751,4.062210752659766,-0.14317176806156762,284.38792283319896,GNSS_LOCKED
1227,122.7,1.7813562441262345,0.04707136018766668,9.96525741506774,0.015723446918993314,0.05646884612147093,0.07425141503496913,1.13,-36.19,15.5,9.113821767523405,1,-524.5348740768806,1141.4172048900368,0.10604387449212634,-9.094789133551465,4.069559500955491,-0.13667709050910398,284.05477393232775,GNSS_LOCKED
1228,122.80000000000001,-0.4732437738023263,0.47525307812510825,9.856439100521545,-0.005918288905047191,0.03440624804538231,0.08180039090295364,0.13,-36.56,16.94,8.765965824570598,1,-525.4494861941279,1141.8077108588793,0.09359504915549104,-9.200404625494587,3.937773777435497,-0.13546435553013797,283.4591896228472,GNSS_LOCKED
1229,122.9,-3.0712708057660656,-1.9744018372746066,9.343664045898468,-0.0713879447969619,0.008213304116611392,-0.147811071889605,0.44,-35.62,16.38,8.597949999751588,1,-526.35891952464,1142.1791882553327,0.08219987588049657,-8.990410063724372,3.8241930018721906,-0.15160220394768753,284.65928734391036,GNSS_LOCKED
1230,123.0,-0.7218316233203915,-2.574445811650941,10.580939571722709,0.1478614386476351,0.18020875510037535,-0.08200694815821762,0.94,-36.56,16.69,8.47927016855985,1,-527.2732649718267,1142.5508851334844,0.06905004298514682,-9.15134171769443,3.88231220262659,-0.08416362648763678,284.96644812517803,GNSS_LOCKED
1231,123.10000000000001,0.48480582075895196,1.742500080836325,9.972564457271943,-0.023148047660191663,0.021661839792585576,0.1368096216876644,0.75,-35.75,16.69,8.47927016855985,1,-528.1914078285506,1142.9241626466535,0.06090101257699405,-9.296070533031104,3.710317406081067,-0.10465075977390981,284.13793386052225,GNSS_LOCKED
1232,123.2,-0.9542637953535165,-0.9406251311020298,10.539236343854178,0.22613617451491458,0.24350699101892867,0.06600845325159108,0.94,-35.87,17.31,8.441039858658113,1,-529.1230069776508,1143.2930994599824,0.05124419152386494,-9.32941379833873,3.772237920450083,-0.06591331612121476,283.78232318025204,GNSS_LOCKED
1233,123.30000000000001,-0.7058840272908105,1.8664383158737294,9.222541437860507,0.10912770359736529,0.2798290321476944,-0.1286878668517362,0.38,-35.75,17.94,8.441039858658113,1,-530.064305658832,1143.6614386999886,0.045007940958183355,-9.473611969150621,3.6491021889165363,-0.1355443522789626,284.5529364517248,GNSS_LOCKED
1234,123.4,0.292870848054167,-1.5922150393887617,9.88706473098585,0.09594202015578923,0.18535643215973846,-0.1434769034564044,0.0,-35.62,18.19,8.441039858658113,1,-531.0028611805409,1144.0194430446254,0.036437843213450886,-9.456154247445179,3.7174487028894507,-0.1347338021087808,285.53429575276465,GNSS_LOCKED
1235,123.5,-0.8007057799533426,0.6742910073209853,9.683011284791284,0.13005415389475586,0.2395096921066562,-0.07528389231232593,0.63,-36.31,17.25,8.334368871003791,1,-531.9524574825824,1144.373417026216,0.02806650096725515,-9.549989869686097,3.5557721447853434,-0.14677878423685953,285.90989684735837,GNSS_LOCKED
1236,123.60000000000001,-1.5798241163501616,0.12295635108277429,8.773918679650892,-0.06379381053575499,-0.06281776969980282,0.09411316351749488,1.0,-35.75,18.06,8.525074064377437,1,-532.913286997706,1144.715166311456,0.020290308796195127,-9.624718599084911,3.4527263598253404,-0.2058605613391183,285.300481114366,GNSS_LOCKED
1237,123.7,-0.6364534489847323,-1.4684366745437702,10.140923190229294,0.033438023920708826,-0.13856145646629459,0.08913277364817754,0.5,-36.69,17.56,8.525074064377437,1,-533.8751960603602,1145.0481671909477,0.009508288708007838,-9.659770398598422,3.4425388924537628,-0.15859536360067888,284.8141046603817,GNSS_LOCKED
1238,123.80000000000001,1.0209918480402633,3.1398877485834262,10.456267000346301,-0.12514805620699915,0.1260788093286433,-0.046646734782634015,0.94,-36.0,17.63,8.39102315796012,1,-534.8536228639535,1145.3706435355157,0.0008432590298024702,-9.951986372630413,3.136533481913012,-0.13057587383197258,284.87458503629693,GNSS_LOCKED
1239,123.9,0.6520523681333975,-1.744081541553777,9.360559136377647,-0.18738511561926682,-0.1409237210817041,-0.10451518205906773,0.81,-35.94,17.38,8.39102315796012,1,-535.8485551318743,1145.666113177615,-0.005215582997171486,-10.033723950543388,3.0842337512655806,-0.16287645639634002,285.1059712657517,GNSS_LOCKED
1240,124.0,-1.028292001205467,1.5358232188940775,9.471898944275255,-0.26727188569929683,-0.25119634615073766,0.07132204985318902,0.75,-35.62,17.94,8.189986209408769,1,-536.8496045163146,1145.9365135544435,-0.012300359552576776,-10.04775292344631,2.644604709260862,-0.18244054614759414,284.2276860266107,GNSS_LOCKED
1241,124.10000000000001,-0.7003662589678716,0.5180473846193251,9.277806804444056,0.08349234276571227,-0.07125558795009604,0.0024103703821072107,0.81,-35.5,18.06,8.39102315796012,1,-537.8560296121683,1146.183721199373,-0.020062914245989032,-10.095575827027744,2.4588220995934984,-0.20420750366678214,284.0396857357685,GNSS_LOCKED
1242,124.2,-0.1484407642702289,-2.400158146284569,9.739199194611777,-0.14914381302861127,0.17707461587033252,0.014749693205650926,0.06,-35.81,18.0,8.104816588597481,1,-538.8718368584806,1146.4097994406118,-0.029397008728323612,-10.175772257391861,2.38898056153581,-0.1660833995880644,283.9983659975411,GNSS_LOCKED
1243,124.30000000000001,-0.2669190558954084,-1.7453877916813476,9.376054475324342,-0.21541487241678303,-0.1118576842122991,0.011121655646649914,0.31,-35.06,18.56,7.989959826149888,1,-539.8953283792142,1146.618402751902,-0.036426696029058944,-10.259478965952582,2.1744098407154664,-0.16741483700021886,283.74770744710827,GNSS_LOCKED
1244,124.4,1.1218877760130106,-2.095946856255813,9.791393837640479,0.14596607706130058,0.031723891229967445,0.10770742347936679,1.31,-34.44,18.44,7.774621182914817,1,-540.9245557005502,1146.811868433654,-0.043523695577018365,-10.37646882044774,2.0419932289609215,-0.13670080520519162,283.0465343665292,GNSS_LOCKED
1245,124.5,0.3265704408699383,-1.0627571167004748,9.345520415581602,-0.09163513917686317,0.12050269830797528,-0.05917635480945077,0.75,-32.94,18.75,7.98171300705188,1,-541.9635856052472,1146.9877714312813,-0.048567026909073385,-10.443444537736577,1.8139505039366763,-0.15624580047004566,283.3383667432761,GNSS_LOCKED
1246,124.60000000000001,-0.6394345410583641,-3.084928181217602,8.725744681368516,-0.1878888016107665,-0.12960279330912397,-0.15192976731286906,0.63,-31.81,18.25,8.19705165028695,1,-543.0037939077209,1147.1516444950921,-0.054048631584214024,-10.386779376909821,1.7763400214648293,-0.17861885393152666,284.13630197906963,GNSS_LOCKED
1247,124.7,0.9514297713208023,-2.5796740518003554,10.305344904306327,0.20471739487302112,0.2566849478994515,-0.10567173585334641,0.06,-32.44,18.63,8.532595138412038,1,-544.052648740733,1147.2985802521403,-0.06194815320031058,-10.552394415742578,1.5734343073783652,-0.09909177917167108,284.8228683385882,GNSS_LOCKED
1248,124.80000000000001,-0.8626314250661151,1.133000492572302,9.655737989833781,0.07338470651014516,0.09408317526485416,0.12803878702370852,0.0,-34.12,17.88,8.382987425080223,1,-545.1063425875311,1147.4336454155339,-0.06505213608290995,-10.561637810533478,1.2724430158485025,-0.14648833635621078,284.09793684629767,GNSS_LOCKED
1249,124.9,0.724351489923347,-2.7782048931313743,10.457730563598716,0.44494909057949805,0.4245831625133159,-0.04515866365016546,-0.25,-33.81,18.63,8.382987425080223,1,-546.1732304465589,1147.5387277281675,-0.07177428019392038,-10.726223693003336,1.1710505127942221,-0.07157154411155126,284.64720952316986,GNSS_LOCKED
1250,125.0,1.2283568866447663,-4.954909082013227,9.882379936433088,0.19715634031347332,0.39344280269919707,-0.10524793811946424,-0.5,-34.31,17.94,9.014902690688464,1,-547.2359497009904,1147.6386198750392,-0.07438509075023285,-10.691586794871695,1.2521059387815938,-0.03284697859967163,286.20543030546537,GNSS_LOCKED
1251,125.10000000000001,0.4406087332268813,-4.942012731638903,9.117972878031782,0.06569666942975948,0.27380589248962744,-0.05613618141444481,0.69,-34.62,17.94,9.118290473347823,1,-548.3218725915015,1147.7221556555244,-0.07533978000006213,-10.886655475156855,1.090466209588198,-0.05270377614045077,286.1123742985006,GNSS_LOCKED
1252,125.2,-1.7544389738022363,0.2278934739496231,9.742309237123145,0.4624141454242089,0.4655770796884766,-0.11209139565706407,0.94,-35.56,17.88,8.725806049575647,1,-549.3976957432135,1147.8159301569974,-0.07644273392481109,-10.762308226162114,0.9079192160735037,-0.09214513385357621,287.40704195261304,GNSS_LOCKED
1253,125.30000000000001,-0.1230893946212872,3.29272243222242,10.382684328018023,-0.31137707949084986,-0.22825017504753645,-0.03406056309748783,0.75,-35.56,18.31,8.916511242949293,1,-550.478298614837,1147.8877142441142,-0.07926212118692202,-10.944209632651047,0.5874490611749286,-0.11998910944582901,287.09436723920436,GNSS_LOCKED
1254,125.4,-1.467343745243355,0.005626128909332102,9.970691738789677,0.07816751196913402,0.10578679780698536,-0.03279090548153997,0.19,-35.69,18.81,8.267919576414517,1,-551.56752681969,1147.9422178597724,-0.08353529606655305,-10.909537909613992,0.5333650112537239,-0.11737791873005413,287.22395643305856,GNSS_LOCKED
1255,125.5,-0.8084905458769288,4.448904236842136,9.871075037129225,-0.5865832799565738,-0.5472645135345077,0.01871811692522475,0.25,-35.81,18.06,7.9188808138042095,1,-552.6611884987205,1148.0051543413188,-0.08695155439911814,-11.04871626826228,0.42669239046524793,-0.16987778870788406,286.5754702151587,GNSS_LOCKED
1256,125.60000000000001,-1.4077177165480443,-5.500845644099708,9.4655990148699,-0.2624583696278973,-0.3457572695171614,0.08711799348184639,0.25,-35.62,19.19,7.9188808138042095,1,-553.7723691460955,1148.0495325955674,-0.09431111368999712,-11.033326009184805,0.6740320675231196,-0.10566462863294797,285.44761960683854,GNSS_LOCKED
1257,125.7,-1.9664827263136784,4.127942114459144,10.355762086721793,-0.4358449289181435,-0.4098339405848976,0.020795890964155652,0.0,-34.5,19.19,7.854566131264528,1,-554.8652333823287,1148.1183763197869,-0.09695838270961755,-10.94039016205693,0.43205256591058677,-0.1520473001524701,283.93230174342375,GNSS_LOCKED
1258,125.80000000000001,-0.12360597886016199,-5.649350919100003,9.624027763616123,-0.41006718941672504,-0.44930215321190903,0.09091185446909524,-0.19,-35.12,18.56,7.945193015727229,1,-555.9724439121765,1148.1505152176187,-0.10405603487931489,-11.030869246912408,0.5386304468073542,-0.06908631292750242,282.5127471261093,GNSS_LOCKED
1259,125.9,-0.8078887438137282,-3.222675336002986,9.697019283591072,-0.020613926711189553,-0.0330186049090243,-0.00393925823061422,0.19,-35.87,18.44,8.061837495784209,1,-557.0742979444968,1148.185622228359,-0.1066958249708657,-10.965719543940384,0.4154534795587442,-0.054154769947054565,282.56939247442585,GNSS_LOCKED
1260,126.0,0.5170321597293628,0.5044763904464434,9.723528666450658,-0.2871818542943994,-0.1680102496051943,0.04474693946663431,-0.81,-36.19,18.31,9.933903006330965,1,-558.189753272936,1148.233273835286,-0.10787750415471228,-11.206765682795416,0.3752088902939266,-0.11692756060457722,282.1088054695507,GNSS_LOCKED
1261,126.10000000000001,-0.4086553874487633,-0.584439124717073,9.555183883830235,-0.09626522490727747,-0.11251307934910472,-0.06561915458868202,0.0,-36.69,18.56,9.557001726263398,1,-559.3113621705605,1148.2570334406134,-0.11091028766282886,-11.206563002117049,0.16841468589020822,-0.1511144595724057,282.0862238237272,GNSS_LOCKED
1262,126.2,-0.6291657221918231,0.6387397166757517,9.229072991279235,-0.44176021279271355,-0.2527819258820129,-0.03364613411250874,-0.62,-36.62,19.31,9.443275836727063,1,-560.4363264532352,1148.2692240624976,-0.11428525881574432,-11.239291521700178,-0.0031405610051110644,-0.22060571279252836,281.6295265339028,GNSS_LOCKED
1263,126.30000000000001,-1.8239657347944802,-0.33122592744537727,9.677099540837823,0.17796995630876902,0.2990844035131301,-0.05181924571672178,-0.44,-36.75,19.38,9.782330988607734,1,-561.5659231113734,1148.2819804472836,-0.12105701669375854,-11.20698914685108,0.007635894367714002,-0.22765878947628926,282.3363155735999,GNSS_LOCKED
1264,126.4,0.7134030997829838,2.1607915390435757,9.729486218810207,0.0027585939267424256,-0.03216111669051954,0.01895528245018061,-0.5,-37.0,19.19,9.870153377697969,1,-562.693026313081,1148.274732782429,-0.12671620506266276,-11.345129196521095,-0.2685386224820542,-0.26501929618560705,281.95867030576125,GNSS_LOCKED
1265,126.5,-0.540849382451502,-5.080382925071582,8.885273336265067,0.30403660578842123,0.40532523398061354,0.07097222723866688,-0.62,-36.81,18.44,9.916201872887326,1,-563.8366788057346,1148.2534714486733,-0.1364969915232681,-11.360848166029673,-0.07028972660882933,-0.18140954002948528,282.24548347623977,GNSS_LOCKED
1266,126.60000000000001,-1.9190139577727476,-0.18557356043919457,8.584903851735282,0.24868795796302237,0.13385470012480105,-0.15410281898356562,-0.5,-36.44,18.38,7.774621182914817,1,-564.9852559091363,1148.2417522663586,-0.14028464019854536,-11.41435972840164,-0.19313461466605195,-0.25636528420550314,283.2586652052951,GNSS_LOCKED
1267,126.7,0.2635698880696765,-5.758607889000734,10.060454541661697,0.3663248369635794,0.3785890793417105,-0.032157469222608086,-0.5,-36.19,18.69,7.774621182914817,1,-566.1383602812008,1148.2046245976032,-0.15165019721591363,-11.502635698712092,-0.1624232577612749,-0.09672867652954875,284.0964399911991,GNSS_LOCKED
1268,126.80000000000001,-1.1136799262995682,-2.147051700606393,9.13095971279474,0.324938376593699,0.5509943770880007,-0.07820292727294477,-0.94,-35.75,18.13,9.515790908253521,1,-567.2900094802976,1148.1845878839351,-0.15349584354202842,-11.4789117808306,-0.158192349065638,-0.12557261988533813,285.320467393323,GNSS_LOCKED
1269,126.9,-1.3316241355987435,-10.338689524197914,8.090788962995589,-0.07882251014835145,0.2497351639890428,-0.17521706469770262,0.06,-35.62,17.19,8.109586007177853,1,-568.4457814094346,1148.1444095537247,-0.15981457938080249,-11.409365439296456,0.0686560668825168,-0.050086134126293494,287.114631055484,GNSS_LOCKED
1270,127.0,-5.462210103365405,-0.6411711261887346,10.735425902759275,0.8400160574962701,0.5861723112356592,0.025694837790275576,1.38,-36.37,18.13,8.223021324638172,1,-569.6080218014899,1148.1230062677064,-0.16233533759024193,-11.424178557292612,-0.3198690738753424,-0.0039636525199923806,287.8805945974989,GNSS_LOCKED
1271,127.10000000000001,-2.1173779401008135,6.127377116296368,10.710226919793158,-0.6315886462286946,-0.47773501746477254,0.22447014287637052,0.69,-36.06,18.5,9.107998392313744,1,-570.7549413321111,1148.0921548224185,-0.15994474327752714,-11.557752643568376,-0.6446117870179788,-0.08042026140706027,285.20321600221786,GNSS_LOCKED
1272,127.2,-0.8566781177455013,3.3583866668942917,10.025475644487033,0.5420323722565418,0.5334556539551344,-0.05921345023932879,-0.44,-36.75,18.13,9.12110976365461,1,-571.9150872243414,1148.0402558947471,-0.15970786674308998,-11.687978657811023,-0.7265677186265791,-0.14626934969504785,286.12614692148935,GNSS_LOCKED
1273,127.30000000000001,-0.23188866340747782,8.687803370363087,9.103482635546184,-1.0617947276994941,-1.3093694776343419,0.12619943450399299,-0.44,-36.62,18.75,9.082831935650816,1,-573.0656233002611,1147.9881986012754,-0.15886163429042344,-11.683652027234656,-0.926322622691946,-0.2735844227858654,282.3756450532818,GNSS_LOCKED
1274,127.4,-0.0119088793116174,-10.104094563921175,9.109094411736661,-0.34143325665030366,-0.5045967248780842,0.04580050758975045,0.31,-36.5,18.19,9.046580973358424,1,-574.2337335373762,1147.9038511591339,-0.17073206849050473,-11.619153016015206,-0.3981107548933947,-0.10565847746128604,281.0695778420587,GNSS_LOCKED
1275,127.5,-2.0308206839656293,4.332046274435591,9.239522323460564,-0.5608132520208572,-0.7307281287107025,0.05989113681293078,0.0,-36.0,17.38,9.12110976365461,1,-575.3865114386713,1147.8553940932168,-0.1691855955170807,-11.498422857125176,-0.77114792124618,-0.249476965184987,278.9259505965234,GNSS_LOCKED
1276,127.60000000000001,-1.0640515546772487,-7.539400754728479,9.087476230427708,-0.6331148715186103,-0.5702401760389643,0.03177721027756425,0.81,-35.44,17.0,9.046580973358424,1,-576.5424406246802,1147.781414260844,-0.17940062521632366,-11.425517390220174,-0.48414203705570175,-0.10821320147516274,277.25274750044036,GNSS_LOCKED
1277,127.7,-0.795031007192603,-0.5204948891522656,9.874997712808277,-0.3426157638670449,-0.34397673635882164,-0.030688975117052417,2.81,-35.12,17.19,8.685913675691452,1,-577.6827840339696,1147.7229894863399,-0.18079397825434576,-11.335553545901897,-0.7026259918220741,-0.14314191451691816,276.3175350406145,GNSS_LOCKED
1278,127.80000000000001,-1.653089905371714,-7.395005547404361,10.2539763228036,-0.45941380971564066,-0.5650411140933209,0.08940056390616075,0.0,-34.25,22.06,9.00830314535463,1,-578.8254372212353,1147.6436389948137,-0.1885937361761112,-11.222628294728244,-0.6294127561041573,0.03431761327107549,274.14391583274664,GNSS_LOCKED
1279,127.9,-2.3715161771533673,0.290205933503269,10.38197122793448,0.010028251010032624,-0.07054624879614511,0.10311004297580413,-2.94,-33.62,18.63,8.262169550514926,1,-579.9641727141013,1147.572112662723,-0.18391445873636383,-11.20750603838053,-0.9305645731798643,-0.09367644069680152,273.4087014766484,GNSS_LOCKED
1280,128.0,-1.2121738031428142,1.4547616427377765,10.869610346456453,-0.2494922785742549,-0.3465870842055119,0.0783897697008213,-1.56,-35.06,17.5,8.084419550514925,1,-581.0965289798592,1147.5004899272956,-0.1832704957040645,-11.213281991196343,-0.9920080159958382,-0.15521709059298772,271.59700194851314,GNSS_LOCKED
1281,128.1,0.6813434221239396,2.6261570339945894,10.640931018662284,0.37987636218236537,0.22566308068745286,-0.10607164309908877,-0.19,-35.87,17.88,7.9401599196255335,1,-582.234237551977,1147.4198364334438,-0.18379203374118225,-11.362522536577313,-1.126707181544653,-0.2156866218440423,273.27224207033703,GNSS_LOCKED
1282,128.20000000000002,-1.4094163995137932,-0.041642314842919685,8.187276796371068,-0.2698061229659068,-0.23222164063994588,-0.07837560608121516,0.44,-36.37,18.25,8.61321261492393,1,-583.3727380753948,1147.3184159593284,-0.18549658243329042,-11.271991088052001,-1.1412002776626382,-0.3250949394033025,272.98721300451086,GNSS_LOCKED
1283,128.3,-0.5666400740790961,-5.869411800264007,9.64764532180621,0.4137171675151182,0.5590313235669339,-0.11146001334231788,0.5,-36.31,18.38,8.602998507167424,1,-584.5150169942342,1147.2274549117951,-0.19659869584468148,-11.28081326307727,-0.8143718271746768,-0.14584071343545413,274.57711170102107,GNSS_LOCKED
1284,128.4,-0.9963053392542076,0.23996030930618456,9.20178076085989,0.19152375076362502,0.12416839582336989,-0.05729600659804989,1.06,-35.81,18.56,8.559340365430508,1,-585.6606461889131,1147.1541156770145,-0.19662745548718047,-11.371139171297637,-0.8782016732132585,-0.21729825673707856,275.08920780776816,GNSS_LOCKED
1285,128.5,0.659740908721829,-5.716779128013139,8.780384177521633,0.296375870266337,0.5088366077243806,-0.016679633191895946,1.44,-36.06,18.13,8.628164963830354,1,-586.8079347961027,1147.0719099373966,-0.20384729282098898,-11.435314725183359,-0.6558236390671497,-0.12886509099101465,276.04923397788093,GNSS_LOCKED
1286,128.6,-1.132331888606521,4.147656823247751,10.612202138604935,0.6115190678786759,0.45544671497174194,0.027308596489827013,1.94,-36.06,19.56,8.664415926122746,1,-587.9565430090217,1147.0222219528673,-0.20227742723779357,-11.454665065822473,-0.8301618314981971,-0.1901039577002045,276.58868525907155,GNSS_LOCKED
1287,128.70000000000002,-0.8786471884885457,-1.2353321891628875,8.929237987117334,0.24453024660727618,0.1521970439060312,0.1329532937555528,1.19,-34.44,20.44,8.850351700916017,1,-589.1158973723902,1146.9553436685612,-0.20475022859377728,-11.552318295842426,-0.6810681592934887,-0.20797068116337478,276.08791834632416,GNSS_LOCKED
1288,128.8,-0.49925799104387036,1.2485416221203764,9.772749804748502,0.23983131860912932,0.3788129078701096,-0.04542960978478797,-0.19,-34.06,19.44,8.888629528919813,1,-590.2739144570091,1146.8997886626507,-0.20797008207141573,-11.584836297546632,-0.6828660597011545,-0.2016972484682803,276.7119319138494,GNSS_LOCKED
1289,128.9,-0.1435236387301241,-1.4307273907795368,9.997950353367376,0.3567658936250159,0.29556031766577867,-0.0678593086263621,0.31,-33.94,19.38,8.70269375412654,1,-591.437938442578,1146.842439187149,-0.21299396334430273,-11.660196324998092,-0.5484830485493465,-0.14792942341540294,277.3633305550323,GNSS_LOCKED
1290,129.0,-0.9970258764646356,-3.8093068791649802,8.564109076372526,0.22285150934619644,0.21779225168627192,-0.03543839566833807,0.0,-33.62,17.31,8.638379071586858,1,-592.6092733074032,1146.773301020319,-0.2171588679067546,-11.673134307056547,-0.509328768457149,-0.17992296613773825,277.66963579987896,GNSS_LOCKED
1291,129.1,-1.4892918557241164,1.4285069226732303,9.27801259431935,-0.1318339274625069,-0.15127201916969335,0.0513766657747891,0.56,-35.37,16.81,7.965326376288462,1,-593.7788539601808,1146.7373359365931,-0.2188673221450351,-11.685532536144661,-0.4544946581080273,-0.2056657628482863,277.1170234403582,GNSS_LOCKED
1292,129.20000000000002,-1.6675407563664852,0.2887354117018012,9.630036985800526,0.20553524470695392,0.1655732208292809,-0.026204231098636212,0.81,-35.37,16.81,8.61905006176964,1,-594.9373010809447,1146.7044582871206,-0.222899026645543,-11.554925073619144,-0.3729165100844269,-0.18869275001939378,277.1511150594389,GNSS_LOCKED
1293,129.3,-0.9295704273996025,1.3538580324541087,10.300638041813896,-0.3622682867764846,-0.3561758322595437,0.028132452972538642,0.88,-35.94,17.63,9.887935877530042,1,-596.0883935350663,1146.6724637944637,-0.22724887673389152,-11.530422314756695,-0.40361095661223195,-0.14378038587945285,276.53306887562024,GNSS_LOCKED
1294,129.4,-0.2933895007837079,-5.4120507707548455,10.059278547967631,-0.0650104031419381,-0.10772441846616886,-0.040365544087110024,0.31,-35.75,17.88,9.609103673675506,1,-597.253315463708,1146.6371577387933,-0.2324997596984599,-11.629302888466551,-0.09965983871364345,-0.07042412895728073,276.318965354607,GNSS_LOCKED
1295,129.5,-0.3567338165489397,1.7449463569099375,10.645940922982673,-0.36453874657117913,-0.43356095659792054,-0.05738823191395318,0.69,-35.5,18.0,9.680317473507083,1,-598.4111825872665,1146.6209419074876,-0.23326776268328445,-11.60831887722002,-0.2870057071519879,-0.05806868383783922,276.0997223389638,GNSS_LOCKED
1296,129.6,0.5504110445535406,-6.041087912166756,9.023435372379312,-0.4774686277319591,-0.5371343543483833,0.07018842433411018,0.56,-35.0,18.75,8.954420490166306,1,-599.5723144598651,1146.5859524946507,-0.2352548917422968,-11.609573989667563,-0.07100860590285796,-0.052810725304551345,274.88716683176915,GNSS_LOCKED
1297,129.70000000000002,-1.038702495071191,-3.0366117038227856,10.324090688624318,-0.15427306056349754,-0.15550093360738307,-0.03818550027960424,0.38,-33.06,18.5,9.058626884042509,1,-600.7229702167166,1146.5767252473613,-0.23661093523604013,-11.423377880949525,-0.02988318613490904,-0.012825042903968038,274.90877391099923,GNSS_LOCKED
1298,129.8,-2.8663612650939916,-6.395942023823717,9.287866296187437,-0.5327710936201628,-0.46898558639917565,0.029191806257869952,0.31,-34.44,17.31,9.806447332476893,1,-601.8701570448833,1146.5508960958762,-0.23714035027505367,-11.25030562796919,-0.019227978046526206,0.00443246602371079,274.08558943616214,GNSS_LOCKED
1299,129.9,0.12693388451819626,-4.700604856109215,10.142221313187934,-0.2521118753190955,-0.4350004741787468,0.06399288856860746,1.0,-35.31,16.69,9.8510975714341,1,-603.0083042639649,1146.5400076432531,-0.2372348606692377,-11.308316402287282,-0.008035625023654153,0.06276207049816399,272.4850879240218,GNSS_LOCKED
1300,130.0,-1.9565668350049323,0.4092294685081967,9.389330944868398,0.1316341928160738,0.19560335592951125,0.1352012072090099,0.69,-34.81,17.38,10.180651258446892,1,-604.1482103337751,1146.5339774454778,-0.23046923154002538,-11.246551004204894,-0.21368822359151174,-0.09205538241478298,272.0812207528925,GNSS_LOCKED
1301,130.1,-0.7455255709991542,-1.0516519375153441,10.369223573889542,-0.00018211380924137757,0.05438159428526227,-0.11509534759300054,1.0,-35.81,17.56,7.774621182914817,1,-605.2792017031736,1146.5231487420938,-0.23168913675399658,-11.217638667474672,-0.2101934894511838,-0.07834351396044667,272.60632828499894,GNSS_LOCKED
1302,130.20000000000002,-0.23634733224804158,-3.5819072217884966,9.735971524867903,-0.13232038988925277,-0.2251824023462572,0.04122390196384211,0.69,-35.69,17.94,7.774621182914817,1,-606.4100999505961,1146.4974666313121,-0.23327684976066723,-11.234363669265322,-0.21185666523100122,-0.04404217743233039,271.8890569396665,GNSS_LOCKED
1303,130.3,-0.5729909651872288,-1.3492389536236238,8.861394622170849,0.13994571483725152,0.041835112601754536,0.1160858744735517,0.75,-36.0,17.69,8.109586007177853,1,-607.5492581259028,1146.4848383400108,-0.2308460643179621,-11.310276847049229,-0.18744732014904486,-0.12799134196051293,271.2994897170958,GNSS_LOCKED
1304,130.4,0.019602942209812117,1.516721213726039,9.674660974653849,-0.15148404471530721,-0.07148661787482963,-0.09887410005410362,1.13,-36.0,18.0,8.295521781971127,1,-608.6788451423338,1146.4666078865548,-0.2315312439855629,-11.262355834537164,-0.38695957072628406,-0.18942173316363675,271.4779711598893,GNSS_LOCKED
1305,130.5,-0.07050398996387082,-2.8957587491070127,10.60475238864017,0.07620115959255404,0.1446895737586119,-0.16534914732861888,0.44,-35.87,18.31,8.295521781971127,1,-609.8171863551108,1146.4435685419267,-0.23739945374836235,-11.309162205154054,-0.25119641048508534,-0.07617531640328534,272.7061232726518,GNSS_LOCKED
1306,130.6,-0.8282725609749219,-0.32662236532961264,9.891416714263055,0.2801517186036993,0.20232214107904492,0.11156368491845682,0.63,-35.81,17.75,8.104816588597481,1,-610.9507835578721,1146.4188150738942,-0.23714406475260633,-11.252977531830888,-0.36424447767402657,-0.10891254046288572,272.4423562983221,GNSS_LOCKED
1307,130.70000000000002,-0.8328219869722979,-0.4944793318601315,9.91638192025593,0.051379161149601796,-0.06618549538958428,0.07653889207193014,0.88,-35.56,17.63,8.104816588597481,1,-612.0872096340395,1146.3903079303423,-0.23795659746342843,-11.286558393638318,-0.38176729715804847,-0.11683916371498877,271.9718944576429,GNSS_LOCKED
1308,130.8,-1.0066594070417567,-0.5100360889434462,8.415275518733157,0.16454771708436397,0.08270004355002675,-0.10567843488218304,1.25,-35.62,17.31,8.366600794316806,1,-613.2226535820297,1146.362839109497,-0.2370742653234084,-11.27839808897695,-0.3403876077425564,-0.21179306545673915,272.6204774884014,GNSS_LOCKED
1309,130.9,0.346352198597773,-1.9500464924834473,9.505296088585537,-0.04773252105312508,0.01737611697347818,-0.130176906526607,1.0,-35.44,17.31,8.429572688388445,1,-614.3563894055945,1146.3293429354076,-0.24247173987890605,-11.322857704130811,-0.3283913973828945,-0.17107334035086652,273.30282317620185,GNSS_LOCKED
1310,131.0,0.4331172240856188,-2.4862640795311504,9.213085942127833,0.0801398368869012,0.08775184075843297,-0.07270406444792128,1.31,-35.56,17.0,8.429572688388445,1,-615.4867643732513,1146.3005591251592,-0.2463845521004954,-11.297174300356508,-0.2524559199166951,-0.15299239799745606,273.78397831158094,GNSS_LOCKED
1311,131.1,0.6834183260391099,-0.16342481471860637,10.217422100097856,0.17329193083638242,0.1392025110791379,0.004985741295027763,1.5,-36.56,17.69,8.429572688388445,1,-616.6192511318942,1146.2826039230247,-0.24964182046711825,-11.338451183682587,-0.2726304678870775,-0.11792737777586232,274.00318743224,GNSS_LOCKED
1312,131.20000000000002,0.5991586244334394,-0.3589947968621963,10.074073103695094,0.15595567950235012,0.08263232964377655,0.03024853928047594,1.0,-35.81,17.25,8.636664512525508,1,-617.7443460752612,1146.2626611870435,-0.25192101681917833,-11.272173088744584,-0.2682339286193782,-0.09919731259175454,273.8409435483214,GNSS_LOCKED
1313,131.3,0.013886145450213267,-0.7609388389795881,9.177319379224903,0.13859778218418534,0.17398522389998755,-0.1255093886452177,1.5,-35.69,17.56,8.636664512525508,1,-618.8645606486284,1146.241595533711,-0.2523699483421326,-11.192706886859137,-0.23806207113720845,-0.13931866445410435,274.67222788847164,GNSS_LOCKED
1314,131.4,0.15690282953681284,-2.824547156860934,9.886628626622533,-0.17750590507464054,-0.15401746120031465,-0.02563543073642959,1.06,-34.69,18.25,8.433066982309718,1,-619.9766094888655,1146.2141799885344,-0.25645106320311156,-11.108214144400643,-0.1861383769332145,-0.09319982264170638,274.57968261163086,GNSS_LOCKED
1315,131.5,0.35122394007126084,-0.053727563366431516,10.34962986453407,-0.16072321405424442,-0.07477380031948481,-0.09221961423610134,1.31,-33.25,18.06,7.308351012380452,1,-621.0836910944963,1146.195638418548,-0.2580553357532667,-11.071038549139066,-0.25984875486876535,-0.07187870935125018,274.92935506552783,GNSS_LOCKED
1316,131.6,-0.7009064700688815,-1.2645920244260795,9.371429053350058,-0.024259172153815848,0.026296676314087643,0.038575087572727915,0.88,-32.12,17.56,7.036790021963909,1,-622.1855283256481,1146.1735617086854,-0.2577223658549252,-10.956278185065758,-0.23291080348841747,-0.10967584598484573,274.6460509569117,GNSS_LOCKED
1317,131.70000000000002,-0.017199024713640248,-1.414617355071551,9.806569845887974,0.055143085876329934,-0.022082516941475963,0.04397740926390651,1.25,-32.75,15.38,7.380683601247015,1,-623.280799895088,1146.1464341556768,-0.25971134056965584,-10.920031693567513,-0.27347380318855363,-0.09935710012874532,274.28819181617257,GNSS_LOCKED
1318,131.8,-1.342786192477124,-2.0571121174121765,9.454157670976764,-0.024312874045006684,0.026929336459749206,-0.04742652204736567,0.19,-34.5,15.06,8.715509150403697,1,-624.3747746655923,1146.1244290093973,-0.26051364716651865,-10.83370475517606,-0.19358481068431188,-0.11498705116575941,274.4200899685302,GNSS_LOCKED
1319,131.9,-0.31340712800829035,-0.334731190932472,10.50265458357698,-0.18986508449658063,-0.07923543487708772,-0.004653552293151676,0.31,-34.44,15.63,9.387002901786442,1,-625.4641506034088,1146.1010760175004,-0.2629355544870685,-10.844720497904673,-0.30104271514210224,-0.07781749895310527,274.2989268856707,GNSS_LOCKED
1320,132.0,0.6439117023218618,-0.7188899468160822,8.697234982106654,-0.042833102327246464,-0.1841972070205776,-0.0036775359742761446,0.44,-35.75,15.94,9.387002901786442,1,-626.5452079563004,1146.074320350719,-0.261984931505447,-10.823188186656255,-0.30024912426928574,-0.15198233537165878,273.9503261837019,GNSS_LOCKED
1321,132.1,0.2561249617339476,-4.079036585013604,9.918287640116985,0.14160559972969142,0.17187648852784354,-0.08594240406535347,0.81,-36.06,16.25,9.702030512283075,1,-627.6284649045201,1146.0453331974547,-0.26671255577543757,-10.78599182184588,-0.16891313268336566,-0.07433881007349236,274.532585110084,GNSS_LOCKED
1322,132.20000000000002,-1.1960770621017984,-0.390529769697491,9.41253172533798,-0.02165297895363777,0.0554692907107772,-0.03374383336961889,0.44,-35.44,16.63,9.537448780792008,1,-628.7080658549231,1146.0257176151474,-0.2659964858516782,-10.705108000649,-0.2554122421491072,-0.1266979290127908,274.7015377507849,GNSS_LOCKED
1323,132.3,-1.0345828513298518,-2.83618119511299,9.536267796272378,0.06265595277264434,0.09548127937057223,-0.0717556051602305,0.63,-35.44,16.44,8.710712978556288,1,-629.7837097597359,1146.0030970017585,-0.26827241540003277,-10.658192615725643,-0.16553673186623624,-0.1118534066659044,275.0621899636706,GNSS_LOCKED
1324,132.4,-0.10633339518020832,-3.6642178984726512,10.098300130793406,0.14946359922999422,0.20557934063583216,-0.0427732066713749,0.0,-35.0,16.63,8.709775150874712,1,-630.858548922021,1145.9805570544015,-0.27146686829434846,-10.6924732174214,-0.11557997862015221,-0.04686373387004486,275.3643958524033,GNSS_LOCKED
1325,132.5,-2.1335493594236525,-0.4776991792427524,9.82624857995429,0.036662860480187215,-0.015163277278179552,0.0203095958501239,0.31,-35.81,16.81,8.25475277086112,1,-631.9365432600894,1145.9683763652124,-0.2701109121251252,-10.65069237969907,-0.1825517136365017,-0.08256585447251232,275.0666295013817,GNSS_LOCKED
1326,132.6,-0.6370086145429495,-2.86020438500544,10.159254636093818,-0.03660952856555467,-0.05210865332531761,0.030158260341566493,0.75,-34.87,16.06,8.25475277086112,1,-633.0084311908696,1145.9587718532553,-0.2716724344566999,-10.656672581271868,-0.03516286830877584,-0.04132506319957391,274.5999292237804,GNSS_LOCKED
1327,132.70000000000002,-0.49289578457502004,-1.3033647465044356,9.808228081214141,-0.02027499013033428,0.027122218593454796,0.0004796183729826023,0.63,-35.25,15.31,8.253507860017995,1,-634.0751308378865,1145.9511969429295,-0.27099496071376583,-10.626154954456428,-0.08283980200864652,-0.05901176755518897,274.5562685389102,GNSS_LOCKED
1328,132.8,-0.2148933899518005,-3.2273734141778405,10.122810415907882,0.016158537866209837,0.01885544645829847,-0.009898171188886489,0.44,-35.37,15.06,8.197809033773654,1,-635.1439987642613,1145.9482774384498,-0.27197486691041245,-10.649631916028872,0.050749004807291304,-0.020359475719189776,274.44208490357147,GNSS_LOCKED
1329,132.9,-1.5952118336828842,-0.9842834801379193,9.474882069788821,-0.13624186180658052,-0.2026371479531754,0.07411438025700219,0.38,-36.06,15.75,8.999665173499425,1,-636.2134031991724,1145.9436589887537,-0.26971065543217204,-10.598642635260763,-0.06913111404264531,-0.0762322120694213,273.7256532717471,GNSS_LOCKED
1330,133.0,-0.8278566105208581,-0.9911793082325219,9.408891547432601,-0.08506515146052927,-0.1939281424579944,0.03120473633583597,0.13,-34.81,15.81,8.658693316355507,1,-637.2761589149114,1145.9445079136824,-0.2693269003699849,-10.567543992990727,-0.028302174881043238,-0.11293489078177632,273.11277299922733,GNSS_LOCKED
1331,133.1,-1.3597228790414562,-0.8821812219188121,10.284393311902509,-0.00517819089405045,0.002401977481561034,-0.03605935167529842,-0.44,-35.0,15.81,7.37564512037476,1,-638.339552356148,1145.942879782332,-0.2711764976249489,-10.531507305221668,-0.07173984691829267,-0.08904014583311703,273.2996521738438,GNSS_LOCKED
1332,133.20000000000002,-1.1295624114330118,-3.013218745219646,9.103301667094998,-0.09391327412694872,-0.06305535466543793,-0.07078459712940675,-0.69,-34.87,17.0,8.595337986353867,1,-639.402503111902,1145.9463924662327,-0.27135079858861716,-10.535921446479588,0.10111132462663186,-0.1090347681647489,273.3170020152228,GNSS_LOCKED
1333,133.3,-1.0731442728844887,-0.9669368387885232,9.757096537872775,-0.1676200964373246,-0.18415276886743692,-0.015354184732454791,0.94,-33.81,17.75,7.444483156220252,1,-640.4634988418953,1145.9618800955116,-0.27238473429817006,-10.526167351605835,0.10634770571636842,-0.11508136672805196,272.9561383034811,GNSS_LOCKED
1334,133.4,0.9920068840837567,-2.9166257173664274,11.047804555056503,-0.017389837556306416,-0.08056744459386293,0.12887133281447857,1.06,-34.06,16.75,9.817093640788771,1,-641.5269682102904,1145.98824774853,-0.2766728326019823,-10.634241565506194,0.28248582064974714,0.006687475613716735,272.0281193703678,GNSS_LOCKED
1335,133.5,-1.1826954003851984,1.0809203933239016,11.0242716667907,-0.16581755539946125,-0.2614961110074379,-0.03826920758693963,0.88,-32.87,17.06,9.743574243206059,1,-642.5931738488413,1146.0154524559866,-0.27459261664882123,-10.567954650438182,0.09692895607766061,-0.0027543153656521685,271.8830877139429,GNSS_LOCKED
1336,133.6,0.04240767787166057,-1.0741525090089463,9.793774940555217,-0.3946400130551946,-0.40027449137377763,0.015115940303514555,0.19,-32.0,16.63,9.952423981400875,1,-643.6592329483805,1146.040826940747,-0.27210259290485195,-10.615414233152178,0.1934433826768966,-0.03671433056561116,271.17131033577647,GNSS_LOCKED
1337,133.70000000000002,0.29017521524576506,0.2934362874145653,10.028424192249021,-0.07064335632404214,-0.1146049055781021,0.026033090955718572,-1.06,-32.37,16.0,10.024963610109525,1,-644.7290575450924,1146.076277193023,-0.2704629967668502,-10.654705703408476,0.206224551464243,-0.07006058438713088,271.0235414664947,GNSS_LOCKED
1338,133.8,-0.24477172776852385,-2.040537222021041,9.151301255932507,-0.30265579529957226,-0.335345578264338,-0.020281092429654986,-1.31,-33.69,16.44,9.98458112084765,1,-645.7986562120416,1146.1044099550518,-0.2698910977657351,-10.61990477715427,0.2723461411127874,-0.10715909475207919,270.48557391748307,GNSS_LOCKED
1339,133.9,0.30588333745535573,-5.131449022431422,9.23301521573829,-0.23655895213164208,-0.36599430347314804,-0.004363713050218883,-0.31,-34.06,16.63,9.98458112084765,1,-646.8669145690824,1146.1400730566927,-0.27241544632774495,-10.604412120946028,0.487929339021555,-0.05689092815187499,269.4779769183982,GNSS_LOCKED
1340,134.0,0.994813959919968,-2.3173407600202234,9.418417062707366,-0.022978348331619377,-0.15402172618213694,-0.05849413108873056,1.13,-34.56,14.81,10.015294369153132,1,-647.9320295883463,1146.1764580491508,-0.27238606509604363,-10.604843719365093,0.35143067172570147,-0.06480480004806075,269.3708446520093,GNSS_LOCKED
1341,134.1,-2.8268303458007416,-4.839565733224884,10.473957286997859,0.22965920482155397,0.2700105027475795,-0.04146164548990897,0.94,-34.81,15.69,10.14622482441887,1,-649.0033244835911,1146.2106942191815,-0.2732646829235336,-10.430239775020507,0.42631888067505325,-0.012155670951286484,269.9109242729466,GNSS_LOCKED
1342,134.20000000000002,1.2119014992932493,1.3088903510703471,9.152778475134516,0.12227279862639114,0.08174194301181333,-0.12435524704942472,1.31,-34.62,14.94,10.175460288858426,1,-650.0606774211719,1146.2478296847307,-0.269234889908276,-10.564121894156207,0.18580736185069155,-0.12443787105838594,270.9171237501795,GNSS_LOCKED
1343,134.3,1.2120321834052672,-2.286804562140966,9.432819979251226,0.2323420458215679,0.258437721445635,-0.11007019522757656,1.0,-35.25,15.75,10.722916315562527,1,-651.1200223034281,1146.2769029186309,-0.27160643727637107,-10.575701179290784,0.27849381944574214,-0.10253506792942033,271.9575761356542,GNSS_LOCKED
1344,134.4,0.3295018130168449,2.8377940736542824,9.872755266932897,0.25627030998989075,0.24317507236815292,-0.07724779865102242,0.69,-34.25,14.81,9.86193368990474,1,-652.1782277493494,1146.316216945196,-0.2710949941034741,-10.552128313719207,0.12871173992700385,-0.16431192427575328,272.8403220686097,GNSS_LOCKED
1345,134.5,-0.20694550281849255,-3.9918343083712773,10.118554556525018,0.40540826959436455,0.3421643256813683,-0.029412908314507238,0.5,-34.31,15.19,9.745878291817316,1,-653.2305819597244,1146.3352822680888,-0.2761820338400399,-10.441150867534262,0.2928928685356682,-0.0772501033447757,273.43131653163925,GNSS_LOCKED
1346,134.6,-1.7627152996644406,0.4978347932587962,10.268165041084503,0.2873927426821816,0.31401862464215613,0.02623594540819875,-0.56,-32.44,15.31,10.02638068386785,1,-654.2766506178141,1146.3703232200405,-0.27601107736774105,-10.329887763408172,0.23538861379412715,-0.09017410397585443,273.48381824473006,GNSS_LOCKED
1347,134.70000000000002,3.8765932651923007,-5.149162444920144,9.249561412417872,0.3447191025495644,0.2582662082355028,0.009432180080914293,-0.37,-32.94,15.38,10.300643010461874,1,-655.306272040417,1146.391763512044,-0.2793241595974112,-10.466655095108857,0.45085347508345186,-0.04615384236496772,273.6594523711384,GNSS_LOCKED
1348,134.8,-0.14131943771535976,-1.3409229572008496,9.519100214798431,0.25674055620109504,0.4069402381345327,-0.002063828617437552,-0.94,-32.94,14.69,10.294553787020059,1,-656.3420396315016,1146.4319678769346,-0.2789946015288408,-10.340579946364103,0.4351846039574586,-0.07719129221188965,274.0521605223805,GNSS_LOCKED
1349,134.9,1.658200892513555,2.010333625220626,9.252228335669985,0.12623697681340595,-0.03364482410524599,-0.05630365437463781,-1.12,-34.62,14.81,10.2492166396408,1,-657.3691709750192,1146.466910547703,-0.2789617316507669,-10.377227042655083,0.2278259356144385,-0.13513511601098877,274.08484522633796,GNSS_LOCKED
1350,135.0,2.177672602033678,0.7610682744801578,9.188243521475236,0.2594018742025723,0.31839278058952863,-0.06227483383085937,-0.5,-34.31,14.31,10.276277007205332,1,-658.3904055693089,1146.4980398587088,-0.2812625253231026,-10.340952847717976,0.2545580447864036,-0.15668210845751168,274.623391887664,GNSS_LOCKED
1351,135.1,-1.0132893397793665,-0.6736425401242452,9.51917007580096,0.009466392626345438,0.06863010787477332,0.0485599186957809,-0.81,-33.5,13.0,10.162462989733985,1,-659.4089780036077,1146.5304025007326,-0.28432032361771886,-10.145131546719165,0.34486810682236707,-0.1582112612880825,274.3482378638886,GNSS_LOCKED
1352,135.20000000000002,-0.8026632087845325,0.8471354817288534,9.435204956907917,0.34598402670131106,0.21779398611265482,-0.030260252489151075,-0.62,-32.12,15.31,9.913760486155942,1,-660.4192878174307,1146.5658743800082,-0.28691545639997146,-10.073732212830036,0.30069074987037225,-0.17243579561345235,274.54074634820756,GNSS_LOCKED
1353,135.3,1.112558548938432,-2.213197341165942,9.740109928755427,-0.05851877581544577,-0.0954479538456996,0.036346952880961,-0.94,-31.94,17.75,8.80486009763967,1,-661.4122221795503,1146.5943789905632,-0.2916297259172944,-10.001297729565762,0.4223055133548477,-0.142517929725128,274.4460505469197,GNSS_LOCKED
1354,135.4,1.5689638552342875,-2.941951522636232,9.273245602238017,0.0744956693405866,0.030198320800699917,-0.03716808671852778,-0.25,-32.31,17.25,8.86690660391665,1,-662.3982240974914,1146.63404916947,-0.2947878236352395,-9.943964163957999,0.5715952381131323,-0.14182641384113084,274.99843833784644,GNSS_LOCKED
1355,135.5,3.041625542914456,-1.9462995368075764,9.323849127356842,-0.13135476805908033,-0.09299404483264989,-0.030048503021087573,1.06,-32.5,15.94,8.756550958363018,1,-663.3781593417829,1146.681052924589,-0.29818740494810986,-9.962205689296022,0.603562699431346,-0.1300384204401568,275.2211161452005,GNSS_LOCKED
1356,135.6,-1.5528881919486708,-1.7121400514058978,9.955381696232356,0.07110173680039639,-0.11595946188516838,0.007766351992366725,1.19,-32.31,15.0,8.630181426782022,1,-664.3626640750238,1146.7397802679227,-0.3007124008112404,-9.748814082868625,0.6656152208132499,-0.11357122166397766,275.0828371873871,GNSS_LOCKED
1357,135.70000000000002,0.9943906511562433,-1.6782466315590145,9.114397777503124,-0.0010132118007950748,-0.011218431905445782,0.023614406353529318,1.44,-32.69,14.5,8.716702032476874,1,-665.3261935103881,1146.7919297434983,-0.3020434555342763,-9.670620873720177,0.6226764195692623,-0.1359341585179622,274.9705317752441,GNSS_LOCKED
1358,135.8,-1.9309806418260307,-1.5137537451427079,9.708982765972939,0.03739360967565873,-0.06150255318899259,-0.046785616450567565,1.94,-32.19,14.38,8.326075442672535,1,-666.2949373097833,1146.8645806119787,-0.30406954215533794,-9.553092329958158,0.7821648252374487,-0.14011742793090742,274.78612037648753,GNSS_LOCKED
1359,135.9,1.7572303530696516,-2.5197226468396896,9.506842824474058,0.09766914482530212,0.1757252182768419,-0.016923528315644684,1.5,-31.81,12.38,8.184704627433865,1,-667.2521437781469,1146.921989256884,-0.3069640825099333,-9.627646996868414,0.7226955120583327,-0.11409431345371884,274.6589844251424,GNSS_LOCKED
1360,136.0,1.2893493705876093,-0.41739351678857306,9.043448310943575,0.1369190931292466,0.06459619644376724,0.02106070610551616,1.13,-33.12,11.25,7.780262340238198,1,-668.2068085047788,1146.9975066675643,-0.30774001975841303,-9.60303204411277,0.7737952853393187,-0.14778140688313057,274.7168663841761,GNSS_LOCKED
1361,136.1,3.8061299797989356,-1.2210625528034351,10.074078727557021,0.07536779534677895,0.1020867568940385,-0.051453469187446726,-0.31,-34.06,11.06,7.80484209942196,1,-669.1560963506707,1147.0833600449482,-0.31185113916269486,-9.67684645649505,0.9257287114620304,-0.07753850323466059,275.5058071171137,GNSS_LOCKED
1362,136.20000000000002,-0.9839713468726361,-2.225313905659506,9.91471784620279,-0.06160485845120787,0.006787321447317631,-0.02002657441444804,-0.75,-35.0,12.13,8.012313002486383,1,-670.1142612078323,1147.1723824337773,-0.3122346210572708,-9.50046737764293,1.003255834174311,-0.07889508611037449,275.4971692761518,GNSS_LOCKED
1363,136.3,2.354709667012278,-0.6876200798041301,9.697704746481463,0.006620125806306152,-0.037815371737239964,0.09486659894126612,-0.75,-35.69,13.38,8.0613885225801,1,-671.0621608876899,1147.2754712274284,-0.312919907719074,-9.578709601291456,1.0662739212431247,-0.07279519222160262,274.9890548689444,GNSS_LOCKED
1364,136.4,1.7689831461850014,-0.28926972578244553,9.592819674853644,-0.1273097031811485,-0.14800675314282333,-0.04768679586685623,0.19,-35.75,13.0,7.9084412597518,1,-672.0171580116463,1147.3696280201873,-0.31303078036286885,-9.617425571297833,0.9620724418464373,-0.08102348185400934,274.7747702374853,GNSS_LOCKED
1365,136.5,-1.3243465390275888,-1.7723109026148938,9.081409207223185,-0.04367625023711782,0.026703029641789847,0.08610814928434102,0.0,-36.69,12.81,9.673663149880674,1,-672.9749282147927,1147.4577461613876,-0.31222378609467816,-9.468605652703635,0.9578349459405752,-0.1392284701972053,274.20221780440187,GNSS_LOCKED
1366,136.6,0.2024255964401789,-1.8428595094295737,10.040931901293368,0.025044007880474235,-0.09067582351228123,-0.005261435132392223,0.0,-36.31,12.88,9.597348762038749,1,-673.9305142618603,1147.5596903536473,-0.31540624483982554,-9.510992785854471,1.0847253427369725,-0.0992830409434183,273.90058101349047,GNSS_LOCKED
1367,136.70000000000002,0.2459116567878022,-3.3521869219390976,9.17580127277375,0.05310448474031319,-0.046607375384830674,-0.04034806389659017,-0.06,-36.5,13.06,9.896867932684428,1,-674.8870008721535,1147.6620055506876,-0.3158631428839652,-9.522950191652068,1.1843527790648398,-0.11276284196681695,273.7933494748833,GNSS_LOCKED
1368,136.8,1.2822919723134463,-3.4783673738050807,8.984804557729056,-0.19527859143084164,-0.12419199990546625,-0.13862885301504546,-0.31,-36.12,12.88,10.18584154413446,1,-675.8460789696729,1147.7608313854023,-0.31656158335419265,-9.602426671846517,1.1672030170885859,-0.116673098231859,273.93982504803415,GNSS_LOCKED
1369,136.9,1.4736537785250294,-4.133198330562837,9.89975508491354,0.12111641160223921,0.11148285789965602,-0.061441331651601414,-0.56,-36.12,11.88,10.633342648843886,1,-676.8160035846295,1147.8736250061468,-0.31914305312109253,-9.698197477064806,1.3057742007110746,-0.049053535186816426,273.74486596109807,GNSS_LOCKED
1370,137.0,1.154680028559088,-1.6910886597344232,9.501976424753138,0.16903321068633165,0.04792287964617314,0.054151096863208764,-0.37,-36.19,13.06,10.669500648743288,1,-677.786458261666,1147.995246624298,-0.31812689571903935,-9.714613212342444,1.2715950318280145,-0.061849440950475745,273.2711565372357,GNSS_LOCKED
1371,137.1,1.9370901555243378,-2.824255944113052,9.122650656005236,0.04075734801597288,-0.037222365790314,-0.019373798483439775,0.0,-35.19,13.25,10.676280663807198,1,-678.7587782193099,1148.1256082664406,-0.31756735325411956,-9.774271557150243,1.4199949289396956,-0.07495233492748923,273.24036431836873,GNSS_LOCKED
1372,137.20000000000002,0.778197299794146,-1.4801415750505573,9.99929567071601,-0.013073703817131643,0.006458710502828251,-0.09429116250817239,-0.12,-35.44,12.13,10.911102683502481,1,-679.7390538606417,1148.2672078245982,-0.3183078503371291,-9.784579263287242,1.4507851293235103,-0.056147924546489245,273.6159205198951,GNSS_LOCKED
1373,137.3,-1.4240265825815015,-2.595427197340066,9.721059794868497,-0.05594383030142377,-0.053926497483416755,-0.004158211199127107,-1.12,-35.69,10.75,10.01620911884088,1,-680.7256389490144,1148.4061103380077,-0.31743387794161926,-9.722832685320032,1.48076662280091,-0.07356043842034488,273.3859742935575,GNSS_LOCKED
1374,137.4,1.0709314509135863,-1.3087609831595637,9.964601730445795,-0.0025702127868541553,0.01615807014571868,-0.005324544618681111,-1.31,-36.75,11.0,10.055240923039596,1,-681.7101172687768,1148.5544972450123,-0.31825747181979885,-9.835391323474866,1.500844971843334,-0.055007799339713434,273.2704625935671,GNSS_LOCKED
1375,137.5,-0.28333932439374715,-1.725192720341372,9.644651522731822,-0.10727397817616784,-0.16515687348823097,-0.04269649570926777,-1.56,-37.19,10.56,9.608013600733686,1,-682.6993750356554,1148.7121024103285,-0.31789280583640617,-9.820211733404792,1.6073711180162453,-0.07388884595869567,273.15801497468,GNSS_LOCKED
1376,137.6,2.0780315369260225,-1.8752399850055252,10.354060582214949,-0.15294972737148643,-0.2544206560874707,-0.005257437874941784,-1.75,-36.87,10.88,9.318647977372075,1,-683.6869259587717,1148.8785838914234,-0.31982174628429755,-9.913737106492272,1.697992555839923,-0.013055325523838144,272.8243395500427,GNSS_LOCKED
1377,137.70000000000002,-0.554289735553732,-1.7069447266398796,10.287322928209072,0.04717664415065172,-0.04859917362494084,0.0734404831796172,-1.37,-37.5,10.56,9.633965894922133,1,-684.6913362472029,1149.054943972598,-0.31891106409417924,-9.923709993119088,1.77075326478915,-0.013907113676367981,272.17681358209916,GNSS_LOCKED
1378,137.8,-0.2603655413651836,-2.4748878881941696,9.186765488230307,-0.10175053007871104,-0.11333887657718554,-0.08813091787178222,-1.94,-36.94,11.19,9.711407227882695,1,-685.6993966871102,1149.226598863642,-0.3161306922556906,-9.986286815846967,1.7891128899274782,-0.06581239733022133,272.42207795295406,GNSS_LOCKED
1379,137.9,0.6465328672496606,-3.065146869162017,9.911569649254966,-0.010741715955246848,-0.1299891036957726,-0.09060390973190105,-2.31,-35.87,12.13,9.758360475465253,1,-686.7088241656896,1149.4081650738854,-0.31685805511694065,-10.037007554363543,1.8980998119506707,-0.03474445394640438,272.52216871579697,GNSS_LOCKED
1380,138.0,-0.24022606046580333,-1.7401275373559102,9.387418617149697,-0.10902693642590038,-0.18806390561600686,0.0414293921996972,-2.25,-34.75,11.69,9.75660484936749,1,-687.7219301727854,1149.5972895882296,-0.3151304849570726,-10.035842347408018,1.908588493168801,-0.07698621148834792,271.8937483625089,GNSS_LOCKED
1381,138.1,0.5927375488577554,-2.2068396786646503,9.918460981465088,0.1247721213541168,0.013504494871160332,0.014306514287846501,-2.12,-33.37,10.0,9.63510496208457,1,-688.7445120468886,1149.7959961515076,-0.31632523583836886,-10.15200398657733,2.009767500172024,-0.053518578614977136,271.58276090338325,GNSS_LOCKED
1382,138.20000000000002,-0.9321326211601725,-1.2628611375074932,9.17316011709936,0.0946551126883234,0.04565576405710579,-0.08943389094925193,-1.25,-33.62,7.69,9.658467148495511,1,-689.7695421322919,1149.9900759274465,-0.31438219695299446,-10.12320027591033,1.9370694487823434,-0.11735030232130961,272.2983060012867,GNSS_LOCKED
1383,138.3,0.4463338443488358,-2.661612608255916,9.73847859950218,0.1040751774799491,0.014047680251700894,-0.046372406796100926,-1.37,-34.56,8.75,9.60916170186997,1,-690.798086132076,1150.182128676151,-0.3162677238772463,-10.215461269540205,1.9865960899697301,-0.084939664991734,272.46579167116215,GNSS_LOCKED
1384,138.4,0.35075807945215354,-0.8912139786298302,9.605839143145893,0.11391546344467868,-0.04061766990194345,-0.041207306147342776,-1.19,-36.19,8.5,9.489807990105058,1,-691.8351396843484,1150.3841033293465,-0.3166768592436856,-10.309977636138672,1.994229875273477,-0.09750180489205001,272.597556505786,GNSS_LOCKED
1385,138.5,-0.49505432793565013,-3.0471701212299176,9.71408263114309,0.044823801862908935,-0.03355096773233038,0.00958850096619946,-1.94,-36.44,8.31,9.60916170186997,1,-692.8814379572544,1150.586454607482,-0.31760596846707817,-10.346508647155881,2.1142527106221545,-0.08247396176990898,272.2481766164284,GNSS_LOCKED
1386,138.6,0.45685629724580695,-1.9080327235155339,9.856748186885001,0.05112851250729437,-0.059627944820632876,-0.055768839016596045,-1.19,-36.75,8.5,9.654741997044473,1,-693.9302916848201,1150.7901261187312,-0.3180439415819146,-10.42865229785103,2.076957767084242,-0.06562677642332439,272.4232100473855,GNSS_LOCKED
1387,138.70000000000002,0.9788754103561922,-1.2692876721843986,9.990165633073394,-0.07552896061619646,-0.05113359813285757,-0.03609600047407563,-1.69,-36.69,7.94,7.720813564670821,1,-694.9838143706145,1150.9966031084805,-0.3184449508213089,-10.506523042118916,2.0650572669046867,-0.049338210818360345,272.49185032964283,GNSS_LOCKED
1388,138.8,-1.039014840983512,-2.2517203422511063,10.416397638363685,0.11807277340411974,-0.003384208782187441,0.014327152947391817,-2.12,-36.44,8.56,7.825787852432089,1,-696.0431261109907,1151.2185179299975,-0.31893001944616517,-10.449760706750281,2.2424618660714115,-0.026533539049627314,271.9882277128195,GNSS_LOCKED
1389,138.9,1.4862577606042138,-1.2618982689065703,10.061795776002132,0.055755482075349645,-0.08693240841599073,0.015974435374708877,-1.5,-36.69,8.81,8.173552347424035,1,-697.1011288452821,1151.4504099126668,-0.31851378407066855,-10.578322871556313,2.3127015854992843,-0.01431449881203485,271.70963304405456,GNSS_LOCKED
1390,139.0,1.0922548961908105,-1.4224408434241005,9.88454362622302,0.04104414571521868,-0.04509610995393356,0.06900528218571844,-1.12,-35.69,9.5,8.673249634928093,1,-698.1629188131704,1151.6909297293405,-0.31744323717716316,-10.601816106685538,2.4099090240933054,-0.021084757176039186,271.18634981692884,GNSS_LOCKED
1391,139.1,0.7083833681314846,-1.461378509239242,9.32948657678912,-0.07385755165760353,-0.13154957873530107,-0.08136615019594606,-1.87,-34.87,9.13,9.66661165445633,1,-699.2361780223893,1151.9460545784427,-0.3155824421980302,-10.69385213321993,2.562718813003414,-0.06377701681762712,271.3976277917629,GNSS_LOCKED
1392,139.20000000000002,2.241190738485221,-3.089708832798126,9.75304266843211,0.2708638072362619,0.16933268142634786,0.013100035512934082,-2.31,-33.69,7.56,8.234858849524128,1,-700.3001471105836,1152.2119166854168,-0.3168339693552516,-10.679988255807483,2.7542634006084605,-0.025679542365042666,271.5687187608431,GNSS_LOCKED
1393,139.3,2.572055472548576,-1.1584946486589247,9.931446936129777,0.06657521285539521,-0.20513128274273823,0.08087111890890097,-1.56,-35.12,5.88,9.56182858544326,1,-701.3685331168713,1152.488806763101,-0.31656269843439067,-10.746846118332646,2.7800019915940988,-0.008778433923406902,270.82931316343,GNSS_LOCKED
1394,139.4,1.0902531234054642,-4.555697936999503,8.665903651306257,0.22870032876030705,0.1629359626218008,0.2020608861443367,-1.94,-35.81,5.69,11.802534507815627,1,-702.4365216139505,1152.770067223271,-0.3137494595543069,-10.662704765748046,3.012504270534207,-0.060535719066913185,269.8255024610438,GNSS_LOCKED
1395,139.5,0.16600059803543932,-1.5180184694123793,10.208593996627291,0.07891400306249616,0.11567721594829401,-0.2790595847325515,-1.81,-35.94,5.5,13.21569698574829,1,-703.500060546172,1153.0681544386127,-0.3140562968480347,-10.565853866814903,3.016484202191588,-0.04267777057447929,271.4825886484804,GNSS_LOCKED
1396,139.6,-0.2727511795485226,-2.085015727823772,9.020556991050075,-0.0529312804038357,-0.13108566289067375,-0.016569808065368705,-2.12,-36.0,5.81,13.121772956544646,1,-704.5628143998731,1153.3711466644086,-0.3118914528311983,-10.543339302157282,3.1039330814615114,-0.10486366863635611,271.27800014455346,GNSS_LOCKED
1397,139.70000000000002,-1.3850784288257492,-0.4000824774792883,8.615543457450356,0.11925059311074442,0.12949095161247579,0.003174821763679338,-1.81,-36.69,5.13,12.868800565757022,1,-705.622707646278,1153.684906036971,-0.31073329051186677,-10.462212569666823,3.1211620811637037,-0.1994143808110437,271.19441237101853,GNSS_LOCKED
1398,139.8,3.5479686982926073,-0.21214323511558206,11.28089714932862,-0.003927864898212625,0.18577481627919956,0.072760769057034,-2.12,-37.12,5.31,12.377853913788902,1,-706.66353252891,1154.0071674916587,-0.31921244566133705,-10.51978875247251,3.1771309195908595,-0.03273412342344532,270.8059093095035,GNSS_LOCKED
1399,139.9,1.5302343600999577,3.455610120804053,11.337833961836187,0.7747973925031351,0.21428814750784164,0.2949001024211425,-2.0,-36.94,5.75,14.52325908297364,1,-707.7063799480618,1154.349542612601,-0.321944631320129,-10.448225444512156,3.1642951524196294,0.026056834734946962,269.0550588207466,GNSS_LOCKED
1400,140.0,1.0772108521345396,3.339443359283349,7.45685909013855,-0.12376807260962908,-0.816162870516745,0.6168890686277106,-2.06,-37.37,5.63,14.141183590272757,1,-708.7455078620152,1154.6901228225552,-0.31613042199791336,-10.419508916251765,3.225523046864966,-0.1620519005463309,265.21096700034826,GNSS_LOCKED
1401,140.1,-0.8596128362595437,0.31721973738434806,9.28716542223469,-0.6556262192400089,-0.2981326396969895,-0.5175708741731483,-2.69,-37.31,6.31,14.325962045287278,1,-709.7779862202406,1155.0415600258198,-0.31853887480662885,-10.198734054910295,3.4918206625264947,-0.19610096168970656,267.80686505680865,GNSS_LOCKED
1402,140.20000000000002,2.511605580243753,-3.0168457336830965,7.787624521537138,-0.04189460977321906,-0.42176767810544874,0.14361910519665635,-3.0,-36.75,5.69,18.61672984060759,1,-710.7913220618144,1155.4056154299521,-0.3215979427588813,-10.185377118398662,3.7785870438020948,-0.23468743828078759,266.81638864644515,GNSS_LOCKED
1403,140.3,0.16055876801362298,1.0002790421394343,9.04348299771004,0.04790163962456306,-0.07441818014412825,0.11740880454767678,-2.19,-36.62,5.94,18.653270873543203,1,-711.8022555037825,1155.7877542058106,-0.32597738083041944,-9.999606227131022,3.748722504017552,-0.2548455499141907,265.9406650239086,GNSS_LOCKED
1404,140.4,3.7760940706849353,-1.1273382013094142,7.803669229228423,0.42078980276091715,0.31128892069490405,0.2128837235324255,-2.62,-36.81,4.94,16.98036927560255,1,-712.7948375657954,1156.1804914287711,-0.33159779460417654,-10.02141693777038,3.956197810484971,-0.24893955541686505,264.9858729720228,GNSS_LOCKED
1405,140.5,-1.585696733403042,5.235438000718608,10.645881768097299,0.5456515681994872,0.49528636775320856,0.02104804122178247,-2.06,-36.44,4.94,14.073910046486724,1,-713.7972625204287,1156.5865376116801,-0.3378297237595871,-9.785459201954248,3.778199400299001,-0.20879163735250758,265.1958752057604,GNSS_LOCKED
1406,140.6,0.2404606466277647,0.503325202022352,9.751588654082601,-0.4560415251810534,-0.4282030686263031,0.13152083230255268,-2.44,-36.0,4.56,15.004098306502163,1,-714.7691103120306,1156.9928997866969,-0.34280873972934706,-9.635771394375357,4.04803773190129,-0.18102587012163224,263.898183777319,GNSS_LOCKED
1407,140.70000000000002,2.7357970438832817,-4.421431596746946,9.315932370405404,-0.29054762137244483,-0.17935557875471297,-0.08396038401756153,-2.19,-36.37,5.0,17.753271783198045,1,-715.7397373724642,1157.399103057819,-0.3469266875969367,-9.750853696824183,4.304624610495727,-0.1341688133492096,263.90500857523847,GNSS_LOCKED
1408,140.8,-0.40452807401479696,0.6772577466132429,9.632459689611279,-0.2718107343212714,-0.2630228110427071,-0.13610358400469705,-2.94,-37.5,5.19,18.020764764057784,1,-716.7088070857313,1157.8307469078718,-0.34806465170759415,-9.54393446861049,4.283816762282061,-0.16310153312102044,264.50939863442863,GNSS_LOCKED
1409,140.9,4.102855324421128,-5.903568896082661,8.216610355011033,-0.5276562462206152,-0.6445472046362055,-0.027594869451091186,-3.56,-37.62,4.06,17.51943119422883,1,-717.6566807624991,1158.2624864123434,-0.3514680114662089,-9.594392214027385,4.611029554670662,-0.12606854431412606,264.23092294740576,GNSS_LOCKED
1410,141.0,2.5927101685712195,-3.1463589627590305,10.691268160010454,-0.3339484010575566,-0.1963976200214439,-0.03719906290504989,-3.19,-37.94,3.94,16.91326424008531,1,-718.6075414217466,1158.7113738778717,-0.35538928705457895,-9.446516040531648,4.610053501168905,-0.0006137630511752635,263.8957409075473,GNSS_LOCKED
1411,141.1,2.665697903776995,-6.128489076209383,10.04919605583358,-0.24732545741425804,-0.6982759437859616,0.17274479570931345,-3.87,-37.44,4.5,16.434225799731447,1,-719.5550401292827,1159.1551207503755,-0.3543951567339752,-9.404976283345327,4.701700929104596,0.09174225449033444,260.83269389225956,GNSS_LOCKED
1412,141.20000000000002,1.5686773563689655,-2.495393341212643,9.18309606800707,0.23926839559698437,-0.07977399027185042,0.029214813786018052,-4.44,-37.75,4.0,16.805605954070487,1,-720.4948705112856,1159.622196875059,-0.3481429129982038,-9.270494972449251,4.712795188710485,0.014060686254286171,260.24491855893046,GNSS_LOCKED
1413,141.3,-0.1725126789255018,1.1974575255818063,9.72315206196208,-0.3179010172041669,-0.20156770433653437,-0.04490371731889757,-3.81,-36.62,3.5,15.143736362069156,1,-721.4335878879973,1160.097217331096,-0.34306830566443386,-9.152996094109803,4.614315519840092,-0.11422527171059513,260.32233085382995,GNSS_LOCKED
1414,141.4,3.923629516412936,-1.6639427982917496,9.596192059975987,0.2730050832293905,0.1833267987753665,-0.15998999775514045,-4.69,-37.31,2.56,16.09223069267109,1,-722.3559466695817,1160.5787856692998,-0.3469739678336607,-9.17908116486398,4.769277522414463,-0.03578585788202348,261.6780384546374,GNSS_LOCKED
1415,141.5,0.6503619099890882,1.2894539701756225,9.544064862249924,0.11302580758584728,0.15132727956198255,0.03395528353491697,-4.56,-38.06,2.0,15.755803859122125,1,-723.280551460143,1161.072683787244,-0.34453546022425036,-9.060950489541808,4.788298972330158,-0.12586364430967906,261.860704920288,GNSS_LOCKED
1416,141.6,3.354738260253787,-1.0275173580023869,8.419768166297287,0.18359846435949012,-0.055855308182526604,0.14469197777579798,-4.75,-38.06,2.63,17.617892135323284,1,-724.1971589779893,1161.5769996438364,-0.34644981251341483,-9.148892491534863,5.006135660869937,-0.13008176276177003,261.0793104945335,GNSS_LOCKED
1417,141.70000000000002,0.050148284534916654,0.9474882811469328,10.312181468857473,-0.18524522884521769,-0.4339988785559737,0.029038226568440982,-5.75,-37.5,2.25,16.822473105514362,1,-725.1172366078333,1162.0919336548052,-0.34770020507874466,-8.977235794096108,5.035696090292488,-0.14709456036496704,260.5399170670998,GNSS_LOCKED
1418,141.8,-0.005368540950742685,-0.28602639915836414,10.219131882295706,0.3462405136307884,0.5306086637480718,-0.07276862425642945,-5.5,-36.87,2.31,17.245729001418262,1,-726.0330848848529,1162.6146714804825,-0.34905037085426327,-8.912628516773234,5.174313918862052,-0.15592765425503063,261.76662893162484,GNSS_LOCKED
1419,141.9,-4.444068413866164,0.4894879296212486,8.528943790976243,0.1209754262390647,-0.22380828684705564,-0.17323595754017895,-6.06,-36.87,1.0,17.00272869248232,1,-726.9471208110427,1163.142577329203,-0.3446460338892545,-8.766053559296875,5.2487227248440655,-0.3616993930324288,262.8515365047951,GNSS_LOCKED
1420,142.0,7.277635590743474,-5.256699448219471,11.138024709051107,-0.669447966457904,-0.7255143559800359,0.17240382673319818,-6.0,-37.37,1.5,12.923747069302323,1,-727.8333151601998,1163.683310469841,-0.36135292627846877,-9.001028432136817,5.603773857455215,0.013332565001660114,260.7741042696599,GNSS_LOCKED
1421,142.1,-1.320997104204167,1.1779731790264008,10.02490930732935,0.37705971801393706,0.2730642099562556,0.01525143574278169,-5.75,-37.12,0.94,17.062233681098633,1,-728.742570290122,1164.2453961560377,-0.35465484775631306,-8.791089715340366,5.5093644051713975,-0.12892867073037748,261.1907398292603,GNSS_LOCKED
1422,142.20000000000002,8.275630288216247,-2.54262276026491,10.151555892657083,0.4575039361197132,0.17753948068658484,-0.008249923181894209,-6.69,-36.81,0.31,17.294634238431257,1,-729.6388909478773,1164.8096900893968,-0.3627830052038602,-9.13536648984181,5.661897270166144,0.12375235377838385,261.51706213319665,GNSS_LOCKED
1423,142.3,2.681305494438158,-0.704177564766779,9.577281720445258,0.3011286404510662,0.4392998530823195,-0.1094754355184072,-7.0,-37.87,0.56,17.428949564837318,1,-730.5494736217039,1165.3911847299066,-0.35684203306219353,-9.050663034178115,5.8016194175550515,0.06593482688527122,262.61039941173914,GNSS_LOCKED
1424,142.4,-2.707890762783924,1.955966668441067,9.309664139418622,0.2484527145023909,-0.10393041467270106,0.014594436006706712,-7.0,-37.31,0.69,17.341699271637474,1,-731.4674973127868,1165.981618363669,-0.34694129062472867,-8.877749096875846,5.8106008642361235,-0.13541751774104968,262.68593979376226,GNSS_LOCKED
1425,142.5,1.9228111129786258,1.9982064376840674,9.29406543102661,0.5616763433688187,0.4589119012195447,0.028217055461114787,-7.37,-37.19,1.25,17.341699271637474,1,-732.3743554762588,1166.5779323864006,-0.34774202130395,-8.980227389748245,5.847618854100215,-0.13776656413440141,262.91770929826407,GNSS_LOCKED
1426,142.6,-4.0401444412536796,1.4567354703624946,8.832467034367848,0.5919404206363673,0.5261636325729337,-0.16200145114935002,-7.94,-37.0,2.0,17.14061206160236,1,-733.2923620512244,1167.1791364542314,-0.3432968529980575,-8.846960702780539,5.9908617142086875,-0.2911663316075199,263.738264589058,GNSS_LOCKED
1427,142.70000000000002,0.3732152097868066,-2.2738151208685053,10.107672510686797,0.14766114188152824,0.030030674130318773,-0.026042192486843325,-8.25,-35.12,1.13,17.048300841999577,1,-734.1959767465673,1167.7787824109464,-0.34946396608657276,-8.945696218756037,6.186711533384647,-0.2230757327382882,263.79007940525025,GNSS_LOCKED
1428,142.8,-5.658830822441369,3.126353833106513,10.251961018907933,-0.7907803938558133,-1.1080001991227926,0.02422534699641077,-9.0,-35.06,-0.69,16.94786402836241,1,-735.1140441754933,1168.4032579065206,-0.3491967543332377,-8.75325600411696,6.187513843665788,-0.24027326105021757,263.6897726356724,GNSS_LOCKED
1429,142.9,8.226200081518693,-3.3226266292551476,10.804488522433001,-0.6726282570118711,-0.7214152039709123,0.1381714925329359,-9.0,-35.5,-1.31,16.727512995464323,1,-736.014708249499,1169.0327698303815,-0.3602633240968972,-9.256686850633567,6.462615526045271,0.03389661606481865,262.3038404210955,GNSS_LOCKED
1430,143.0,-2.985183634277585,1.5340190130323748,9.616838177243935,0.4941342215497837,0.5255920449176728,0.014311653036889978,-8.62,-36.44,-0.87,13.681947408993423,1,-736.9383608918079,1169.6968104440907,-0.35183734848446385,-8.912168562503803,6.577248800313393,-0.1497770905771511,261.808110477564,GNSS_LOCKED
1431,143.1,9.87314753558874,-3.5918181817038946,9.962267879357556,0.46491881592987266,0.5773997689220739,-0.12130132498493455,-9.19,-36.56,-1.31,13.093294903414435,1,-737.8211712239035,1170.3698527575336,-0.36284414987954366,-9.209248057100414,6.872880559293617,0.09434218285148842,262.8945693115836,GNSS_LOCKED
1432,143.20000000000002,4.29068558921799,0.6566583116754738,9.078755003092914,1.0147218637241568,0.9717812215849635,-0.18557868049700574,-8.69,-36.62,-1.06,13.233944831207978,1,-738.7186208417007,1171.073086127377,-0.36023999004495855,-9.09307740808218,6.999858112565514,0.053274147561267506,263.9525459115879,GNSS_LOCKED
1433,143.3,-11.190409426173623,2.1583649483502767,8.519426332467312,0.7621427604578698,0.5309731878823014,-0.15948914204974693,-9.44,-35.75,-1.25,12.68596676187591,1,-739.626830996775,1171.7904774919841,-0.3459723554190414,-8.456562530085291,7.207444202791348,-0.26991241594243687,263.2325026794296,GNSS_LOCKED
1434,143.4,6.472023701598535,0.2795826626192647,9.779096979819228,0.9420186122900347,1.0649347765436443,-0.08051345109418712,-10.06,-36.37,-1.81,11.445672627243548,1,-740.4893062413496,1172.5205850962186,-0.35515370224407067,-8.906768768196265,7.369020274750979,-0.1542277955294587,262.03436686940614,GNSS_LOCKED
1435,143.5,-15.100304237039929,1.895624573623234,8.461762102228455,-1.6064763818810606,-1.7926364672818995,0.26017630681791043,-10.5,-36.31,-1.5,11.355406894843755,1,-741.3898668633617,1173.2633829719994,-0.3485338342201557,-8.230475090249739,7.58505747364935,-0.2922989729567011,262.3908363387961,GNSS_LOCKED
1436,143.6,7.183994550038549,1.0778801525625763,10.196768427875966,-0.4728454383611501,-0.5713606548718536,0.05490194427757855,-11.25,-36.31,-1.87,17.21762225877449,1,-742.2345957095195,1174.0338811847512,-0.3600044008954823,-8.721268920231383,7.688712951417185,-0.09962572586488125,262.58283007356044,GNSS_LOCKED
1437,143.70000000000002,-11.606509333068384,-0.6554661421244717,8.197337786008639,-1.070979110206371,-1.4302306942380227,0.16066657014137242,-10.5,-37.12,-2.5,11.416804198599168,1,-743.1132527814419,1174.8143762221875,-0.34850478502558085,-8.151655958678628,7.986854683194549,-0.4269355281785795,260.99542936082827,GNSS_LOCKED
1438,143.8,3.8416639676029147,1.3281730723813505,10.028512040169394,-1.2823027250542538,-1.5247656683898607,0.11736970570830943,-10.75,-37.56,-1.0,10.933016800851988,1,-743.9429763867363,1175.6196936236113,-0.3621500691536016,-8.285109338475227,7.983343068332243,-0.224237405259958,259.3466271502207,GNSS_LOCKED
1439,143.9,15.443147065615905,-1.103641353911157,10.04977427416636,-0.5072355220604394,-0.6479513708134503,0.03653636847093642,-10.56,-37.5,-1.81,12.674072738186911,1,-744.751450972679,1176.4456134815348,-0.3863420493850671,-8.59191837047199,8.118817165430574,0.32001401268350327,259.0597445907573,GNSS_LOCKED
1440,144.0,3.387952814890472,0.26245635126721206,9.325813199810257,-1.034488781965686,-1.2789182160461208,0.10218452256852928,-10.62,-37.44,-2.19,9.60103651221984,1,-745.5840557348714,1177.2848443094626,-0.3753267707659046,-8.226884251692482,8.283395212168378,0.17629822160726324,256.2427922602294,GNSS_LOCKED
1441,144.1,13.602027051225747,-2.084764820027808,11.051435223214106,-1.0875836825540577,-1.3741397782929854,0.19763841518049907,-10.37,-37.12,-1.81,9.2845057179826,1,-746.3844531290998,1178.1348993293773,-0.38341901096508946,-8.141194918456968,8.370717550525297,0.631946511730391,249.72438273863705,GNSS_LOCKED
1442,144.20000000000002,-0.4416765053707149,0.6041165621692938,9.747774524675684,0.08063665274558085,-0.014981135980136312,0.021369038320272492,-9.94,-37.37,-3.31,9.186421261616681,1,-747.1905154038263,1178.9895177492638,-0.3531428598911924,-7.682851566035483,8.404706267521556,0.09920973039365094,250.16967207141263,GNSS_LOCKED
1443,144.3,10.77041653142736,0.5448643691835863,7.776220761317829,0.6890532947777356,0.5757798189847291,0.22009715356146642,-11.0,-37.87,-2.81,8.956572768096466,1,-747.9614167388584,1179.8656832701618,-0.3562856535916997,-7.737255979982025,8.498582475872784,0.2868845887045146,251.9507529313483,GNSS_LOCKED
1444,144.4,1.792687266660285,2.7333469407022526,10.764857461002803,0.6343591299211974,0.6580432421851923,-0.13470618285743946,-10.56,-37.25,-2.87,9.55332743878598,1,-748.73301818812,1180.745018291345,-0.34227706952685594,-7.376201856474145,8.546431907890588,0.0482522655808199,255.7425374892905,GNSS_LOCKED
1445,144.5,7.198749681501567,1.327089315183961,8.55903875868112,-0.08495138823997044,0.037292644940965805,-0.2444189646271518,-10.5,-38.31,-2.56,9.55332743878598,1,-749.4719723782782,1181.6308537152815,-0.3420990807363889,-7.3545162100172545,8.671907003301031,0.11661510040871832,258.5582450659456,GNSS_LOCKED
1446,144.6,-0.7803737165257959,-0.41323133417512,9.894702626002035,0.6730878247216738,0.5366975497454227,-0.010882109570519896,-10.81,-37.87,-3.25,10.961508719175244,1,-750.2101779428135,1182.5333033094846,-0.3303151183049467,-7.024269199862008,9.008589443214378,-0.14141906470494325,259.1915926715789,GNSS_LOCKED
1447,144.70000000000002,-5.337659593766094,2.6785156802945465,10.015122232478895,-0.32348001746269006,-0.34561394370180304,0.09658255650594766,-11.12,-37.37,-3.25,10.595457041511933,1,-750.926098164096,1183.4540063477596,-0.3211910645987718,-6.650664038478285,9.116631470213873,-0.4742843181955889,257.9110371910742,GNSS_LOCKED
1448,144.8,-4.702841654120387,2.84488417346844,9.18388806692563,0.4877755736722716,0.5141767920329725,-0.07278788541623936,-11.81,-37.56,-2.69,12.02327817737894,1,-751.6182786443169,1184.3915128887718,-0.3216340914803468,-6.456423921275795,9.274842720667003,-0.697246389399504,258.39207609528614,GNSS_LOCKED
1449,144.9,1.834872350447231,-0.11898695629151425,9.645145587900513,-0.6520941882285212,-0.8115844178285393,0.06131282424172642,-11.75,-37.56,-2.75,10.309300747688887,1,-752.2883709605912,1185.3408761890246,-0.33928506774003336,-6.468390890825363,9.49869392343369,-0.4967908892861791,257.3423268466279,GNSS_LOCKED
1450,145.0,7.312638389530452,-0.8310875364964155,9.684635266784484,-0.3184773296043855,-0.3248642998627362,-0.027488855973898982,-11.44,-36.44,-2.62,9.425089956405639,1,-752.9457816741478,1186.3061612033791,-0.35775389885272263,-6.532603336413632,9.627201193020696,-0.1513373499584355,257.35811808929935,GNSS_LOCKED
1451,145.1,-2.6514914059305386,2.463766388824649,9.02756774361591,-0.49703816149039626,-0.47290752548465514,0.02438910335020537,-10.25,-37.12,-3.44,9.047185907657154,1,-753.6039184324602,1187.2886244018134,-0.3494783218025445,-6.1846794655133195,9.702681057594209,-0.4301191982070543,256.6130969263047,GNSS_LOCKED
1452,145.20000000000002,6.445377721739124,-2.0378801156961464,9.791075413771424,-0.48747665307148685,-0.6464463217344699,-0.001263260145589294,-11.12,-37.62,-2.5,9.129802174299737,1,-754.2331661811911,1188.282721781506,-0.36436708493932773,-6.181606439367035,9.950964810386981,-0.13611127167139736,255.51705315584275,GNSS_LOCKED
1453,145.3,-3.814898729505315,2.064808107455368,9.459831655109161,-0.2199353446333922,-0.1312491583149698,0.06630567564396721,-11.19,-36.87,-3.06,9.355380866831293,1,-754.8581787153612,1189.291218289339,-0.3528028444555808,-5.792455925489005,9.969314410662973,-0.5046013922172591,254.91971356056712,GNSS_LOCKED
1454,145.4,-1.659339499487962,2.1275111727906846,9.560361309861142,-0.47075946146494535,-0.6115852631401009,-0.040395115436006344,-10.94,-36.56,-3.56,10.096659360123837,1,-755.4467245767978,1190.3130513426001,-0.35631142956214285,-5.471995279339954,10.07635261041527,-0.6235600432481359,253.58312079088893,GNSS_LOCKED
1455,145.5,-5.756070192524157,0.13946806315215868,10.184660631464139,0.09014468151250307,-0.0347386654584503,0.03292660804236085,-11.19,-36.87,-3.75,7.614142357414515,1,-756.0165915585969,1191.336768611384,-0.35744394112892103,-5.156597777516798,10.219123312871496,-0.8652600973275394,253.67551700499433,GNSS_LOCKED
1456,145.6,1.1644288899324493,0.991003600331543,9.38047462149014,-0.5516162733353281,-0.5233583500293831,-0.0641237432326448,-11.87,-36.37,-3.06,7.907861147348906,1,-756.5596541037994,1192.3784104919196,-0.3748266701319717,-5.100624289907916,10.295823819463985,-0.7018671990462184,253.24026034870786,GNSS_LOCKED
1457,145.70000000000002,5.386138022484338,1.2399718032852887,9.421592671613752,0.28979997961854465,0.237900450776674,-0.07747055784842656,-11.87,-36.06,-3.19,8.08885107686343,1,-757.0765286482542,1193.4218643123597,-0.3943346562745119,-4.962901456272213,10.231700174024322,-0.417611895034878,255.61012182685198,GNSS_LOCKED
1458,145.8,3.0120143765621967,-0.950072111833349,8.956298373641824,-0.31224207587085473,-0.21942610381700445,-0.0010054946785437162,-11.75,-36.87,-3.25,7.966155228195727,1,-757.5807441215853,1194.466999671399,-0.40105049573296314,-4.8161887081433,10.406528111427756,-0.337250944663086,255.62714960167125,GNSS_LOCKED
1459,145.9,2.6496103000064135,1.084886953448889,10.211205110384197,-0.36844762308782636,-0.42849027611258145,0.0182124220765594,-11.87,-36.75,-2.5,8.756831334701651,1,-758.0710164966213,1195.5335524445068,-0.4044289376914802,-4.619764118550459,10.49444885590771,-0.2805814029492302,255.2076139813194,GNSS_LOCKED
1460,146.0,0.43837577935792077,0.6454423565513459,10.410393340332622,-0.14980471363015835,-0.05338202707694322,-0.09046793332083336,-11.69,-36.44,-3.44,7.815371531490624,1,-758.5436787573559,1196.612799005191,-0.4019278312994952,-4.360764898012349,10.654851867847162,-0.3497097474890287,256.6565029281375,GNSS_LOCKED
1461,146.1,-5.500417698500951,1.1248257982696943,10.569850021431924,0.09185213825047335,0.003194978698916985,0.10167726791141371,-11.5,-36.56,-2.62,8.115186449648075,1,-758.9974762013476,1197.6910356655012,-0.39211139838180764,-4.013558813759392,10.680566407313338,-0.6685029047787314,256.65226916228363,GNSS_LOCKED
1462,146.20000000000002,5.458843769240562,1.9802441711227368,10.663036603414522,-0.6914869258477672,-0.5014432408548222,-0.04010981902997437,-12.06,-36.31,-3.5,6.2883287234225795,1,-759.4293077515133,1198.7820592099804,-0.40800160824123843,-4.116596404759673,10.666382955315399,-0.32366410652477345,257.2168919326587,GNSS_LOCKED
1463,146.3,3.9054602358018395,0.30907155348478493,10.315829791703484,-0.046585780860089056,-0.027612132840352754,-0.03282598272196086,-11.56,-36.25,-3.81,6.944215070754642,1,-759.863593680951,1199.879119580659,-0.4104965247376471,-4.10105427156195,10.799644769113629,-0.192289384309491,259.0565759908405,GNSS_LOCKED
1464,146.4,7.573706253805898,-0.8974932262024558,11.10955566618135,-0.6067337850383603,-0.7290922115341846,0.10887162703485476,-11.87,-37.12,-3.19,7.668936975498598,1,-760.2884069234877,1200.9759693658148,-0.4165963970380018,-4.1014362191310525,10.852168611736683,0.11018726682662679,256.7380675828109,GNSS_LOCKED
1465,146.5,3.904156328276116,0.8478006100049649,9.535743025064003,0.548084353914974,0.5581944404376837,-0.06840181034202555,-11.31,-36.87,-3.37,8.133600882381158,1,-760.7109507560726,1202.0820480575105,-0.40492084602730966,-4.014937063925238,10.861914867440769,0.019835394813407556,260.52295384159703,GNSS_LOCKED
1466,146.6,-6.378512656073333,1.8892246592085866,9.269483662715551,-0.09480395485175508,-0.1203249922033547,-0.013945479401189908,-11.12,-37.37,-3.81,7.587788211891169,1,-761.1284411585104,1203.2005318949114,-0.3799163915293107,-3.7065145402176602,11.058165374719163,-0.5210539983242065,260.40419867459497,GNSS_LOCKED
1467,146.70000000000002,0.8983719755741358,0.7019216159433093,10.204762183342371,0.6000232431926845,0.5906396150254568,-0.15931711393040204,-11.44,-37.06,-3.62,8.474847225104051,1,-761.5253629821436,1204.3330679840185,-0.3837527146852233,-3.6645195498155356,11.193566806263023,-0.45206060498866935,263.37533302097927,GNSS_LOCKED
1468,146.8,-3.838447760256123,1.9033963922669488,8.805827219840843,0.14691342122982992,0.17885735338388165,-0.026020834019297445,-11.62,-37.69,-3.69,8.66504728348998,1,-761.9162956610365,1205.4562972200497,-0.37840247684303374,-3.5355107983569236,11.096802397413029,-0.6513009754363726,264.8909291486478,GNSS_LOCKED
1469,146.9,2.942803155828783,0.9908569075386094,9.947882665915758,-0.22178593661327117,-0.29075860014156074,-0.013905565946556836,-11.81,-36.69,-3.87,8.574822420737862,1,-762.2959487445263,1206.594823567141,-0.38997237210652197,-3.6143074690956674,11.264721639425998,-0.41243293905531825,265.2315311314812,GNSS_LOCKED
1470,147.0,-1.1089488948620778,0.5100875225032803,9.323885544019223,0.13158025178504526,0.197297770747134,-0.04479594845960335,-12.06,-37.06,-4.06,8.64198047879709,1,-762.6919582705823,1207.7376882575502,-0.3858298927091204,-3.6648703376682543,11.362081860579261,-0.4592582362435456,266.1509331203447,GNSS_LOCKED
1471,147.1,1.9159139924176096,1.840341693790023,10.052007706113068,-0.12031101073225398,-0.10862355255517067,-0.02792390601039793,-11.44,-37.06,-3.69,7.2639037105280755,1,-763.0804712540398,1208.8893622893797,-0.3904032997699811,-3.6856230980622384,11.368789180691957,-0.3267524657989254,266.84213666617956,GNSS_LOCKED
1472,147.20000000000002,4.071121472023366,0.9236999817212375,9.983426647889916,0.15484280974843176,0.14120755858777573,0.012039089122140731,-12.19,-37.31,-4.5,7.222415954505091,1,-763.4655207142018,1210.0427536634218,-0.3953028201891,-3.742995407829178,11.425004218357882,-0.1598382537292782,267.3497806719813,GNSS_LOCKED
1473,147.3,2.736930613952586,1.2249504186001825,9.309960621634248,-0.17584045319678474,-0.30745309685332484,0.00626883201636304,-12.5,-37.19,-4.19,7.226549275337194,1,-763.8538744633931,1211.2018978869746,-0.392691656509828,-3.7629370787647787,11.484248312667228,-0.1389323418153816,267.61316148755765,GNSS_LOCKED
1474,147.4,2.754437268051966,-0.5956307127726127,10.04101404044275,0.05157274098033128,0.10298604115472217,-0.04581372845614651,-12.87,-37.19,-4.0,7.288922841333044,1,-764.2475322044711,1212.3689847912858,-0.389687182967795,-3.780107020374261,11.655538124829597,-0.08580803388031578,268.08916554989946,GNSS_LOCKED
1475,147.5,-1.9899248656588886,0.4368752323736001,9.16179964255773,-0.27096491503284936,-0.3736296990509484,0.015044028992874584,-12.31,-36.56,-4.37,7.142902286425049,1,-764.6373804413765,1213.5303597476645,-0.37888774395884794,-3.5994589806907196,11.575289100891363,-0.27631520813942956,267.8218136633694,GNSS_LOCKED
1476,147.6,2.883612662620112,-1.3997869076831484,10.190987343484233,-0.18960156761321056,-0.24659641705209825,-0.0450941532316637,-12.31,-36.62,-3.69,7.2337600145109855,1,-765.0243171040842,1214.6971331031523,-0.38026295657105813,-3.7083346089457074,11.698204132450048,-0.15011282879373475,267.5847848056562,GNSS_LOCKED
1477,147.70000000000002,-3.536021873100328,2.0553994564111027,8.580568010775336,0.17748828077979045,0.17638366641036948,0.026514381182101164,-12.62,-36.94,-4.44,8.29137637674499,1,-765.409843686392,1215.873763319449,-0.36734311089558636,-3.5139146953037423,11.629237185034738,-0.42168718831909113,267.6574974699898,GNSS_LOCKED
1478,147.8,1.4323171361297966,0.6075072248890786,9.182784263678228,-0.3754591123663064,-0.5745204688812999,0.0030439739677819554,-13.06,-36.12,-4.87,8.195004022247636,1,-765.7924277487381,1217.0549002892858,-0.36966608417606805,-3.661935537482185,11.737663472084154,-0.3481049215966728,267.3667909491905,GNSS_LOCKED
1479,147.9,-3.5047500704181513,-0.747310002003548,10.085085177865848,-0.0897722009007016,-0.10947693607434923,0.032039856635399024,-12.06,-36.25,-5.0,10.232190952896897,1,-766.1829086038163,1218.2419647554757,-0.36383035930904595,-3.5047222394108175,11.868613671117167,-0.44559161425638616,266.75984946284285,GNSS_LOCKED
1480,148.0,0.8231438123440252,1.1909935425655833,9.494018000075986,-0.2315802799502852,-0.2728486386969268,0.06411875154259788,-12.69,-36.44,-5.19,10.30471091078485,1,-766.5603385247372,1219.4288116097075,-0.36689164207025543,-3.5633017264317024,11.751914717055413,-0.3772241493660432,266.3535002359622,GNSS_LOCKED
1481,148.1,1.5084448065803733,-0.17137565999425775,9.963529228072863,-0.11822276500286477,-0.14209134930118736,0.08362324012405503,-12.81,-36.19,-4.56,9.901495677347059,1,-766.9565623472417,1220.6191777406086,-0.3669022460552651,-3.758547277588985,11.837453457368792,-0.2733632495162743,265.86220154620116,GNSS_LOCKED
1482,148.20000000000002,-0.3289835736019066,-0.2836796047767094,9.13013718846184,0.06881309191863987,0.07167270190798063,-0.026558467233757495,-12.62,-37.06,-5.31,10.204983838503901,1,-767.3504924649937,1221.8064893824455,-0.36383826818920717,-3.695025663187719,11.824317356157483,-0.32213471072504757,266.2580565445891,GNSS_LOCKED
1483,148.3,1.7579463220720952,0.7077443553331245,9.477300020375386,0.13095225991714415,0.049154962557087074,-0.08681039844744459,-12.87,-36.81,-5.12,8.42427862937633,1,-767.749460957759,1222.9994356631855,-0.36400887170453367,-3.832922431033774,11.817736672416657,-0.25879705805998654,267.2646580307192,GNSS_LOCKED
1484,148.4,-3.703643933407298e-05,1.4676474396099743,10.062405202119152,0.10714367051738274,0.14645390328132668,-0.047033053076813346,-12.75,-36.87,-5.56,7.975041063119847,1,-768.15146085501,1224.192832525695,-0.3616643307764667,-3.786901105592106,11.789385352541263,-0.2511930874236493,268.14357235900866,GNSS_LOCKED
1485,148.5,-0.36310794838307925,-1.5879366933482053,9.919795211885143,0.04701485596105481,0.030740957899375306,-0.06183507763713169,-12.62,-36.44,-5.44,10.10802947088144,1,-768.5527189465598,1225.3822344692305,-0.35910982745510933,-3.7733213777991423,11.92796875027202,-0.23693395255000047,268.3946752143387,GNSS_LOCKED
1486,148.6,1.0582938604768821,1.5073109642324733,9.969009498540037,-0.1016362914596016,-0.05140241838202535,0.031635196266470926,-12.81,-36.62,-5.75,10.466200812009339,1,-768.9589567906258,1226.5722448961458,-0.3571383645469035,-3.899662306393545,11.774624119678203,-0.1911627520059886,268.4496008083085,GNSS_LOCKED
1487,148.70000000000002,0.1403707975969621,0.7213789707973598,9.659468156667495,-0.03902985965632488,-0.07979036929594124,-0.0378179457774335,-12.56,-37.0,-5.0,10.317344400176912,1,-769.3573309850564,1227.7725399582093,-0.35499843297132233,-3.795587125687759,11.89771857324435,-0.20625160357122535,268.7132034957189,GNSS_LOCKED
1488,148.8,2.018207236395508,1.0983883976576483,9.40364638046603,-0.21862418519694668,-0.19935502968482677,-0.06286770066045833,-12.37,-36.19,-5.19,10.412901286644141,1,-769.7504154323277,1228.9716532097243,-0.3555752710604766,-3.8364580094823766,11.874019224381172,-0.17318110833259692,269.22186004129384,GNSS_LOCKED
1489,148.9,-1.0864162690617576,0.7963390082108771,9.448429141625587,-0.1157686398559772,-0.06549827021955874,-0.023997471203081232,-12.25,-36.19,-5.44,10.25282013363481,1,-770.1380872277442,1230.17000421788,-0.3519596309326977,-3.641031871649593,11.878847435183086,-0.24875144964853496,269.4640455936611,GNSS_LOCKED
1490,149.0,1.89357609973987,2.281171698494261,9.126462879806324,-0.1378072138286295,-0.12612910041117603,-0.014801075847986834,-12.37,-36.69,-5.12,9.583160803724352,1,-770.5169880292274,1231.3706322378355,-0.35309490606772936,-3.699933798089981,11.815173564698252,-0.2264993382436964,269.9558187434765,GNSS_LOCKED
1491,149.1,0.9327835542634287,-0.45112333907050195,9.942661582485927,0.10490452442515544,0.04834398674161237,-0.04849267677762051,-12.62,-35.69,-4.06,9.55578600802245,1,-770.8968673646543,1232.5690385184578,-0.35416898113415896,-3.6356750643853686,11.931094420540003,-0.18294031093985075,270.44002189420735,GNSS_LOCKED
1492,149.20000000000002,-2.034663786686726,1.7041166696143144,9.494354763831414,-0.17778422284572604,-0.20189314228093985,0.04836464831950493,-12.44,-35.06,-4.19,9.813342048874093,1,-771.2672650718968,1233.7671515362788,-0.34972582175542216,-3.4365348641781672,11.831388410480832,-0.27866775258919163,270.26003181222495,GNSS_LOCKED
1493,149.3,1.273412699675805,2.0561726947869814,9.247987303490248,-0.06578520493904286,-0.14878688669326925,-0.007055434731636948,-11.87,-34.25,-4.44,10.085080652827502,1,-771.6207873392693,1234.9763901780996,-0.3516506908001814,-3.4164910536173596,11.906060336904133,-0.2538978721827818,270.50117961026496,GNSS_LOCKED
1494,149.4,-2.091809977235505,0.20512060668969023,10.021399710911108,-0.11195452983711071,-0.11841821332959808,-0.053901855262850455,-11.56,-34.62,-6.62,10.16904665873272,1,-771.9764499569402,1236.1829976231077,-0.34901505394924615,-3.261029087238027,11.986048789389459,-0.2874519502815372,270.90743006568874,GNSS_LOCKED
1495,149.5,-0.3849003276634078,2.448676287450816,9.28679211122122,-0.18914621243290425,-0.11866718998079544,-0.03252611788007398,-11.69,-35.87,-5.56,9.499218107225646,1,-772.3174719891595,1237.3890401768615,-0.34891455246034786,-3.2203500260634326,11.86476095934182,-0.3072400369347004,271.48029907951934,GNSS_LOCKED
1496,149.6,-1.8070540360337382,1.3573980093492048,9.532061288885474,-0.056511674695357395,-0.04271248631904018,-0.038272629065324325,-11.5,-35.0,-5.62,9.189229177609453,1,-772.6556961407548,1238.590638086076,-0.34760819240836355,-3.1206479767744404,11.868005242690694,-0.34057645790122887,272.0536606589349,GNSS_LOCKED
1497,149.70000000000002,-1.2953382821647965,1.6224685891013262,9.623654219792911,0.049987700437686425,0.16491404668863735,-0.1424772157565204,-11.56,-34.31,-4.44,9.54062239443518,1,-772.9876537059674,1239.7910472592432,-0.3478665814414665,-3.084586301872018,11.842919045020508,-0.33652121314167416,273.48270234766204,GNSS_LOCKED
1498,149.8,-1.782665172204486,1.2221825278947156,9.229003296256755,0.0186458527602194,0.1277608005827052,-0.04606137220394605,-11.5,-34.5,-6.81,9.54062239443518,1,-773.3047682648188,1240.9956194181339,-0.34854828356189005,-2.931203631352419,11.912016225353282,-0.3597709120931657,273.82268652794977,GNSS_LOCKED
1499,149.9,-4.9536678118500515,-3.2562451916248443,9.548858310911353,0.48614909428304903,0.5508937081896558,-0.09726793101953692,-12.25,-35.0,-7.56,10.251010130850602,1,-773.6176757789079,1242.1980364608426,-0.3465541810253262,-2.7248947847688694,12.13617416766145,-0.40389604415946306,274.08317193468565,GNSS_LOCKED
1500,150.0,1.727724644389536,2.45348765226706,9.573510837897564,-0.041018961069477264,-0.013538273430608925,0.02741550629294993,-13.12,-35.12,-6.62,10.20050486711198,1,-773.9127363339435,1243.4172486221514,-0.3539627816984222,-2.9186222078549187,12.040639491517581,-0.28052670725601714,273.9629912175361,GNSS_LOCKED
1501,150.1,5.037996608190577,0.9196085238672617,10.326643810972223,0.37897671540087835,0.4116335534355051,-0.027909798817274897,-13.0,-35.31,-5.37,10.15762684441911,1,-774.2104370170827,1244.6274630784183,-0.365533956049527,-3.1102515487182543,12.036471629008346,-0.09206800363403089,274.1147412718041,GNSS_LOCKED
1502,150.20000000000002,-5.918464997831317,0.7161592137343914,9.16844326099196,-0.4167361276415114,-0.4586389686197207,0.042253359414331844,-13.25,-35.06,-4.94,9.179101007335285,1,-774.5298807676019,1245.840300463766,-0.35556380470987625,-2.823268749666559,12.064240922582758,-0.24947165736836782,273.76526478845346,GNSS_LOCKED
1503,150.3,-0.18047518863038786,-1.1811689078256924,9.737176281524057,0.04781779502116918,0.11794372266590523,-0.031754633725197975,-12.12,-35.62,-5.81,9.164323856267421,1,-774.82736422571,1247.0611799782173,-0.3573802093774207,-2.851241810477701,12.242103124202501,-0.20906090841278596,273.6404704605403,GNSS_LOCKED
1504,150.4,-4.477344887534372,1.899215941920594,9.142741206772971,-0.37311241029347153,-0.43813564456673376,-0.02485248971610185,-12.06,-35.25,-5.75,8.459971461082006,1,-775.1314533682596,1248.2997851190755,-0.35134921109732387,-2.7398245574105715,12.250723060982805,-0.29511194796381607,273.43394531116803,GNSS_LOCKED
1505,150.5,2.0459771413446393,1.286710828272025,10.265232263884862,-0.12768634985465038,-0.11865394485477784,-0.020185327126285527,-12.12,-35.62,-5.44,8.086554731906052,1,-775.418321071852,1249.5317453062178,-0.3584418254602173,-2.8588669389736916,12.210872391450158,-0.1675004734957617,273.5879355494136,GNSS_LOCKED
1506,150.6,-3.619517922415913,-0.729225436680124,10.189020728304007,-0.08536849738085846,-0.09403917734062692,0.11080827035935757,-12.0,-34.56,-4.75,8.775337646661548,1,-775.7164782635441,1250.7642125444331,-0.35457921725187735,-2.6835584023729795,12.304418685104283,-0.19556622580387256,272.7047847308336,GNSS_LOCKED
1507,150.70000000000002,0.6654879877378459,1.290140593628333,9.851305647823995,-0.19693002335552012,-0.1684062440845367,0.02684777187279689,-11.56,-34.06,-4.0,8.046882918534237,1,-776.0105980423336,1252.0058720563347,-0.3541980259316579,-2.8690200336421516,12.293777461432036,-0.15458137772723396,272.59562113347135,GNSS_LOCKED
1508,150.8,3.901382318969137,0.7861335306720356,9.762934059655844,0.17305138091071895,0.08358336559183277,-0.05106408288841861,-10.94,-33.62,-5.56,8.113160133123777,1,-776.3136175244371,1253.2426332064701,-0.3578017071413919,-3.1238269318723666,12.273748046586855,-0.07269318549488052,273.04970751949617,GNSS_LOCKED
1509,150.9,3.6149599270479267,0.17198985972460135,11.197924378383235,-0.12111102617676703,-0.4059072729440618,0.2595833105373404,-11.06,-33.87,-5.06,9.32235675136863,1,-776.6284425411319,1254.482108014322,-0.3620389044175859,-3.2167511930113104,12.333519341204868,0.06095225290428556,271.4287835074138,GNSS_LOCKED
1510,151.0,2.4331874478702407,1.466792047961301,7.820544720897912,-0.8243796355059891,-0.7027914029946805,0.03722351998106813,-11.69,-34.75,-5.62,8.382424896413607,1,-776.946427514429,1255.7252649193751,-0.35656526278657863,-3.233724983699254,12.305709836457222,-0.08284964435109896,270.8582032649271,GNSS_LOCKED
1511,151.1,0.07668568390723142,1.7656819495096003,10.14858887279703,-0.554154299513203,-0.530145145795708,0.04958020492372581,-10.87,-35.62,-5.19,9.753269458408553,1,-777.2737016965868,1256.97875170764,-0.3540608010754792,-3.1342000876129603,12.329506258516911,-0.10794709604742382,270.468611451177,GNSS_LOCKED
1512,151.20000000000002,5.390553827335734,0.5546372392649085,9.697320755106364,0.36740076200069816,0.38574449116731785,-0.19236041072781412,-10.44,-35.5,-5.06,9.003651443458006,1,-777.590850101536,1258.234491673865,-0.3583939271668578,-3.268071806940782,12.394760055571211,0.0043735379071679565,272.6960252366856,GNSS_LOCKED
1513,151.3,3.5641968826838943,-0.1080615649474408,9.700016236050718,-0.4799120697301708,-0.311813047313522,-0.04680981576933362,-9.69,-35.37,-4.81,8.68686015622239,1,-777.916077959096,1259.4847909459436,-0.35782430616351624,-3.2766835844670883,12.422032677729765,0.029400784179732388,272.76625551547846,GNSS_LOCKED
1514,151.4,3.8219346103884586,0.20961341148583312,10.159505999882086,0.40598898522224813,0.5597317493962669,-0.2032536656397713,-9.5,-33.69,-4.75,9.119519799066959,1,-778.2452782427968,1260.7474035291966,-0.3564025517958054,-3.3007399129994477,12.490454400132254,0.07501528164942371,275.03977550285197,GNSS_LOCKED
1515,151.5,-4.5953708261108765,1.4147330610748343,8.368241809748978,0.19010056943497006,0.07964129573513706,0.1728844050634081,-10.37,-33.37,-4.69,8.892148770751499,1,-778.5807500655345,1262.011678923819,-0.3423228240417547,-3.0430440694068794,12.475697949057796,-0.2203846362638102,274.15205997068915,GNSS_LOCKED
1516,151.6,2.099588157666146,-4.018311290219109,8.763313920149486,0.4885842179203221,0.4297364268477948,0.16991611294776354,-10.5,-32.62,-5.94,9.159374883432676,1,-778.9063869362086,1263.2695226220605,-0.346056346529988,-3.214297725466495,12.73470645359161,-0.17967305665003286,272.8234909560467,GNSS_LOCKED
1517,151.70000000000002,-5.676239246620413,2.8083789271521993,9.657007326633526,0.24904787433209014,0.08128076982500172,0.11944577325013445,-10.31,-33.37,-6.37,9.246636472792396,1,-779.2478894106033,1264.5326007449055,-0.34193292294500627,-3.0424039734789177,12.424227728464754,-0.2920734790930629,272.8260272809326,GNSS_LOCKED
1518,151.8,3.407324108347311,-1.8952533167644134,10.066456346995635,0.3574688630030747,0.36215548664831204,0.10199233046564468,-10.94,-34.44,-6.56,9.107677508885494,1,-779.5761231876489,1265.7921882228313,-0.3501283695180113,-3.3338351205865817,12.661826236644268,-0.14260311254644326,272.03251741302864,GNSS_LOCKED
1519,151.9,-2.157151088584773,-1.880813922930437,10.084245293938887,0.1343369813018814,0.26061117255647936,0.008481284892921517,-10.81,-35.5,-5.69,9.357429472338529,1,-779.9174229988604,1267.0598807401511,-0.35042877877117445,-3.2175884130956365,12.76336770166267,-0.14719025025232457,271.64948883193057,GNSS_LOCKED
1520,152.0,1.8511978241740135,0.11933859748190426,9.890301027012498,-0.0007499485375369846,0.01758794374638081,0.014700741884857042,-10.81,-35.81,-5.69,9.919310836660049,1,-780.252766698585,1268.3372200517613,-0.3533616615426004,-3.3865190710295083,12.75941690773642,-0.10169141165457213,271.3483365099951,GNSS_LOCKED
1521,152.1,0.4770186226127022,0.22733191078368795,9.694670491874394,0.20489978543230905,0.24221189775070393,-0.00630273891226965,-11.19,-36.19,-5.75,10.038051104140068,1,-780.6028119708841,1269.610335784562,-0.3536447338570118,-3.469685924644805,12.711417642384582,-0.10484005397482109,271.1633601643781,GNSS_LOCKED
1522,152.20000000000002,2.444888805290964,1.1152117632514347,10.348142305886045,-0.08803373557833112,-0.22700736027725277,0.09115607374211569,-11.12,-35.19,-5.06,9.642930468541774,1,-780.9475888783609,1270.8653885982699,-0.35805208845735514,-3.5387125107916644,12.504180317823531,-0.04201716594650402,270.1592761107975,GNSS_LOCKED
1523,152.3,1.6466547647352043,-0.2716412919726968,9.537632127224779,-0.0714352901541374,0.05865899213038399,-0.029339597182677035,-11.81,-34.69,-5.25,9.511773181903397,1,-781.3036650035575,1272.1178373041082,-0.3577750255805544,-3.6003743141628597,12.525927945644405,-0.06037895542222345,270.1426093883483,GNSS_LOCKED
1524,152.4,-1.6952826529672511,1.0059900524468166,9.92455482482345,-0.18523413351009788,-0.20875595957487775,-0.01625346500704544,-11.81,-35.56,-5.75,10.600332513090395,1,-781.6617292982422,1273.3838746542033,-0.35619994606957134,-3.4471519587713737,12.577975424535529,-0.09673035552441328,270.1285985445112,GNSS_LOCKED
1525,152.5,2.985369883363215,1.2315118021180742,11.18529423666413,-0.13174166756420252,-0.2768004505385772,0.1388631470514902,-12.19,-35.62,-4.5,9.390811620801863,1,-782.0066643715594,1274.6465255885364,-0.3609356946067751,-3.534754710643987,12.528416177896371,0.02474139742845491,269.20115936681583,GNSS_LOCKED
1526,152.6,-0.7801359081516269,1.1727145430209707,9.389490128084674,-0.040512845634710325,-0.09712929627729168,0.11931248527818128,-10.5,-35.31,-4.0,10.2722699004877,1,-782.3689052071883,1275.9079772389205,-0.355392628737508,-3.5137357182737166,12.516088409154905,-0.068747353936776,268.5600910926046,GNSS_LOCKED
1527,152.70000000000002,-0.5228260492123487,0.7979551578782228,10.059983237475127,-0.26577839295197264,-0.2391480050196723,-0.08729821037671721,-10.06,-34.75,-4.69,11.02852556264331,1,-782.7228924022609,1277.1733913850333,-0.3546851329342974,-3.4369795377074825,12.569561237070605,-0.08153308462003227,268.9551409448822,GNSS_LOCKED
1528,152.8,3.2087865443834827,0.035172643220682254,9.767005735523677,-0.14678081946821378,-0.10500904948527455,-0.0839443897019854,-11.25,-35.06,-5.37,10.967966805166537,1,-783.0683869537346,1278.4363447297499,-0.35698791032901483,-3.5394553977355625,12.579412923657841,-0.039839803606873114,269.34993676387677,GNSS_LOCKED
1529,152.9,3.2789934220238512,1.7229390155337863,10.509127569740306,-0.29288531808688123,-0.33669742354701454,0.07880054204095713,-12.37,-33.25,-5.25,10.854516179653231,1,-783.4503424810183,1279.6932350725313,-0.3570126736868806,-3.8644433637892153,12.42773546373941,0.024694425187593932,268.94904750505816,GNSS_LOCKED
1530,153.0,0.7633608202386772,0.18274256207234543,10.415633893053833,-0.06250298115526487,-0.1597313999788606,0.11747385754923453,-12.19,-31.44,-5.44,10.854516179653231,1,-783.8151090169437,1280.9355246806037,-0.35581689261822486,-3.5942743893776603,12.351092678576611,0.0176155972662925,267.9091903550454,GNSS_LOCKED
1531,153.1,-1.8059698096945576,3.426993075404773,9.863059652947433,0.07994355277408892,-0.007551295961582395,0.04399882156554934,-11.25,-33.19,-5.5,10.878058064227565,1,-784.1956363323959,1282.174164856455,-0.3492075662996583,-3.59880387606022,12.138020906607899,-0.09562179496020591,268.4883583473914,GNSS_LOCKED
1532,153.20000000000002,1.1491576998840527,-1.048888174777083,8.831762122453819,0.23916119565510868,0.17589642453288498,0.10885655850414297,-10.94,-34.75,-5.87,10.193667786470352,1,-784.5598944894653,1283.4083472977818,-0.34902015578560325,-3.6103213372467797,12.330879791926128,-0.1352568885898548,267.88125860265774,GNSS_LOCKED
1533,153.3,-1.3922661239684009,-0.3666819267330545,9.634462958808724,0.06610908338153093,0.12851554198133644,-0.06789900267085769,-9.75,-34.69,-6.5,10.120332940594725,1,-784.9423491622605,1284.6466015652293,-0.3487577072220542,-3.65211437291559,12.361067914674495,-0.1634936511167026,268.2327634573526,GNSS_LOCKED
1534,153.4,0.25294530366806534,1.1311593578127526,10.221777239824046,0.12353382453673935,0.17488250004039024,0.0031393271490871176,-9.69,-35.31,-5.81,10.113170774394911,1,-785.3270489255124,1285.889121718161,-0.3513390326347484,-3.7585150296928624,12.320417686766916,-0.11961593788215608,268.3113978051838,GNSS_LOCKED
1535,153.5,-1.2130319702356613,0.751682994922894,10.598464447472093,0.013509122026654635,-0.010499532148449934,0.12882726204780034,-11.06,-34.81,-5.0,11.072567403983196,1,-785.7077566862412,1287.1317799441097,-0.35288197824823603,-3.6617935742480054,12.348075723496907,-0.08879364316964983,267.4453243090192,GNSS_LOCKED
1536,153.60000000000002,-4.917770555514346,3.0152599209232447,9.982002571257437,0.016018887073232686,0.1496144521013278,0.14633906170040356,-10.94,-34.75,-4.75,11.233162778738293,1,-786.1054395511349,1288.3645145630244,-0.3486891660952017,-3.640580817878084,12.143540448296063,-0.15901397623485786,267.5443512836457,GNSS_LOCKED
1537,153.70000000000002,1.7781388067927135,0.9056756259412768,10.207437271634523,-0.5341205596998472,-0.32989893140136833,0.07535544284361445,-10.19,-33.87,-3.94,10.980304566419619,1,-786.4792770864495,1289.5916952002467,-0.35274253492453805,-3.7750032305305368,12.180405885376498,-0.09286505874658327,266.9026873652699,GNSS_LOCKED
1538,153.8,-1.3292988062193019,2.0766695907342227,10.023038123977365,-0.21774103725202343,-0.04288112740206574,-0.033414212681742925,-8.12,-34.37,-4.94,11.356575096021198,1,-786.8657544251347,1290.8254846322202,-0.3517953578377142,-3.7235910331615156,12.168038817570213,-0.11355880206714315,267.1137566234346,GNSS_LOCKED
1539,153.9,3.3113163982304505,0.5547346303589095,10.012738579464196,-0.4622998944851013,-0.44565843692273055,0.007213539952947447,-7.94,-34.87,-4.94,11.191209104747665,1,-787.2505393272683,1292.0531600741804,-0.3547616171117778,-3.952148807304671,12.172232846548749,-0.05298238311016772,266.8669841951956,GNSS_LOCKED
1540,154.0,-1.9269308036982071,0.8890100502934464,8.576010196952673,0.19665354299738347,0.4174976651636858,0.1610983041793027,-8.56,-36.12,-5.62,9.62359114725703,1,-787.650763805243,1293.2753812813335,-0.35041279782673235,-3.842166549853496,12.11086963395831,-0.19152657670527762,266.4229470341498,GNSS_LOCKED
1541,154.10000000000002,-6.409159563043287,0.10246730561377175,11.225534210750553,-0.06394164361638759,-0.008126965776646731,-0.0276779449905533,-8.5,-35.94,-4.87,9.562397883579937,1,-788.0550536593096,1294.4981218953667,-0.35154631305356665,-3.6236596539831756,12.168312730112511,-0.1516398641502622,266.37490530977334,GNSS_LOCKED
1542,154.20000000000002,-0.7835531003177485,1.9847584249283177,9.729895748858697,0.561538373150526,0.6975898456622871,0.006256413375646949,-8.62,-35.81,-4.94,9.3308093341947,1,-788.4416769150026,1295.734086340016,-0.3515839158684877,-3.760718932774836,12.18264436820348,-0.15659304067626756,266.51246533006736,GNSS_LOCKED
1543,154.3,-6.023664541028155,0.41311320073899616,9.994434362710843,0.3114761395546773,0.4471264417770728,-0.193665302911722,-8.25,-35.87,-4.44,9.653221724968299,1,-788.8454914215941,1296.960450766682,-0.35046628201936175,-3.699343088944342,12.22486381143036,-0.15540275979912294,267.78375266661584,GNSS_LOCKED
1544,154.4,0.23575212619433297,1.29857439932979,8.443073788283513,-0.1604097185156473,-0.005544924539135424,-0.19706251804335112,-8.06,-36.37,-4.25,9.237074199885443,1,-789.2382469644919,1298.195678406579,-0.35017589786310915,-3.9600228255162038,12.260788718301448,-0.2231980735641669,268.84860615106396,GNSS_LOCKED
1545,154.5,-6.202733267135173,0.2482626166671082,9.560958312321011,0.6091408431087448,0.6105275820123383,-0.05737468831231421,-7.25,-36.56,-4.37,9.232852818583465,1,-789.6640226630228,1299.4224315521349,-0.3511879833412836,-3.947710827870669,12.243917689774497,-0.20187735113859318,269.28741451798294,GNSS_LOCKED
1546,154.60000000000002,3.938572398772312,-0.1376743566234495,9.34099017080937,0.36700142978509465,0.18805117668500176,0.1410397301581454,-7.94,-36.25,-3.75,9.37121710968836,1,-790.0613244818263,1300.6565352848804,-0.3572820568791185,-4.256096045833227,12.346460465443604,-0.21804005164724496,268.62040417283293,GNSS_LOCKED
1547,154.70000000000002,-1.2829096217976392,-0.8181545221463783,10.572042603971594,0.06781428799178905,0.2674882979957591,0.02626657152158756,-7.69,-36.12,-3.81,9.139367495261968,1,-790.48003351271,1301.8860546484225,-0.3650895285995482,-4.212763779151734,12.377614140834194,-0.14111568507726563,268.2698776675413,GNSS_LOCKED
1548,154.8,3.0260210130913414,0.4253227914624264,10.157551766611492,0.051888256100150396,0.20667611335954197,-0.14007145692638084,-8.31,-35.81,-4.37,9.33376200461926,1,-790.8843437848657,1303.123598781721,-0.37143767605898154,-4.3171045743015695,12.373973732370361,-0.12733985661013256,269.19643704756174,GNSS_LOCKED
1549,154.9,0.33651076875793307,1.463336576634878,9.769554862735173,0.12481621875887704,0.092250068794032,0.13185706785088355,-7.87,-36.56,-4.25,9.139367495261968,1,-791.2968897914975,1304.3648844400248,-0.37564209037158297,-4.25611167679207,12.35770022255973,-0.12975164848340753,268.50770640261686,GNSS_LOCKED
1550,155.0,-0.6624927522172239,0.2968755041900873,9.491553960667956,-0.018270238921302185,0.017281089927773413,0.06281991961684401,-8.12,-36.5,-4.0,9.411192528947334,1,-791.7102561135302,1305.6031555726715,-0.3786301205524241,-4.203186748356988,12.398570032401356,-0.15148896453187755,268.13668367534865,GNSS_LOCKED
1551,155.10000000000002,-0.966611279484263,-0.47641299298292017,8.824063929646638,0.097581938807693,0.13525525096805407,-0.10702183096966884,-8.12,-36.0,-4.5,9.883376779922095,1,-792.1196325669102,1306.8370754211735,-0.38133572804147253,-4.141478520554129,12.397981392946605,-0.2084707697666307,268.6608627657937,GNSS_LOCKED
1552,155.20000000000002,-0.4187988779137169,-2.014049640816385,10.825464144977138,-0.0691331805711678,-0.08781033950279542,-0.04312455936607486,-8.0,-36.62,-4.62,9.623928889309544,1,-792.5357029176822,1308.075159107844,-0.38805690214943256,-4.240089359361348,12.532875597270431,-0.1264035558573144,268.74032026904723,GNSS_LOCKED
1553,155.3,1.3969412871118514,-1.142070040620204,9.891789737083984,-0.10626596722097073,0.008263596150920396,-0.06886412120434027,-7.87,-36.12,-4.5,11.554951815774182,1,-792.951021444993,1309.3217459288064,-0.3912459829606286,-4.326845213024057,12.558097080619117,-0.12759087202579372,269.1706026545185,GNSS_LOCKED
1554,155.4,0.12442392643167083,-0.713011445430051,9.016097811426906,-0.12360486255446787,-0.10733468235600355,-0.002695165380255546,-8.06,-36.0,-4.5,11.515690891341686,1,-793.3740493333459,1310.5669372276463,-0.39291757384814674,-4.3277691798481195,12.512925048203059,-0.17594220475380584,269.05319978762856,GNSS_LOCKED
1555,155.5,1.4860707819090964,2.691325088978556,10.423501993408486,0.09348119402882495,-0.02990718105458343,0.11771731769078649,-6.94,-35.94,-3.44,10.716935934298007,1,-793.8024016901859,1311.8090614972336,-0.3980763662505098,-4.4405474898555575,12.285526769506168,-0.11548349377195893,268.1251245050013,GNSS_LOCKED
1556,155.60000000000002,0.6854844064530214,-1.473785460826502,8.952745027306774,0.12048203577040009,0.018226287397487533,-0.0005113749350727592,-7.5,-36.25,-2.94,11.126132330080301,1,-794.2340911792827,1313.0493133631937,-0.39887891968236816,-4.434653065407187,12.479825669184988,-0.1701726988672994,268.30289676822747,GNSS_LOCKED
1557,155.70000000000002,-0.8029317111355178,-0.30669691850752406,10.527220455914797,-0.06344310146788218,-0.04095560151790545,-0.0932438822681818,-7.81,-35.94,-3.69,10.988080342840963,1,-794.6875035560108,1314.2895093250663,-0.40313203950123583,-4.547634924172199,12.44349726745677,-0.10750010844093125,268.4713285317198,GNSS_LOCKED
1558,155.8,0.5175621837772602,1.515831995481395,9.784865843096604,0.10550602478444883,0.1966315036863058,0.003525690321847584,-8.56,-35.44,-4.25,11.346518228197262,1,-795.1624198672877,1315.5302928022,-0.4041336258394705,-4.821967110706697,12.337041495159646,-0.11390265713449287,268.3107829366725,GNSS_LOCKED
1559,155.9,-1.0361053041373687,1.397355078157647,10.4622040872985,0.06048558279455597,-0.0368656453169348,0.0790267579327969,-8.69,-35.37,-3.56,11.027552854193441,1,-795.6525888242597,1316.7523864731656,-0.406373198112658,-4.908745118270073,12.171213639103403,-0.07526088114491518,267.73871228590394,GNSS_LOCKED
1560,156.0,3.4200699202495612,-2.1094979469275668,9.264299633675098,0.25246099814749506,0.190997800219542,0.1147999334741375,-8.75,-35.5,-3.06,12.207580896257893,1,-796.1708006550166,1317.9710161999158,-0.40530495888459517,-5.423382804129002,12.302195285226295,-0.13348758369943486,266.3828870229835,GNSS_LOCKED
1561,156.10000000000002,0.2110397681404692,2.034542610313899,10.005788084557874,0.03178154615286283,0.10320347698717743,-0.04949086442860532,-8.5,-35.69,-3.5,12.460859610884572,1,-796.7104866692976,1319.1826054291191,-0.40758960266784233,-5.483412034546336,12.039867072045654,-0.11457983260023974,266.2151368672669,GNSS_LOCKED
1562,156.20000000000002,2.4359727684036794,-2.6832281461491334,11.65260646367622,-0.2035436824427857,-0.05324508089513002,-0.006800051330796409,-8.31,-35.19,-3.56,12.133553851904658,1,-797.2543613204268,1320.3690522938437,-0.4108692834489031,-5.665681840243043,12.041183972828549,-0.005775010629252994,265.61998158746826,GNSS_LOCKED
1563,156.3,0.4600161688020571,-1.6517030023772332,10.198135517160905,0.035091470519251405,-0.2073006115699118,0.10956986419420744,-7.56,-33.87,-2.81,12.17040965142169,1,-797.8329643669616,1321.560360630162,-0.4086938598483202,-5.874795735212901,12.011914459866775,-0.020984198526802448,264.30651740499565,GNSS_LOCKED
1564,156.4,1.8458937675144216,1.4903892667741987,8.905485435535544,0.08422884942828583,-0.13802534350634427,-0.022324772651537126,-7.87,-34.0,-2.56,12.236021402726154,1,-798.4088306584723,1322.7628846214345,-0.40524136847120107,-5.9178151277470885,11.932260813785561,-0.10935109987392144,264.5356717779692,GNSS_LOCKED
1565,156.5,2.8976814876112496,1.0727471795304946,8.432996505700949,-0.20498035388814861,-0.1779698503760086,-0.11312633149285124,-7.56,-34.12,-3.12,12.090651702369854,1,-798.9995201459672,1323.951369167788,-0.40425982779281555,-6.1078932391967955,11.816331966896584,-0.18762764790632183,264.8644627950177,GNSS_LOCKED
1566,156.60000000000002,-2.238090996796783,-0.7644050913619043,9.594063468434905,-0.13656728693854556,-0.15595240462751994,-0.05551327435072861,-6.56,-33.31,-3.94,10.867755333439902,1,-799.6130976993093,1325.133093444869,-0.40782126473550595,-6.053791414568122,11.86124395222407,-0.17884924900790844,265.016321841738,GNSS_LOCKED
1567,156.70000000000002,-1.5201379744589663,0.14642283826865632,8.957883155692597,-0.13402535453810063,-0.21112192501654725,-0.01444427631429892,-6.37,-33.94,-4.12,10.948252345515343,1,-800.227342884172,1326.3104075278382,-0.4102476950273455,-6.083231289936174,11.764523443396879,-0.21222096880915597,265.02515860091233,GNSS_LOCKED
1568,156.8,0.7473909316443447,0.179788366350653,10.724744254229131,-0.2697774236759451,-0.2860844635294179,0.0015236147330589408,-6.75,-34.06,-4.06,10.288836710931719,1,-800.8449495552161,1327.483153961632,-0.4165457293200169,-6.215964741167368,11.692321823376835,-0.11036981582484742,264.8195902741357,GNSS_LOCKED
1569,156.9,-2.7981739114805606,-0.6014525198023907,10.590124489708936,-0.5059127302191248,-0.48449936975486374,0.15642061919507594,-6.62,-35.25,-5.06,10.214156741350646,1,-801.4811198013604,1328.6538246423218,-0.4195127491621371,-6.193333788564091,11.711391583477598,-0.07279736394878097,263.48403706602716,GNSS_LOCKED
1570,157.0,2.950435765552345,4.646910863295461,8.68691451966325,-0.0858478876217485,-0.014280625531443478,0.08885642309543146,-5.69,-35.44,-4.56,10.283629394768832,1,-802.1102734372358,1329.834903411485,-0.418209992325184,-6.409730337035718,11.484983072295233,-0.16288864295780897,263.0604331677479,GNSS_LOCKED
1571,157.10000000000002,1.5651950800903551,-0.5392271618629016,8.985501805640585,-0.4058896890440328,-0.3930362896600359,-0.05085976148204695,-6.37,-36.06,-4.56,8.72241612424097,1,-802.7543544285537,1330.9939294860947,-0.42062152033479594,-6.508640691143495,11.54562998464937,-0.16971664291671884,262.94093971682526,GNSS_LOCKED
1572,157.20000000000002,2.7968484150902717,0.8755197978465935,10.116698911531651,0.1179507844781197,0.2901558715259016,-0.05621132145787532,-5.87,-35.12,-4.56,8.620916794951702,1,-803.3894942860351,1332.1678471095638,-0.4246046804815618,-6.458847054316916,11.579494409246513,-0.09650787154042889,263.44959831612675,GNSS_LOCKED
1573,157.3,-0.23879596973308617,-0.0684202466988807,10.324965090240301,0.06751049557710165,0.09812607004837652,0.08810736271047523,-6.44,-35.75,-4.31,8.893200585977333,1,-804.0295534472979,1333.344067628768,-0.42624874975734844,-6.3495943315538,11.68350269444958,-0.06730083839137932,262.93693210728236,GNSS_LOCKED
1574,157.4,3.9015231705482245,-0.8090355090198911,9.471075249665175,0.250723228651605,0.3493218209472922,-0.0007335015902545263,-6.75,-36.0,-4.12,8.698004595218949,1,-804.6767492373264,1334.501799839976,-0.42634945117774165,-6.637757840868294,11.551535514845707,-0.04949801315492307,262.78282917152296,GNSS_LOCKED
1575,157.5,-0.7498996205963665,1.2588247394910537,10.057314544363953,0.2551629351564574,0.4023770880883388,-0.09435282456763433,-6.19,-35.94,-3.81,8.5503553781459,1,-805.34585278577,1335.6539607199027,-0.42580838288609685,-6.618086431149193,11.412905114205444,-0.06847541257513731,263.6043469816321,GNSS_LOCKED
1576,157.60000000000002,4.61902412092397,0.053446311289198974,9.7026014595124,0.1763890089350451,0.14031730937314704,-0.03930483707119431,-6.69,-35.56,-3.69,9.125641432444036,1,-806.0108032626199,1336.7987470738963,-0.42550816803219776,-6.897140915064512,11.3813544278813,-0.051920726841459534,263.77421266496634,GNSS_LOCKED
1577,157.70000000000002,0.14714596828714396,0.2988388738752696,10.229987151579312,0.2127245119806611,0.37368253386776945,0.026120794106475595,-6.37,-34.25,-3.75,9.021589716066002,1,-806.6801854225381,1337.9468299296916,-0.4245896673526514,-6.719915004953714,11.43012060015697,-0.039741138423200956,263.7231945983922,GNSS_LOCKED
1578,157.8,-2.738476223168776,-0.6754379552731937,10.112743267467815,-0.18039094923054924,-0.17634365085417764,0.007394067833155084,-6.31,-34.44,-4.87,9.279846743014316,1,-807.3460030828328,1339.0905316507415,-0.4237229050874482,-6.536860835055584,11.473274194873394,-0.054787956812371495,263.6749116911435,GNSS_LOCKED
1579,157.9,-0.6517940312258566,0.389955560887095,10.530669320199529,0.05749222070576545,0.1256575171020217,0.03357577927725107,-6.44,-34.62,-4.62,8.98434170985669,1,-808.0067927021215,1340.2412615141466,-0.4243212526478299,-6.570236528301441,11.460502901459872,-0.03141762287673762,263.44591075568053,GNSS_LOCKED
1580,158.0,-2.244974879007095,-0.3881324875498046,10.568883390156952,-0.35734093282083473,-0.274676366106754,-0.09831033329779801,-6.62,-35.81,-4.06,7.037874719558129,1,-808.6745729284996,1341.3896575689046,-0.4244236997816976,-6.564123561870364,11.492602166687124,-0.017766279484589823,263.78472752273626,GNSS_LOCKED
1581,158.10000000000002,4.882673348969487,0.10800987132614737,10.601192335532792,0.39216716765720744,0.4296017627656793,-0.0881272831780529,-6.31,-36.25,-4.0,6.9060987345366724,1,-809.3268750922474,1342.53590465999,-0.4234474810044327,-6.789697238866113,11.390940965600876,0.0355301607974239,264.3061620098789,GNSS_LOCKED
1582,158.20000000000002,-1.8888939096496,3.908417599761105,9.6323627067281,0.020249419001527186,0.17972472164084766,-0.038981860669039504,-6.31,-35.87,-3.81,8.111621246212296,1,-809.9975594765091,1343.6835734390513,-0.4188863032526586,-6.615861699263806,11.249980009558527,-0.04660382961112938,264.4058666857389,GNSS_LOCKED
1583,158.3,1.0209339172413894,4.473309663250985,10.402942952034849,0.25704623173607344,0.1630001845797054,-0.015797613024340604,-6.69,-36.25,-3.56,8.582287791186912,1,-810.6570277067397,1344.8238448824472,-0.4184069412170739,-6.658284837980876,11.12699661431534,-0.032592646092959636,264.2610959528258,GNSS_LOCKED
1584,158.4,0.39664086989160124,-1.3146838619924268,9.156556662487723,-0.043307098776891394,0.08741293287635214,-0.04158238042107408,-6.19,-36.19,-4.06,9.384641302729156,1,-811.3104868992206,1345.9634227130396,-0.41542753703318486,-6.611344975283067,11.448501577770738,-0.09866655264887542,264.6333570021444,GNSS_LOCKED
1585,158.5,-0.0633389624241328,3.394710834905512,8.785722302304698,0.059502654976011884,-0.13343661650904126,-0.12173673819116702,-5.81,-35.69,-3.75,8.868522541860868,1,-811.9647752398073,1347.1077833149022,-0.4145699143367733,-6.567244699609288,11.265138342514518,-0.16641268867279027,265.12603557016666,GNSS_LOCKED
1586,158.60000000000002,2.660023290315344,3.6671638778915563,10.581382885410928,-0.15936979974754814,-0.1744210204229968,0.16092779300986806,-6.12,-36.06,-3.37,11.813411296717973,1,-812.6151369268568,1348.2617219216856,-0.4181637318461489,-6.66495489698866,11.31935809308409,-0.07367309072842619,264.4788328084556,GNSS_LOCKED
1587,158.70000000000002,-3.7634838910286486,-2.8192050111170164,9.907326517646451,-0.39336116760127127,-0.35126415159953583,0.08675504379817277,-5.81,-35.62,-4.06,10.62102320049385,1,-813.2873089372888,1349.3956240124164,-0.4188841268894402,-6.5436258861674315,11.518692685628606,-0.1043258108248207,263.8054813695103,GNSS_LOCKED
1588,158.8,1.926143207344325,2.667161700945102,10.309638078798546,-0.3881108480585311,-0.46374662614945056,0.05674042962729076,-5.69,-35.62,-3.37,8.87350986991749,1,-813.937294453748,1350.5486699178994,-0.4204433417628419,-6.586733562446726,11.365612013268763,-0.060987048579652356,263.2164844788355,GNSS_LOCKED
1589,158.9,-0.07834743144629434,3.5342182391964747,9.899760367186508,-0.13178279057150225,-0.09609033302727173,-0.07170651300890031,-6.12,-35.31,-3.25,9.325953012264026,1,-814.6075546843978,1351.6888499478296,-0.420066830920173,-6.640403179315041,11.18518194443687,-0.0837925393421814,263.91834968938963,GNSS_LOCKED
1590,159.0,2.6708117030751013,-2.1791045439875627,9.999972832617589,-0.17629018021856652,-0.15407077962824933,-0.02543751605893848,-6.94,-35.37,-3.25,9.661365030017526,1,-815.2735913536254,1352.8135515453846,-0.42153683796513586,-6.774685223417382,11.322056732809134,-0.03530263843795224,263.8688928825882,GNSS_LOCKED
1591,159.10000000000002,0.7752521267942818,-0.010110535116672616,9.182278267237418,0.04372086513930845,-0.11169869898091112,0.05887313986396689,-5.69,-35.31,-4.0,11.382592663150486,1,-815.9548369343719,1353.9396443636792,-0.41981366986389373,-6.811676428011137,11.232297124627882,-0.08769004651654339,263.304677649571,GNSS_LOCKED
1592,159.20000000000002,2.8056595777367246,-0.3882207592269145,9.810442649848143,-0.28853263548696434,-0.26366447524836456,0.08083342595084736,-5.44,-35.94,-3.81,10.943672740431811,1,-816.6330742299286,1355.0665305512962,-0.42083087926800195,-6.882875394947571,11.24071160659664,-0.05058528777940463,262.65165011595275,GNSS_LOCKED
1593,159.3,-1.6227310529863057,-0.7580517707104237,9.238407026246287,-0.08706593298508297,-0.1619729584677428,0.07615440918715016,-5.87,-35.5,-4.25,11.39690305862565,1,-817.3293740154562,1356.1848846942423,-0.41959621945502323,-6.817162771245403,11.198107527643836,-0.12460563504247683,261.98467261108345,GNSS_LOCKED
1594,159.4,-1.055481297546921,2.1466550551248504,9.81772118186474,-0.42317520808645953,-0.3067383208313041,-0.07028375199556201,-6.19,-35.5,-3.37,9.642091239097791,1,-818.0195143807464,1357.307437865215,-0.4211137422414921,-6.756514505523013,11.068532056527333,-0.15202287481163243,262.09378872788255,GNSS_LOCKED
1595,159.5,-1.4364595538049068,0.7236697106152687,9.167306531376632,-0.03390625459287531,0.06604973146403331,0.04285859158922759,-5.87,-35.69,-4.25,9.78188344491099,1,-818.7142162988315,1358.4215002319972,-0.4229804185908457,-6.781999560625356,11.045697371188428,-0.20631476862887715,262.0264203179996,GNSS_LOCKED
1596,159.60000000000002,1.428870802809878,1.0717810883220682,10.461234901176468,-0.18328115684384896,-0.3336575146150352,0.04713831230430318,-5.87,-35.44,-3.75,8.191474992422306,1,-819.4124152839998,1359.529029172898,-0.4292524255012584,-6.945722985398718,10.93628549459819,-0.11846203643578151,261.62013669222586,GNSS_LOCKED
1597,159.70000000000002,4.319997732804236,1.832713605215468,8.567170499051853,0.2764192422283391,0.27090929729859337,-0.044793472326814895,-5.5,-35.87,-3.69,8.537024073732923,1,-820.1062515535108,1360.635306778866,-0.4296153858024839,-7.079224487230798,10.865332510428495,-0.13294940029569946,262.1366214914867,GNSS_LOCKED
1598,159.8,3.0981647173341176,0.18057523535288547,8.744031289322065,-0.33659764058553604,-0.09085982125616135,-0.21703486179309697,-5.87,-35.75,-4.37,11.271942428798036,1,-820.810217386422,1361.740707406987,-0.4305712609326555,-7.137939261120972,10.965825445395739,-0.134902191892215,263.5651250562181,GNSS_LOCKED
1599,159.9,1.8771111694452813,-0.4458807387446061,11.213092741717618,-0.11171481633148474,-0.3111104823507172,0.3023856438118826,-5.69,-36.19,-3.75,8.796237564552538,1,-821.5229045342915,1362.8404500612314,-0.4353559780959186,-7.110997375572709,10.94237750988955,-0.005395621807987002,261.40781202495276,GNSS_LOCKED
1600,160.0,-1.4105549850638628,-0.35012297757166755,8.128344849641152,-0.2884042906312823,-0.14633746799211808,-0.007792342851971583,-5.87,-35.75,-3.06,8.772374917521098,1,-822.2442012786305,1363.9389219871812,-0.430290309320354,-7.061502809362406,10.961089292853785,-0.1721161281240283,261.25103396657573,GNSS_LOCKED
1601,160.10000000000002,3.5419822930147795,0.6482578603813495,9.074557781094544,-0.06902773515557825,0.013397598925370556,-0.18183051482720458,-6.25,-36.31,-4.12,9.41272563576297,1,-822.9607091841888,1365.0363594826485,-0.4337324442493118,-7.234310273881148,10.844891222755738,-0.13687367056819788,262.39456177124254,GNSS_LOCKED
1602,160.20000000000002,-2.817769578103644,0.15432115926060141,9.036220552560572,-0.25755182648059805,-0.29256086024990985,-0.04520497457515711,-5.94,-35.87,-4.0,9.335504843391966,1,-823.6933598233952,1366.129095321437,-0.4336743391879491,-7.081593562713364,10.866699338584999,-0.23630647583026723,262.26286049597593,GNSS_LOCKED
1603,160.3,2.9070314972849296,3.610634150779837,10.254332391385395,-0.1363038152699469,-0.19652210946222734,0.16133056262026896,-5.94,-35.44,-3.69,9.435680185593624,1,-824.4192260744637,1367.2275386364834,-0.43963047995969773,-7.24869766441239,10.677742786361891,-0.1553123059638794,261.4827738911949,GNSS_LOCKED
1604,160.4,-0.9168499100285888,-1.8069638869949756,9.476673356910462,-0.1334872141417357,-0.1653192025863658,0.15435522316036646,-5.12,-36.0,-3.56,9.557511300536522,1,-825.1545578964962,1368.3120562896156,-0.44204952499491973,-7.180593267493102,10.85709849560161,-0.16296932854080065,260.26513838095883,GNSS_LOCKED
1605,160.5,3.547436193715869,0.04274269941152985,8.084254476645432,-0.3016558736934023,-0.24376883650542858,-0.12584628804640896,-6.12,-35.94,-3.69,9.251185713463764,1,-825.8828887033814,1369.412243384097,-0.4437152806798885,-7.352285396697327,10.892039159618255,-0.1766904938608984,260.79512215172315,GNSS_LOCKED
1606,160.60000000000002,0.6075714015664397,0.20291323722604995,11.109430528166467,0.10897518079646287,0.16542421742168123,-0.13502625026565224,-5.31,-36.0,-3.56,9.336928641837194,1,-826.6271712010667,1370.5170394110369,-0.4487024676266606,-7.286111362835318,10.914442141420245,-0.08283029978762571,261.9294254618518,GNSS_LOCKED
1607,160.70000000000002,-1.4255648824665028,-0.3077427982271252,9.080914675626987,-0.28030285634346525,-0.26289023376319226,0.10264148146645594,-5.19,-35.75,-4.25,9.119817024350692,1,-827.373327478168,1371.615860629205,-0.447189412543862,-7.2570130430162205,10.93739470188674,-0.17226205863205363,260.99352524147054,GNSS_LOCKED
1608,160.8,-1.0160473678924966,-0.036327911260351564,9.57057413319923,0.07461558747433343,0.16543973499116948,0.03723302555409256,-5.5,-36.06,-3.75,9.232674779623808,1,-828.122150102304,1372.715937208934,-0.4494276302589922,-7.281973271751865,10.919075096835137,-0.19672355218785398,261.1035883132763,GNSS_LOCKED
1609,160.9,0.9128694641519488,-0.20747328280506114,10.218947773050855,-0.12858526875549717,-0.058669834975542366,-0.03367044880929246,-5.37,-36.31,-3.06,10.24293469883072,1,-828.8717158298455,1373.8196441107345,-0.45424336115516845,-7.387116500188919,10.94227952426619,-0.1259258960305319,261.2092904705637,GNSS_LOCKED
1610,161.0,1.0581461642926289,1.6425526113605868,9.826879716059688,0.0048482050164256356,0.1457820085660823,-0.0223389992290928,-5.62,-35.37,-3.56,10.21178340286289,1,-829.627982369175,1374.9368758412418,-0.4548209325784682,-7.469469609248718,10.972451891133133,-0.12534418587882157,261.6614046087336,GNSS_LOCKED
1611,161.10000000000002,-0.1211153443253127,1.7439760163025817,9.210883281636477,0.04398804338827578,0.11839170999263109,-0.10835425715629222,-5.25,-36.0,-3.5,10.373312998991755,1,-830.3880792253924,1376.051337140883,-0.45399501983868723,-7.475091701383812,10.967791274506807,-0.18170174578674442,262.58846557309903,GNSS_LOCKED
1612,161.20000000000002,2.2805125474566244,0.24087532694240293,10.033552490407537,0.05980539872057873,0.1297421898412435,-0.05016939763512546,-5.12,-35.94,-3.56,10.211463888741452,1,-831.1486999880203,1377.154092340497,-0.4583045519425097,-7.603086067100238,10.92204318490636,-0.10470376653825608,263.18160994413506,GNSS_LOCKED
1613,161.3,0.5424843151642381,1.6933649321972215,9.818452652236273,0.18608901615397608,0.14133661892372304,-0.01999445468262439,-5.75,-36.19,-3.5,10.305775092756228,1,-831.9181050641403,1378.257828612061,-0.45806767916667296,-7.613697084319509,10.869995812825682,-0.11376011537607689,263.6305487899572,GNSS_LOCKED
1614,161.4,2.025551794317315,0.6099958876831629,9.847831312301585,0.04574223581581884,0.09748998795100378,0.02580930281668144,-5.62,-36.37,-2.75,10.315242614148499,1,-832.6904790759085,1379.354283190257,-0.4593955559040823,-7.732403732285174,10.862935410411565,-0.07937580115687543,263.71297409940814,GNSS_LOCKED
1615,161.5,-0.7734742728924735,1.8184846330181512,10.271247522995944,0.2725842424161215,0.2855842866932717,-0.012836509662844922,-5.69,-36.37,-3.19,10.854686748815487,1,-833.4760213301065,1380.4443500859072,-0.45867172219902347,-7.712949656326826,10.75839072280069,-0.08625848352536752,264.2782190167212,GNSS_LOCKED
1616,161.60000000000002,1.263591417508946,-0.31219624949878605,10.608180854481915,0.19429260410981597,0.24531621363903666,-0.010340179593839862,-5.12,-36.06,-2.69,10.168530104495982,1,-834.2524026320177,1381.533272392646,-0.4601877697933014,-7.758242958966574,10.858447789833953,-0.021255088532066348,264.4321103128973,GNSS_LOCKED
1617,161.70000000000002,3.0944182121236556,-1.6115643558355972,10.392219579352508,0.31675663433158785,0.4033772588710133,-0.07549451392407426,-5.5,-36.25,-2.75,10.140323082749019,1,-835.0325826965785,1382.6237879350413,-0.46061487796597794,-7.917012854848658,10.958028058105617,0.0342374297951588,264.9875161429803,GNSS_LOCKED
1618,161.8,1.611902737406976,1.7368831595929257,9.221638734794505,-0.003996302468102095,-0.08639957855278972,-0.05036658011503022,-5.44,-36.12,-2.69,10.264295663729467,1,-835.8230812832445,1383.7275213736973,-0.4557745027072028,-7.962745762432686,10.931460482175076,-0.03729929153309173,265.427010824534,GNSS_LOCKED
1619,161.9,-0.15102564162555196,0.44378655644940807,10.223838138775788,0.08784254036870105,0.06631038940720478,-0.06617394017464874,-4.69,-36.0,-2.87,10.092279858771366,1,-836.6233267279986,1384.824135990863,-0.45491147465789666,-7.950428371670096,10.944418659446141,-0.03636721592053942,265.7846192373297,GNSS_LOCKED
1620,162.0,1.6597972178704015,-1.120533784131017,9.684062802572623,-0.10670632279841935,-0.04799772901205437,-0.07181698047484956,-4.62,-36.25,-3.0,10.561858578154224,1,-837.418432106132,1385.9164760778342,-0.45453823220516243,-8.01376142731122,10.990536545450476,-0.04579478847432293,266.0927618235604,GNSS_LOCKED
1621,162.10000000000002,-0.07131352584826485,-0.15334017150025822,10.081525000357603,-0.1234194540729338,-0.06376802680889752,-0.0561651770516101,-4.31,-36.37,-2.44,10.0490032740036,1,-838.2277272160146,1387.0174348323071,-0.4540291821207736,-8.043944927041512,11.020353958518067,-0.04810609448047437,266.2482011324148,GNSS_LOCKED
1622,162.20000000000002,0.2579834007063553,0.7289603050082027,10.21505939036491,-0.01526326886281725,0.14402801599462575,-0.05075276575983994,-5.0,-35.87,-2.0,10.073756446856587,1,-839.0387411712238,1388.1271311683388,-0.45342035121680646,-8.07336897623097,11.048100925751031,-0.0402528853170807,266.53576057582535,GNSS_LOCKED
1623,162.3,-1.155490096835597,1.2886298674483014,10.147836309324024,0.03330077287779648,-0.1340978258089015,0.12331342846205727,-4.44,-36.69,-2.19,9.969587974778596,1,-839.8514796361793,1389.236420493959,-0.4521022248116656,-8.023987431118824,11.02255500700856,-0.05542248134345841,265.7150820271115,GNSS_LOCKED
1624,162.4,-1.7057480808314307,1.1467340248751607,10.834579944830972,0.25771377362361114,0.09238116972774359,0.03161250329239904,-5.0,-36.0,-2.62,9.922364043172974,1,-840.6647569783751,1390.3469274478593,-0.4521154615967793,-7.983285118582727,11.044044850636936,-0.026916711247673183,265.4234692450308,GNSS_LOCKED
1625,162.5,0.31743039518602706,-1.3553178451645207,9.986366785412534,-0.20836945583062455,-0.0026086944430544065,-0.07204703040481392,-4.81,-36.62,-2.0,9.570910166351785,1,-841.4820791830327,1391.4447427844339,-0.4514156273713301,-8.153042299080695,11.07385731981201,-0.03641472854654296,265.64687573647893,GNSS_LOCKED
1626,162.60000000000002,2.8871069702945364,0.8865384804002158,11.352473503375657,-0.08727622417358176,-0.22913282284714914,0.22093800077872447,-4.94,-36.44,-1.94,10.89041477963076,1,-842.3075435837615,1392.551656756398,-0.45301532950037615,-8.361036581010241,11.011636151858548,0.06373709067844308,264.27493792957364,GNSS_LOCKED
1627,162.70000000000002,-0.5579882534587141,-1.1420930554384403,9.441571522353755,-0.08270095401281445,0.08818513350077452,0.04458233321418834,-5.06,-36.19,-0.75,10.86744428562088,1,-843.1443901385055,1393.6635921671566,-0.4476376983685158,-8.312034808492452,11.17513980417135,-0.020196423347603208,263.98122828841394,GNSS_LOCKED
1628,162.8,0.83431426159962,-1.8035409423068853,9.016721090413869,0.12045917496429338,0.23614313641597875,-0.05332819414293154,-5.44,-35.37,-1.69,10.596777019810055,1,-843.9821084542391,1394.7693623739244,-0.4457245232691596,-8.401751216011371,11.155819493612269,-0.07938444268029313,264.0954249190521,GNSS_LOCKED
1629,162.9,-0.32204912104516525,0.9508329442454939,9.79553443798609,0.07390993884431878,0.061718050488279934,-0.02053127331548605,-5.0,-35.5,-2.5,10.600161188086421,1,-844.8347139687464,1395.8821640240396,-0.4457776399456393,-8.476174291490125,11.07817565715817,-0.09242234263851859,264.1337562499039,GNSS_LOCKED
1630,163.0,1.0526568934781442,1.191542644307794,9.840048524850319,-0.013516309120973475,0.16422022958730373,-0.033610051800607915,-5.25,-35.62,-2.0,11.36995735733678,1,-845.677951378454,1396.9907149629955,-0.44674477501594007,-8.472264010895454,11.015731269899227,-0.08608302946006641,264.27674536114074,GNSS_LOCKED
1631,163.10000000000002,-0.5422573946885569,0.20514338441032845,10.001854036114416,0.07012275565367805,-0.009779399993248833,0.03126903380833196,-4.94,-36.06,-0.62,11.913527068718471,1,-846.5353216295222,1398.0979488015787,-0.4473199871406749,-8.52671971473732,11.059478567896395,-0.08257917646655057,264.0483936735184,GNSS_LOCKED
1632,163.20000000000002,1.7703096001927288,0.8881823472407235,10.098933176208039,0.006117016948443623,0.09449810614474272,0.14441516554264444,-4.62,-35.81,-0.31,13.455667378799482,1,-847.3954911893767,1399.21432017939,-0.4481966527804401,-8.677775707207807,11.100989484475672,-0.057875079068928234,263.36125645278025,GNSS_LOCKED
1633,163.3,1.2571435705069098,-0.5239953561160855,10.101427192723902,0.11519052237837404,0.07831510495136759,0.07132193134410754,-4.44,-36.62,-0.56,13.570306754154778,1,-848.262859648716,1400.3210337822668,-0.44861289554408623,-8.73969633079796,11.096857483593885,-0.042758272877886805,262.77988543675036,GNSS_LOCKED
1634,163.4,2.35599271595287,-2.2047226648818135,9.391464905611555,-0.1329413957770164,-0.01849492625601451,-0.05358855280415088,-5.06,-36.44,-0.69,13.458320894352417,1,-849.1323871285513,1401.4297898014138,-0.4478049920627526,-8.840524368375949,11.201181029305832,-0.06467827809474339,263.0617588273052,GNSS_LOCKED
1635,163.5,0.9510981336863876,1.0631503372013957,9.812571192638902,0.0776915130934656,0.18841957646683044,-0.0738968334728092,-4.56,-36.44,-1.44,13.352920829545543,1,-850.0174870500589,1402.5423416208173,-0.44774843789559254,-8.886387966704916,11.069491665138615,-0.07076204701206244,263.37748059964747,GNSS_LOCKED
1636,163.60000000000002,-1.732037280313305,-1.4954716132299952,9.615580825079064,0.06835362927002196,-0.007362653541457092,-0.04219884712222439,-5.25,-36.56,-1.25,12.202238511418456,1,-850.900874764477,1403.6586402723626,-0.44727512974506006,-8.755452904722535,11.250546545912094,-0.099996970702623,263.63189092246444,GNSS_LOCKED
1637,163.70000000000002,2.3598879577446747,-2.1051400806362217,10.365187759408443,0.2046919214641594,0.2778463645252637,-0.05100544095882992,-4.87,-36.5,-1.75,12.348481692227274,1,-851.7768871163481,1404.7692419037896,-0.4498174542839253,-8.89347457844913,11.224174869871126,-0.03806137648949109,263.73870698424037,GNSS_LOCKED
1638,163.8,1.6378084791620542,0.1975683721031779,10.34430383515147,0.041344711120309165,0.042454774292644666,0.017380362543364305,-4.87,-36.62,-0.87,12.401468306723137,1,-852.6616572999666,1405.8847074540015,-0.44956249233450235,-8.944774691845613,11.150341067841754,-0.015050507191623456,263.5545667303218,GNSS_LOCKED
1639,163.9,1.608282144374029,0.8761950142799605,9.977374024313141,0.12154405526071826,0.21723046935929052,-0.09075497679313124,-4.44,-36.75,-0.69,12.644781279876279,1,-853.5558607086283,1407.0061848899604,-0.44782638818748594,-9.029319903627828,11.162822904498583,-0.025827844339720116,264.24892827094385,GNSS_LOCKED
1640,164.0,3.553026315478225,0.929902773280274,9.22113797281902,-0.13031291192717648,-0.15045148740206796,-0.23655239361199737,-4.44,-37.0,-0.87,12.904544117229316,1,-854.4495477312304,1408.1145004108805,-0.4456182169529306,-9.14457571125497,11.034831853885226,-0.0675753027815125,265.00075031435904,GNSS_LOCKED
1641,164.10000000000002,3.502411578943384,-2.1458037876415452,10.013710593812192,-0.14698213340625085,-0.09397363678229761,0.08346680806917127,-4.62,-36.19,-0.81,12.760000378302578,1,-855.3497122557828,1409.2154571466651,-0.44603646791870927,-9.20612386287705,11.12367741126614,-0.028233940113303366,264.2978006675472,GNSS_LOCKED
1642,164.20000000000002,0.9687983795859596,-0.0049390293163401764,9.06665645459786,-0.03593353056980361,-0.04703455714833927,0.17036370451081592,-5.25,-36.56,-1.06,13.136981151982932,1,-856.2574661704812,1410.3237499205165,-0.4432659366843073,-9.128333371883725,11.084756429734579,-0.08669696979651098,263.23598419633475,GNSS_LOCKED
1643,164.3,0.3940182065358774,0.7523240384579338,8.925133951604122,0.13999058822883023,0.05226366220959289,-0.061963173093279124,-4.5,-36.12,-0.5,13.10425818912086,1,-857.166964932067,1411.4263908286327,-0.4423528387621081,-9.100407598822711,10.988052500120173,-0.14266802921458183,263.47151501417017,GNSS_LOCKED
1644,164.4,0.7698985660850172,-0.26096326337848513,10.513626639419297,-0.10506989377964984,-0.1417768955101371,0.040809304339093376,-4.44,-36.69,-0.12,13.159255859371115,1,-858.0773660017335,1412.5211215096026,-0.4459188301437976,-9.11891036361076,10.964206158534926,-0.07235515525992037,263.069698681579,GNSS_LOCKED
1645,164.5,1.5232035371106312,-1.1235611894483908,9.576132032198542,-0.04034393673115283,-0.06596646535312962,-0.041483035301760215,-5.62,-36.44,-0.5,13.037066278171892,1,-858.9843248809113,1413.6155576588717,-0.44563000209566844,-9.131636566069352,10.995970864420594,-0.07269042133190831,263.2606738922401,GNSS_LOCKED
1646,164.60000000000002,1.0571384867848739,0.9745479759405791,9.189575297713617,-0.056410714238758465,0.025058213818479776,-0.07773060683733586,-5.75,-36.62,0.25,13.85246955072486,1,-859.8966801808177,1414.7107689249779,-0.44473836033136077,-9.142829141231127,10.894471368149262,-0.11081446242057659,263.62407799313087,GNSS_LOCKED
1647,164.70000000000002,0.16423006668340073,-0.4055146839717133,9.828983100315133,0.027594148601914347,-0.022306030556404573,0.0170971916919772,-5.44,-35.44,0.25,13.35101312471559,1,-860.8093586343849,1415.8021972187641,-0.4461270691799055,-9.099854352788922,10.927565835173118,-0.09951958774971731,263.47085755228517,GNSS_LOCKED
1648,164.8,2.3944261622106104,-0.8020456562139712,9.51770130909085,0.2725670687149365,0.30414396902847035,-0.016522686093850696,-5.94,-34.5,-0.69,13.35101312471559,1,-861.7218280261204,1416.89089788663,-0.44705877629844093,-9.21463069966396,10.914639355603628,-0.0828803276606229,263.51826652016325,GNSS_LOCKED
1649,164.9,-1.2280487570926888,0.5835027474325746,9.637692726163339,0.3052942102216583,0.25872447567316836,-0.031826732360988326,-6.0,-35.5,-1.44,13.067961941267926,1,-862.6415559661724,1417.9790196817994,-0.44696117126179713,-9.104828369134164,10.865766381092458,-0.11198621502343299,263.7216447469786,GNSS_LOCKED
1650,165.0,5.901554191061454,-1.7013639158896274,9.657797265716118,0.3186924133807436,0.4176425049453429,-0.03624918918453778,-6.25,-36.5,-1.06,12.502924697922017,1,-863.5470304365293,1419.065336892321,-0.44818585303611075,-9.370184167908254,10.940773126573845,-0.05589397993290508,264.0142162366972,GNSS_LOCKED
1651,165.10000000000002,-0.021295124998251536,-0.5395496147118153,10.199451102432702,0.4627990175405854,0.37243536393621723,0.03305161196017997,-5.44,-36.31,-1.12,13.107772105442516,1,-864.4750118347782,1420.1428113385962,-0.4477265356683368,-9.286096131231837,10.848942102397576,-0.04470617518881281,263.42245288710524,GNSS_LOCKED
1652,165.20000000000002,4.470067731464329,-2.116154726274781,10.077158159946991,0.31434642922478484,0.13236005180124008,0.042434763117052424,-5.94,-36.44,-1.12,10.392493504440495,1,-865.388998122151,1421.2167740015182,-0.44612799240772305,-9.418635510796172,10.882480458669987,-0.021064733389238324,263.09778460654184,GNSS_LOCKED
1653,165.3,0.2646346613331457,1.549305998869304,10.27535527161415,0.19837943139469122,0.29910923500816783,-0.058140061337666284,-5.94,-36.56,-1.19,10.162973032262515,1,-866.3160398022071,1422.2869967976235,-0.44432784596580455,-9.298968521799473,10.688878202197115,-0.013789599816749654,263.0179437309432,GNSS_LOCKED
1654,165.4,0.8827254269679575,0.45148609301094894,9.789376465761338,0.13716960605603196,0.052724118097506795,-0.0969576017920883,-6.31,-37.19,-0.81,10.293142222265535,1,-867.2394137336812,1423.3522380138093,-0.44161938134779627,-9.309058975015605,10.683864584965542,-0.044764122224600605,263.49743427118983,GNSS_LOCKED
1655,165.5,-0.508948902778738,1.2259411406665628,10.38976548888287,0.16496470471944527,0.29938219415104195,-0.004694467183190571,-5.5,-36.94,-0.62,10.269965380276751,1,-868.172064998567,1424.4186383189065,-0.4413986974128839,-9.313686076319922,10.66977407219562,-0.03192776767712158,263.29982822125254,GNSS_LOCKED
1656,165.60000000000002,1.1525104535182862,-1.1818657791963423,9.665726633548855,-0.12045456940998722,-0.15200971625565723,0.026449250880301627,-5.75,-36.94,-0.37,10.307757827092725,1,-869.0952199261126,1425.4782242720585,-0.4386257213710007,-9.344538215463707,10.724855905343318,-0.07581870003140878,263.3010606096767,GNSS_LOCKED
1657,165.70000000000002,2.541223346728625,-1.817932891504422,10.00401947839106,0.18750092682163064,0.16297062276356344,0.10448846135859123,-5.0,-36.87,-0.31,10.389194681113745,1,-870.0158467315941,1426.5350585543429,-0.4375909493335658,-9.38677110079789,10.721163197014505,-0.06632809761749164,262.6125265120967,GNSS_LOCKED
1658,165.8,2.87523388079906,-1.38536805322434,10.179038174003013,-0.15376843606234233,-0.16597086080288928,0.03774760171572869,-5.62,-37.37,-1.0,10.547228017902885,1,-870.9377881058047,1427.585619801838,-0.4361592597634818,-9.420774839513967,10.6363505816706,-0.043141461965687244,262.09269095561876,GNSS_LOCKED
1659,165.9,2.6944693816015644,-0.7607921839658107,9.211557115082565,0.019667596954743728,0.061824459440620635,-0.13639212530384887,-6.31,-37.44,-0.94,11.912054153212248,1,-871.8589646956758,1428.6423722443874,-0.4327844715212988,-9.384804552012568,10.639218745881431,-0.0784036165184101,263.15394492950793,GNSS_LOCKED
1660,166.0,0.08133850277148043,0.9568150198354987,9.663915063564254,-0.215709150233658,-0.18150322518246992,-0.018161821324822428,-6.25,-36.94,-0.62,11.876859793047386,1,-872.7922660018584,1429.697310424381,-0.43221661287396185,-9.3401614210128,10.5482852911799,-0.09279476043364054,263.10641442535916,GNSS_LOCKED
1661,166.10000000000002,1.2170796425672132,1.2326951680430802,9.910691920664858,0.09559861581474305,-0.01262594241528852,0.03549605939299429,-6.5,-36.87,-0.75,11.82163527410622,1,-873.7166411042299,1430.7478986963613,-0.4324421613433957,-9.29761086025965,10.466820828223263,-0.07615503890679384,262.7838875803475,GNSS_LOCKED
1662,166.20000000000002,0.026205760671931252,-0.2653593079882947,9.853197796947525,-0.07374469074810922,-0.18421753261423476,0.09706740577551805,-6.25,-37.06,-0.81,12.17587953569765,1,-874.6423626037025,1431.8046554928583,-0.4323783055390706,-9.250196089255917,10.609140403014035,-0.08242858476688986,262.2879511499226,GNSS_LOCKED
1663,166.3,2.589820965231186,0.06878352299294245,9.715083961809784,-0.2411487924022669,-0.16536498779760364,-0.04166654213666876,-6.12,-37.62,-0.75,12.379026002381655,1,-875.5607965815248,1432.8608124486057,-0.4320166596229048,-9.300685648689283,10.574827686869655,-0.06493473938283716,262.4117812335275,GNSS_LOCKED
1664,166.4,0.30182079327640166,0.5435871322314104,10.56582663488373,-0.3448401242877245,-0.1923037530444303,-0.19454152576314784,-5.75,-37.31,-1.0,12.22359689421907,1,-876.4763338318751,1433.9128152849019,-0.43200597424192266,-9.131211278953364,10.513971099472277,-0.02592488527221389,263.4411355415391,GNSS_LOCKED
1665,166.5,1.7311589136600876,-0.03999507180673563,10.233271378199955,-0.10131334117912086,-0.027384706882805268,0.008938385092727402,-6.25,-37.56,-0.75,12.22359689421907,1,-877.3828437727996,1434.96019116606,-0.4307734317157476,-9.100124677728017,10.473758091819704,-0.001082204389348244,263.2740471732359,GNSS_LOCKED
1666,166.60000000000002,-4.173523447980363,-0.2431929775824889,8.868314104428906,-0.35416509533906054,-0.37846320822394836,0.11685968194510227,-6.06,-37.37,-1.12,12.634629430460075,1,-878.2990132568785,1436.002523631833,-0.4268609549888088,-8.897845507895921,10.466891931382328,-0.15104330058143417,262.4562439020416,GNSS_LOCKED
1667,166.70000000000002,1.2890414450126413,1.1445591432634465,10.626530561787877,-0.1480168771320877,-0.2572768363360182,0.042696177451782766,-6.44,-37.37,-0.87,12.814356745920879,1,-879.1962696655033,1437.0515280431632,-0.43180594984327686,-8.93946947556877,10.396267984519941,-0.07026796490469146,261.933412726273,GNSS_LOCKED
1668,166.8,-0.10892064990340547,3.524644818809619,10.335191346717444,-0.22032980248221348,-0.22644511946580984,0.11190033962532872,-6.75,-37.56,-1.12,12.863148594360565,1,-880.0961480232364,1438.1026450026543,-0.43342717794917734,-8.872435245069127,10.290631943000474,-0.07596671734406411,261.02402308457,GNSS_LOCKED
1669,166.9,4.622433467086654,-2.219346498169455,9.618592700256116,-0.38525577431287145,-0.3964719862835264,-0.005832019460283308,-6.94,-37.37,-0.87,12.800337032931875,1,-880.9822726664652,1439.1365556011806,-0.4347036318729306,-9.018868490183442,10.390518651436446,0.0037319575425202684,260.47545620353617,GNSS_LOCKED
1670,167.0,3.8551139346610914,-1.1490016647179475,9.307340049404946,-0.2667524464352419,-0.2517590237097529,-0.03590343021948559,-7.37,-37.44,-0.44,12.908739754380683,1,-881.8756823545882,1440.1787676334393,-0.43250870739583663,-9.027102343666622,10.40917621640351,0.02219297014289217,260.35206992120266,GNSS_LOCKED
1671,167.10000000000002,4.776896211989251,-3.248434797846697,9.656015045246225,-0.43007527885067015,-0.4581815483308399,0.053476006682179035,-7.25,-37.31,-0.37,12.942405108506895,1,-882.7597255605397,1441.2170059875539,-0.4303506752070045,-8.970980276032552,10.466831992540769,0.10864767267813268,259.22746759697304,GNSS_LOCKED
1672,167.20000000000002,0.9914747427007542,0.22506143426819697,9.76663003217546,0.038281308149397016,0.098667605675691,0.06094173476852508,-7.31,-36.56,-0.44,12.908739754380683,1,-883.6527249948797,1442.2624355791997,-0.4243974233982796,-8.807494808232004,10.36198422425883,0.023422942689934972,259.006425940189,GNSS_LOCKED
1673,167.3,-1.4524595145106922,1.3765302968177853,10.311744391743336,-0.1289778089984691,-0.3044751289704778,0.04227777932159273,-6.94,-37.5,-0.62,11.501917215686513,1,-884.5326751538255,1443.30522250733,-0.4212491176088311,-8.547640276527103,10.292224049256962,-0.07635229247258114,258.1337864707318,GNSS_LOCKED
1674,167.4,-1.4604202222758118,0.8540892193806818,9.898244454937734,0.19316955281751283,0.16821199750624016,0.09897079245536415,-7.81,-37.06,-0.25,10.317531843018966,1,-885.4007440538613,1444.3459346093186,-0.42159440314475405,-8.421691070400803,10.30178531530335,-0.15689553366188497,257.75180889739045,GNSS_LOCKED
1675,167.5,-0.09126901567652644,-0.5680205127520381,10.455475442268053,-0.12834328650865176,-0.16783995947271355,0.07579610024503901,-7.62,-36.87,-0.31,9.982188571457458,1,-886.26040918956,1445.3828284697045,-0.4266319369957811,-8.405132362750619,10.33099247522943,-0.11155608705895192,257.13690281008564,GNSS_LOCKED
1676,167.60000000000002,3.5292671162166296,1.2776587522565563,9.277659557516335,0.26914125220559487,0.11976268799596827,0.07207069394132923,-7.87,-36.12,-0.12,11.076306131792386,1,-887.1057707463518,1446.4242765333815,-0.4289997722185297,-8.457792190126115,10.244252679987577,-0.08695497412778563,256.7918722278518,GNSS_LOCKED
1677,167.70000000000002,2.80318783356163,-0.3738917099797759,9.528447208699875,-0.05453514328319217,-0.2640438001755136,0.01708478082841956,-7.94,-36.5,-0.62,10.710219190843882,1,-887.9515940413777,1447.4625919025025,-0.4307363910271067,-8.446599056972286,10.315604102563261,-0.05182245892535606,256.3689127747522,GNSS_LOCKED
1678,167.8,3.9008307512415175,-2.7858817001374097,7.518513950443135,0.46790953438000604,0.38367791944484647,0.2132628701081364,-8.25,-35.81,-1.12,14.113973958125172,1,-888.7973659770505,1448.495485228296,-0.4294980386158882,-8.54702916181388,10.400589980184117,-0.08385814655443649,255.29008395196618,GNSS_LOCKED
1679,167.9,-5.209551745437861,2.293044651892335,11.097221842246523,0.10441502130227376,-0.11486355701772302,0.026454424879063368,-7.62,-36.87,-2.06,13.558075699098266,1,-889.6564360126906,1449.538339541611,-0.4287460689764423,-8.143988946270374,10.343248859710004,-0.17659700166492787,254.9831579285562,GNSS_LOCKED
1680,168.0,3.4860630198188898,-1.0550232036970397,9.539132631508593,-0.19323767672667486,-0.27387869474966703,0.1408741667428624,-8.31,-37.37,-1.37,10.97178907849341,1,-890.4736661817136,1450.5800162772166,-0.43402535286811833,-8.209123828128316,10.405015253469243,-0.0853058747483965,253.7349431975877,GNSS_LOCKED
1681,168.10000000000002,-3.210636141120541,6.179894337161444,9.034764041238184,0.32446418929604093,0.3374397419406237,-0.13332726811687162,-7.69,-36.87,0.44,14.792953965758281,1,-891.3070515145565,1451.6290725637443,-0.4299535818465087,-7.978275359126339,10.19577978631717,-0.29057622153014984,255.26385798437684,GNSS_LOCKED
1682,168.20000000000002,5.527286513046303,-1.3163124264484631,10.903570758640209,-0.7562991588596758,-0.5484173551117478,-0.13515452978121686,-8.37,-35.87,-0.87,9.824362132284147,1,-892.1160171487692,1452.6669219484656,-0.44222676746271233,-8.212242803358365,10.355374728866948,-0.028735162103682245,255.65782464739198,GNSS_LOCKED
1683,168.3,-6.446798814047961,2.9707222725817797,11.03752298436458,-0.5892652734552883,-0.5596468471417366,-0.001591849232111414,-7.56,-35.62,-0.81,8.929197812758057,1,-892.9417228634543,1453.7126687384282,-0.437341592191213,-7.734424711222101,10.342152931979921,-0.19771689308685086,254.90375402220707,GNSS_LOCKED
1684,168.4,6.746186134256533,-1.8612536342311896,10.61828633306835,-0.674320301284049,-0.8654935279612119,0.21464399440339405,-7.94,-34.94,-1.44,9.12524140108955,1,-893.7412204197747,1454.7605809249492,-0.4474696444990832,-8.094921804767655,10.428339222593353,0.07218363887768967,252.22743694156088,GNSS_LOCKED
1685,168.5,2.8980415780552797,0.8218257458913201,11.43147797379031,-0.12683838808985234,-0.23624397276972614,0.3406741971983568,-6.94,-36.19,-1.0,9.162317471908267,1,-894.5591125042414,1455.8012750107368,-0.44545329684776075,-8.01639615802317,10.248819110174349,0.12200221111060774,250.01633510542365,GNSS_LOCKED
1686,168.60000000000002,6.923800343287943,-0.38768154932770077,10.568459499501175,-0.4242679372288101,-0.5557135695043428,0.15503298393681378,-7.25,-36.81,-1.12,9.22341179480259,1,-895.3695753859829,1456.8248414459902,-0.4442670576694033,-8.145076299827599,10.078625445578599,0.2572066326505845,247.83943859105605,GNSS_LOCKED
1687,168.70000000000002,-0.7713041435220136,1.7183753297604212,9.01496903956173,0.03223071032611999,-0.10427070882509037,0.02120496623404434,-7.12,-37.19,-0.81,9.119360078424556,1,-896.1872189654139,1457.851627446065,-0.42872206562971,-7.902109518335257,10.115738236684349,-0.0456697918746015,247.6818644620053,GNSS_LOCKED
1688,168.8,-2.6668769805071517,-1.9273248710163426,10.151074829415991,-0.2869370714904726,-0.2576867353216968,-0.1131948472489681,-7.56,-37.31,-1.37,9.023244966433815,1,-896.992252871225,1458.8768933530516,-0.42515979699046047,-7.683847279247017,10.314143741210431,-0.17020246894308322,247.59788737604944,GNSS_LOCKED
1689,168.9,2.862140808938369,-1.5160261953094025,10.163936141817565,0.16342026459138567,0.26285664523630736,-0.14743209004825084,-7.06,-37.62,-1.31,9.263982199219052,1,-897.7882846420971,1459.9085046297819,-0.43044498098619915,-7.7879661158855855,10.265629557081274,-0.06468806338680583,249.45889234819276,GNSS_LOCKED
1690,169.0,3.3593102125370877,2.1137136613283913,9.612136851078317,0.20876197300630397,-0.009638552027968967,0.11514541650156704,-6.69,-37.44,-1.56,9.157180166574163,1,-898.5851156216733,1460.951752186932,-0.42983312577412325,-7.84281353286106,10.191691282426003,-0.06995392011658863,249.19592806007867,GNSS_LOCKED
1691,169.10000000000002,2.2901838918580286,-4.823821843026512,8.867396509585795,0.18870196912430479,0.31761823024437585,-0.1395286589380137,-6.87,-37.0,-0.56,9.263982199219052,1,-899.3768376745018,1461.9802778532264,-0.43122424325229053,-7.838748074199074,10.441114831350198,-0.026545065868557764,250.58572100248512,GNSS_LOCKED
1692,169.20000000000002,6.330600993267706,-1.3123267556107776,11.618541121868358,0.13840932119964228,0.17012836666551046,-0.19188407610007632,-8.12,-37.37,-0.94,9.213820010311016,1,-900.1543472667815,1463.0247466039334,-0.43663131569787866,-7.800111587108586,10.354133286424755,0.21421436747617603,252.0967376432717,GNSS_LOCKED
1693,169.3,-5.8501306818738845,-1.947208182172542,8.92873244420943,-0.05904114611401827,-0.2609386127855954,0.25427599851946747,-7.94,-37.5,-1.56,9.180454401318881,1,-900.9432454158372,1464.0599742316354,-0.4199155221151397,-7.463592352082623,10.497132500684197,-0.14217360094724124,249.79246619075263,GNSS_LOCKED
1694,169.4,3.743488379426374,-3.3192521794503485,9.180576416125177,-0.44335085583334916,-0.0794583568003293,-0.2902459787256809,-7.69,-37.25,-0.19,9.276776250584902,1,-901.7099434049096,1465.1012146666835,-0.4246116309600041,-7.644702727865113,10.489329917200982,-0.032055528693448805,251.1431585594337,GNSS_LOCKED
1695,169.5,-2.3429247810642337,-1.7415942692983342,10.053083727465037,0.27699328850837934,0.28386153857818774,-0.01997110506050559,-8.5,-36.19,0.19,9.203089679874749,1,-902.4864652003237,1466.1441037551103,-0.42037708200998286,-7.43804047573848,10.490883127054186,-0.1332839065018558,251.66032050245659,GNSS_LOCKED
1696,169.60000000000002,5.8311855676917395,-2.4080865056944694,9.411062392006324,-0.4726016265239242,-0.4663613612140334,0.04207818168047524,-8.31,-35.0,0.5,9.12196601313501,1,-903.2332861614708,1467.191712713515,-0.42675470178675023,-7.559001868919176,10.46087191806689,0.028857329655243177,250.3264473280688,GNSS_LOCKED
1697,169.70000000000002,-3.126024121483457,1.175808588715488,9.54420114072448,-0.2977264857860974,-0.2635672456005569,-0.03597258272624391,-8.56,-34.81,-0.81,8.789677107119836,1,-903.9878100307934,1468.2446060014913,-0.41756224318624274,-7.1841990069574475,10.448866385006852,-0.2073570796876258,249.7675918197233,GNSS_LOCKED
1698,169.8,-0.8952594914028782,0.11409310944734798,9.915851145788228,-0.4677986672769545,-0.51063090510402,0.12403542093512869,-8.56,-35.75,-1.75,8.72264200132703,1,-904.7314742875592,1469.3005741145637,-0.4183178814491902,-7.1468996336741695,10.483412056416975,-0.24551942358630943,247.75045519631337,GNSS_LOCKED
1699,169.9,-2.864266394255451,3.127405279020206,10.034264300560128,0.06356487093660278,0.03426943661483755,0.04552365206038135,-8.12,-36.37,-2.0,8.745939368442047,1,-905.477368268561,1470.3603570515124,-0.4158558825939504,-7.059191268497676,10.397541958225561,-0.40162439210119893,248.2539418719067,GNSS_LOCKED
1700,170.0,1.9945867404545863,-1.4114202002174685,10.79736299951154,-0.40554427085069505,-0.4621023023837903,0.011579141236642066,-8.94,-37.25,-1.75,8.879435508557098,1,-906.2079269693701,1471.4093728712228,-0.427567857151042,-7.106477523960514,10.421221441783262,-0.19864399644808703,247.3882552707624,GNSS_LOCKED
1701,170.10000000000002,6.1293928747251565,1.4390788641808248,9.228896893450296,-0.4631180565047352,-0.4836127939931896,-0.08974241597693715,-8.44,-37.19,-2.06,8.701558670438121,1,-906.9394964188134,1472.4774763914318,-0.4329287980672043,-7.311823259366901,10.387883195444186,-0.07594911878597532,247.67046376863092,GNSS_LOCKED
1702,170.20000000000002,3.2153634394348365,-1.9423920897663973,8.841372832425897,-0.2548223662323801,-0.24803338733471605,-0.1451679387295882,-7.87,-37.25,-0.56,9.760621194172023,1,-907.6802451664557,1473.540519166862,-0.43289080555431186,-7.297246179216024,10.564018146937613,-0.05294698838898736,248.37939656835147,GNSS_LOCKED
1703,170.3,4.451461469801841,2.4661379227185973,10.030778250415013,0.2792073612731501,0.4056623149878221,-0.10282234975726663,-8.37,-37.56,-1.06,9.80692779821341,1,-908.4167949146462,1474.6264049585252,-0.4318056086014138,-7.238244043040473,10.534336078398557,-0.031797115844981655,251.28897833955227,GNSS_LOCKED
1704,170.4,-1.877950530445483,-1.4510731722430878,9.208019440900193,0.1326716798062249,0.05163773472236471,0.0425485573214559,-8.25,-37.5,-1.62,9.400059005600248,1,-909.1496073193615,1475.6918420666307,-0.4248994116301373,-7.011714574875666,10.667290433902076,-0.1986944743269787,251.5324398570071,GNSS_LOCKED
1705,170.5,3.0791168611891937,-1.038145624232775,9.521521234972212,0.37743602261337356,0.3226263222931332,0.06519766098108341,-8.69,-38.06,-1.31,9.45057322887293,1,-909.8679941400231,1476.7654883321538,-0.42890129405607746,-7.0598427287061964,10.668662242406976,-0.11411827935700558,252.11305932440047,GNSS_LOCKED
1706,170.60000000000002,-2.6879956878870375,2.9656632655861204,10.315089814298942,0.3142357068351615,0.22837273157280263,-0.039550803073807136,-8.56,-37.75,-1.44,9.296576889810988,1,-910.6006551441923,1477.835213542987,-0.42220637265500405,-6.94274202547769,10.519145250338399,-0.26048496937284815,253.82123283683737,GNSS_LOCKED
1707,170.70000000000002,1.9443078614566265,-3.0557122458793464,9.876431887592855,0.17912673735943038,0.08203407673109249,0.008312172871330053,-8.44,-36.94,-1.44,9.739884468763535,1,-911.3181728916048,1478.9094669168346,-0.42820914691622636,-7.05725009962669,10.81565608390231,-0.12912824835836098,253.72910261759696,GNSS_LOCKED
1708,170.8,-2.3410303882898438,-1.7458102468764163,10.147023957447072,0.3121946530267422,0.31288376841118154,0.02819230544546075,-7.81,-37.69,-1.12,9.645686393210752,1,-912.0470037995365,1479.9794629904684,-0.42609445922090333,-6.97701355751474,10.796396875012682,-0.1708194210710152,253.99921171026733,GNSS_LOCKED
1709,170.9,1.3203855945397402,-0.02196485825681506,9.296851071020429,-0.1728292853626831,-0.2258531548802557,0.0382524581126426,-7.37,-37.69,-0.87,9.40093938822039,1,-912.7617375256673,1481.0723975909552,-0.42706863343680274,-7.039072767297214,10.882326144259526,-0.15732658031022423,253.30669208947612,GNSS_LOCKED
1710,171.0,6.395898192281805,-0.7312677336177313,9.808456701527307,0.2663509107024706,0.3891515896717902,-0.03617958849798043,-7.5,-37.37,-1.31,8.854921635227582,1,-913.464762403486,1482.165225151216,-0.43522000119284016,-7.160329679769687,10.843305591196025,0.022704721729539634,254.04884887326784,GNSS_LOCKED
1711,171.10000000000002,3.723020395286136,-4.557503235988305,10.049950226754339,-0.39390720491090164,-0.4955232392193731,0.08641228681629072,-8.06,-37.44,-1.37,9.557351432178958,1,-914.173994308655,1483.2561926161177,-0.43726733284911257,-7.158537274281008,11.075057690851246,0.11594543696167423,252.66206597415885,GNSS_LOCKED
1712,171.20000000000002,4.591461433427707,1.6737760413768366,9.523645950929659,0.0981871396726617,0.06517464695552036,0.10442107544516337,-9.0,-37.69,-1.44,8.313236592806943,1,-914.8937889581913,1484.3633702948086,-0.43234262941329543,-7.206082083785886,10.887136134724154,0.10066662406270846,252.4269627304708,GNSS_LOCKED
1713,171.3,-4.023614639041214,-1.9829359644932034,9.610006310466849,-0.39862657534038487,-0.4886492856844722,0.12543902515745042,-8.62,-36.62,-1.12,8.501371666836786,1,-915.6219204201408,1485.4618913035565,-0.4210318207109071,-6.945136045222481,11.113928007887568,-0.10180853718413412,250.55979313087875,GNSS_LOCKED
1714,171.4,3.440685307260183,-0.11822649787833137,9.561947213910111,-0.20713288405957384,-0.18063136368455363,-0.0370583161331119,-9.25,-35.37,-2.0,8.39702951007486,1,-916.3277048277879,1486.5704433242738,-0.42278454770122176,-7.007011087988278,11.001826038679098,-0.046974349372035366,250.51788644079284,GNSS_LOCKED
1715,171.5,-2.8353354378975837,0.5781746091898696,10.507028355624167,-0.31084399164675874,-0.34093162571544766,0.031239869464062334,-8.69,-36.69,-3.12,7.978016764826258,1,-917.0450534909827,1487.6776830385752,-0.41647082786708917,-6.81089736714322,11.035525437490262,-0.16127099260853944,249.77965281524212,GNSS_LOCKED
1716,171.60000000000002,2.242489846538762,0.23271678147542177,10.135566863663339,-0.27309108314932606,-0.32992999979428655,0.03138862118778054,-9.0,-37.94,-2.06,8.113425633620018,1,-917.7459276949244,1488.794091492864,-0.41857991022509045,-6.860817500953933,11.051166903511575,-0.09708647489704245,249.11011586905033,GNSS_LOCKED
1717,171.70000000000002,-0.7467031160330151,0.7898807878246329,9.72682149972601,0.014971305983632164,-0.007300840172031333,0.010963016461125711,-8.94,-37.44,-1.87,8.118126542594611,1,-918.4542832996474,1489.9197473116924,-0.4141340691558834,-6.807037538328187,11.162319695933753,-0.18515817172004942,249.19552750391108,GNSS_LOCKED
1718,171.8,0.5701439190876596,0.25825788538659705,10.352096147938495,-0.18760080192419273,-0.3591297214379717,-0.0008957104915173426,-9.06,-37.37,-1.69,7.941508431740887,1,-919.1616559649883,1491.0503311848497,-0.41494775944675627,-6.841403575893107,11.218822446303605,-0.1501210466106909,248.84150563828587,GNSS_LOCKED
1719,171.9,5.807016826135807,-1.0780945310727337,9.583336735346759,0.23481266962889832,0.18250421964021726,-0.00574369178013384,-9.12,-37.25,-1.5,8.034333625326694,1,-919.8584100775822,1492.1790145121724,-0.4209177515037809,-6.992037855380294,11.189982696919296,0.014399099677987533,249.4810433675422,GNSS_LOCKED
1720,172.0,1.4490438283814924,-0.6397083366955083,9.70141872137224,-0.27802072475002565,-0.30548276505820926,-0.04290311016536396,-8.87,-37.5,-1.12,8.118126542594611,1,-920.5650792363731,1493.30326125296,-0.41702121180281404,-6.915049998951931,11.210021957144107,-0.022327539869962883,249.34191510552637,GNSS_LOCKED
1721,172.10000000000002,3.5170193370705913,0.41091015074196197,10.167620114888672,0.3239284887096325,0.19241849069124697,-0.11878080081560313,-8.5,-36.44,-0.75,8.474872785051357,1,-921.2681589517042,1494.4382373202136,-0.4159615997799168,-6.9266585656683795,11.210918907684635,0.02711701188061629,250.9198507000183,GNSS_LOCKED
1722,172.20000000000002,-0.7613520351928176,-0.09236016247830064,9.923822324028919,-0.08515583475091279,0.013695061192997028,0.03262145163531662,-8.31,-36.0,-0.94,7.056307433896269,1,-921.9710493891077,1495.5711123295707,-0.4090660785397588,-6.773672020570415,11.309914775697678,-0.07724116180890991,250.85331904417907,GNSS_LOCKED
1723,172.3,0.04122268352172165,-2.0779101738896357,9.958299607343074,0.019474490256045508,-0.1516788321101295,0.07062185298457085,-8.25,-34.87,-1.06,7.721233471245026,1,-922.6684225297192,1496.7089689851375,-0.4071885598359337,-6.771182757371094,11.452101164604256,-0.08440360905360329,249.99467011002037,GNSS_LOCKED
1724,172.4,2.512088742945529,1.320612968991991,9.836280495375094,-0.1529985205784554,-0.1593460565364735,0.05966219043145298,-8.81,-35.87,-3.62,7.37013953043345,1,-923.3558867510615,1497.8696685118566,-0.40673274666041787,-6.752346020945426,11.461420385796107,-0.06576332907481505,249.4714361901819,GNSS_LOCKED
1725,172.5,-0.4119802200766454,-0.13149063546792533,9.896707735961987,-0.17068814813680297,-0.00012775792730571961,0.10238256572063828,-7.87,-37.31,-2.69,10.02990510667579,1,-924.0584392265137,1499.0264941330834,-0.40213791208449795,-6.779747342738373,11.548252548563024,-0.12040685810213697,249.05102076323328,GNSS_LOCKED
1726,172.60000000000002,3.07869654378126,-0.27760813992554983,11.16243871257336,-0.031083882391220383,-0.23310199793969422,0.13410231471533807,-8.12,-37.19,-2.37,10.70682718830453,1,-924.747248004598,1500.1934256563684,-0.40590741400168917,-6.772986978348618,11.581456530221619,0.02066627331296302,247.95727981881,GNSS_LOCKED
1727,172.70000000000002,0.5523050405506391,1.293983784067729,8.777328883478852,0.15098351802158821,-0.09591870191141345,0.1622484511773661,-8.25,-37.56,-1.69,10.64436293971909,1,-925.4331890336268,1501.3689616400593,-0.39862378702111,-6.680171574016101,11.645580290988548,-0.11855881063466528,246.9045691134043,GNSS_LOCKED
1728,172.8,-0.06298730464301312,-3.0931444128265153,10.124532752223873,-0.19474496439480693,-0.23946930378485295,0.20396752532612433,-7.56,-38.0,-1.75,11.05899594719812,1,-926.1192538145898,1502.5270094689583,-0.39908141273905445,-6.669094964617796,11.726823985233642,-0.0916500642758028,245.14440992082982,GNSS_LOCKED
1729,172.9,1.5597219780916016,0.21050775358382626,9.020610233611645,0.3612210850309148,0.1680861002248636,-0.0774240959926928,-9.06,-37.94,-1.19,10.153488779293646,1,-926.7897843165042,1503.7098662113024,-0.3980099508235677,-6.571178636138397,11.758755210724498,-0.13404622348960277,245.8646378655887,GNSS_LOCKED
1730,173.0,-1.4834411925401374,-2.408044965724204,10.617621618391071,-0.006503115045733131,-0.1132978658356761,0.07409826645599137,-7.94,-37.31,-1.62,9.933126507088902,1,-927.4723084207756,1504.8870494788114,-0.3971984470831342,-6.561851075558255,11.911701315993888,-0.11965078558591268,244.8577041720294,GNSS_LOCKED
1731,173.10000000000002,3.895030729432016,-0.5510462955628398,9.09499703446498,0.2407377494184418,0.3192622138133433,0.03977316728582951,-8.0,-37.12,-2.0,10.086271423584295,1,-928.1522011607836,1506.0822601766813,-0.39880815939887776,-6.782014135007197,11.888689859715996,-0.06045973073120565,245.1423732604821,GNSS_LOCKED
1732,173.20000000000002,0.8441424360342358,-1.4956048310963292,9.372077824414793,0.02822374725398419,0.032456797631886865,-0.09429197409337638,-8.12,-37.5,-2.06,10.062646308106006,1,-928.836311338261,1507.2785575032237,-0.39766842107661404,-6.737929469748266,12.012398816639825,-0.08405280817498431,245.6703919097862,GNSS_LOCKED
1733,173.3,2.9872760716921185,0.3141487670977655,11.020931715314575,-0.14866332962691745,-0.15986327960251634,0.11575718664068413,-8.19,-38.0,-1.94,9.964887592170408,1,-929.5207090557329,1508.4805657748127,-0.40041002651701607,-6.764054549017787,11.94168751907308,0.03259271321264835,244.87647148668697,GNSS_LOCKED
1734,173.4,0.7534187756308746,0.8008888615974769,8.777177238719517,0.1549584663845698,0.04354255580956867,-0.008818136385469886,-8.44,-36.81,-2.37,10.09421374748895,1,-930.202967844875,1509.6804358454474,-0.39425099549234427,-6.69120987998195,11.9351512414934,-0.08751357329914229,245.12058153970384,GNSS_LOCKED
1735,173.5,1.6345473140619973,0.16341802931190802,9.06114400921807,0.21152442426194137,0.08856961471327891,0.024792968563597598,-8.44,-37.5,-2.19,10.272660471764246,1,-930.8741285369751,1510.8839070002039,-0.39412798628505136,-6.631570343325961,11.990377949406959,-0.11483534082156933,245.0996679378564,GNSS_LOCKED
1736,173.60000000000002,-1.5195412167217066,-0.4929128087905539,10.81932233661675,0.03296152876955302,0.018704498867312774,-0.1499376181726808,-8.06,-37.0,-1.81,10.223601509691427,1,-931.5480411711745,1512.086021810903,-0.3938227155845545,-6.49522790614372,12.090204321461455,-0.10486962270899242,246.03172570662264,GNSS_LOCKED
1737,173.70000000000002,3.261460250136967,-1.9929036643957774,9.305238195297012,0.2037158750674209,0.23368037700090183,0.03596002850709851,-8.25,-37.31,-2.06,10.031227010159826,1,-932.2052600537787,1513.2877990307857,-0.3969254277104754,-6.611530891055974,12.0751638733676,-0.04872922767715098,245.76715545231446,GNSS_LOCKED
1738,173.8,0.967090787002984,1.0410862678461865,8.92815428196646,-0.02657277184306701,0.06366142087148821,-0.07710642832604522,-8.87,-37.87,-1.56,10.117838862967242,1,-932.8675183196116,1514.4996173246054,-0.39483646214084334,-6.531935761052598,12.059858566149595,-0.11740361638969524,246.3048305238502,GNSS_LOCKED
1739,173.9,1.7719232529316091,-0.3790871744848254,10.710456409969716,0.05457072052149965,0.08341379455772552,-0.17156630012693616,-8.94,-37.06,-1.06,10.057889938027891,1,-933.526120259273,1515.7002554656451,-0.3984172136983648,-6.521751974669861,12.014546114395957,-0.026433841523286847,247.33284396713788,GNSS_LOCKED
1740,174.0,0.3883409352278833,-0.9030959764721619,9.56509460880059,0.11370329302423259,0.08288468682678007,0.0733010903402677,-8.06,-37.19,-1.56,10.291617498670208,1,-934.1754108854822,1516.900515396938,-0.39703026628944327,-6.411867466675397,12.060281765060838,-0.06424644171577007,246.85090811114378,GNSS_LOCKED
1741,174.10000000000002,0.6157402613088448,0.5129465239163771,9.674566767778568,-0.06820439830940796,-0.05342064683308392,-0.027640812997930246,-8.87,-37.37,-1.81,10.32503157921046,1,-934.8184033174423,1518.1078108602414,-0.3965337072299333,-6.335580507599364,12.054697375043556,-0.08466319264698284,246.9402802414121,GNSS_LOCKED
1742,174.20000000000002,-0.9851470058605105,-1.9773215200775085,10.045237938599685,0.015802035602934247,0.07274900249917397,-0.05089094522779839,-8.56,-36.69,-1.37,10.29877966487002,1,-935.4618958988432,1519.306311434592,-0.3961065283243974,-6.298686696305205,12.128730252351197,-0.09237710917123049,247.0469826120783,GNSS_LOCKED
1743,174.3,1.0521377011420587,-1.131500772573816,10.103142564543983,0.06338452507110343,0.24942150896797535,-0.07214917078975241,-9.37,-35.75,0.38,10.334499100602727,1,-936.087901614712,1520.5103226893352,-0.3985272361819145,-6.218985117514126,12.099246741749257,-0.05454667436408484,247.58197197435243,GNSS_LOCKED
1744,174.4,-0.8005418335440017,1.878232131874905,9.432665700189881,0.16249330689212693,0.16218601495650092,-0.07942639213630893,-9.75,-33.5,-0.62,10.370020933683493,1,-936.7183420950823,1521.718993203978,-0.39555446030224006,-6.139931626415585,12.019378847135943,-0.1258308783820089,248.1858781872132,GNSS_LOCKED
1745,174.5,1.8196764068160738,0.1803902799404645,10.238716572470397,-0.09240670602356106,-0.10088093491784,0.04589006049219908,-10.19,-31.87,-1.87,10.741644004278522,1,-937.3366100247755,1522.912390388154,-0.3991734657316777,-6.1756609577109485,11.91414393961634,-0.06072369089808592,247.7508577681006,GNSS_LOCKED
1746,174.60000000000002,3.386633827390249,-2.3839416307904795,10.40254863195362,-0.004513583641490455,0.020875939006457813,-0.04314814866607747,-10.06,-34.5,-3.19,10.948064143992438,1,-937.9470144576791,1524.1013702706227,-0.40344261167347945,-6.222488697052348,11.961582334397995,0.0370242518792219,247.7439351114852,GNSS_LOCKED
1747,174.70000000000002,0.38760535933519724,1.3601919343973945,9.933380640900403,-0.2897404411705313,-0.3275745628115795,-0.05386717506151986,-8.94,-36.25,-4.0,10.666521244828793,1,-938.5709753155194,1525.2991159533942,-0.39971697571980475,-6.141915780774598,11.90966260706588,-0.011752483925584539,247.88175114878487,GNSS_LOCKED
1748,174.8,4.995878626591515,-1.6941536644991113,10.274410121726225,-0.19022477526150813,-0.20044189784572428,0.031699218676695416,-8.81,-37.31,-2.56,10.582107698575994,1,-939.1663379759041,1526.4783184963103,-0.4037727369361958,-6.122949177547493,11.799929685845143,0.09816154310016734,246.7460097480851,GNSS_LOCKED
1749,174.9,-1.5958119657426666,-2.3677754569664344,10.0923399549054,0.2549400214284783,0.20622019598947489,0.004539409665315181,-8.69,-37.19,-2.31,10.015244476971434,1,-939.7716791139003,1527.645319161949,-0.3978419573374285,-5.894965126713956,11.82795926996218,0.01789665920351054,246.6964722036575,GNSS_LOCKED
1750,175.0,4.666096989234894,0.5610374085779699,9.378604788198999,-0.33279944419150387,-0.35949403116312567,-0.05656528532511539,-8.94,-37.62,-2.25,10.59865153995862,1,-940.3523870094809,1528.8344777797743,-0.3979892196538941,-5.92153702857653,11.76357639614302,0.03688601784987512,246.8125956095401,GNSS_LOCKED
1751,175.10000000000002,-1.7914775595856673,0.6393653540370964,9.991950970534134,-0.19404844872826094,-0.004801190095064504,-0.034593035712792514,-9.06,-37.62,-1.94,10.435747738524366,1,-940.952203182835,1530.00793555882,-0.3920703258504292,-5.7647354253686,11.731820967254182,-0.06710507573960957,247.1824362733637,GNSS_LOCKED
1752,175.20000000000002,-1.4740901132447795,1.007369850355758,9.59211005267497,-0.18455991487635465,-0.36909274965793043,0.02523628282415984,-8.5,-37.06,-2.37,10.523042739422738,1,-941.5394680878444,1531.1810089018456,-0.3893206715609944,-5.6566932433770845,11.693010984031503,-0.14907937639705074,246.73635919518935,GNSS_LOCKED
1753,175.3,3.8799076875295193,1.1751362718765557,9.75014197069814,0.10385689605646856,0.18214317702791474,-0.0748293271631757,-9.81,-37.56,-1.62,10.485043148845765,1,-942.1089748976996,1532.3427978632797,-0.39405876817320973,-5.702693177076735,11.472245514961223,-0.07014731105045145,247.41101154766574,GNSS_LOCKED
1754,175.4,1.4427602095311238,0.16201457238397876,8.782971208886487,-0.10458704709856438,-0.1428900486179318,-0.09412945121038238,-8.62,-37.44,-1.37,10.087959590297684,1,-942.6806884308662,1533.4991043339935,-0.3933981431827346,-5.666740712576808,11.509859603051451,-0.12194188829981659,247.9029287225108,GNSS_LOCKED
1755,175.5,1.7585530012547919,1.0347203753451608,9.939803830389376,0.15917304135516672,0.0810253792782804,-0.04219230757563745,-7.56,-37.19,-1.62,10.628754360153309,1,-943.2553871052307,1534.6653642678898,-0.39563654555861966,-5.659781778596303,11.552962042987078,-0.08925832299663719,248.55568140283287,GNSS_LOCKED
1756,175.60000000000002,0.4789589366110218,1.4040185147188449,10.348791720165554,-0.09682719108019028,-0.08217458696919823,0.10071917555243386,-8.69,-37.44,-1.44,9.258178293107548,1,-943.8237999975157,1535.8281820244435,-0.396531750272754,-5.536313266714249,11.541011928590775,-0.07651762690984235,247.9873478738907,GNSS_LOCKED
1757,175.70000000000002,2.1092764070450976,-1.5117532660355049,9.716893968821205,0.1627005897804164,0.0731866599060833,0.015779762257269677,-8.37,-37.69,-1.12,9.983678600563119,1,-944.3747501358692,1536.9787737562851,-0.39857921279181124,-5.500799485781256,11.546184071546437,-0.04000043222349809,247.8333433654848,GNSS_LOCKED
1758,175.8,1.4081398022958538,0.5270040856527546,10.131681471547331,-0.07341586188180389,-0.025645179390579215,0.02024168960776019,-9.12,-37.12,-1.44,10.020971745062296,1,-944.9230917038019,1538.1269975042649,-0.39871860351675475,-5.405356694605501,11.438595549067747,-0.028445608943556713,247.6507381877536,GNSS_LOCKED
1759,175.9,2.26230520903824,0.9223159941770953,9.869888322470704,-0.08129109190501178,-0.2239854346678941,0.06439668806332723,-9.44,-37.37,-1.69,10.170158109015695,1,-945.4753425536975,1539.2697367602398,-0.3980027384467801,-5.47137813835317,11.339740120031154,-0.018768098952187156,247.2360386678562,GNSS_LOCKED
1760,176.0,-1.8253289013527614,0.09578563999551931,9.687734532544592,-0.04414336238611227,0.039913020304111424,0.0047206321030088495,-8.25,-36.19,-1.69,10.18683283860154,1,-946.0215154291282,1540.4107998831728,-0.39426605370999157,-5.244700547211178,11.43732382591758,-0.11702348485949882,247.1817566932715,GNSS_LOCKED
1761,176.10000000000002,1.7003039252160739,1.2756880353864277,9.951944751065831,0.226648326557867,0.2750779690195115,-0.037972319242036895,-8.75,-36.62,-0.87,10.218577413228607,1,-946.5502453936848,1541.5551525783903,-0.39647605890684967,-5.204705767971536,11.34611037943375,-0.08744137187916609,247.72130493691384,GNSS_LOCKED
1762,176.20000000000002,-2.1764376438059245,-1.776758827356921,9.773582122846966,0.07450690070691181,0.13178524293994698,-0.12406007210343523,-9.31,-36.31,-1.12,10.830619636477428,1,-947.0887469844439,1542.675346541199,-0.3951512769084963,-5.192143269282471,11.348659038096093,-0.1326223854674734,248.58669255858777,GNSS_LOCKED
1763,176.3,2.1401365083266337,0.3132370110715009,9.827488193868385,-0.11937872991637417,-0.1497346162711967,0.02358629970281187,-9.06,-36.87,-1.5,10.605702759193745,1,-947.6100704839652,1543.8072591082268,-0.39871322787989366,-5.208044406304236,11.271205028481413,-0.08407369736378482,248.26488709037517,GNSS_LOCKED
1764,176.4,-1.9401742538756688,1.5576373749851102,9.488678987754168,0.2917034855595999,0.24947682647854882,-0.011466889838675706,-9.19,-37.19,-2.12,10.046624461258748,1,-948.1424058687281,1544.9293821772515,-0.3961693018412562,-5.100274025148793,11.184287640198068,-0.16812148853702996,248.72400375578883,GNSS_LOCKED
1765,176.5,2.62086992760612,-0.8984364318580141,10.053120322093044,-0.0021228619109161014,0.08503528424176292,-0.041963721131827274,-9.06,-36.75,-0.81,9.948724265240147,1,-948.6580529678946,1546.0412332863546,-0.4018615942162793,-5.2055322450112245,11.132501122840717,-0.07566427760010211,248.8751638157775,GNSS_LOCKED
1766,176.60000000000002,1.872727307372547,-1.4159469315755981,10.020695910423727,0.2008072118440332,0.2137955677339773,0.0638301565776859,-8.94,-37.0,-1.44,9.921313538630551,1,-949.1792776381658,1547.1502018416436,-0.40419060950140806,-5.245162181499415,11.139693297531329,-0.029910042584437423,248.39538108102897,GNSS_LOCKED
1767,176.70000000000002,2.7737964784639844,-1.243327649975562,10.231552431614034,-0.0440167900500455,-0.06832694170227357,0.023389981430183365,-9.0,-37.31,-1.75,9.811049680947912,1,-949.6929014045588,1548.2521528824852,-0.40641766311050986,-5.232166202526579,11.053323141137593,0.026104402501699445,247.8195328908273,GNSS_LOCKED
1768,176.8,1.2204091024168715,1.5577801362661123,9.597149294962165,0.11034999254189964,0.16090636758435342,0.038420827903776614,-9.44,-36.44,-0.06,9.884020394131374,1,-950.2014405722381,1549.351196905802,-0.4041418715538058,-5.05751017533092,10.902378971951315,-0.02384686218623279,247.52648470250125,GNSS_LOCKED
1769,176.9,-0.14525537141699968,2.5450818771390464,8.888528897727277,0.10833731219655697,0.23291251542854396,-0.1666871529025978,-8.87,-36.25,-0.5,11.29955310125432,1,-950.7107738889415,1550.452539394795,-0.4005642660525935,-4.987887661316504,10.893136266538768,-0.12605737844545406,248.80051156757736,GNSS_LOCKED
1770,177.0,-1.6402081386459755,0.478964635270405,10.780097119232266,-0.27372935179731805,-0.232159089035028,-0.045265873934411165,-10.0,-35.5,-1.75,11.280335237616706,1,-951.2215486772352,1551.531323957031,-0.40269932667752195,-4.947319960173503,10.820831898515115,-0.08404973788399489,249.18185744253555,GNSS_LOCKED
1771,177.10000000000002,0.34987028715573015,1.9564460793564213,9.865506942409827,0.16875083782206174,0.210989137987582,-0.09430820953453249,-9.5,-36.75,-1.87,11.188940134312753,1,-951.7226188582241,1552.6191368132047,-0.40303688529852416,-4.9278633946746835,10.775339294255568,-0.09173059296127122,249.8574439060464,GNSS_LOCKED
1772,177.20000000000002,-3.6124275286958967,-0.2669287516092386,9.603359084272773,-0.23703068347460352,-0.15980563233349762,0.06923947548944391,-9.31,-37.31,-2.12,11.286803489147866,1,-952.2241809288613,1553.6926228031853,-0.40163756396877276,-4.797083287597649,10.830044634343158,-0.15629107295049607,249.4351435145614,GNSS_LOCKED
1773,177.3,1.6487864838168491,2.0982153399920196,12.154443839921473,0.5641046876801803,0.6034559255364333,-0.04254747080864981,-9.19,-37.12,-1.44,8.510462124227008,1,-952.7217619768891,1554.7787760686454,-0.40796500420701537,-4.9210395756525696,10.723643314835929,0.024073497224741107,250.0508750939988,GNSS_LOCKED
1774,177.4,-3.879747629514073,1.6132594913584886,10.082638204102222,0.0944167715542693,0.39576144710374145,-0.046097833307232,-8.94,-37.5,-1.0,11.51959447005412,1,-953.225059241911,1555.8554709996142,-0.4030496666896829,-4.794375311195274,10.778464106901964,-0.04399901095419603,250.28524127610262,GNSS_LOCKED
1775,177.5,2.9557296354899583,-0.0499252608305847,10.20067891614168,0.502682372826343,0.34603905222345954,0.1775856311359884,-9.44,-37.06,-0.75,14.279856326106868,1,-953.7152534011942,1556.9223296268988,-0.4043735385532996,-5.062647740867079,10.652772266802307,-0.01579366287156119,248.97268266043534,GNSS_LOCKED
1776,177.60000000000002,-0.46742350904224306,0.1279319007256849,8.48365329630881,0.09077579772785549,0.09398627573549254,-0.13251767625582422,-9.25,-37.62,-0.37,12.106259625008354,1,-954.2055333547083,1557.9829118420016,-0.40241384439655165,-4.9358599991229815,10.644860024584098,-0.13552852164642964,249.6603608389612,GNSS_LOCKED
1777,177.70000000000002,-1.4487262683228133,3.289281468863916,10.823309711823823,0.09170902728603708,0.16011934242418996,0.01932331482675546,-9.5,-36.62,-0.81,12.231628969851508,1,-954.7057434064707,1559.0413094722192,-0.40593615917807513,-4.907153475966245,10.49486773516659,-0.06286869407879261,249.59213689518978,GNSS_LOCKED
1778,177.8,0.8014728509144431,-0.6807792969587237,7.869004318087484,0.006231546272943653,-0.20973951678039066,-0.17158316622494293,-9.94,-37.19,-1.0,12.26274580759216,1,-955.1944351285009,1560.0780366597496,-0.4046273287475867,-5.004412662528041,10.42624609127412,-0.20207754925363033,250.20335126373797,GNSS_LOCKED
1779,177.9,-2.518511641732831,1.979147369912717,10.41722754328731,-0.29884146037686,-0.21182727244048524,-0.054797885089208076,-10.0,-36.62,-0.75,11.721774554912841,1,-955.6870829811799,1561.1202851751266,-0.4104453588264024,-4.815678465195048,10.417263676283104,-0.13965621351504487,250.48872844104983,GNSS_LOCKED
1780,178.0,-1.5637548106712003,2.253758425619912,10.621357015986701,-0.0864939946332183,0.09867873287406595,0.00835862253948214,-9.62,-37.25,-0.5,11.555298025881761,1,-956.1846638448483,1562.1714612010728,-0.4132771348719372,-4.874029010484762,10.455022337433856,-0.08258766197934558,250.3190547647617,GNSS_LOCKED
1781,178.10000000000002,-1.523534407682172,1.6924412572605918,10.34717071857475,0.03940447623359442,0.07136581537143723,0.03587461009022989,-9.69,-37.25,-0.56,11.555298025881761,1,-956.666941884984,1563.2035497358224,-0.4150126196151537,-4.759823446182843,10.30912646768719,-0.06459406583900856,250.17815026934136,GNSS_LOCKED
1782,178.20000000000002,1.2147396905724566,-1.5745811781457333,9.690016909044955,-0.1992188287671997,-0.10250038533271803,-0.11555422654005122,-9.31,-37.25,-1.5,12.582139449461774,1,-957.1534451610335,1564.2341332983644,-0.41560644681598824,-4.99632462603375,10.396287926282923,-0.08137285756472568,250.59812784465197,GNSS_LOCKED
1783,178.3,0.8468755201158797,1.360857609963101,9.506173025925522,0.0340646903581608,0.04618958995593091,0.01955118028420773,-9.12,-37.31,-0.94,12.09706454725745,1,-957.6539754780592,1565.2752713584125,-0.41641643451233784,-5.065068531504343,10.349948022849327,-0.10318653619726559,250.59122274103007,GNSS_LOCKED
1784,178.4,0.46903498448183695,-0.6658031838426183,10.264033762791176,-0.04756251055558609,0.07866993180037776,0.008981058967275064,-9.62,-37.37,-0.31,12.309617267120057,1,-958.1547018528329,1566.3162586300498,-0.41939443724031034,-5.0866118435305125,10.45825242609317,-0.06989209163076512,250.65398947379475,GNSS_LOCKED
1785,178.5,1.1505662828549652,0.545897795106835,10.428000640393863,-0.07157395219556485,-0.027349793385222997,0.0319126647099958,-9.44,-35.69,-0.19,11.552250848480075,1,-958.6510512304654,1567.3714225207782,-0.4215947831362207,-5.061248724350079,10.51951431546093,-0.0339638682033012,250.79181606607546,GNSS_LOCKED
1786,178.60000000000002,3.707698930512534,0.5149133145397691,9.32297009590752,0.06020301372594544,0.12721120062540275,-0.026009182489212433,-10.12,-35.75,-0.44,13.198043140063973,1,-959.1455775305463,1568.4287069663392,-0.4217257857332575,-5.169708562375149,10.499688339027271,-0.05814813475176963,251.1623663167997,GNSS_LOCKED
1787,178.70000000000002,0.1041762522637684,-1.9405875267777004,11.04021840224998,0.295954761099077,0.24102978771170283,-0.03611773551096137,-9.69,-36.44,-1.75,13.771096707672893,1,-959.6512526485396,1569.4795476854708,-0.42420624909144994,-5.131380252909732,10.635178615326293,0.009511649007734777,251.2572273943038,GNSS_LOCKED
1788,178.8,3.153944596821289,0.5828095874629591,9.521000028092798,0.05245160892746765,-0.07731423623486809,0.10535348877155899,-9.5,-37.75,-0.75,12.141988348612015,1,-960.1541827781067,1570.5395166221815,-0.422566626458398,-5.233168572892923,10.551853729077601,-0.02619380450976451,250.61066931930506,GNSS_LOCKED
