timestamp_ms,accel_x,accel_y,accel_z,gyro_x,gyro_y,gyro_z,mag_x,mag_y,mag_z,gnss_lat,gnss_lon,gnss_alt,gnss_speed,gnss_bearing,gnss_accuracy,engine_state,ml_speed,heading_deg,pos_e,pos_n,pos_u,nhc_enabled,vnhc_enabled,compass_accepted,map_accepted
1788925787853,-1.8365,2.6028,9.3888,-0.0032,-0.03102,0.00333,-12.73,25.56,-6.43,0.0,0.0,0.0,0.0,0.0,11.3,GNSS_LOCKED,1.43,338.48,-0.27,0.36,1.36,False,False,False,False
1788925787961,-2.0231,2.6937,9.1735,-0.0,0.00945,-0.002,-13.01,25.82,-6.49,0.0,0.0,0.0,0.0,0.0,11.3,GNSS_LOCKED,1.43,338.48,-0.27,0.36,1.35,False,False,False,False
1788925788064,-1.9729,2.7009,9.2094,0.00213,-0.0028,-0.0004,-12.64,25.48,-5.79,0.0,0.0,0.0,0.0,0.0,11.3,GNSS_LOCKED,1.43,338.47,-0.27,0.36,1.35,False,False,False,False
1788925788174,-1.9848,2.6913,9.2237,-0.0,0.00626,0.00013,-12.94,25.37,-6.11,0.0,0.0,0.0,0.0,0.0,11.08,GNSS_LOCKED,1.43,338.45,-0.27,0.36,1.35,False,False,False,False
1788925788280,-1.9968,2.6865,9.2022,-0.00479,0.01105,0.00067,-13.29,25.09,-6.09,0.0,0.0,0.0,0.0,0.0,11.08,GNSS_LOCKED,1.43,338.42,-0.28,0.36,1.35,False,False,False,False
1788925788395,-2.0016,2.7033,9.2094,0.00746,0.01212,0.00759,-12.24,25.5,-6.19,0.0,0.0,0.0,0.0,0.0,11.08,GNSS_LOCKED,1.43,338.34,-0.28,0.36,1.35,False,False,False,False
1788925788503,-1.9825,2.7153,9.1926,0.00639,-0.00333,0.00067,-12.17,25.74,-5.78,0.0,0.0,0.0,0.0,0.0,11.08,GNSS_LOCKED,1.43,338.32,-0.28,0.36,1.34,False,False,False,False
1788925788612,-2.0423,2.677,9.2046,0.0016,0.00146,0.00173,-12.21,25.65,-6.39,0.0,0.0,0.0,0.0,0.0,11.08,GNSS_LOCKED,1.43,338.3,-0.28,0.36,1.34,False,False,False,False
1788925788730,-2.016,2.6818,9.2118,-0.00213,0.00146,-0.00093,-11.68,25.14,-7.18,0.0,0.0,0.0,0.0,0.0,11.08,GNSS_LOCKED,1.43,338.31,-0.28,0.36,1.34,False,False,False,False
1788925788839,-2.0183,2.6818,9.2046,-0.00053,0.00093,-0.00093,-12.53,25.43,-6.69,0.0,0.0,0.0,0.0,0.0,11.08,GNSS_LOCKED,1.43,338.32,-0.28,0.36,1.34,False,False,False,False
1788925788954,-2.0447,2.6674,9.2118,-0.00107,0.00146,0.00013,-12.0,25.2,-6.23,0.0,0.0,0.0,0.0,0.0,11.08,GNSS_LOCKED,1.43,338.33,-0.28,0.36,1.34,False,False,False,False
1788925789064,-2.0255,2.6889,9.1926,-0.00053,-0.00013,0.00067,-12.08,25.26,-6.15,0.0,0.0,0.0,0.0,0.0,11.08,GNSS_LOCKED,1.43,338.32,-0.28,0.35,1.33,False,False,False,False
1788925789176,-2.0303,2.677,9.2094,0.00053,-0.00013,0.00013,-11.98,25.41,-6.15,0.0,0.0,0.0,0.0,0.0,10.98,GNSS_LOCKED,1.43,338.33,-0.28,0.35,1.33,False,False,False,False
1788925789290,-2.0231,2.7224,9.1615,0.00266,0.00146,0.00067,-12.06,25.03,-6.28,0.0,0.0,0.0,0.0,0.0,10.98,GNSS_LOCKED,1.43,338.31,-0.28,0.35,1.33,False,False,False,False
1788925789401,-2.0471,2.6937,9.1974,-0.00107,0.00093,0.00013,-12.11,25.01,-6.26,0.0,0.0,0.0,0.0,0.0,10.98,GNSS_LOCKED,1.43,338.3,-0.28,0.35,1.33,False,False,False,False
1788925789515,-2.0327,2.6889,9.2046,-0.0,0.00093,0.00013,-12.17,25.63,-6.15,0.0,0.0,0.0,0.0,0.0,10.98,GNSS_LOCKED,1.43,338.29,-0.28,0.35,1.32,False,False,False,False
1788925789623,-2.0327,2.6913,9.1998,0.00053,-0.00013,0.00013,-12.71,25.16,-6.66,0.0,0.0,0.0,0.0,0.0,10.98,GNSS_LOCKED,1.43,338.29,-0.28,0.35,1.32,False,False,False,False
1788925789735,-2.0375,2.7033,9.1902,-0.00107,0.00093,0.00013,-12.08,25.11,-6.39,0.0,0.0,0.0,0.0,0.0,10.98,GNSS_LOCKED,1.43,338.28,-0.28,0.35,1.32,False,False,False,False
1788925789843,-2.0327,2.6889,9.1998,0.00053,0.0004,0.00013,-11.93,25.29,-6.34,0.0,0.0,0.0,0.0,0.0,10.98,GNSS_LOCKED,1.43,338.27,-0.28,0.35,1.31,False,False,False,False
1788925789951,-2.0255,2.6818,9.1974,-0.0,-0.00013,0.00013,-11.64,25.39,-6.62,0.0,0.0,0.0,0.0,0.0,10.98,GNSS_LOCKED,1.43,338.27,-0.28,0.35,1.31,False,False,False,False
1788925790067,-2.0279,2.6865,9.1926,-0.00053,-0.00067,0.00013,-12.56,25.14,-6.83,0.0,0.0,0.0,0.0,0.0,10.98,GNSS_LOCKED,1.43,338.26,-0.28,0.35,1.31,False,False,False,False
1788925790180,-2.0303,2.6794,9.1854,-0.00053,-0.00013,0.00013,-12.68,25.2,-6.51,0.0,0.0,0.0,0.0,0.0,11.04,GNSS_LOCKED,1.43,338.26,-0.28,0.35,1.31,False,False,False,False
1788925790290,-2.0231,2.7009,9.1974,0.00107,0.0004,0.00013,-12.15,25.14,-6.06,0.0,0.0,0.0,0.0,0.0,11.04,GNSS_LOCKED,1.43,338.25,-0.28,0.35,1.3,False,False,False,False
1788925790397,-2.0303,2.6794,9.2189,-0.00053,-0.00013,0.00013,-12.19,25.76,-6.41,0.0,0.0,0.0,0.0,0.0,11.04,GNSS_LOCKED,1.43,338.25,-0.28,0.35,1.3,False,False,False,False
1788925790509,-2.0423,2.7129,9.1472,-0.0016,0.0036,-0.00093,-12.88,25.74,-6.19,0.0,0.0,0.0,0.0,0.0,11.04,GNSS_LOCKED,1.43,338.23,-0.28,0.35,1.3,False,False,False,False
1788925790630,-2.0231,2.6985,9.2046,0.00107,-0.00173,0.00067,-12.71,25.37,-6.83,0.0,0.0,0.0,0.0,0.0,11.04,GNSS_LOCKED,1.43,338.21,-0.28,0.35,1.3,False,False,False,False
1788925790739,-2.0231,2.6937,9.1854,-0.0,-0.0012,0.00067,-12.6,25.48,-6.81,0.0,0.0,0.0,0.0,0.0,11.04,GNSS_LOCKED,1.43,338.2,-0.28,0.35,1.29,False,False,False,False
1788925790846,-2.0423,2.6937,9.2046,-0.00053,0.0004,0.00013,-12.39,25.46,-7.11,0.0,0.0,0.0,0.0,0.0,11.04,GNSS_LOCKED,1.43,338.19,-0.28,0.35,1.29,False,False,False,False
1788925790965,-2.0423,2.6913,9.1878,-0.00053,0.00093,0.00013,-11.76,25.63,-6.34,0.0,0.0,0.0,0.0,0.0,11.04,GNSS_LOCKED,1.43,338.18,-0.29,0.34,1.29,False,False,False,False
1788925791077,-2.0255,2.6722,9.207,-0.00053,-0.00067,0.00013,-12.0,25.78,-6.28,0.0,0.0,0.0,0.0,0.0,11.04,GNSS_LOCKED,1.43,338.18,-0.29,0.34,1.29,False,False,False,False
1788925791186,-2.0207,2.6865,9.2046,0.00053,-0.00013,-0.0004,-12.0,25.41,-6.0,0.0,0.0,0.0,0.0,0.0,10.93,GNSS_LOCKED,1.43,338.17,-0.29,0.34,1.28,False,False,False,False
1788925791301,-2.0327,2.6865,9.2022,-0.0,-0.00067,0.00013,-11.96,25.09,-5.78,0.0,0.0,0.0,0.0,0.0,10.93,GNSS_LOCKED,1.43,338.17,-0.29,0.34,1.28,False,False,False,False
1788925791411,-2.0255,2.6794,9.207,-0.0016,-0.00067,0.00013,-12.49,25.16,-6.39,0.0,0.0,0.0,0.0,0.0,10.93,GNSS_LOCKED,1.43,338.16,-0.29,0.34,1.28,False,False,False,False
1788925791521,-2.0136,2.7081,9.1974,0.00053,0.00146,0.00013,-11.85,24.9,-5.64,0.0,0.0,0.0,0.0,0.0,10.93,GNSS_LOCKED,1.43,338.14,-0.29,0.34,1.27,False,False,False,False
1788925791631,-2.0471,2.6674,9.2166,-0.0032,-0.00067,-0.00093,-12.19,24.77,-6.68,0.0,0.0,0.0,0.0,0.0,10.93,GNSS_LOCKED,1.43,338.15,-0.29,0.34,1.27,False,False,False,False
1788925791745,-2.0399,2.6554,9.2118,-0.00692,0.00306,-0.002,-12.15,25.26,-6.86,0.0,0.0,0.0,0.0,0.0,10.93,GNSS_LOCKED,1.43,338.16,-0.29,0.34,1.27,False,False,False,False
1788925791858,-2.0351,2.6818,9.1998,-0.00266,0.00253,0.00013,-12.11,25.54,-5.79,0.0,0.0,0.0,0.0,0.0,10.93,GNSS_LOCKED,1.43,338.15,-0.29,0.34,1.26,False,False,False,False
1788925791967,-2.0303,2.6626,9.2022,-0.0032,0.00413,-0.00093,-12.88,25.89,-5.87,0.0,0.0,0.0,0.0,0.0,10.93,GNSS_LOCKED,1.43,338.14,-0.29,0.34,1.26,False,False,False,False
1788925792078,-2.0327,2.6554,9.2142,-0.0032,0.00093,0.00013,-12.15,25.11,-6.11,0.0,0.0,0.0,0.0,0.0,10.93,GNSS_LOCKED,1.43,338.14,-0.29,0.34,1.26,False,False,False,False
1788925792188,-2.0399,2.7153,9.1831,-0.00107,0.0004,-0.00146,-12.51,24.24,-6.79,0.0,0.0,0.0,0.0,0.0,10.93,GNSS_LOCKED,1.43,338.12,-0.29,0.34,1.25,False,False,False,False
1788925792304,-2.0447,2.6506,9.2309,-0.0032,0.00146,-0.00146,-12.54,24.88,-6.43,0.0,0.0,0.0,0.0,0.0,10.93,GNSS_LOCKED,1.43,338.12,-0.29,0.33,1.25,False,False,False,False
1788925792415,-2.0638,2.6578,9.1998,-0.00053,-0.00013,0.00013,-12.23,25.01,-6.56,0.0,0.0,0.0,0.0,0.0,10.93,GNSS_LOCKED,1.43,338.11,-0.29,0.33,1.24,False,False,False,False
1788925792528,-2.0542,2.6698,9.2142,-0.00053,0.00093,0.00013,-12.02,24.99,-5.55,0.0,0.0,0.0,0.0,0.0,10.93,GNSS_LOCKED,1.43,338.1,-0.29,0.33,1.24,False,False,False,False
1788925792637,-2.0279,2.677,9.2022,-0.00053,-0.00013,0.00013,-11.53,25.33,-5.31,0.0,0.0,0.0,0.0,0.0,10.93,GNSS_LOCKED,1.43,338.08,-0.29,0.33,1.24,False,False,False,False
1788925792752,-2.0495,2.6913,9.1974,0.00107,-0.00013,0.00067,-12.32,25.39,-6.17,0.0,0.0,0.0,0.0,0.0,10.93,GNSS_LOCKED,1.43,338.06,-0.29,0.33,1.23,False,False,False,False
1788925792862,-2.0471,2.665,9.1998,-0.0,0.00093,-0.0004,-12.39,24.92,-6.6,0.0,0.0,0.0,0.0,0.0,10.93,GNSS_LOCKED,1.43,338.04,-0.29,0.33,1.23,False,False,False,False
1788925792975,-2.0542,2.6602,9.2022,-0.00053,-0.00013,-0.0004,-12.08,25.03,-5.61,0.0,0.0,0.0,0.0,0.0,10.93,GNSS_LOCKED,1.43,338.04,-0.3,0.33,1.22,False,False,False,False
1788925793090,-2.0518,2.6626,9.1998,-0.00053,-0.00013,0.00013,-12.66,24.66,-6.34,0.0,0.0,0.0,0.0,0.0,10.99,GNSS_LOCKED,1.43,338.03,-0.3,0.32,1.22,False,False,False,False
1788925793197,-2.0518,2.6674,9.2046,-0.0,0.00093,0.00013,-12.6,24.73,-7.37,0.0,0.0,0.0,0.0,0.0,10.99,GNSS_LOCKED,1.43,338.02,-0.3,0.32,1.22,False,False,False,False
1788925793305,-2.0495,2.6746,9.1926,-0.00053,-0.00067,0.00067,-12.21,25.11,-6.47,0.0,0.0,0.0,0.0,0.0,10.99,GNSS_LOCKED,1.43,338.0,-0.3,0.32,1.21,False,False,False,False
1788925793411,-2.0542,2.6698,9.1926,0.00053,-0.00013,0.00013,-11.81,25.35,-6.99,0.0,0.0,0.0,0.0,0.0,10.99,GNSS_LOCKED,1.43,337.99,-0.3,0.32,1.21,False,False,False,False
1788925793521,-2.0518,2.6746,9.1974,-0.00053,0.0004,-0.00093,-11.72,25.18,-7.69,0.0,0.0,0.0,0.0,0.0,10.99,GNSS_LOCKED,1.43,337.98,-0.3,0.32,1.2,False,False,False,False
1788925793630,-2.0327,2.6674,9.2094,-0.0,-0.00013,-0.0004,-11.81,25.24,-7.65,0.0,0.0,0.0,0.0,0.0,10.99,GNSS_LOCKED,1.43,337.96,-0.3,0.32,1.2,False,False,False,False
1788925793738,-2.0614,2.6626,9.207,0.00053,0.00093,-0.00093,-11.89,25.54,-7.26,0.0,0.0,0.0,0.0,0.0,10.99,GNSS_LOCKED,1.43,337.96,-0.3,0.32,1.2,False,False,False,False
1788925793848,-2.0542,2.6698,9.2094,-0.00053,-0.00013,-0.0004,-11.98,25.22,-6.75,0.0,0.0,0.0,0.0,0.0,10.99,GNSS_LOCKED,1.43,337.95,-0.3,0.31,1.19,False,False,False,False
1788925793957,-2.0614,2.6794,9.1926,-0.00053,-0.00013,0.00067,-12.77,25.78,-6.45,0.0,0.0,0.0,0.0,0.0,10.99,GNSS_LOCKED,1.43,337.93,-0.3,0.31,1.19,False,False,False,False
1788925794068,-2.0471,2.6818,9.1974,-0.00053,0.00093,0.00013,-12.32,26.01,-7.65,0.0,0.0,0.0,0.0,0.0,10.99,GNSS_LOCKED,1.43,337.91,-0.3,0.31,1.18,False,False,False,False
1788925794178,-2.0471,2.6722,9.2046,-0.00053,-0.00013,-0.00093,-12.04,25.99,-7.89,0.0,0.0,0.0,0.0,0.0,10.92,GNSS_LOCKED,1.43,337.9,-0.3,0.31,1.18,False,False,False,False
1788925794287,-2.0471,2.6722,9.1854,-0.00053,-0.00013,0.00013,-12.32,25.33,-7.16,0.0,0.0,0.0,0.0,0.0,10.92,GNSS_LOCKED,1.43,337.88,-0.3,0.31,1.17,False,False,False,False
1788925794403,-2.0495,2.6722,9.2022,-0.00053,-0.00013,-0.0004,-12.51,25.11,-6.9,0.0,0.0,0.0,0.0,0.0,10.92,GNSS_LOCKED,1.43,337.87,-0.3,0.31,1.17,False,False,False,False
1788925794514,-2.0566,2.6674,9.2189,-0.0016,0.0004,-0.0004,-12.38,25.14,-6.21,0.0,0.0,0.0,0.0,0.0,10.92,GNSS_LOCKED,1.43,337.86,-0.3,0.31,1.16,False,False,False,False
1788925794626,-2.0518,2.6794,9.1926,-0.00053,0.0004,0.00013,-12.69,24.77,-6.26,0.0,0.0,0.0,0.0,0.0,10.92,GNSS_LOCKED,1.43,337.84,-0.31,0.3,1.16,False,False,False,False
1788925794742,-2.0423,2.6626,9.2046,-0.0,-0.00067,-0.0004,-12.23,25.44,-6.9,0.0,0.0,0.0,0.0,0.0,10.92,GNSS_LOCKED,1.43,337.83,-0.31,0.3,1.15,False,False,False,False
1788925794854,-2.0518,2.6722,9.2094,-0.00053,0.0004,0.00013,-12.13,25.69,-6.36,0.0,0.0,0.0,0.0,0.0,10.92,GNSS_LOCKED,1.43,337.81,-0.31,0.3,1.15,False,False,False,False
1788925794964,-2.0471,2.6746,9.2142,-0.00053,-0.00067,0.00013,-12.58,25.35,-6.09,0.0,0.0,0.0,0.0,0.0,10.92,GNSS_LOCKED,1.43,337.79,-0.31,0.3,1.14,False,False,False,False
1788925795076,-2.0518,2.6746,9.2118,-0.00107,0.0004,-0.0004,-12.41,25.2,-5.51,0.0,0.0,0.0,0.0,0.0,10.92,GNSS_LOCKED,1.43,337.78,-0.31,0.3,1.14,False,False,False,False
1788925795186,-2.0566,2.677,9.2142,-0.00053,0.0004,-0.0004,-11.87,25.29,-6.08,0.0,0.0,0.0,0.0,0.0,11.13,GNSS_LOCKED,1.43,337.77,-0.31,0.3,1.14,False,False,False,False
1788925795295,-2.0566,2.6698,9.2189,-0.0,0.0004,-0.00093,-11.96,25.37,-6.34,0.0,0.0,0.0,0.0,0.0,11.13,GNSS_LOCKED,1.43,337.76,-0.31,0.29,1.13,False,False,False,False
1788925795410,-2.0495,2.6722,9.1974,-0.0,0.00093,-0.0004,-11.76,25.35,-5.93,0.0,0.0,0.0,0.0,0.0,11.13,GNSS_LOCKED,1.43,337.74,-0.31,0.29,1.13,False,False,False,False
1788925795521,-2.0495,2.6722,9.2022,-0.00053,0.00093,0.00013,-11.98,25.41,-5.83,0.0,0.0,0.0,0.0,0.0,11.13,GNSS_LOCKED,1.43,337.72,-0.31,0.29,1.12,False,False,False,False
1788925795635,-2.0542,2.6626,9.2166,-0.00053,0.0004,0.00013,-12.41,25.35,-5.29,0.0,0.0,0.0,0.0,0.0,11.13,GNSS_LOCKED,1.43,337.71,-0.31,0.29,1.12,False,False,False,False
1788925795754,-2.059,2.665,9.2022,-0.00053,-0.00013,0.00013,-12.41,25.01,-5.55,0.0,0.0,0.0,0.0,0.0,11.13,GNSS_LOCKED,1.43,337.7,-0.31,0.29,1.11,False,False,False,False
1788925795871,-2.0518,2.6578,9.1974,-0.00053,-0.00013,-0.0004,-12.41,25.44,-5.33,0.0,0.0,0.0,0.0,0.0,11.13,GNSS_LOCKED,1.43,337.69,-0.31,0.29,1.11,False,False,False,False
1788925795986,-2.0495,2.6602,9.1998,-0.00053,0.00093,0.00013,-12.39,25.31,-6.84,0.0,0.0,0.0,0.0,0.0,11.13,GNSS_LOCKED,1.43,337.67,-0.31,0.28,1.1,False,False,False,False
1788925796103,-2.0662,2.6698,9.2022,-0.00053,0.00093,-0.00093,-12.83,25.07,-6.41,0.0,0.0,0.0,0.0,0.0,11.17,GNSS_LOCKED,1.43,337.67,-0.31,0.28,1.1,False,False,False,False
1788925796214,-2.0495,2.6794,9.1998,-0.00107,0.00093,0.00013,-12.9,25.01,-5.74,0.0,0.0,0.0,0.0,0.0,11.17,GNSS_LOCKED,1.43,337.64,-0.32,0.28,1.09,False,False,False,False
1788925796331,-2.0447,2.6578,9.2094,-0.00053,-0.00013,-0.00093,-12.66,24.92,-5.06,0.0,0.0,0.0,0.0,0.0,11.17,GNSS_LOCKED,1.43,337.63,-0.32,0.28,1.09,False,False,False,False
1788925796444,-2.0471,2.6841,9.2046,-0.00053,-0.00013,0.00067,-12.17,25.11,-5.18,0.0,0.0,0.0,0.0,0.0,11.17,GNSS_LOCKED,1.43,337.61,-0.32,0.28,1.09,False,False,False,False
1788925796555,-2.0614,2.665,9.2142,-0.00053,-0.00013,0.00013,-12.38,24.84,-5.87,0.0,0.0,0.0,0.0,0.0,11.17,GNSS_LOCKED,1.43,337.59,-0.32,0.28,1.08,False,False,False,False
1788925796670,-2.0495,2.677,9.1878,-0.00107,0.0004,0.00013,-12.19,24.92,-5.68,0.0,0.0,0.0,0.0,0.0,11.17,GNSS_LOCKED,1.43,337.57,-0.32,0.27,1.08,False,False,False,False
1788925796787,-2.0495,2.6626,9.2022,-0.00053,-0.00013,0.00013,-12.09,25.11,-6.21,0.0,0.0,0.0,0.0,0.0,11.17,GNSS_LOCKED,1.43,337.55,-0.32,0.27,1.07,False,False,False,False
1788925796904,-2.0495,2.6746,9.1926,-0.00107,-0.00013,0.00013,-11.74,25.5,-6.34,0.0,0.0,0.0,0.0,0.0,11.17,GNSS_LOCKED,1.43,337.53,-0.32,0.27,1.07,False,False,False,False
1788925797021,-2.0566,2.653,9.1878,-0.00053,-0.00013,-0.00093,-12.11,25.41,-6.62,0.0,0.0,0.0,0.0,0.0,11.17,GNSS_LOCKED,1.43,337.52,-0.32,0.27,1.06,False,False,False,False
1788925797138,-2.0447,2.677,9.207,-0.00053,-0.00013,0.00013,-12.19,25.78,-7.05,0.0,0.0,0.0,0.0,0.0,11.55,GNSS_LOCKED,1.43,337.5,-0.32,0.27,1.06,False,False,False,False
1788925797256,-2.059,2.6722,9.2118,-0.0,0.0004,0.00013,-11.91,25.35,-6.41,0.0,0.0,0.0,0.0,0.0,11.55,GNSS_LOCKED,1.43,337.48,-0.32,0.27,1.05,False,False,False,False
1788925797371,-2.0447,2.677,9.1854,-0.00107,0.0004,-0.0004,-11.61,25.11,-6.08,0.0,0.0,0.0,0.0,0.0,11.55,GNSS_LOCKED,1.43,337.46,-0.32,0.27,1.05,False,False,False,False
1788925797489,-2.0638,2.6602,9.2142,0.00053,0.0004,0.00013,-11.7,25.28,-5.34,0.0,0.0,0.0,0.0,0.0,11.55,GNSS_LOCKED,1.43,337.45,-0.32,0.26,1.04,False,False,False,False
1788925797606,-2.0495,2.6698,9.2022,-0.00053,0.0004,0.00013,-12.08,25.74,-5.18,0.0,0.0,0.0,0.0,0.0,11.55,GNSS_LOCKED,1.43,337.43,-0.32,0.26,1.04,False,False,False,False
1788925797722,-2.0734,2.6674,9.2189,-0.0,-0.00013,-0.0004,-11.63,25.14,-6.45,0.0,0.0,0.0,0.0,0.0,11.55,GNSS_LOCKED,1.43,337.42,-0.33,0.26,1.03,False,False,False,False
1788925797839,-2.0495,2.6698,9.1974,-0.00053,-0.00013,0.00013,-12.19,25.26,-5.96,0.0,0.0,0.0,0.0,0.0,11.55,GNSS_LOCKED,1.43,337.4,-0.33,0.26,1.03,False,False,False,False
1788925797955,-2.0495,2.6746,9.2022,-0.0,0.0004,-0.0004,-12.92,25.14,-5.98,0.0,0.0,0.0,0.0,0.0,11.55,GNSS_LOCKED,1.43,337.39,-0.33,0.26,1.03,False,False,False,False
1788925798072,-2.0542,2.6554,9.2118,-0.0,-0.00067,0.00067,-12.02,25.44,-5.51,0.0,0.0,0.0,0.0,0.0,11.55,GNSS_LOCKED,1.43,337.37,-0.33,0.26,1.02,False,False,False,False
1788925798190,-2.0566,2.6698,9.195,-0.00053,-0.00013,-0.0004,-11.83,25.11,-6.86,0.0,0.0,0.0,0.0,0.0,11.55,GNSS_LOCKED,1.43,337.36,-0.33,0.25,1.02,False,False,False,False
1788925798307,-2.0471,2.6602,9.2022,-0.00053,-0.00013,0.00013,-12.39,25.14,-6.62,0.0,0.0,0.0,0.0,0.0,11.55,GNSS_LOCKED,1.43,337.34,-0.33,0.25,1.01,False,False,False,False
1788925798422,-2.0447,2.6722,9.2046,-0.00053,-0.00013,0.00013,-12.73,25.26,-6.26,0.0,0.0,0.0,0.0,0.0,11.55,GNSS_LOCKED,1.43,337.32,-0.33,0.25,1.01,False,False,False,False
1788925798538,-2.0495,2.6626,9.2118,-0.00053,-0.00013,0.00013,-12.3,25.46,-5.7,0.0,0.0,0.0,0.0,0.0,11.55,GNSS_LOCKED,1.43,337.31,-0.33,0.25,1.0,False,False,False,False
1788925798655,-2.0495,2.6674,9.2046,-0.00053,0.0004,0.00013,-12.13,25.46,-5.66,0.0,0.0,0.0,0.0,0.0,11.55,GNSS_LOCKED,1.43,337.29,-0.33,0.25,1.0,False,False,False,False
1788925798771,-2.059,2.653,9.2046,-0.00053,0.00093,-0.0004,-12.39,25.03,-6.51,0.0,0.0,0.0,0.0,0.0,11.55,GNSS_LOCKED,1.43,337.28,-0.33,0.25,0.99,False,False,False,False
1788925798891,-2.0518,2.665,9.2142,-0.00053,-0.00013,0.00013,-11.78,24.86,-6.28,0.0,0.0,0.0,0.0,0.0,11.55,GNSS_LOCKED,1.43,337.27,-0.33,0.24,0.99,False,False,False,False
1788925799007,-2.0495,2.677,9.2022,-0.00053,0.0004,0.00013,-12.06,24.77,-6.43,0.0,0.0,0.0,0.0,0.0,11.55,GNSS_LOCKED,1.43,337.25,-0.33,0.24,0.99,False,False,False,False
1788925799116,-2.0542,2.6674,9.2022,-0.0,0.0004,0.00013,-12.28,24.99,-6.06,0.0,0.0,0.0,0.0,0.0,11.33,GNSS_LOCKED,1.43,337.23,-0.33,0.24,0.98,False,False,False,False
1788925799227,-2.0566,2.6674,9.1974,-0.0,0.0004,-0.0004,-12.62,25.01,-7.24,0.0,0.0,0.0,0.0,0.0,11.33,GNSS_LOCKED,1.43,337.22,-0.33,0.24,0.98,False,False,False,False
1788925799339,-2.0399,2.653,9.207,-0.0,-0.00013,0.00013,-12.73,24.92,-6.6,0.0,0.0,0.0,0.0,0.0,11.33,GNSS_LOCKED,1.43,337.2,-0.34,0.24,0.97,False,False,False,False
1788925799453,-2.0471,2.6722,9.2213,-0.00107,0.00146,-0.00093,-11.7,25.59,-5.66,0.0,0.0,0.0,0.0,0.0,11.33,GNSS_LOCKED,1.43,337.19,-0.34,0.24,0.97,False,False,False,False
1788925799572,-2.0518,2.6746,9.2142,-0.00107,0.00093,-0.0004,-11.68,25.44,-7.01,0.0,0.0,0.0,0.0,0.0,11.33,GNSS_LOCKED,1.43,337.17,-0.34,0.24,0.97,False,False,False,False
1788925799687,-2.059,2.665,9.195,-0.00053,0.0004,0.00013,-12.15,25.13,-6.3,0.0,0.0,0.0,0.0,0.0,11.33,GNSS_LOCKED,1.43,337.15,-0.34,0.23,0.96,False,False,False,False
1788925799802,-2.0566,2.6698,9.1926,-0.00053,0.0004,0.00013,-11.98,24.88,-6.08,0.0,0.0,0.0,0.0,0.0,11.33,GNSS_LOCKED,1.43,337.13,-0.34,0.23,0.96,False,False,False,False
1788925799921,-2.0542,2.6411,9.207,-0.00107,0.0004,0.00013,-12.39,24.99,-6.23,0.0,0.0,0.0,0.0,0.0,11.33,GNSS_LOCKED,1.43,337.12,-0.34,0.23,0.95,False,False,False,False
1788925800038,-2.0542,2.6602,9.1974,0.00053,-0.00013,0.00013,-12.6,25.28,-5.74,0.0,0.0,0.0,0.0,0.0,11.33,GNSS_LOCKED,1.43,337.11,-0.34,0.23,0.95,False,False,False,False
1788925800153,-2.0471,2.6554,9.195,-0.0,0.0004,0.00013,-12.24,25.13,-5.89,0.0,0.0,0.0,0.0,0.0,10.97,GNSS_LOCKED,1.43,337.1,-0.34,0.23,0.94,False,False,False,False
1788925800265,-2.0638,2.6483,9.2189,0.00053,0.0004,0.0012,-12.15,25.11,-6.3,0.0,0.0,0.0,0.0,0.0,10.97,GNSS_LOCKED,1.43,337.08,-0.34,0.23,0.94,False,False,False,False
1788925800379,-2.0734,2.6554,9.2166,-0.0,0.00093,0.00013,-11.48,25.82,-6.84,0.0,0.0,0.0,0.0,0.0,10.97,GNSS_LOCKED,1.43,337.07,-0.34,0.23,0.94,False,False,False,False
1788925800496,-2.0662,2.6602,9.2094,-0.00053,-0.00013,-0.0004,-12.11,25.14,-5.74,0.0,0.0,0.0,0.0,0.0,10.97,GNSS_LOCKED,1.43,337.07,-0.34,0.22,0.93,False,False,False,False
1788925800610,-2.0566,2.6626,9.1926,-0.00053,-0.00013,0.00013,-12.08,24.81,-5.74,0.0,0.0,0.0,0.0,0.0,10.97,GNSS_LOCKED,1.43,337.06,-0.34,0.22,0.93,False,False,False,False
1788925800727,-2.0566,2.6459,9.207,-0.00266,0.00093,-0.0004,-12.38,25.14,-6.26,0.0,0.0,0.0,0.0,0.0,10.97,GNSS_LOCKED,1.43,337.05,-0.34,0.22,0.93,False,False,False,False
1788925800839,-2.059,2.6387,9.1926,-0.00053,0.00253,-0.0004,-11.98,25.37,-5.91,0.0,0.0,0.0,0.0,0.0,10.97,GNSS_LOCKED,1.43,337.04,-0.34,0.22,0.92,False,False,False,False
1788925800956,-2.0638,2.653,9.1998,-0.00053,-0.00013,0.00013,-12.04,25.8,-5.29,0.0,0.0,0.0,0.0,0.0,10.97,GNSS_LOCKED,1.43,337.03,-0.34,0.22,0.92,False,False,False,False
1788925801074,-2.0758,2.6698,9.1854,0.00053,0.002,-0.0004,-12.0,26.14,-6.77,0.0,0.0,0.0,0.0,0.0,10.97,GNSS_LOCKED,1.43,337.02,-0.34,0.22,0.91,False,False,False,False
1788925801189,-2.0542,2.6554,9.1854,-0.00213,-0.00013,-0.00093,-12.28,25.35,-7.18,0.0,0.0,0.0,0.0,0.0,10.9,GNSS_LOCKED,1.43,337.0,-0.35,0.22,0.91,False,False,False,False
1788925801306,-2.1003,2.653,9.1783,-0.0,0.00093,-0.0004,-12.73,25.31,-5.81,0.0,0.0,0.0,0.0,0.0,10.9,GNSS_LOCKED,1.43,336.99,-0.35,0.21,0.91,False,False,False,False
1788925801423,-1.9609,2.598,9.2692,0.0016,-0.00386,0.00067,-12.34,25.5,-5.89,0.0,0.0,0.0,0.0,0.0,10.9,GNSS_LOCKED,1.43,337.0,-0.35,0.21,0.9,False,False,False,False
1788925801538,-2.0836,2.665,9.2142,-0.00746,-0.00599,0.00013,-12.45,25.26,-6.13,0.0,0.0,0.0,0.0,0.0,10.9,GNSS_LOCKED,1.43,337.0,-0.35,0.21,0.9,False,False,False,False
1788925801662,-2.0614,2.6602,9.2094,-0.00107,0.00146,0.00067,-12.28,25.82,-6.94,0.0,0.0,0.0,0.0,0.0,10.9,GNSS_LOCKED,1.43,336.98,-0.35,0.21,0.89,False,False,False,False
1788925801778,-2.0518,2.6243,9.2429,0.00107,-0.00067,0.0012,-12.75,25.44,-7.01,0.0,0.0,0.0,0.0,0.0,10.9,GNSS_LOCKED,1.43,336.97,-0.35,0.21,0.89,False,False,False,False
1788925801894,-2.0518,2.6315,9.207,-0.00053,-0.00013,0.00013,-12.3,24.88,-6.3,0.0,0.0,0.0,0.0,0.0,10.9,GNSS_LOCKED,1.43,336.96,-0.35,0.21,0.89,False,False,False,False
1788925802009,-2.0495,2.6339,9.2118,0.0016,0.00253,0.00013,-12.09,25.05,-6.19,0.0,0.0,0.0,0.0,0.0,10.9,GNSS_LOCKED,1.43,336.95,-0.35,0.21,0.88,False,False,False,False
1788925802123,-2.0423,2.6554,9.2094,0.00053,-0.00013,0.00013,-12.45,25.18,-6.09,0.0,0.0,0.0,0.0,0.0,10.82,GNSS_LOCKED,1.43,336.94,-0.35,0.21,0.88,False,False,False,False
1788925802232,-2.0542,2.6602,9.2022,0.00107,0.00093,0.00013,-12.38,25.07,-6.15,0.0,0.0,0.0,0.0,0.0,10.82,GNSS_LOCKED,1.43,336.92,-0.35,0.2,0.88,False,False,False,False
1788925802347,-2.0638,2.6483,9.2189,-0.0,-0.00013,-0.00093,-12.41,25.13,-5.98,0.0,0.0,0.0,0.0,0.0,10.82,GNSS_LOCKED,1.43,336.91,-0.35,0.2,0.87,False,False,False,False
1788925802465,-2.059,2.6626,9.1926,-0.00053,0.0004,-0.00093,-12.41,25.63,-6.47,0.0,0.0,0.0,0.0,0.0,10.82,GNSS_LOCKED,1.43,336.9,-0.35,0.2,0.87,False,False,False,False
1788925802581,-2.0542,2.6674,9.207,-0.0,-0.00067,-0.0004,-12.58,24.64,-5.51,0.0,0.0,0.0,0.0,0.0,10.82,GNSS_LOCKED,1.43,336.88,-0.35,0.2,0.87,False,False,False,False
1788925802694,-2.0542,2.6435,9.2189,-0.00053,-0.00067,0.00013,-12.47,25.11,-6.06,0.0,0.0,0.0,0.0,0.0,10.82,GNSS_LOCKED,1.43,336.86,-0.35,0.2,0.86,False,False,False,False
1788925802810,-2.0614,2.6578,9.2189,-0.00053,0.0004,0.00013,-12.15,25.58,-6.98,0.0,0.0,0.0,0.0,0.0,10.82,GNSS_LOCKED,1.43,336.85,-0.35,0.2,0.86,False,False,False,False
1788925802927,-2.0518,2.6698,9.207,0.00053,0.0004,0.00013,-11.96,25.5,-6.17,0.0,0.0,0.0,0.0,0.0,10.82,GNSS_LOCKED,1.43,336.83,-0.35,0.2,0.86,False,False,False,False
1788925803043,-2.0758,2.6483,9.2189,-0.0,0.00093,0.00013,-11.81,24.9,-5.91,0.0,0.0,0.0,0.0,0.0,10.82,GNSS_LOCKED,1.43,336.81,-0.35,0.2,0.85,False,False,False,False
1788925803152,-2.0614,2.6459,9.2022,-0.00053,0.0004,0.00013,-12.11,25.41,-6.51,0.0,0.0,0.0,0.0,0.0,10.78,GNSS_LOCKED,1.43,336.8,-0.36,0.19,0.85,False,False,False,False
1788925803262,-2.0686,2.6411,9.1974,-0.00053,0.00093,0.00013,-12.34,25.37,-6.73,0.0,0.0,0.0,0.0,0.0,10.78,GNSS_LOCKED,1.43,336.79,-0.36,0.19,0.85,False,False,False,False
1788925803379,-2.0471,2.665,9.2142,0.00053,0.0004,0.00013,-12.69,24.77,-6.56,0.0,0.0,0.0,0.0,0.0,10.78,GNSS_LOCKED,1.43,336.77,-0.36,0.19,0.84,False,False,False,False
1788925803495,-2.0614,2.6554,9.2213,0.00053,0.0004,-0.00093,-12.09,25.5,-5.74,0.0,0.0,0.0,0.0,0.0,10.78,GNSS_LOCKED,1.43,336.76,-0.36,0.19,0.84,False,False,False,False
1788925803610,-2.059,2.6554,9.2094,0.00053,0.00093,0.00013,-12.11,25.63,-6.75,0.0,0.0,0.0,0.0,0.0,10.78,GNSS_LOCKED,1.43,336.75,-0.36,0.19,0.84,False,False,False,False
1788925803724,-2.0495,2.653,9.2118,-0.0,0.0004,-0.00093,-11.93,24.79,-6.86,0.0,0.0,0.0,0.0,0.0,10.78,GNSS_LOCKED,1.43,336.74,-0.36,0.19,0.83,False,False,False,False
1788925803840,-2.0734,2.6459,9.2118,0.00053,0.0004,0.00013,-12.41,24.81,-6.71,0.0,0.0,0.0,0.0,0.0,10.78,GNSS_LOCKED,1.43,336.73,-0.36,0.19,0.83,False,False,False,False
1788925803952,-2.0614,2.6578,9.2046,0.00053,0.0004,0.00067,-12.41,24.92,-6.51,0.0,0.0,0.0,0.0,0.0,10.78,GNSS_LOCKED,1.43,336.71,-0.36,0.19,0.83,False,False,False,False
1788925804069,-2.0495,2.6626,9.1998,-0.0,-0.00013,-0.0004,-12.88,24.75,-7.07,0.0,0.0,0.0,0.0,0.0,10.78,GNSS_LOCKED,1.43,336.69,-0.36,0.18,0.82,False,False,False,False
1788925804181,-2.0423,2.6483,9.2118,-0.00053,-0.00013,0.00013,-12.41,25.65,-6.3,0.0,0.0,0.0,0.0,0.0,10.72,GNSS_LOCKED,1.43,336.68,-0.36,0.18,0.82,False,False,False,False
1788925804297,-2.0734,2.6459,9.195,-0.00053,0.00093,-0.0004,-11.94,25.09,-6.36,0.0,0.0,0.0,0.0,0.0,10.72,GNSS_LOCKED,1.43,336.67,-0.36,0.18,0.82,False,False,False,False
1788925804415,-2.0662,2.653,9.2094,-0.0,-0.00013,-0.0004,-11.68,25.48,-6.3,0.0,0.0,0.0,0.0,0.0,10.72,GNSS_LOCKED,1.43,336.66,-0.36,0.18,0.81,False,False,False,False
1788925804529,-2.0638,2.6483,9.195,0.00053,-0.00067,-0.0004,-12.19,25.01,-6.15,0.0,0.0,0.0,0.0,0.0,10.72,GNSS_LOCKED,1.43,336.65,-0.36,0.18,0.81,False,False,False,False
1788925804647,-2.0471,2.6554,9.1974,-0.00053,-0.00067,-0.00093,-12.56,25.67,-7.16,0.0,0.0,0.0,0.0,0.0,10.72,GNSS_LOCKED,1.43,336.64,-0.36,0.18,0.81,False,False,False,False
1788925804762,-2.0566,2.6554,9.2094,-0.00053,0.0004,0.00013,-12.49,24.77,-6.96,0.0,0.0,0.0,0.0,0.0,10.72,GNSS_LOCKED,1.43,336.63,-0.36,0.18,0.8,False,False,False,False
1788925804877,-2.0566,2.6315,9.2046,-0.00053,0.0004,-0.0004,-11.68,25.46,-5.91,0.0,0.0,0.0,0.0,0.0,10.72,GNSS_LOCKED,1.43,336.62,-0.36,0.18,0.8,False,False,False,False
1788925804994,-2.0638,2.6339,9.2189,-0.00107,0.0004,-0.0004,-11.78,25.24,-5.81,0.0,0.0,0.0,0.0,0.0,10.72,GNSS_LOCKED,1.43,336.62,-0.36,0.18,0.8,False,False,False,False
1788925805108,-2.0662,2.6435,9.1974,-0.00053,-0.00013,0.00067,-11.85,25.63,-6.3,0.0,0.0,0.0,0.0,0.0,10.88,GNSS_LOCKED,1.43,336.61,-0.36,0.17,0.79,False,False,False,False
1788925805220,-2.0662,2.6387,9.1902,-0.00053,-0.00067,0.00013,-11.79,25.84,-6.19,0.0,0.0,0.0,0.0,0.0,10.88,GNSS_LOCKED,1.43,336.61,-0.36,0.17,0.79,False,False,False,False
1788925805337,-2.0614,2.6554,9.1998,0.00053,0.0004,-0.00093,-12.58,25.07,-6.49,0.0,0.0,0.0,0.0,0.0,10.88,GNSS_LOCKED,1.43,336.6,-0.37,0.17,0.79,False,False,False,False
1788925805450,-2.0686,2.6387,9.2046,-0.00053,0.00093,0.00013,-12.0,25.43,-6.17,0.0,0.0,0.0,0.0,0.0,10.88,GNSS_LOCKED,1.43,336.59,-0.37,0.17,0.79,False,False,False,False
1788925805567,-2.0542,2.6435,9.2142,0.00053,0.00093,-0.0004,-12.24,24.98,-6.15,0.0,0.0,0.0,0.0,0.0,10.88,GNSS_LOCKED,1.43,336.58,-0.37,0.17,0.78,False,False,False,False
1788925805682,-2.059,2.6435,9.1998,0.00107,-0.00013,0.00013,-12.92,25.13,-6.11,0.0,0.0,0.0,0.0,0.0,10.88,GNSS_LOCKED,1.43,336.57,-0.37,0.17,0.78,False,False,False,False
1788925805800,-2.0566,2.6483,9.1974,-0.00053,-0.00013,0.00067,-12.49,25.54,-5.48,0.0,0.0,0.0,0.0,0.0,10.88,GNSS_LOCKED,1.43,336.56,-0.37,0.17,0.78,False,False,False,False
1788925805915,-2.0686,2.6459,9.2142,-0.00053,0.0004,0.00013,-12.17,25.22,-5.53,0.0,0.0,0.0,0.0,0.0,10.88,GNSS_LOCKED,1.43,336.54,-0.37,0.17,0.77,False,False,False,False
1788925806031,-2.0638,2.653,9.2094,-0.00107,-0.00067,-0.0004,-12.23,25.29,-5.72,0.0,0.0,0.0,0.0,0.0,10.88,GNSS_LOCKED,1.43,336.54,-0.37,0.17,0.77,False,False,False,False
1788925806147,-2.0758,2.6578,9.1926,0.00053,0.00093,0.00013,-11.96,24.94,-6.26,0.0,0.0,0.0,0.0,0.0,11.13,GNSS_LOCKED,1.43,336.52,-0.37,0.16,0.77,False,False,False,False
1788925806263,-2.0614,2.6554,9.2094,-0.00053,0.0004,0.00013,-12.08,25.07,-6.0,0.0,0.0,0.0,0.0,0.0,11.13,GNSS_LOCKED,1.43,336.5,-0.37,0.16,0.76,False,False,False,False
1788925806379,-2.0518,2.6411,9.2166,-0.00213,-0.0012,0.00013,-12.11,25.59,-6.08,0.0,0.0,0.0,0.0,0.0,11.13,GNSS_LOCKED,1.43,336.49,-0.37,0.16,0.76,False,False,False,False
1788925806499,-2.0782,2.653,9.2094,0.00053,0.0004,0.00013,-12.09,25.35,-6.0,0.0,0.0,0.0,0.0,0.0,11.13,GNSS_LOCKED,1.43,336.48,-0.37,0.16,0.76,False,False,False,False
1788925806614,-2.0495,2.6435,9.195,0.00053,0.0004,0.00013,-12.6,24.92,-5.79,0.0,0.0,0.0,0.0,0.0,11.13,GNSS_LOCKED,1.43,336.46,-0.37,0.16,0.76,False,False,False,False
1788925806730,-2.0734,2.6459,9.2094,-0.00107,-0.00013,0.00013,-12.45,25.01,-6.13,0.0,0.0,0.0,0.0,0.0,11.13,GNSS_LOCKED,1.43,336.45,-0.37,0.16,0.75,False,False,False,False
1788925806848,-2.0542,2.6363,9.2142,-0.0,-0.00067,0.00013,-12.45,25.48,-6.11,0.0,0.0,0.0,0.0,0.0,11.13,GNSS_LOCKED,1.43,336.44,-0.37,0.16,0.75,False,False,False,False
1788925806961,-2.059,2.6315,9.2142,-0.0016,-0.00013,0.00067,-12.58,25.59,-6.17,0.0,0.0,0.0,0.0,0.0,11.13,GNSS_LOCKED,1.43,336.43,-0.37,0.16,0.75,False,False,False,False
1788925807079,-2.0662,2.6506,9.2118,-0.0,-0.00013,0.00013,-12.15,25.44,-6.47,0.0,0.0,0.0,0.0,0.0,11.13,GNSS_LOCKED,1.43,336.42,-0.37,0.16,0.75,False,False,False,False
1788925807191,-2.0614,2.653,9.1998,-0.00053,-0.00013,-0.0004,-12.11,25.46,-6.0,0.0,0.0,0.0,0.0,0.0,11.16,GNSS_LOCKED,1.43,336.41,-0.37,0.16,0.74,False,False,False,False
1788925807306,-2.0566,2.6626,9.195,-0.0,-0.00013,0.00013,-12.34,25.41,-6.47,0.0,0.0,0.0,0.0,0.0,11.16,GNSS_LOCKED,1.43,336.39,-0.37,0.15,0.74,False,False,False,False
1788925807422,-2.0447,2.6483,9.2094,-0.00053,-0.00013,0.00013,-12.3,25.07,-6.23,0.0,0.0,0.0,0.0,0.0,11.16,GNSS_LOCKED,1.43,336.37,-0.37,0.15,0.74,False,False,False,False
1788925807542,-2.059,2.6506,9.2022,0.00053,-0.00013,0.00013,-11.96,25.14,-6.02,0.0,0.0,0.0,0.0,0.0,11.16,GNSS_LOCKED,1.43,336.35,-0.37,0.15,0.73,False,False,False,False
1788925807658,-2.059,2.653,9.2189,-0.0,-0.00013,0.00013,-12.73,25.61,-5.44,0.0,0.0,0.0,0.0,0.0,11.16,GNSS_LOCKED,1.43,336.33,-0.37,0.15,0.73,False,False,False,False
1788925807777,-2.0734,2.6483,9.2237,-0.00107,-0.00067,-0.0004,-12.34,24.68,-5.06,0.0,0.0,0.0,0.0,0.0,11.16,GNSS_LOCKED,1.43,336.32,-0.38,0.15,0.73,False,False,False,False
1788925807891,-2.059,2.6554,9.2022,-0.00053,-0.00067,0.00013,-11.51,25.29,-5.4,0.0,0.0,0.0,0.0,0.0,11.16,GNSS_LOCKED,1.43,336.31,-0.38,0.15,0.73,False,False,False,False
1788925808007,-2.0518,2.6459,9.2189,-0.0,-0.0012,0.00013,-11.85,25.03,-5.44,0.0,0.0,0.0,0.0,0.0,11.16,GNSS_LOCKED,1.43,336.29,-0.38,0.15,0.72,False,False,False,False
1788925808126,-2.0686,2.6483,9.2046,-0.00107,0.0004,0.00013,-12.39,25.84,-6.75,0.0,0.0,0.0,0.0,0.0,11.26,GNSS_LOCKED,1.43,336.28,-0.38,0.15,0.72,False,False,False,False
1788925808239,-2.0566,2.653,9.207,0.00053,-0.00013,0.00013,-12.26,25.52,-5.96,0.0,0.0,0.0,0.0,0.0,11.26,GNSS_LOCKED,1.43,336.26,-0.38,0.15,0.72,False,False,False,False
1788925808356,-2.0542,2.6411,9.1998,-0.00053,-0.00013,-0.0004,-12.79,24.81,-6.0,0.0,0.0,0.0,0.0,0.0,11.26,GNSS_LOCKED,1.43,336.25,-0.38,0.15,0.72,False,False,False,False
1788925808470,-2.0614,2.6459,9.1998,-0.00053,-0.00067,0.00013,-12.34,25.74,-6.0,0.0,0.0,0.0,0.0,0.0,11.26,GNSS_LOCKED,1.43,336.24,-0.38,0.15,0.71,False,False,False,False
1788925808587,-2.0614,2.6578,9.195,0.00053,0.0004,0.00067,-11.72,25.22,-5.72,0.0,0.0,0.0,0.0,0.0,11.26,GNSS_LOCKED,1.43,336.22,-0.38,0.14,0.71,False,False,False,False
1788925808702,-2.0686,2.6578,9.2046,-0.0,0.00093,0.00013,-12.08,25.39,-5.72,0.0,0.0,0.0,0.0,0.0,11.26,GNSS_LOCKED,1.43,336.2,-0.38,0.14,0.71,False,False,False,False
1788925808818,-2.0542,2.6483,9.207,0.00053,-0.0012,0.00013,-12.26,25.16,-5.7,0.0,0.0,0.0,0.0,0.0,11.26,GNSS_LOCKED,1.43,336.19,-0.38,0.14,0.71,False,False,False,False
1788925808937,-2.0566,2.665,9.2022,0.00053,0.0004,0.00013,-12.41,24.9,-5.33,0.0,0.0,0.0,0.0,0.0,11.26,GNSS_LOCKED,1.43,336.16,-0.38,0.14,0.7,False,False,False,False
1788925809055,-2.0542,2.6435,9.2118,-0.0,-0.00013,-0.00093,-11.25,25.65,-6.75,0.0,0.0,0.0,0.0,0.0,11.26,GNSS_LOCKED,1.43,336.15,-0.38,0.14,0.7,False,False,False,False
1788925809166,-2.0614,2.6387,9.207,-0.00053,-0.00013,-0.0004,-11.96,24.88,-5.94,0.0,0.0,0.0,0.0,0.0,11.41,GNSS_LOCKED,1.43,336.15,-0.38,0.14,0.7,False,False,False,False
1788925809281,-2.0495,2.6435,9.1998,0.00053,-0.00013,0.00013,-12.17,24.84,-5.59,0.0,0.0,0.0,0.0,0.0,11.41,GNSS_LOCKED,1.43,336.14,-0.38,0.14,0.7,False,False,False,False
1788925809396,-2.059,2.6315,9.2046,-0.00107,-0.00067,0.00013,-12.81,25.2,-5.96,0.0,0.0,0.0,0.0,0.0,11.41,GNSS_LOCKED,1.43,336.14,-0.38,0.14,0.69,False,False,False,False
1788925809513,-2.0518,2.665,9.1831,0.00053,-0.00013,-0.0004,-12.39,25.28,-5.63,0.0,0.0,0.0,0.0,0.0,11.41,GNSS_LOCKED,1.43,336.12,-0.38,0.14,0.69,False,False,False,False
1788925809628,-2.0566,2.6435,9.2022,-0.0,-0.0012,0.00013,-12.51,25.56,-5.59,0.0,0.0,0.0,0.0,0.0,11.41,GNSS_LOCKED,1.43,336.11,-0.38,0.14,0.69,False,False,False,False
1788925809744,-2.0662,2.6506,9.1974,0.00053,-0.00013,0.00013,-13.09,25.39,-6.23,0.0,0.0,0.0,0.0,0.0,11.41,GNSS_LOCKED,1.43,336.09,-0.38,0.14,0.69,False,False,False,False
1788925809859,-2.0638,2.6435,9.2046,0.00107,-0.00013,-0.00093,-12.84,25.67,-6.26,0.0,0.0,0.0,0.0,0.0,11.41,GNSS_LOCKED,1.43,336.09,-0.38,0.13,0.68,False,False,False,False
1788925809975,-2.059,2.6459,9.2189,-0.0,0.0004,0.00013,-11.79,25.69,-6.26,0.0,0.0,0.0,0.0,0.0,11.41,GNSS_LOCKED,1.43,336.08,-0.38,0.13,0.68,False,False,False,False
1788925810090,-2.0662,2.6554,9.1974,0.00053,0.0004,-0.00093,-12.54,25.31,-6.02,0.0,0.0,0.0,0.0,0.0,11.41,GNSS_LOCKED,1.43,336.07,-0.38,0.13,0.68,False,False,False,False
1788925810199,-2.0495,2.6578,9.207,-0.0,-0.00013,0.00013,-12.24,25.74,-5.7,0.0,0.0,0.0,0.0,0.0,11.54,GNSS_LOCKED,1.43,336.06,-0.39,0.13,0.68,False,False,False,False
1788925810319,-2.0662,2.6746,9.1878,0.00053,0.0004,0.00013,-11.89,25.89,-6.13,0.0,0.0,0.0,0.0,0.0,11.54,GNSS_LOCKED,1.43,336.03,-0.39,0.13,0.68,False,False,False,False
1788925810437,-2.059,2.653,9.1998,-0.0,-0.00067,0.00067,-11.98,25.63,-6.49,0.0,0.0,0.0,0.0,0.0,11.54,GNSS_LOCKED,1.43,336.01,-0.39,0.13,0.67,False,False,False,False
1788925810552,-2.0686,2.6459,9.2046,-0.00053,0.0004,-0.0004,-13.09,25.14,-6.54,0.0,0.0,0.0,0.0,0.0,11.54,GNSS_LOCKED,1.43,336.0,-0.39,0.13,0.67,False,False,False,False
1788925810668,-2.0638,2.6506,9.2022,0.00053,-0.00013,0.00013,-12.71,25.61,-7.03,0.0,0.0,0.0,0.0,0.0,11.54,GNSS_LOCKED,1.43,335.99,-0.39,0.13,0.67,False,False,False,False
1788925810785,-2.071,2.653,9.2046,-0.00107,0.0004,-0.0004,-12.19,25.41,-6.38,0.0,0.0,0.0,0.0,0.0,11.54,GNSS_LOCKED,1.43,335.99,-0.39,0.13,0.67,False,False,False,False
1788925810902,-2.0614,2.6506,9.1998,0.00053,-0.00013,0.00013,-12.56,24.79,-6.06,0.0,0.0,0.0,0.0,0.0,11.54,GNSS_LOCKED,1.43,335.98,-0.39,0.13,0.66,False,False,False,False
1788925811013,-2.0662,2.6578,9.2022,-0.0,0.0004,0.00013,-12.73,25.31,-6.34,0.0,0.0,0.0,0.0,0.0,11.54,GNSS_LOCKED,1.43,335.96,-0.39,0.13,0.66,False,False,False,False
1788925811130,-2.0566,2.6506,9.2118,-0.0,0.0004,0.00013,-12.62,25.11,-6.34,0.0,0.0,0.0,0.0,0.0,11.52,GNSS_LOCKED,1.43,335.95,-0.39,0.13,0.66,False,False,False,False
1788925811241,-2.0782,2.6459,9.2118,-0.00053,0.0004,-0.0004,-12.66,25.58,-6.36,0.0,0.0,0.0,0.0,0.0,11.52,GNSS_LOCKED,1.43,335.95,-0.39,0.12,0.66,False,False,False,False
1788925811356,-2.0518,2.6483,9.1998,-0.0,-0.00013,0.00013,-12.26,25.71,-6.04,0.0,0.0,0.0,0.0,0.0,11.52,GNSS_LOCKED,1.43,335.94,-0.39,0.12,0.65,False,False,False,False
1788925811472,-2.0566,2.6506,9.2142,-0.0,-0.00013,0.00067,-11.87,25.54,-6.06,0.0,0.0,0.0,0.0,0.0,11.52,GNSS_LOCKED,1.43,335.92,-0.39,0.12,0.65,False,False,False,False
1788925811587,-2.0662,2.6387,9.195,-0.0,-0.00013,0.00067,-12.08,24.88,-5.91,0.0,0.0,0.0,0.0,0.0,11.52,GNSS_LOCKED,1.43,335.91,-0.39,0.12,0.65,False,False,False,False
1788925811705,-2.0566,2.6435,9.2094,-0.00053,0.0004,0.00013,-12.13,24.83,-6.11,0.0,0.0,0.0,0.0,0.0,11.52,GNSS_LOCKED,1.43,335.91,-0.39,0.12,0.65,False,False,False,False
1788925811821,-2.059,2.6554,9.2213,0.00053,-0.00013,0.00013,-12.32,24.96,-6.86,0.0,0.0,0.0,0.0,0.0,11.52,GNSS_LOCKED,1.43,335.9,-0.39,0.12,0.65,False,False,False,False
1788925811939,-2.0518,2.6602,9.2094,-0.00053,-0.00013,0.00013,-12.6,24.73,-5.55,0.0,0.0,0.0,0.0,0.0,11.52,GNSS_LOCKED,1.43,335.88,-0.39,0.12,0.64,False,False,False,False
1788925812057,-2.071,2.6363,9.2118,-0.0,-0.00013,0.00013,-11.85,24.39,-6.0,0.0,0.0,0.0,0.0,0.0,11.52,GNSS_LOCKED,1.43,335.88,-0.39,0.12,0.64,False,False,False,False
1788925812171,-2.0518,2.665,9.1974,-0.0,-0.00013,0.00013,-12.0,25.29,-6.68,0.0,0.0,0.0,0.0,0.0,11.58,GNSS_LOCKED,1.43,335.86,-0.39,0.12,0.64,False,False,False,False
1788925812280,-2.0758,2.6506,9.195,-0.0,-0.00013,-0.00093,-12.38,25.82,-5.93,0.0,0.0,0.0,0.0,0.0,11.58,GNSS_LOCKED,1.43,335.85,-0.39,0.12,0.64,False,False,False,False
1788925812395,-2.0662,2.6746,9.2022,-0.0,0.00093,-0.0004,-12.45,25.46,-6.32,0.0,0.0,0.0,0.0,0.0,11.58,GNSS_LOCKED,1.43,335.83,-0.39,0.12,0.64,False,False,False,False
1788925812511,-2.0782,2.6483,9.207,-0.0,0.00146,0.00013,-12.19,25.11,-7.31,0.0,0.0,0.0,0.0,0.0,11.58,GNSS_LOCKED,1.43,335.82,-0.39,0.12,0.63,False,False,False,False
1788925812623,-2.0471,2.6363,9.2022,-0.0,-0.0012,0.0012,-12.0,25.2,-7.14,0.0,0.0,0.0,0.0,0.0,11.58,GNSS_LOCKED,1.43,335.81,-0.39,0.12,0.63,False,False,False,False
1788925812740,-2.0758,2.6387,9.2142,-0.00053,-0.00067,-0.00093,-12.11,25.14,-6.99,0.0,0.0,0.0,0.0,0.0,11.58,GNSS_LOCKED,1.43,335.81,-0.4,0.12,0.63,False,False,False,False
1788925812852,-2.0471,2.6578,9.1974,0.00053,-0.00226,0.00013,-12.28,25.46,-6.02,0.0,0.0,0.0,0.0,0.0,11.58,GNSS_LOCKED,1.43,335.8,-0.4,0.12,0.63,False,False,False,False
1788925812968,-2.0614,2.6363,9.2094,0.00053,-0.00013,0.0012,-12.13,25.03,-5.14,0.0,0.0,0.0,0.0,0.0,11.58,GNSS_LOCKED,1.43,335.79,-0.4,0.12,0.63,False,False,False,False
1788925813085,-2.0686,2.6339,9.207,-0.00053,-0.00013,0.00013,-12.11,25.29,-5.48,0.0,0.0,0.0,0.0,0.0,11.58,GNSS_LOCKED,1.43,335.79,-0.4,0.11,0.62,False,False,False,False
1788925813198,-2.0686,2.6554,9.2094,-0.0,0.00093,0.00013,-12.45,25.16,-6.9,0.0,0.0,0.0,0.0,0.0,11.68,GNSS_LOCKED,1.43,335.78,-0.4,0.11,0.62,False,False,False,False
1788925813306,-2.0836,2.6459,9.2477,0.0032,0.002,0.00067,-12.6,24.36,-6.02,0.0,0.0,0.0,0.0,0.0,11.68,GNSS_LOCKED,1.43,335.78,-0.4,0.11,0.62,False,False,False,False
1788925813420,-2.0859,2.5693,9.2166,-0.0016,0.0036,0.00013,-12.0,25.58,-5.55,0.0,0.0,0.0,0.0,0.0,11.68,GNSS_LOCKED,1.43,335.81,-0.4,0.11,0.62,False,False,False,False
1788925813536,-2.0542,2.6674,9.1926,-0.0,-0.0012,0.00013,-12.77,25.24,-6.34,0.0,0.0,0.0,0.0,0.0,11.68,GNSS_LOCKED,1.43,335.81,-0.4,0.11,0.62,False,False,False,False
1788925813649,-2.0734,2.6554,9.2046,0.00107,0.00146,0.00013,-12.39,24.62,-5.38,0.0,0.0,0.0,0.0,0.0,11.68,GNSS_LOCKED,1.43,335.79,-0.4,0.11,0.61,False,False,False,False
1788925813764,-2.0662,2.653,9.2142,-0.00053,-0.00013,-0.0004,-12.49,25.29,-5.64,0.0,0.0,0.0,0.0,0.0,11.68,GNSS_LOCKED,1.43,335.79,-0.4,0.11,0.61,False,False,False,False
1788925813880,-2.0614,2.665,9.1998,0.00053,-0.00013,0.00013,-12.83,25.44,-5.94,0.0,0.0,0.0,0.0,0.0,11.68,GNSS_LOCKED,1.43,335.76,-0.4,0.11,0.61,False,False,False,False
1788925813994,-2.0638,2.6411,9.2118,-0.0016,-0.0012,0.00013,-12.17,25.58,-6.79,0.0,0.0,0.0,0.0,0.0,11.68,GNSS_LOCKED,1.43,335.76,-0.4,0.11,0.61,False,False,False,False
1788925814112,-2.0016,2.543,9.2955,-0.0016,-0.02889,0.00067,-12.64,25.31,-6.75,0.0,0.0,0.0,0.0,0.0,11.72,GNSS_LOCKED,1.43,335.84,-0.4,0.11,0.61,False,False,False,False
1788925814225,-3.6156,2.6746,9.1184,0.00799,0.51424,-0.2209,-12.62,24.99,-6.24,0.0,0.0,0.0,0.0,0.0,11.72,GNSS_LOCKED,7.66,336.45,-0.4,0.11,0.6,False,False,False,False
1788925814338,-0.4481,2.0686,11.053,0.15805,1.19,-0.10106,-11.96,25.03,-7.22,0.0,0.0,0.0,0.0,0.0,11.72,GNSS_LOCKED,6.53,335.19,-0.4,0.11,0.6,False,False,False,False
1788925814456,-3.807,2.3396,6.8369,0.11065,-0.38455,-0.90731,-9.83,24.53,-9.54,0.0,0.0,0.0,0.0,0.0,11.72,GNSS_LOCKED,8.69,341.25,-0.4,0.11,0.61,False,False,False,False
1788925814571,-5.0614,3.204,7.3872,0.20599,0.13781,0.12903,-8.64,23.64,-12.26,0.0,0.0,0.0,0.0,0.0,11.72,GNSS_LOCKED,10.77,340.22,-0.4,0.11,0.6,False,False,False,False
1788925814687,-4.5948,1.8269,8.4622,0.38548,-0.71424,-0.02277,-8.14,22.5,-12.75,0.0,0.0,0.0,0.0,0.0,11.72,GNSS_LOCKED,10.51,341.9,-0.41,0.11,0.6,False,False,False,False
1788925814801,-4.468,2.921,8.8552,-0.19654,-1.88786,-0.19427,-7.99,21.75,-13.2,0.0,0.0,0.0,0.0,0.0,11.72,GNSS_LOCKED,10.18,346.59,-0.41,0.11,0.59,False,False,False,False
1788925814918,0.2824,0.7017,14.5579,-1.29559,-3.97838,1.47348,-12.04,22.2,-10.54,0.0,0.0,0.0,0.0,0.0,11.72,GNSS_LOCKED,12.33,342.8,-0.41,0.1,0.59,False,False,False,False
1788925815034,4.4363,-1.0726,8.6925,-0.4181,-1.22542,-0.97442,-16.26,23.91,-2.33,0.0,0.0,0.0,0.0,0.0,11.72,GNSS_LOCKED,12.99,348.75,-0.41,0.1,0.59,False,False,False,False
1788925815150,2.6405,0.8955,9.3625,0.43768,-0.06937,-1.92914,-20.51,22.11,-1.61,0.0,0.0,0.0,0.0,0.0,11.99,GNSS_LOCKED,10.72,0.15,-0.41,0.1,0.6,False,False,False,False
1788925815266,1.721,2.8373,8.6877,0.45366,-0.17004,-1.81249,-26.51,14.59,-3.94,0.0,0.0,0.0,0.0,0.0,11.99,GNSS_LOCKED,11.19,11.03,-0.41,0.11,0.6,False,False,False,False
1788925815384,1.2018,0.9218,7.1336,0.31038,1.00145,-2.23739,-29.42,4.54,-6.47,0.0,0.0,0.0,0.0,0.0,11.99,GNSS_LOCKED,11.15,20.81,-0.41,0.11,0.6,False,False,False,False
1788925815500,0.3517,1.2766,7.9908,0.27097,0.41944,-2.10117,-27.47,-4.46,-9.11,0.0,0.0,0.0,0.0,0.0,11.99,GNSS_LOCKED,13.63,30.6,-0.41,0.1,0.6,False,False,False,False
1788925815615,-4.5206,1.9466,7.2245,-0.44793,-0.08961,-1.8812,-23.68,-13.05,-10.43,0.0,0.0,0.0,0.0,0.0,11.99,GNSS_LOCKED,14.16,39.96,-0.41,0.11,0.59,False,False,False,False
1788925815729,-9.9458,3.7352,6.2979,-0.40426,0.96417,-0.43009,-18.58,-19.99,-10.84,0.0,0.0,0.0,0.0,0.0,11.99,GNSS_LOCKED,11.21,39.23,-0.4,0.11,0.58,False,False,False,False
1788925815846,-5.0231,2.129,7.1073,-0.28602,1.92115,-1.04886,-15.24,-21.9,-11.63,0.0,0.0,0.0,0.0,0.0,11.99,GNSS_LOCKED,10.13,40.83,-0.4,0.1,0.57,False,False,False,False
1788925815961,-6.8213,1.5541,12.1735,-1.27002,-0.84739,1.09226,-11.04,-20.42,-17.91,0.0,0.0,0.0,0.0,0.0,11.99,GNSS_LOCKED,10.48,35.9,-0.41,0.1,0.56,False,False,False,False
1788925816070,-2.7009,2.6961,12.2453,0.44087,-0.15353,0.82649,-11.94,-16.88,-19.84,0.0,0.0,0.0,0.0,0.0,11.99,GNSS_LOCKED,10.6,31.44,-0.41,0.09,0.55,False,False,False,False
1788925816181,-2.0495,2.0955,9.3817,-0.98894,0.10905,3.52046,-15.56,-15.17,-17.64,0.0,0.0,0.0,0.0,0.0,11.26,GNSS_LOCKED,10.79,11.3,-0.41,0.09,0.56,False,False,False,False
1788925816293,-4.9442,1.0199,10.6265,-0.12676,0.7406,1.24672,-20.63,-7.67,-18.6,0.0,0.0,0.0,0.0,0.0,11.26,GNSS_LOCKED,10.79,3.1,-0.42,0.09,0.56,False,False,False,False
1788925816409,-5.3133,2.7894,10.1025,0.99147,0.48441,1.90703,-18.79,-2.4,-20.14,0.0,0.0,0.0,0.0,0.0,11.26,GNSS_LOCKED,10.67,351.49,-0.42,0.1,0.56,False,False,False,False
1788925816525,0.4451,3.9147,8.3091,0.39027,0.41038,2.18173,-18.0,1.63,-20.79,0.0,0.0,0.0,0.0,0.0,11.26,GNSS_LOCKED,11.28,339.15,-0.41,0.09,0.57,False,False,False,False
1788925816642,1.8287,5.8062,7.9789,0.42117,-0.32756,0.50013,-16.82,5.21,-20.14,0.0,0.0,0.0,0.0,0.0,11.26,GNSS_LOCKED,12.17,337.79,-0.41,0.08,0.57,False,False,False,False
1788925816758,1.118,6.1555,6.5617,0.53568,-0.63754,-0.55792,-17.87,5.66,-18.62,0.0,0.0,0.0,0.0,0.0,11.26,GNSS_LOCKED,12.23,342.55,-0.41,0.08,0.57,False,False,False,False
1788925816867,-0.3188,5.9115,6.5809,0.19427,-0.69613,-1.02222,-19.86,3.09,-17.87,0.0,0.0,0.0,0.0,0.0,11.26,GNSS_LOCKED,12.89,349.62,-0.41,0.09,0.57,False,False,False,False
1788925816985,-0.6347,5.5549,6.7603,-0.61664,-0.75472,-1.15325,-21.28,-0.34,-15.86,0.0,0.0,0.0,0.0,0.0,11.26,GNSS_LOCKED,12.84,357.53,-0.41,0.09,0.57,False,False,False,False
1788925817105,-2.3587,4.6642,7.6726,-0.54913,-0.90904,-1.00052,-22.99,-3.51,-14.44,0.0,0.0,0.0,0.0,0.0,11.31,GNSS_LOCKED,12.95,5.17,-0.42,0.09,0.56,False,False,False,False
1788925817220,-1.3842,4.4177,9.3434,-0.49746,0.55579,-0.17883,-24.19,-5.79,-13.13,0.0,0.0,0.0,0.0,0.0,11.31,GNSS_LOCKED,13.22,4.46,-0.42,0.09,0.56,False,False,False,False
1788925817336,-2.1458,3.7567,8.0961,-1.38241,0.91903,-0.51903,-22.89,-6.79,-14.18,0.0,0.0,0.0,0.0,0.0,11.31,GNSS_LOCKED,12.51,5.05,-0.42,0.09,0.56,False,False,False,False
1788925817454,-3.4002,1.5254,9.9589,-1.2631,-0.95964,-0.62396,-20.85,-5.76,-17.06,0.0,0.0,0.0,0.0,0.0,11.31,GNSS_LOCKED,10.6,10.04,-0.43,0.09,0.55,False,False,False,False
1788925817563,-2.5406,0.2231,10.8568,-0.80838,-0.40798,0.6221,-21.49,-4.43,-17.76,0.0,0.0,0.0,0.0,0.0,11.31,GNSS_LOCKED,10.79,6.78,-0.43,0.1,0.55,False,False,False,False
1788925817684,-0.5581,0.3858,11.3258,-0.44687,0.26138,0.85205,-23.14,-0.38,-17.19,0.0,0.0,0.0,0.0,0.0,11.31,GNSS_LOCKED,11.94,1.7,-0.43,0.09,0.55,False,False,False,False
1788925817801,0.5121,1.3627,9.9422,0.46378,0.11438,0.5438,-22.8,2.87,-16.22,0.0,0.0,0.0,0.0,0.0,11.31,GNSS_LOCKED,10.72,358.51,-0.43,0.09,0.55,False,False,False,False
1788925817919,0.1125,1.7288,8.9198,0.57989,-0.28082,-0.41051,-21.56,3.83,-17.06,0.0,0.0,0.0,0.0,0.0,11.31,GNSS_LOCKED,11.52,1.09,-0.43,0.09,0.55,False,False,False,False
1788925818037,-1.8245,1.2479,9.1113,-0.05806,-0.22809,-0.76777,-21.77,2.21,-16.97,0.0,0.0,0.0,0.0,0.0,11.31,GNSS_LOCKED,11.34,5.67,-0.43,0.1,0.55,False,False,False,False
1788925818153,-2.6148,0.9888,9.6909,-0.00586,-0.251,-0.40732,-22.69,-1.14,-17.12,0.0,0.0,0.0,0.0,0.0,11.52,GNSS_LOCKED,10.78,8.21,-0.43,0.1,0.55,False,False,False,False
1788925818261,-0.9721,1.7216,10.7779,0.42276,0.86204,0.35259,-23.96,-2.1,-18.24,0.0,0.0,0.0,0.0,0.0,11.52,GNSS_LOCKED,10.72,5.27,-0.43,0.1,0.55,False,False,False,False
1788925818377,-1.0756,2.6913,9.4702,0.90465,0.17137,-1.05471,-22.93,-3.34,-18.47,0.0,0.0,0.0,0.0,0.0,11.52,GNSS_LOCKED,8.12,10.94,-0.43,0.1,0.55,False,False,False,False
1788925818496,-3.2064,2.4018,8.0865,0.06325,-0.16258,-0.87109,-21.38,-7.44,-17.93,0.0,0.0,0.0,0.0,0.0,11.52,GNSS_LOCKED,8.28,16.1,-0.43,0.1,0.55,False,False,False,False
1788925818609,-3.5486,2.2343,9.1376,-0.15978,-0.29187,-0.14847,-19.89,-11.1,-16.8,0.0,0.0,0.0,0.0,0.0,11.52,GNSS_LOCKED,8.12,17.38,-0.43,0.1,0.55,False,False,False,False
1788925818718,-3.1537,2.1697,9.6168,0.53089,0.01585,0.08908,-20.36,-10.99,-17.98,0.0,0.0,0.0,0.0,0.0,11.52,GNSS_LOCKED,8.12,16.85,-0.43,0.1,0.55,False,False,False,False
1788925818832,-2.6818,2.9617,8.7141,0.33115,0.0036,0.24713,-20.7,-12.15,-17.08,0.0,0.0,0.0,0.0,0.0,11.52,GNSS_LOCKED,7.12,15.47,-0.43,0.1,0.55,False,False,False,False
1788925818947,-2.4688,3.5294,8.2301,0.18468,-0.09494,0.03209,-21.04,-12.77,-16.09,0.0,0.0,0.0,0.0,0.0,11.52,GNSS_LOCKED,7.21,15.48,-0.44,0.1,0.54,False,False,False,False
1788925819065,-2.4138,3.6299,8.345,0.19907,-0.05073,-0.02703,-21.53,-13.14,-15.83,0.0,0.0,0.0,0.0,0.0,11.52,GNSS_LOCKED,7.66,15.73,-0.44,0.1,0.54,False,False,False,False
1788925819178,-2.4473,3.4552,8.2684,0.05047,0.16764,0.19507,-21.45,-13.44,-15.15,0.0,0.0,0.0,0.0,0.0,11.42,GNSS_LOCKED,8.3,14.28,-0.44,0.1,0.54,False,False,False,False
1788925819286,-2.071,3.807,8.7045,0.19853,0.01904,-0.13036,-21.02,-12.79,-14.61,0.0,0.0,0.0,0.0,0.0,11.42,DEAD_RECKONING,7.98,14.89,-0.44,0.1,0.53,True,False,False,False
1788925819401,-1.054,3.4648,9.6622,-0.196,0.33528,0.10293,-22.54,-13.56,-13.97,0.0,0.0,0.0,0.0,0.0,11.42,DEAD_RECKONING,7.89,13.52,-0.44,0.11,0.53,True,False,False,False
1788925819507,-2.4185,3.594,8.9916,-0.11238,-0.08269,-0.03076,-22.14,-12.98,-15.0,0.0,0.0,0.0,0.0,0.0,11.42,DEAD_RECKONING,7.83,13.85,-0.44,0.13,0.52,True,True,False,False
1788925819617,-2.2606,3.6706,8.5053,-0.05539,0.03182,-0.03875,-22.05,-12.88,-15.08,0.0,0.0,0.0,0.0,0.0,11.42,DEAD_RECKONING,7.81,13.91,-0.43,0.16,0.52,True,True,False,False
1788925819732,-2.3707,3.5103,8.8361,-0.01012,0.04141,-0.01105,-21.26,-13.43,-15.34,0.0,0.0,0.0,0.0,0.0,11.42,DEAD_RECKONING,7.81,13.77,-0.42,0.21,0.51,True,True,False,False
1788925819846,-2.4018,3.4193,8.8911,-0.0735,-0.01398,-0.00146,-21.49,-12.79,-15.34,0.0,0.0,0.0,0.0,0.0,11.42,DEAD_RECKONING,7.81,13.73,-0.41,0.27,0.5,True,True,False,False
1788925819967,-2.3157,3.4983,8.7787,0.0217,0.00839,0.02357,-21.06,-12.24,-14.87,0.0,0.0,0.0,0.0,0.0,11.42,DEAD_RECKONING,7.4,13.64,-0.39,0.35,0.48,True,True,False,False
1788925820083,-2.318,3.5079,8.7739,-0.03249,-0.02144,0.00439,-20.79,-11.93,-15.56,0.0,0.0,0.0,0.0,0.0,11.42,DEAD_RECKONING,7.4,13.71,-0.36,0.46,0.45,True,True,False,False
1788925820197,-2.1673,3.4959,8.6782,0.08828,-0.047,0.01877,-21.21,-12.28,-14.57,0.0,0.0,0.0,0.0,0.0,11.24,DEAD_RECKONING,7.4,13.74,-0.33,0.6,0.42,True,True,False,False
1788925820316,-2.2726,3.6179,9.0682,0.21185,0.0036,0.04434,-22.05,-13.01,-14.72,0.0,0.0,0.0,0.0,0.0,11.24,DEAD_RECKONING,7.95,13.51,-0.28,0.77,0.38,True,True,False,False
1788925820436,-2.0883,3.7878,8.7595,0.0968,0.01851,-0.00573,-22.11,-12.81,-13.86,0.0,0.0,0.0,0.0,0.0,11.24,DEAD_RECKONING,5.31,13.51,-0.21,1.05,0.32,True,True,False,False
1788925820554,-2.016,3.8668,8.7715,0.01904,-0.00493,-0.03608,-21.81,-13.13,-14.14,0.0,0.0,0.0,0.0,0.0,11.24,DEAD_RECKONING,3.74,13.72,-0.09,1.5,0.22,True,True,False,False
1788925820673,-1.9753,3.9529,8.5484,0.01225,-0.08216,-0.08935,-21.41,-13.07,-13.88,0.0,0.0,0.0,0.0,0.0,11.24,DEAD_RECKONING,5.28,14.39,0.01,1.93,0.13,True,False,False,False
1788925820792,-1.9274,3.8261,8.6471,-0.07563,0.00626,-0.15273,-21.15,-14.03,-13.99,0.0,0.0,0.0,0.0,0.0,11.24,DEAD_RECKONING,7.95,15.18,0.1,2.32,0.05,True,False,False,False
1788925820908,-2.2391,3.6084,8.8624,-0.15233,0.00306,-0.20066,-20.78,-14.44,-14.94,0.0,0.0,0.0,0.0,0.0,11.24,DEAD_RECKONING,7.49,16.24,0.22,2.78,-0.05,True,False,False,False
1788925821026,-2.251,3.4241,8.9557,-0.02557,-0.14287,-0.18948,-21.58,-14.53,-14.78,0.0,0.0,0.0,0.0,0.0,11.24,DEAD_RECKONING,7.81,17.59,0.35,3.3,-0.15,True,False,False,False
1788925821147,-2.2199,3.3595,8.9773,0.07816,-0.0731,-0.16072,-21.49,-14.57,-14.74,0.0,0.0,0.0,0.0,0.0,11.14,DEAD_RECKONING,7.81,18.61,0.52,3.9,-0.27,True,False,False,False
1788925821267,-2.1745,3.4146,8.9797,0.08668,-0.02996,-0.13249,-20.91,-15.68,-14.08,0.0,0.0,0.0,0.0,0.0,11.14,DEAD_RECKONING,7.67,19.36,0.73,4.58,-0.4,True,False,False,False
1788925821387,-1.7432,3.8046,8.4526,0.15805,-0.17962,-0.1229,-21.34,-16.84,-13.84,0.0,0.0,0.0,0.0,0.0,11.14,DEAD_RECKONING,7.49,20.4,0.98,5.37,-0.55,True,False,False,False
1788925821505,-1.7599,3.7711,8.8959,0.11971,-0.13062,-0.25712,-21.17,-17.72,-14.01,0.0,0.0,0.0,0.0,0.0,11.14,DEAD_RECKONING,7.23,22.07,1.28,6.28,-0.71,True,False,False,False
1788925821623,-2.1123,3.7352,8.7021,0.39081,-0.33502,-0.33488,-20.66,-19.33,-12.81,0.0,0.0,0.0,0.0,0.0,11.14,DEAD_RECKONING,7.49,24.68,1.61,7.21,-0.87,True,False,False,False
1788925821741,-1.8772,4.2191,8.3904,0.56231,-0.27337,-0.21824,-20.68,-20.87,-10.95,0.0,0.0,0.0,0.0,0.0,11.14,DEAD_RECKONING,7.3,26.51,1.91,8.03,-1.0,True,False,False,False
1788925821853,-1.066,4.724,8.1631,0.60066,-0.55073,-0.08935,-20.93,-22.71,-8.04,0.0,0.0,0.0,0.0,0.0,11.14,DEAD_RECKONING,7.49,28.34,2.29,8.76,-1.15,True,False,False,False
1788925821974,-0.6849,5.0231,8.0722,0.29014,-0.84686,-0.38761,-21.94,-24.43,-4.63,0.0,0.0,0.0,0.0,0.0,11.14,DEAD_RECKONING,10.49,32.86,2.63,9.53,-1.26,True,False,False,False
1788925822091,-0.7448,4.9202,8.2397,0.03449,-0.62423,-0.36045,-21.77,-25.95,-1.93,0.0,0.0,0.0,0.0,0.0,11.24,DEAD_RECKONING,11.46,36.55,3.0,10.31,-1.35,True,False,False,False
1788925822201,-0.6538,4.8939,8.2205,-0.01118,-0.36324,-0.24434,-20.25,-26.46,0.64,0.0,0.0,0.0,0.0,0.0,11.24,DEAD_RECKONING,11.4,38.83,3.45,11.11,-1.43,True,False,False,False
1788925822320,-0.5964,4.9346,8.5944,-0.0277,-0.31265,-0.03662,-19.09,-27.64,1.78,0.0,0.0,0.0,0.0,0.0,11.24,DEAD_RECKONING,11.4,39.39,4.28,11.68,-1.62,True,True,False,False
1788925822438,-0.2447,5.0399,8.4718,0.06538,-0.23661,0.04807,-19.37,-28.22,2.08,0.0,0.0,0.0,0.0,0.0,11.24,DEAD_RECKONING,11.29,39.72,5.02,12.46,-1.71,True,True,False,False
1788925822553,-0.2183,5.138,8.2421,0.17776,-0.02836,0.19134,-19.88,-28.18,1.99,0.0,0.0,0.0,0.0,0.0,11.24,DEAD_RECKONING,12.74,38.91,5.74,13.27,-1.76,True,False,False,False
1788925822671,0.0646,5.275,7.9765,0.16018,0.10586,0.35419,-19.63,-27.83,2.74,0.0,0.0,0.0,0.0,0.0,11.24,DEAD_RECKONING,12.56,36.9,6.54,14.14,-1.82,True,False,False,False
1788925822788,0.5408,5.4401,7.6917,0.03182,0.22942,0.28708,-20.64,-26.49,3.06,0.0,0.0,0.0,0.0,0.0,11.24,DEAD_RECKONING,13.22,34.78,7.37,15.03,-1.88,True,False,False,False
1788925822908,0.0957,5.2367,7.8401,-0.13475,0.36191,0.19614,-22.39,-25.97,3.98,0.0,0.0,0.0,0.0,0.0,11.24,DEAD_RECKONING,13.37,32.68,8.25,15.99,-1.95,True,False,False,False
1788925823028,-0.2806,5.0686,8.3856,-0.07457,0.35872,0.43195,-22.43,-25.33,2.76,0.0,0.0,0.0,0.0,0.0,11.24,DEAD_RECKONING,13.11,29.46,9.21,17.01,-2.04,True,False,False,False
1788925823147,-0.8501,4.7312,8.2875,-0.41544,0.58881,0.37283,-23.7,-23.89,0.56,0.0,0.0,0.0,0.0,0.0,11.37,DEAD_RECKONING,12.98,25.8,10.2,18.09,-2.16,True,False,False,False
1788925823266,0.5456,4.657,8.7691,-0.30679,0.41731,0.43035,-25.29,-22.76,-1.11,0.0,0.0,0.0,0.0,0.0,11.37,DEAD_RECKONING,11.22,22.42,11.03,19.06,-2.27,False,False,False,False
1788925823377,1.0965,4.669,8.6806,-0.06338,0.28641,0.41065,-26.49,-19.61,-2.61,0.0,0.0,0.0,0.0,0.0,11.37,DEAD_RECKONING,11.11,19.55,11.78,20.0,-2.36,False,False,False,False
1788925823495,0.6245,4.5781,8.4024,-0.26098,0.38268,0.00173,-26.76,-18.15,-4.28,0.0,0.0,0.0,0.0,0.0,11.37,DEAD_RECKONING,11.01,18.42,12.5,20.92,-2.44,False,True,False,False
1788925823608,-0.1896,4.3555,8.8792,-0.14913,0.24594,0.01025,-26.34,-17.48,-5.94,0.0,0.0,0.0,0.0,0.0,11.37,DEAD_RECKONING,11.02,17.66,13.17,21.86,-2.56,False,True,False,False
1788925823727,0.749,4.5613,8.4287,-0.01651,0.18735,0.24021,-26.46,-17.01,-7.35,0.0,0.0,0.0,0.0,0.0,11.37,DEAD_RECKONING,11.14,15.92,13.8,22.82,-2.71,False,False,False,False
1788925823845,0.1555,4.3986,8.9605,0.02277,0.16178,-0.12184,-26.33,-16.48,-8.74,0.0,0.0,0.0,0.0,0.0,11.37,DEAD_RECKONING,11.14,16.07,14.43,23.78,-2.85,False,False,False,False
1788925823963,-0.3882,4.4321,8.5005,0.05686,0.16764,-0.16285,-25.89,-16.09,-8.76,0.0,0.0,0.0,0.0,0.0,11.37,DEAD_RECKONING,11.08,16.41,15.06,24.73,-2.98,False,False,False,False
1788925824082,-0.7567,4.3507,8.3378,-0.07297,0.08455,-0.1506,-25.52,-16.46,-9.86,0.0,0.0,0.0,0.0,0.0,11.37,DEAD_RECKONING,10.29,16.92,15.66,25.61,-3.08,False,False,False,False
1788925824193,-0.7783,4.2718,8.2277,-0.1273,-0.04594,-0.09947,-24.84,-16.89,-9.6,0.0,0.0,0.0,0.0,0.0,11.64,DEAD_RECKONING,10.29,17.55,16.25,26.48,-3.19,False,False,False,False
1788925824310,1.0534,4.6522,9.274,-0.25033,-0.29028,0.06778,-25.44,-17.03,-9.47,0.0,0.0,0.0,0.0,0.0,11.64,DEAD_RECKONING,10.47,17.96,16.85,27.37,-3.32,False,False,False,False
1788925824428,5.0177,4.5159,10.852,0.20705,-0.61038,-1.29918,-24.96,-17.64,-9.43,0.0,0.0,0.0,0.0,0.0,11.64,DEAD_RECKONING,11.73,26.24,17.4,28.35,-3.44,True,False,False,False
1788925824548,-1.1833,1.2,8.5436,-0.08202,-0.8687,-3.12992,-22.58,-22.76,-6.17,0.0,0.0,0.0,0.0,0.0,11.64,DEAD_RECKONING,11.71,44.83,17.96,29.38,-3.55,False,False,False,False
1788925824667,-4.6044,2.2247,9.5157,0.25073,-0.27816,-2.11609,-15.36,-29.42,-3.75,0.0,0.0,0.0,0.0,0.0,11.64,DEAD_RECKONING,9.37,56.9,17.84,30.57,-3.52,False,False,False,False
1788925824786,-3.8788,2.7799,11.927,-0.79666,0.33741,-1.22622,-7.74,-33.73,-1.86,0.0,0.0,0.0,0.0,0.0,11.64,DEAD_RECKONING,10.34,63.15,18.86,31.42,-3.73,False,False,False,False
1788925824901,-2.2391,2.7559,13.4638,0.43075,0.69959,0.4442,-2.4,-35.53,-3.19,0.0,0.0,0.0,0.0,0.0,11.64,DEAD_RECKONING,11.03,59.28,19.89,32.26,-3.94,False,False,False,False
1788925825021,0.4092,2.5262,11.4622,2.0591,0.77789,0.59919,-2.74,-35.51,-2.04,0.0,0.0,0.0,0.0,0.0,11.64,DEAD_RECKONING,10.79,53.8,20.56,33.24,-3.99,False,False,False,False
1788925825138,-3.7376,4.5494,2.9605,1.42275,-0.83781,-1.7097,-5.76,-34.69,5.53,0.0,0.0,0.0,0.0,0.0,11.71,DEAD_RECKONING,12.26,65.62,21.87,33.95,-4.26,False,False,False,False
1788925825257,-11.6339,2.5693,7.5649,-1.56083,1.42968,1.05551,-0.09,-35.06,11.89,0.0,0.0,0.0,0.0,0.0,11.71,DEAD_RECKONING,12.48,54.81,23.01,34.74,-4.62,False,False,False,False
1788925825372,-4.7551,0.2758,6.7627,-0.78015,2.89291,4.86452,-2.81,-33.96,5.91,0.0,0.0,0.0,0.0,0.0,11.71,DEAD_RECKONING,12.48,18.85,23.41,36.09,-5.08,True,False,False,False
1788925825490,3.3135,0.259,11.0124,-1.82168,1.57601,4.69408,-18.84,-23.64,-2.46,0.0,0.0,0.0,0.0,0.0,11.71,DEAD_RECKONING,13.36,351.83,23.51,37.68,-5.33,False,False,False,False
1788925825608,5.3797,2.196,11.1823,-1.68973,0.73634,3.06894,-25.14,-8.68,-9.23,0.0,0.0,0.0,0.0,0.0,11.71,DEAD_RECKONING,12.76,333.38,22.98,39.84,-5.32,False,False,False,True
1788925825727,12.2722,3.9936,14.723,1.05751,-0.52676,-0.47589,-23.68,5.14,-11.64,0.0,0.0,0.0,0.0,0.0,11.71,DEAD_RECKONING,13.55,337.38,22.59,42.14,-5.39,False,False,False,False
1788925825842,6.95,-1.2784,6.9398,0.47017,-2.01729,-4.51126,-23.87,4.95,-9.77,0.0,0.0,0.0,0.0,0.0,11.71,DEAD_RECKONING,13.99,4.67,24.01,42.54,-5.78,False,False,False,False
1788925825958,-0.6849,-7.0528,10.337,-0.92129,-3.19996,-4.37012,-27.04,-10.07,-7.74,0.0,0.0,0.0,0.0,0.0,11.71,DEAD_RECKONING,13.47,36.23,24.44,43.34,-6.35,True,False,False,False
1788925826074,-6.9793,-3.7944,11.6513,-0.17576,-1.53047,1.68387,-19.63,-25.29,-2.42,0.0,0.0,0.0,0.0,0.0,11.71,DEAD_RECKONING,13.72,31.96,25.17,44.34,-6.78,True,False,False,False
1788925826189,-2.6195,2.9665,16.148,-0.14967,1.22994,4.44389,-21.49,-24.49,-2.89,0.0,0.0,0.0,0.0,0.0,11.94,DEAD_RECKONING,15.11,5.97,25.09,46.41,-6.72,False,False,False,False
1788925826305,8.3318,2.7392,10.6917,2.0591,3.96972,3.03006,-28.29,-11.49,-6.75,0.0,0.0,0.0,0.0,0.0,11.94,DEAD_RECKONING,16.6,339.46,24.95,48.29,-6.91,False,False,False,False
1788925826416,6.3015,2.1266,14.68,1.54951,0.82742,0.70625,-26.68,4.11,-14.27,0.0,0.0,0.0,0.0,0.0,11.94,DEAD_RECKONING,17.68,333.27,24.6,50.35,-7.08,False,False,False,False
1788925826530,8.7027,2.4473,5.2301,2.1523,-0.4426,-1.01543,-24.32,5.87,-17.66,0.0,0.0,0.0,0.0,0.0,11.94,DEAD_RECKONING,13.95,338.87,24.24,52.53,-7.26,False,False,False,False
1788925826640,4.4507,-1.1587,9.0921,-0.11984,-0.95165,-2.81208,-25.95,0.17,-16.26,0.0,0.0,0.0,0.0,0.0,11.94,DEAD_RECKONING,13.07,352.76,25.6,53.65,-7.21,False,False,False,False
1788925826754,-1.4106,-2.6142,8.467,-0.19014,-2.83778,-1.90943,-26.72,-10.43,-11.14,0.0,0.0,0.0,0.0,0.0,11.94,DEAD_RECKONING,12.97,13.11,26.52,54.86,-7.16,True,False,False,False
1788925826875,-9.4337,-5.9755,15.9948,-1.81955,0.98814,1.60184,-26.38,-17.25,-6.73,0.0,0.0,0.0,0.0,0.0,11.94,DEAD_RECKONING,13.56,2.18,28.06,55.48,-6.95,False,False,False,False
1788925826996,2.8606,10.7623,15.128,-1.25138,3.44669,3.94642,-27.83,-10.35,-13.24,0.0,0.0,0.0,0.0,0.0,11.94,DEAD_RECKONING,13.59,331.05,27.23,57.55,-6.92,False,False,False,True
1788925827114,4.2544,4.9298,12.2285,1.45311,0.28109,2.06935,-24.51,4.88,-19.8,0.0,0.0,0.0,0.0,0.0,11.78,DEAD_RECKONING,13.48,321.42,26.17,59.88,-6.55,False,False,False,False
1788925827229,7.8263,3.5174,5.9533,1.58573,0.37629,-0.93501,-23.04,7.33,-19.48,0.0,0.0,0.0,0.0,0.0,11.78,DEAD_RECKONING,13.54,322.77,24.48,62.39,-6.1,False,False,False,False
1788925827345,4.5129,-3.2728,4.9095,-0.49267,-1.41237,-3.60808,-25.56,3.02,-17.51,0.0,0.0,0.0,0.0,0.0,11.78,DEAD_RECKONING,13.31,342.16,25.9,63.63,-6.03,True,False,False,False
1788925827459,-8.9378,-10.8933,12.1256,0.69959,-2.63286,-1.6113,-27.3,-8.89,-12.0,0.0,0.0,0.0,0.0,0.0,11.78,DEAD_RECKONING,13.78,0.94,27.35,63.8,-5.57,True,False,False,False
1788925827568,2.2457,-5.2098,14.5412,-1.93619,2.72047,6.14626,-27.66,-12.3,-10.54,0.0,0.0,0.0,0.0,0.0,11.78,DEAD_RECKONING,13.92,324.38,25.78,66.64,-4.95,False,False,False,False
1788925827683,10.6804,14.5232,9.2596,-0.58268,1.76456,0.82755,-27.0,-0.04,-16.44,0.0,0.0,0.0,0.0,0.0,11.78,DEAD_RECKONING,13.64,313.9,24.43,68.42,-3.84,False,False,False,False
1788925827800,-0.5629,4.1563,14.9151,4.58636,-3.78251,-1.82368,-23.91,6.3,-18.77,0.0,0.0,0.0,0.0,0.0,11.78,DEAD_RECKONING,13.26,337.55,26.97,68.16,-4.12,True,False,False,False
1788925827915,1.7115,1.7671,7.3418,4.84202,-1.60717,-2.71728,-28.05,-3.77,-7.73,0.0,0.0,0.0,0.0,0.0,11.78,DEAD_RECKONING,13.54,349.78,27.23,70.13,-4.04,False,False,False,False
1788925828023,-0.5701,3.4935,-1.5811,3.9873,-0.72542,-2.39025,-27.94,-10.22,6.83,0.0,0.0,0.0,0.0,0.0,11.78,DEAD_RECKONING,12.96,350.98,27.7,71.96,-4.0,False,False,False,False
1788925828141,0.134,3.5725,-4.5667,-1.2386,-0.13062,0.30359,-23.7,-11.89,15.58,0.0,0.0,0.0,0.0,0.0,11.78,DEAD_RECKONING,13.01,352.49,28.21,73.69,-3.98,False,False,False,False
1788925828250,2.9515,4.6929,1.675,-4.0114,0.89453,2.76215,-24.02,-13.09,13.71,0.0,0.0,0.0,0.0,0.0,11.78,DEAD_RECKONING,13.01,348.46,28.98,74.94,-3.9,True,False,False,False
1788925828364,14.4891,7.389,5.7858,-5.41138,0.05739,0.35366,-27.08,-10.61,5.4,0.0,0.0,0.0,0.0,0.0,11.78,DEAD_RECKONING,13.01,347.38,29.57,76.76,-4.04,False,False,False,False
1788925828482,2.0512,-1.2784,16.9119,-2.90596,-0.55871,-4.35414,-28.09,-10.76,-4.43,0.0,0.0,0.0,0.0,0.0,11.78,DEAD_RECKONING,13.66,9.61,28.18,79.08,-3.32,False,False,False,False
1788925828602,-1.9585,-2.0297,12.3266,-0.37709,-0.46125,-4.56133,-20.42,-21.66,-15.47,0.0,0.0,0.0,0.0,0.0,11.78,DEAD_RECKONING,12.89,39.43,27.19,80.53,-2.38,False,False,False,False
1788925828722,-3.6347,-1.6397,8.6925,1.02076,-0.67216,-2.38865,-5.96,-30.54,-14.48,0.0,0.0,0.0,0.0,0.0,11.78,DEAD_RECKONING,12.75,56.36,27.38,82.61,-2.4,False,False,False,False
1788925828840,-5.1691,-3.1699,9.3888,0.29707,0.45299,2.53805,2.87,-32.91,-10.46,0.0,0.0,0.0,0.0,0.0,11.78,DEAD_RECKONING,11.94,38.88,28.92,82.51,-1.35,False,False,False,False
1788925828957,2.6189,-4.8024,9.5109,-0.69546,2.06495,6.85131,-3.54,-31.74,-10.22,0.0,0.0,0.0,0.0,0.0,11.78,DEAD_RECKONING,12.53,353.05,30.89,86.03,-3.1,False,False,False,False
1788925829068,5.8558,4.3938,11.9151,0.41371,0.27257,2.89584,-20.16,-19.95,-15.47,0.0,0.0,0.0,0.0,0.0,11.78,DEAD_RECKONING,13.26,338.57,31.42,88.29,-3.18,False,False,False,False
1788925829182,3.8327,4.5087,13.0164,0.72569,0.38748,1.25311,-25.89,-7.67,-18.3,0.0,0.0,0.0,0.0,0.0,11.77,DEAD_RECKONING,13.0,331.86,32.19,90.37,-3.18,False,False,False,False
1788925829296,4.2855,2.8612,7.3011,1.80411,-0.01292,0.58694,-26.44,-1.13,-17.83,0.0,0.0,0.0,0.0,0.0,11.77,DEAD_RECKONING,13.07,329.94,33.06,92.21,-3.03,False,False,False,False
1788925829414,2.2217,2.5167,5.1607,0.68734,1.46057,-0.30186,-27.68,-0.53,-15.0,0.0,0.0,0.0,0.0,0.0,11.77,DEAD_RECKONING,13.09,323.17,33.66,95.34,-3.71,False,False,False,False
1788925829533,-0.3476,2.543,6.1567,0.36418,0.18948,-0.98241,-26.91,-2.79,-15.75,0.0,0.0,0.0,0.0,0.0,11.77,DEAD_RECKONING,13.32,324.5,34.38,98.12,-4.2,False,False,False,False
1788925829647,-0.9912,6.1244,12.1854,-0.56883,-0.20306,-0.30985,-25.2,-5.85,-18.09,0.0,0.0,0.0,0.0,0.0,11.77,DEAD_RECKONING,14.19,326.39,35.23,100.7,-4.57,False,False,False,False
1788925829765,-2.2319,4.8174,9.2883,0.2193,-0.04541,-0.78002,-24.58,-8.21,-18.41,0.0,0.0,0.0,0.0,0.0,11.77,DEAD_RECKONING,14.05,328.79,36.08,103.53,-5.06,False,False,False,False
1788925829886,-1.3627,3.8931,7.1097,0.23262,0.06005,-0.42636,-24.09,-10.84,-16.82,0.0,0.0,0.0,0.0,0.0,11.77,DEAD_RECKONING,13.54,329.62,37.0,106.4,-5.58,False,False,False,False
1788925830004,-1.5015,4.6164,9.0227,0.06272,-0.2972,-0.33435,-23.76,-13.13,-16.14,0.0,0.0,0.0,0.0,0.0,11.77,DEAD_RECKONING,12.55,332.25,38.1,108.99,-5.94,False,False,False,False
1788925830116,-1.4967,4.9729,8.6088,0.21345,0.05313,-0.16018,-24.02,-14.27,-16.35,0.0,0.0,0.0,0.0,0.0,11.77,DEAD_RECKONING,13.32,332.37,39.24,111.79,-6.45,False,False,False,False
1788925830235,-1.614,4.7719,7.6056,0.03449,0.13568,-0.07976,-23.48,-15.36,-14.68,0.0,0.0,0.0,0.0,0.0,11.73,DEAD_RECKONING,13.74,331.77,40.45,114.7,-7.02,False,False,False,False
1788925830354,-1.2431,5.0495,8.0267,-0.10493,0.07976,-0.05473,-23.66,-15.79,-14.03,0.0,0.0,0.0,0.0,0.0,11.73,DEAD_RECKONING,13.4,331.43,41.78,117.55,-7.59,False,False,False,False
1788925830462,-1.3149,4.9011,8.4311,-0.05113,0.00093,-0.11811,-22.93,-15.68,-15.23,0.0,0.0,0.0,0.0,0.0,11.73,DEAD_RECKONING,13.73,331.74,43.22,120.38,-8.15,False,False,False,False
1788925830581,-1.6929,4.6379,8.3163,-0.05859,-0.01771,-0.10373,-23.1,-16.11,-15.69,0.0,0.0,0.0,0.0,0.0,11.73,DEAD_RECKONING,13.83,332.13,44.8,123.13,-8.7,False,False,False,False
1788925830698,-1.4536,4.8221,8.6064,-0.10812,-0.03848,-0.07177,-22.95,-15.92,-15.83,0.0,0.0,0.0,0.0,0.0,11.73,DEAD_RECKONING,14.05,332.55,46.57,125.74,-9.2,False,False,False,False
1788925830818,-1.5852,4.7025,7.6247,0.10692,-0.02091,-0.01744,-22.31,-16.37,-15.98,0.0,0.0,0.0,0.0,0.0,11.73,DEAD_RECKONING,14.26,332.71,48.57,128.18,-9.66,False,False,False,False
1788925830930,-1.389,4.6905,8.254,-0.08575,-0.02889,-0.00839,-23.16,-16.48,-15.24,0.0,0.0,0.0,0.0,0.0,11.73,DEAD_RECKONING,14.26,332.89,50.82,130.37,-10.04,False,False,False,False
1788925831049,-1.2024,4.6977,8.4096,-0.12303,-0.03635,0.04541,-23.33,-15.98,-15.41,0.0,0.0,0.0,0.0,0.0,11.73,DEAD_RECKONING,14.26,332.94,53.52,132.05,-10.24,False,False,False,False
1788925831162,-1.0899,4.5446,8.7045,-0.06072,0.00306,0.04168,-23.25,-15.68,-15.36,0.0,0.0,0.0,0.0,0.0,11.63,DEAD_RECKONING,10.66,332.78,57.23,132.5,-10.03,False,False,False,False
1788925831280,-1.5494,4.3196,8.6901,-0.10546,0.00626,0.09973,-23.27,-15.83,-15.45,0.0,0.0,0.0,0.0,0.0,11.63,DEAD_RECKONING,12.69,332.41,61.42,132.5,-9.69,False,False,False,False
1788925831398,-1.6235,4.3244,8.3593,-0.06072,0.00892,0.28442,-23.44,-15.79,-16.37,0.0,0.0,0.0,0.0,0.0,11.63,DEAD_RECKONING,14.26,332.95,66.2,131.77,-9.09,False,False,False,True
1788925831518,-1.1354,4.3723,8.4622,-0.1225,-0.08908,0.39041,-23.53,-14.74,-16.05,0.0,0.0,0.0,0.0,0.0,11.63,DEAD_RECKONING,14.26,332.26,66.43,138.01,-11.13,False,False,False,False
1788925831635,-1.1856,3.9099,8.4479,-0.25299,-0.01718,0.36324,-24.77,-13.26,-15.83,0.0,0.0,0.0,0.0,0.0,11.63,DEAD_RECKONING,14.26,331.25,68.95,140.74,-11.85,False,False,False,False
1788925831752,-0.9529,3.4265,9.2166,-0.23968,0.00573,0.72116,-25.33,-11.1,-16.67,0.0,0.0,0.0,0.0,0.0,11.63,DEAD_RECKONING,14.26,329.02,71.45,143.65,-12.65,False,False,False,False
1788925831868,0.8734,4.1109,9.1759,-0.08256,0.17883,0.75312,-26.34,-7.71,-16.69,0.0,0.0,0.0,0.0,0.0,11.63,DEAD_RECKONING,14.26,325.83,73.8,146.76,-13.48,False,False,False,False
1788925831984,1.4818,4.3795,8.5555,0.11385,-0.01025,0.27323,-26.33,-5.25,-18.06,0.0,0.0,0.0,0.0,0.0,11.63,DEAD_RECKONING,14.26,325.07,76.2,149.99,-14.39,False,False,False,False
1788925832099,0.6245,4.0654,8.5292,-0.07137,-0.01558,-0.03076,-26.66,-3.34,-18.28,0.0,0.0,0.0,0.0,0.0,11.45,DEAD_RECKONING,13.66,325.23,78.72,153.16,-15.28,False,False,False,False
1788925832214,0.536,3.8166,8.9605,-0.13901,-0.15885,-0.08136,-26.03,-3.45,-17.46,0.0,0.0,0.0,0.0,0.0,11.45,DEAD_RECKONING,13.29,326.26,81.28,156.18,-16.06,False,False,False,False
1788925832330,0.2393,3.5414,9.3099,-0.09427,-0.03635,-0.11331,-25.91,-3.73,-17.18,0.0,0.0,0.0,0.0,0.0,11.45,DEAD_RECKONING,13.29,326.77,83.9,159.28,-16.9,False,False,False,False
1788925832446,0.5073,3.7161,9.1184,0.11971,0.01371,-0.051,-26.31,-4.22,-18.19,0.0,0.0,0.0,0.0,0.0,11.45,DEAD_RECKONING,13.49,326.83,86.6,162.47,-17.8,False,False,False,False
1788925832563,0.3709,3.6156,8.9797,0.0526,-0.00706,-0.09094,-25.89,-4.61,-18.51,0.0,0.0,0.0,0.0,0.0,11.45,DEAD_RECKONING,13.49,327.42,89.56,165.05,-18.38,False,False,False,True
1788925832682,0.2345,3.7854,8.9486,0.03449,-0.0502,-0.07443,-26.48,-4.82,-17.21,0.0,0.0,0.0,0.0,0.0,11.45,DEAD_RECKONING,13.58,327.89,92.44,166.99,-18.43,False,False,False,False
1788925832796,0.1938,3.8022,9.0371,0.07124,-0.01824,-0.04407,-26.4,-5.25,-17.25,0.0,0.0,0.0,0.0,0.0,11.45,DEAD_RECKONING,13.49,328.1,95.55,169.35,-18.86,False,False,False,False
1788925832910,0.2417,3.874,8.8122,0.03129,0.00573,-0.02969,-26.29,-5.83,-16.46,0.0,0.0,0.0,0.0,0.0,11.45,DEAD_RECKONING,13.52,328.15,98.82,171.74,-19.37,False,False,False,False
1788925833027,0.1699,3.9745,8.7117,0.01851,-0.00759,-0.03236,-26.7,-5.81,-17.01,0.0,0.0,0.0,0.0,0.0,11.45,DEAD_RECKONING,13.61,328.27,102.26,173.58,-19.55,False,False,False,False
1788925833142,0.3829,3.9027,8.9773,-0.03675,-0.05126,-0.05526,-26.46,-5.85,-17.94,0.0,0.0,0.0,0.0,0.0,11.32,DEAD_RECKONING,4.72,328.68,108.03,163.99,-12.9,False,False,False,False
1788925833257,0.3805,3.996,8.9653,-0.01385,-0.00013,-0.05686,-26.38,-6.68,-16.59,0.0,0.0,0.0,0.0,0.0,11.32,DEAD_RECKONING,3.39,328.84,125.53,129.56,5.28,False,False,False,False
1788925833371,0.2345,3.9242,8.9533,0.01225,0.05899,-0.09041,-26.38,-6.81,-17.63,0.0,0.0,0.0,0.0,0.0,11.32,DEAD_RECKONING,4.36,328.8,117.13,157.18,-6.96,False,False,False,False
1788925833487,0.1819,4.1252,8.8816,0.03715,0.14208,-0.11438,-26.63,-7.13,-17.7,0.0,0.0,0.0,0.0,0.0,11.32,DEAD_RECKONING,3.28,328.41,116.84,173.58,-15.28,False,False,False,False
1788925833604,-0.2327,3.9123,8.4933,-0.09481,0.19853,-0.29547,-25.97,-7.39,-17.68,0.0,0.0,0.0,0.0,0.0,11.32,DEAD_RECKONING,13.34,328.28,120.1,175.95,-15.59,False,False,False,False
1788925833717,-0.07,3.7902,8.7188,-0.13688,-0.46391,0.14767,-25.58,-8.33,-18.06,0.0,0.0,0.0,0.0,0.0,11.32,DEAD_RECKONING,13.61,330.17,123.28,179.24,-16.48,False,False,False,False
1788925833834,-0.8644,3.405,9.3769,-0.25193,0.51158,-0.11811,-25.69,-9.13,-18.06,0.0,0.0,0.0,0.0,0.0,11.32,DEAD_RECKONING,13.54,327.95,126.19,181.87,-16.74,False,False,False,False
1788925833948,-0.7711,3.3667,9.2309,-0.09694,0.12823,-0.20652,-25.46,-8.1,-19.67,0.0,0.0,0.0,0.0,0.0,11.32,DEAD_RECKONING,13.54,327.98,129.36,184.97,-17.43,False,False,False,False
1788925834068,-0.9266,3.2806,8.8672,-0.27217,0.14793,-0.13462,-24.99,-8.83,-20.61,0.0,0.0,0.0,0.0,0.0,11.32,DEAD_RECKONING,13.54,327.69,132.54,188.1,-18.12,False,False,False,False
1788925834186,-1.5302,2.8899,9.4726,-0.294,0.28801,-0.16711,-24.39,-9.23,-21.17,0.0,0.0,0.0,0.0,0.0,11.16,DEAD_RECKONING,13.44,326.83,135.72,191.15,-18.72,False,False,False,False
1788925834305,-1.4704,2.6506,9.1376,-0.00639,-0.05339,-0.16445,-23.14,-9.0,-21.49,0.0,0.0,0.0,0.0,0.0,11.16,DEAD_RECKONING,13.83,327.7,139.03,194.49,-19.55,False,False,False,False
1788925834426,-1.4584,2.4975,9.4941,-0.11398,0.16338,-0.05313,-23.16,-9.64,-21.28,0.0,0.0,0.0,0.0,0.0,11.16,DEAD_RECKONING,13.98,327.07,142.3,197.73,-20.27,False,False,False,False
1788925834541,-1.6905,2.4209,9.3649,-0.1273,0.19374,0.03795,-22.86,-9.58,-22.78,0.0,0.0,0.0,0.0,0.0,11.16,DEAD_RECKONING,14.09,325.93,145.53,200.97,-20.93,False,False,False,False
1788925834659,-1.8604,2.2582,9.3577,-0.07244,0.2012,0.03635,-22.43,-8.83,-23.08,0.0,0.0,0.0,0.0,0.0,11.16,DEAD_RECKONING,14.07,324.75,148.76,204.21,-21.57,False,False,False,False
1788925834779,-2.3922,1.87,9.5731,0.06591,-0.07683,0.00173,-22.2,-7.76,-23.38,0.0,0.0,0.0,0.0,0.0,11.16,DEAD_RECKONING,14.09,325.12,152.15,207.8,-22.5,False,False,False,False
1788925834899,-2.6028,1.8748,9.2692,0.21504,-0.03156,0.50172,-22.82,-8.16,-23.25,0.0,0.0,0.0,0.0,0.0,11.16,DEAD_RECKONING,14.09,323.38,155.19,211.4,-23.22,False,False,False,False
1788925835018,-0.5055,3.1633,9.1113,0.23369,0.15326,0.76004,-24.04,-7.26,-22.48,0.0,0.0,0.0,0.0,0.0,11.16,DEAD_RECKONING,14.17,319.94,157.18,214.5,-23.07,False,False,False,False
1788925835137,-0.7065,3.4074,8.7428,0.1474,0.07656,0.28974,-23.48,-4.56,-22.61,0.0,0.0,0.0,0.0,0.0,11.07,DEAD_RECKONING,14.26,318.59,159.6,218.16,-23.49,False,False,False,False
1788925835255,-0.3523,3.4863,9.5779,0.12823,-0.02037,0.11198,-23.64,-3.47,-21.62,0.0,0.0,0.0,0.0,0.0,11.07,DEAD_RECKONING,14.26,318.32,162.49,222.29,-24.42,False,False,False,False
1788925835374,-0.7424,3.4887,9.1304,0.04567,0.08615,-0.0755,-24.32,-3.02,-21.3,0.0,0.0,0.0,0.0,0.0,11.07,DEAD_RECKONING,14.26,318.09,165.72,225.78,-25.06,False,False,False,False
1788925835494,-1.1545,3.4265,8.9079,-0.01332,0.01212,-0.12024,-24.15,-3.64,-22.26,0.0,0.0,0.0,0.0,0.0,11.07,DEAD_RECKONING,14.26,318.38,169.15,229.79,-26.11,False,False,False,False
1788925835606,-1.602,3.0622,9.1137,-0.06658,-0.04221,-0.16445,-23.61,-3.3,-22.29,0.0,0.0,0.0,0.0,0.0,11.07,DEAD_RECKONING,14.26,319.1,172.8,233.99,-27.37,False,False,False,False
1788925835724,-1.3651,3.1005,9.1424,-0.02503,-0.11837,0.01238,-23.57,-4.37,-22.24,0.0,0.0,0.0,0.0,0.0,11.07,DEAD_RECKONING,14.26,319.66,176.26,238.53,-28.74,False,False,False,False
1788925835842,-1.1091,3.2399,9.0754,-0.00639,-0.03475,0.04114,-24.04,-4.01,-22.18,0.0,0.0,0.0,0.0,0.0,11.07,DEAD_RECKONING,14.26,319.7,179.61,242.74,-29.79,False,False,False,False
1788925835964,-0.5868,3.4935,9.6096,0.05899,0.04887,-0.02117,-24.45,-3.94,-22.56,0.0,0.0,0.0,0.0,0.0,11.07,DEAD_RECKONING,14.26,319.49,182.96,246.66,-30.63,False,False,False,False
1788925836085,-0.7854,3.417,9.1137,0.10532,0.08668,-0.31091,-24.24,-4.39,-21.15,0.0,0.0,0.0,0.0,0.0,11.07,DEAD_RECKONING,14.26,320.0,186.78,250.5,-31.61,False,False,False,False
1788925836199,-0.4528,3.8668,8.7356,0.28109,-0.16737,-0.52436,-23.89,-5.23,-21.26,0.0,0.0,0.0,0.0,0.0,11.0,DEAD_RECKONING,14.26,322.53,190.62,254.74,-32.84,False,False,False,False
1788925836316,-0.7639,2.7942,8.0195,-0.098,-0.16258,-1.14206,-23.18,-8.12,-20.72,0.0,0.0,0.0,0.0,0.0,11.0,DEAD_RECKONING,14.26,327.22,192.94,258.36,-32.9,False,False,False,False
1788925836438,-8.5597,0.0676,9.9661,-0.16724,-0.87243,0.98787,-22.78,-11.55,-20.66,0.0,0.0,0.0,0.0,0.0,11.0,DEAD_RECKONING,14.27,328.38,196.81,258.07,-31.07,False,False,False,False
1788925836555,2.6477,3.4983,10.3155,-0.0277,0.80558,2.22807,-23.55,-6.75,-20.87,0.0,0.0,0.0,0.0,0.0,11.0,DEAD_RECKONING,14.24,317.07,174.89,243.68,-7.31,False,False,False,False
1788925836674,6.0257,6.1675,8.6423,0.69427,-0.11997,-0.28056,-23.79,1.16,-22.59,0.0,0.0,0.0,0.0,0.0,11.0,DEAD_RECKONING,14.05,318.48,170.94,266.85,-17.46,False,False,False,False
1788925836793,-0.6084,0.8333,8.2875,-0.31904,-0.65778,-3.36108,-23.25,-0.68,-21.81,0.0,0.0,0.0,0.0,0.0,11.0,DEAD_RECKONING,14.15,332.57,78.89,298.03,9.32,False,False,False,False
1788925836905,-11.1547,-1.3095,9.2788,0.97495,-0.47296,2.20943,-23.01,-8.51,-20.01,0.0,0.0,0.0,0.0,0.0,11.0,DEAD_RECKONING,14.26,328.06,70.11,251.19,48.41,True,False,False,False
1788925837023,8.6142,4.7145,9.9326,0.31518,1.19905,2.76588,-24.84,-5.48,-18.96,0.0,0.0,0.0,0.0,0.0,11.0,DEAD_RECKONING,14.43,317.26,90.97,257.44,37.91,False,False,False,True
1788925837142,6.4068,5.8516,7.7372,-0.44687,0.40346,-1.01011,-23.53,5.19,-20.87,0.0,0.0,0.0,0.0,0.0,11.26,DEAD_RECKONING,14.27,317.02,99.63,303.08,6.52,False,False,False,False
1788925837259,-0.1729,0.5222,9.9183,-1.09759,-0.7462,-3.10009,-23.12,3.47,-21.34,0.0,0.0,0.0,0.0,0.0,11.26,DEAD_RECKONING,13.8,328.87,98.1,317.99,0.88,False,False,False,False
1788925837378,-5.2774,-0.6413,10.8138,0.03395,-0.63914,-1.52981,-23.64,-5.23,-21.36,0.0,0.0,0.0,0.0,0.0,11.26,DEAD_RECKONING,14.28,337.33,97.16,312.6,8.58,False,False,False,False
1788925837499,-2.6195,1.1617,10.5691,0.28748,0.30772,0.78881,-23.64,-11.04,-20.51,0.0,0.0,0.0,0.0,0.0,11.26,DEAD_RECKONING,14.28,333.02,99.26,320.33,6.04,False,False,False,False
1788925837611,0.749,3.3691,9.4893,0.85778,-0.09174,0.52196,-24.15,-9.94,-20.51,0.0,0.0,0.0,0.0,0.0,11.26,DEAD_RECKONING,14.17,332.02,99.36,323.34,7.63,False,False,False,False
1788925837728,0.0335,3.4887,8.75,0.68734,0.03076,0.02304,-25.43,-8.72,-19.67,0.0,0.0,0.0,0.0,0.0,11.26,DEAD_RECKONING,14.23,331.77,100.7,327.11,8.18,False,False,False,False
1788925837843,-0.2734,4.1833,9.1567,0.65379,0.17243,0.17217,-25.73,-8.74,-18.49,0.0,0.0,0.0,0.0,0.0,11.26,DEAD_RECKONING,14.26,330.42,102.85,334.97,5.59,False,False,False,False
1788925837960,0.1962,5.1165,8.199,1.12409,-0.30412,0.11784,-25.37,-8.96,-17.57,0.0,0.0,0.0,0.0,0.0,11.26,DEAD_RECKONING,13.91,329.88,102.39,334.06,10.18,True,False,False,False
1788925838076,0.0646,5.8181,6.9589,0.31091,0.08136,0.11145,-26.51,-9.88,-15.54,0.0,0.0,0.0,0.0,0.0,11.26,DEAD_RECKONING,12.57,329.29,62.79,216.0,111.74,False,False,False,False
1788925838189,-0.2638,6.0455,7.0331,-0.01811,-0.02463,-0.02064,-26.03,-9.49,-14.46,0.0,0.0,0.0,0.0,0.0,11.1,DEAD_RECKONING,12.2,329.43,59.74,222.85,112.36,False,False,False,False
1788925838310,-0.1155,5.8612,7.6391,-0.05166,-0.03262,-0.08881,-26.34,-10.2,-14.55,0.0,0.0,0.0,0.0,0.0,11.1,DEAD_RECKONING,12.42,329.4,59.45,225.57,114.56,False,False,False,True
1788925838430,-0.1681,5.7799,7.8042,-0.0735,-0.01771,-0.05313,-26.21,-10.24,-13.48,0.0,0.0,0.0,0.0,0.0,11.1,DEAD_RECKONING,12.58,329.53,59.92,228.19,116.58,False,False,False,False
1788925838548,-0.1872,5.8205,7.5841,-0.14008,0.0755,-0.07816,-25.59,-10.11,-13.8,0.0,0.0,0.0,0.0,0.0,11.1,DEAD_RECKONING,12.38,329.11,60.32,230.92,118.58,False,False,False,False
1788925838663,-0.4289,5.4568,6.746,-0.48255,0.13781,-0.11012,-25.76,-9.94,-15.08,0.0,0.0,0.0,0.0,0.0,11.1,DEAD_RECKONING,12.19,328.35,60.76,233.72,120.54,False,False,False,False
1788925838777,-0.5701,3.8955,7.3753,-2.20996,0.45672,-0.29866,-25.37,-9.71,-16.95,0.0,0.0,0.0,0.0,0.0,11.1,DEAD_RECKONING,11.79,326.11,61.21,236.52,122.47,False,False,False,False
1788925838893,-2.1147,1.3436,10.404,-2.38093,0.78641,-0.796,-22.84,-7.67,-22.65,0.0,0.0,0.0,0.0,0.0,11.1,DEAD_RECKONING,13.67,324.04,63.99,238.54,123.26,False,False,False,False
1788925839009,-2.988,-0.5336,10.8138,-0.45645,0.02969,-0.21504,-19.82,-5.74,-27.92,0.0,0.0,0.0,0.0,0.0,11.1,DEAD_RECKONING,13.65,324.71,65.12,241.49,124.72,False,False,False,False
1788925839121,-2.5597,-0.3565,9.9541,0.00639,-0.00972,-0.05313,-19.01,-5.48,-28.74,0.0,0.0,0.0,0.0,0.0,10.97,DEAD_RECKONING,13.6,324.96,65.69,244.52,126.5,False,False,False,False
1788925839236,-2.342,-0.2632,9.7101,-0.00586,-0.13808,-0.05047,-18.84,-4.82,-27.81,0.0,0.0,0.0,0.0,0.0,10.97,DEAD_RECKONING,13.6,325.89,66.47,247.71,128.14,False,False,False,False
1788925839352,-2.3252,-0.1747,9.9087,0.10479,-0.24514,-0.07017,-19.43,-5.59,-28.07,0.0,0.0,0.0,0.0,0.0,10.97,DEAD_RECKONING,13.6,327.46,67.49,251.0,129.65,False,False,False,False
1788925839466,-2.0183,0.1107,10.1886,0.63248,-0.59866,-0.0755,-19.89,-5.66,-27.56,0.0,0.0,0.0,0.0,0.0,10.97,DEAD_RECKONING,13.6,343.49,56.91,250.69,140.26,False,False,False,True
1788925839580,-0.7519,1.6738,9.4798,1.25977,-0.54806,0.28442,-22.05,-7.03,-25.2,0.0,0.0,0.0,0.0,0.0,10.97,DEAD_RECKONING,13.5,345.02,36.28,246.29,158.35,False,False,False,False
1788925839695,0.4546,2.5693,9.2046,0.85032,-0.69027,-0.21504,-24.99,-9.54,-21.49,0.0,0.0,0.0,0.0,0.0,10.97,DEAD_RECKONING,13.53,349.35,15.33,238.55,178.55,False,False,False,False
1788925839809,-0.0508,2.9402,9.0873,0.43182,-0.42556,-0.22889,-25.8,-11.49,-16.88,0.0,0.0,0.0,0.0,0.0,10.97,DEAD_RECKONING,14.0,352.35,0.7,233.91,193.7,False,False,False,False
1788925839927,0.8447,3.3858,9.0873,0.40785,-0.28974,-0.04887,-26.23,-12.81,-14.49,0.0,0.0,0.0,0.0,0.0,10.97,DEAD_RECKONING,14.33,354.04,1.29,237.32,195.59,False,False,False,False
1788925840044,1.051,3.7711,8.7236,0.16711,-0.06458,-0.00679,-26.1,-13.35,-12.09,0.0,0.0,0.0,0.0,0.0,10.97,DEAD_RECKONING,14.35,354.39,-0.01,239.05,199.64,False,False,False,False
1788925840157,0.9212,4.0989,8.3761,0.2225,-0.03688,-0.10213,-27.09,-14.01,-11.18,0.0,0.0,0.0,0.0,0.0,10.96,DEAD_RECKONING,14.22,354.89,-1.81,240.76,204.14,False,False,False,False
1788925840271,1.0774,4.1037,8.7882,0.07177,-0.00599,-0.12024,-26.51,-14.1,-11.29,0.0,0.0,0.0,0.0,0.0,10.96,DEAD_RECKONING,13.58,355.26,-5.1,241.82,210.22,False,False,False,False
1788925840385,0.7585,4.188,8.659,0.02011,0.08296,-0.15326,-26.44,-14.14,-11.04,0.0,0.0,0.0,0.0,0.0,10.96,DEAD_RECKONING,13.58,355.24,-4.96,244.86,212.59,False,False,False,False
1788925840499,0.4929,4.1809,8.7476,0.10426,0.10373,-0.07497,-26.46,-15.15,-11.01,0.0,0.0,0.0,0.0,0.0,10.96,DEAD_RECKONING,13.57,354.86,-5.39,247.61,215.64,False,False,False,False
1788925840609,0.4379,4.3962,8.6207,0.14048,0.14527,-0.03449,-26.19,-15.94,-10.35,0.0,0.0,0.0,0.0,0.0,10.96,DEAD_RECKONING,13.47,354.12,-6.0,250.05,219.21,False,False,False,False
1788925840728,0.4546,4.681,8.6399,0.26831,0.1,-0.03608,-25.63,-16.2,-10.29,0.0,0.0,0.0,0.0,0.0,10.96,DEAD_RECKONING,12.98,353.62,-6.96,251.52,224.14,False,False,False,False
1788925840845,0.2273,5.0207,8.4526,0.31997,0.14048,-0.04887,-26.25,-16.05,-9.98,0.0,0.0,0.0,0.0,0.0,10.96,DEAD_RECKONING,7.9,352.89,-8.49,251.17,231.62,False,False,False,False
1788925840965,2.4084,6.5557,7.9932,0.443,-0.1743,-0.3972,-25.09,-17.16,-9.96,0.0,0.0,0.0,0.0,0.0,10.96,DEAD_RECKONING,13.33,354.88,8.85,257.84,219.99,False,False,False,False
1788925841082,2.2792,6.067,5.7595,-0.5225,0.51957,-1.95204,-23.94,-18.81,-9.04,0.0,0.0,0.0,0.0,0.0,10.96,DEAD_RECKONING,12.83,356.79,67.89,252.5,188.59,False,False,False,False
1788925841194,-2.0907,2.2965,6.7938,-0.28815,-1.00012,-3.11234,-18.84,-23.91,-8.66,0.0,0.0,0.0,0.0,0.0,10.97,DEAD_RECKONING,13.46,18.06,113.68,234.65,180.87,False,False,False,False
1788925841311,-4.858,1.9537,7.7061,-0.89786,-0.23981,-1.50957,-8.66,-29.66,-8.36,0.0,0.0,0.0,0.0,0.0,10.97,DEAD_RECKONING,13.57,30.9,119.43,238.32,178.94,False,False,False,True
1788925841432,-4.008,-1.5272,10.5356,-1.76003,-0.29454,-1.21982,-1.54,-31.28,-11.08,0.0,0.0,0.0,0.0,0.0,10.97,DEAD_RECKONING,12.43,46.01,127.48,243.0,174.37,False,False,False,False
1788925841548,-6.4313,-2.3725,10.4279,0.23315,0.16977,1.87508,3.17,-30.36,-15.38,0.0,0.0,0.0,0.0,0.0,10.97,DEAD_RECKONING,10.44,24.53,121.91,243.44,182.09,False,False,False,False
1788925841663,-1.7527,-1.2042,9.0993,0.15379,0.5233,3.1435,-0.81,-29.16,-17.74,0.0,0.0,0.0,0.0,0.0,10.97,DEAD_RECKONING,12.61,358.49,111.21,242.13,193.67,False,False,False,False
1788925841776,-0.1801,0.4457,8.9773,-0.48681,0.40239,2.79837,-13.11,-25.8,-17.68,0.0,0.0,0.0,0.0,0.0,10.97,DEAD_RECKONING,13.52,344.28,104.48,241.49,202.42,False,False,False,False
1788925841890,0.0144,0.6538,10.0379,-0.50758,0.4434,2.52953,-20.83,-16.11,-21.04,0.0,0.0,0.0,0.0,0.0,10.97,DEAD_RECKONING,13.82,333.96,98.27,240.71,210.8,False,False,False,False
1788925842002,0.1196,0.5988,9.9613,-0.19174,0.19374,3.36441,-22.22,-6.45,-23.1,0.0,0.0,0.0,0.0,0.0,10.97,DEAD_RECKONING,13.81,324.39,93.71,239.31,219.07,False,False,False,False
1788925842115,3.1699,0.7424,11.0339,0.36844,0.61171,3.7921,-20.57,6.94,-22.52,0.0,0.0,0.0,0.0,0.0,11.22,DEAD_RECKONING,13.41,312.57,92.75,238.04,224.94,False,False,False,False
1788925842233,6.5049,3.6754,9.1352,1.1358,-0.65352,1.95763,-14.79,16.89,-21.64,0.0,0.0,0.0,0.0,0.0,11.22,DEAD_RECKONING,13.85,312.38,95.06,239.26,227.99,False,False,False,False
1788925842350,5.6883,4.7671,7.3872,0.40625,-0.2988,-0.23209,-12.94,18.3,-21.04,0.0,0.0,0.0,0.0,0.0,11.22,DEAD_RECKONING,11.86,314.51,97.51,241.16,230.25,False,False,False,False
1788925842467,3.7896,3.7854,8.2899,0.26085,-0.9394,-2.24378,-15.68,15.84,-21.17,0.0,0.0,0.0,0.0,0.0,11.22,DEAD_RECKONING,13.93,312.93,83.05,249.27,237.52,False,False,False,True
1788925842585,1.3621,3.5342,7.596,1.29226,-2.55989,-3.72951,-20.85,9.73,-19.65,0.0,0.0,0.0,0.0,0.0,11.22,DEAD_RECKONING,13.22,331.95,83.68,253.23,239.62,False,False,False,False
1788925842699,0.2321,5.9498,8.2493,-0.50599,-0.24727,-2.33326,-26.53,-3.19,-13.99,0.0,0.0,0.0,0.0,0.0,11.22,DEAD_RECKONING,11.89,336.42,87.2,255.44,241.34,False,False,False,False
1788925842814,-0.3667,4.9083,7.0427,-0.13795,-0.85698,-2.18852,-25.16,-13.46,-11.53,0.0,0.0,0.0,0.0,0.0,11.22,DEAD_RECKONING,12.47,346.38,91.22,257.74,243.15,False,False,False,False
1788925842932,-3.0574,4.547,7.7157,0.73634,-2.29784,-1.8828,-21.53,-20.78,-6.04,0.0,0.0,0.0,0.0,0.0,11.22,DEAD_RECKONING,12.81,7.8,94.92,260.09,245.49,False,False,False,False
1788925843048,0.0502,6.5629,6.7005,0.67935,-1.01983,-0.95365,-18.99,-26.42,4.76,0.0,0.0,0.0,0.0,0.0,11.22,DEAD_RECKONING,12.72,18.4,97.56,262.47,247.83,False,False,False,False
1788925843165,-2.2582,6.4146,7.7755,0.35779,-0.95645,-0.75126,-14.27,-28.14,10.14,0.0,0.0,0.0,0.0,0.0,11.17,DEAD_RECKONING,12.4,27.96,100.15,264.9,250.12,False,False,False,False
1788925843281,-1.5781,8.5502,7.0546,0.26831,-0.12423,-0.3237,-9.28,-28.44,12.86,0.0,0.0,0.0,0.0,0.0,11.17,DEAD_RECKONING,13.16,30.3,102.62,267.35,252.31,False,False,False,False
1788925843397,-4.1204,6.9936,6.5115,0.12024,1.42968,0.65032,-8.06,-28.99,13.24,0.0,0.0,0.0,0.0,0.0,11.17,DEAD_RECKONING,13.69,17.63,103.81,269.57,254.97,False,False,False,False
1788925843512,-4.8796,2.6794,9.6957,-0.73381,1.48081,2.93951,-12.54,-27.84,10.74,0.0,0.0,0.0,0.0,0.0,11.17,DEAD_RECKONING,13.97,358.55,104.75,271.64,258.11,False,False,False,False
1788925843631,-3.3523,1.1952,7.2078,-1.05498,3.63577,4.76865,-23.83,-21.04,3.99,0.0,0.0,0.0,0.0,0.0,11.17,DEAD_RECKONING,13.97,353.87,126.52,257.47,262.96,False,False,False,True
1788925843747,2.6524,0.1944,7.785,-2.57414,1.4595,3.77505,-30.81,-8.23,-5.74,0.0,0.0,0.0,0.0,0.0,11.17,DEAD_RECKONING,13.61,336.05,129.47,258.95,265.54,False,False,False,False
1788925843865,11.2522,3.4792,11.2373,-0.32916,0.56164,1.45378,-28.14,10.13,-13.18,0.0,0.0,0.0,0.0,0.0,11.17,DEAD_RECKONING,12.05,327.33,132.34,260.78,267.95,False,False,False,False
1788925843979,4.0122,2.1745,12.14,-0.65978,1.04513,-1.31783,-23.42,18.38,-13.28,0.0,0.0,0.0,0.0,0.0,11.17,DEAD_RECKONING,12.77,328.37,134.07,262.75,271.07,False,False,False,False
1788925844095,0.6078,-0.4714,9.9159,-1.26363,0.92276,-1.7555,-22.11,18.11,-16.16,0.0,0.0,0.0,0.0,0.0,11.17,DEAD_RECKONING,13.21,332.58,135.53,264.89,274.39,False,False,False,False
1788925844203,1.4435,-2.0154,10.349,-0.14594,0.11225,-2.0346,-23.18,14.93,-17.44,0.0,0.0,0.0,0.0,0.0,11.17,DEAD_RECKONING,16.66,341.4,138.18,267.26,277.03,False,False,False,False
1788925844320,2.0417,-1.8383,12.2883,1.55218,-1.89425,-1.7113,-25.41,8.25,-16.76,0.0,0.0,0.0,0.0,0.0,11.17,DEAD_RECKONING,13.72,355.93,140.12,268.9,279.99,False,False,False,False
1788925844431,3.7178,-0.6437,10.9573,1.5362,-1.00332,-2.65603,-28.69,-2.08,-12.92,0.0,0.0,0.0,0.0,0.0,11.17,DEAD_RECKONING,13.75,9.9,143.42,270.59,282.12,False,False,False,False
1788925844546,5.6596,-1.934,11.8002,1.30771,-2.3021,-3.0431,-27.17,-11.66,-7.28,0.0,0.0,0.0,0.0,0.0,11.17,DEAD_RECKONING,13.4,30.67,146.73,272.18,283.86,False,False,False,False
1788925844663,0.4714,0.9075,9.1208,0.28109,-1.27176,-2.39131,-20.42,-23.33,1.43,0.0,0.0,0.0,0.0,0.0,11.17,DEAD_RECKONING,13.03,44.75,151.2,273.98,285.27,False,False,False,False
1788925844778,-2.2463,3.0622,10.3825,0.54686,-1.56989,-2.1768,-6.64,-29.81,4.71,0.0,0.0,0.0,0.0,0.0,11.17,DEAD_RECKONING,13.0,60.65,155.66,275.82,286.61,False,False,False,False
1788925844889,-4.4249,4.5565,12.2189,0.05047,-1.88147,-0.54247,3.62,-31.11,5.61,0.0,0.0,0.0,0.0,0.0,11.17,DEAD_RECKONING,12.87,72.01,154.03,276.49,292.15,False,False,False,False
1788925845006,-2.141,3.0191,9.0108,1.65764,1.50424,1.86016,3.6,-30.84,5.25,0.0,0.0,0.0,0.0,0.0,11.17,DEAD_RECKONING,12.29,58.03,158.55,279.49,293.7,False,False,False,False
1788925845125,-4.7097,1.8485,4.7803,-1.48573,4.32804,6.15265,-5.96,-29.19,8.61,0.0,0.0,0.0,0.0,0.0,11.01,DEAD_RECKONING,13.74,19.31,169.2,285.38,289.86,True,False,False,False
1788925845243,6.5073,0.728,15.3841,-1.72594,3.0969,5.53175,-23.55,-14.38,-1.88,0.0,0.0,0.0,0.0,0.0,11.01,DEAD_RECKONING,14.97,345.6,173.17,287.85,291.75,False,False,False,False
1788925845364,2.8989,1.0947,8.7595,-0.85365,0.07869,2.46029,-26.36,7.26,-13.5,0.0,0.0,0.0,0.0,0.0,11.01,DEAD_RECKONING,16.63,333.73,181.74,289.55,290.8,False,False,False,False
1788925845483,1.5057,-0.8925,9.5204,-1.50331,0.894,-1.94618,-23.03,16.09,-14.42,0.0,0.0,0.0,0.0,0.0,11.01,DEAD_RECKONING,12.77,340.82,185.16,291.77,293.21,False,False,False,False
1788925845603,1.721,-2.5974,12.2859,-0.39201,-0.55179,-2.39771,-23.49,15.24,-14.21,0.0,0.0,0.0,0.0,0.0,11.01,DEAD_RECKONING,16.63,354.66,189.67,293.79,294.93,False,False,False,False
1788925845723,3.347,-4.6947,9.6072,0.70545,-0.2233,-1.9547,-26.29,8.98,-14.89,0.0,0.0,0.0,0.0,0.0,11.01,DEAD_RECKONING,16.63,4.86,195.26,295.83,295.95,False,False,False,False
1788925845842,3.3422,-5.9348,9.8967,2.57134,-1.71849,-3.17999,-28.31,-1.43,-13.5,0.0,0.0,0.0,0.0,0.0,11.01,DEAD_RECKONING,15.5,24.8,201.06,297.62,296.68,False,False,False,False
1788925845963,6.1334,-2.0901,10.9908,1.23061,-0.52676,-2.82859,-26.59,-14.61,-5.74,0.0,0.0,0.0,0.0,0.0,11.01,DEAD_RECKONING,15.56,36.68,209.71,300.03,295.42,False,False,False,False
1788925846082,-3.2471,2.0303,9.7795,-0.53475,0.05526,-2.71568,-18.66,-25.37,1.26,0.0,0.0,0.0,0.0,0.0,11.01,DEAD_RECKONING,12.87,45.84,218.26,302.64,294.19,False,False,False,False
1788925846199,-2.7272,3.1681,8.0865,0.60545,-1.00545,-1.35245,-6.81,-29.74,2.57,0.0,0.0,0.0,0.0,0.0,11.04,DEAD_RECKONING,12.71,56.16,223.38,304.83,295.49,False,False,False,False
1788925846310,-2.2415,5.0949,10.7324,1.24912,-0.49374,-0.6687,-0.77,-30.36,4.03,0.0,0.0,0.0,0.0,0.0,11.04,DEAD_RECKONING,13.18,61.27,228.73,307.17,296.64,False,False,False,False
1788925846420,-2.6459,6.3739,6.0586,1.59532,1.16656,-0.42902,1.5,-29.4,7.44,0.0,0.0,0.0,0.0,0.0,11.04,DEAD_RECKONING,13.85,55.8,236.36,310.06,296.11,False,False,False,False
1788925846539,-7.7001,6.0024,3.7962,0.11118,1.53513,0.66417,1.69,-27.69,13.82,0.0,0.0,0.0,0.0,0.0,11.04,DEAD_RECKONING,14.07,44.4,242.69,312.76,296.63,False,False,False,False
1788925846649,-7.2933,3.9434,8.6183,-2.52407,3.42113,5.06785,-4.16,-26.74,13.99,0.0,0.0,0.0,0.0,0.0,11.04,DEAD_RECKONING,13.98,15.09,249.36,315.66,296.86,True,False,False,False
1788925846764,0.8925,-3.7992,11.601,-3.62006,5.99633,8.53025,-18.32,-21.36,3.26,0.0,0.0,0.0,0.0,0.0,11.04,DEAD_RECKONING,14.18,320.71,247.8,315.34,304.26,False,False,False,False
1788925846878,2.3797,-1.3071,11.6249,-0.65871,1.00412,1.8362,-22.13,5.19,-14.78,0.0,0.0,0.0,0.0,0.0,11.04,DEAD_RECKONING,12.89,308.55,255.19,314.13,305.4,False,False,False,False
1788925846991,-0.2495,0.6467,9.475,-0.26791,-0.39094,-0.15805,-19.59,19.74,-17.1,0.0,0.0,0.0,0.0,0.0,11.04,DEAD_RECKONING,13.54,310.73,265.14,315.71,303.81,False,False,False,False
1788925847101,0.5551,1.3101,10.6026,-0.23542,1.26563,-1.40784,-23.1,19.69,-12.92,0.0,0.0,0.0,0.0,0.0,11.13,DEAD_RECKONING,11.54,312.86,263.95,319.83,309.58,False,False,False,False
1788925847209,0.4666,1.2622,11.2397,-0.3707,0.35392,-1.34286,-24.15,17.46,-12.26,0.0,0.0,0.0,0.0,0.0,11.13,DEAD_RECKONING,13.5,317.93,270.0,322.08,310.71,False,False,False,False
1788925847323,2.796,0.2064,12.947,2.81102,-2.75949,-1.84339,-25.2,14.63,-12.79,0.0,0.0,0.0,0.0,0.0,11.13,DEAD_RECKONING,14.31,336.45,276.9,323.96,311.39,False,False,False,False
1788925847437,3.9763,2.8828,9.6861,3.44523,-1.62847,-0.83647,-29.55,7.48,-6.98,0.0,0.0,0.0,0.0,0.0,11.13,DEAD_RECKONING,13.51,346.92,282.74,325.79,312.89,False,False,False,False
1788925847545,5.7936,6.4768,4.4405,0.30346,0.66817,-1.07389,-31.8,1.43,-0.79,0.0,0.0,0.0,0.0,0.0,11.13,DEAD_RECKONING,16.05,344.56,288.15,327.67,314.69,True,False,False,False
1788925847657,1.6062,4.6786,6.7508,0.71024,-0.91064,-1.16284,-31.41,-2.61,5.49,0.0,0.0,0.0,0.0,0.0,11.13,DEAD_RECKONING,15.49,351.12,295.82,329.28,314.95,False,False,False,False
1788925847774,-1.5948,4.6092,7.2293,-0.80412,-0.02783,-1.00105,-28.91,-8.76,6.99,0.0,0.0,0.0,0.0,0.0,11.13,DEAD_RECKONING,12.57,352.28,301.73,331.16,316.41,True,False,False,False
1788925847886,-1.925,6.4289,5.7284,-0.97083,-0.65885,-0.1261,-26.85,-12.98,5.87,0.0,0.0,0.0,0.0,0.0,11.13,DEAD_RECKONING,12.67,356.15,307.89,333.01,317.72,False,False,False,False
1788925847996,-2.2989,6.4409,6.1232,-1.2892,0.03928,-0.49507,-25.48,-15.98,4.22,0.0,0.0,0.0,0.0,0.0,11.13,DEAD_RECKONING,12.71,357.18,313.87,334.88,319.16,False,False,False,False
1788925848111,-3.0861,6.0742,7.1073,-0.62143,0.01425,-0.45086,-23.42,-17.66,1.05,0.0,0.0,0.0,0.0,0.0,11.02,DEAD_RECKONING,13.37,358.49,319.89,336.76,320.58,False,False,False,False
1788925848223,-2.6913,5.2845,7.4758,-0.77056,-0.11678,-0.12876,-21.9,-18.38,-1.97,0.0,0.0,0.0,0.0,0.0,11.02,DEAD_RECKONING,13.69,359.49,325.96,338.62,321.99,False,False,False,False
1788925848337,-0.46,6.0861,10.2221,-0.48734,0.1474,0.65299,-21.83,-18.06,-5.53,0.0,0.0,0.0,0.0,0.0,11.02,DEAD_RECKONING,13.83,356.35,332.04,340.5,323.42,False,False,False,False
1788925848453,0.7992,4.9274,8.5484,-0.13635,-0.00652,0.26205,-22.95,-15.79,-5.93,0.0,0.0,0.0,0.0,0.0,11.02,DEAD_RECKONING,13.22,355.37,338.16,342.41,324.84,False,False,False,False
1788925848566,-0.7926,4.1737,8.9438,0.04407,0.05845,0.2695,-23.33,-14.33,-5.66,0.0,0.0,0.0,0.0,0.0,11.02,DEAD_RECKONING,13.25,354.07,344.3,344.34,326.28,False,False,False,False
1788925848680,0.6365,4.2335,8.951,-0.00746,0.05313,0.28548,-23.61,-13.39,-6.43,0.0,0.0,0.0,0.0,0.0,11.02,DEAD_RECKONING,13.14,352.74,350.46,346.29,327.71,False,False,False,False
1788925848795,-0.216,4.5781,8.2205,0.06804,-0.01079,0.23701,-24.58,-13.5,-6.47,0.0,0.0,0.0,0.0,0.0,11.02,DEAD_RECKONING,13.17,351.9,356.66,348.27,329.13,False,False,False,False
1788925848907,-0.7639,5.3133,8.5848,0.3205,0.16711,0.40479,-25.2,-12.75,-6.0,0.0,0.0,0.0,0.0,0.0,11.02,DEAD_RECKONING,13.15,349.67,362.81,350.25,330.6,False,False,False,False
1788925849027,-1.9274,5.4353,8.5149,0.51171,-0.06458,0.73661,-25.91,-10.78,-5.72,0.0,0.0,0.0,0.0,0.0,11.02,DEAD_RECKONING,13.3,347.5,369.11,352.21,331.99,False,False,False,False
1788925849138,-0.6826,1.1498,8.9749,0.1703,-0.07523,1.67535,-27.69,-8.14,-5.7,0.0,0.0,0.0,0.0,0.0,10.89,DEAD_RECKONING,13.44,342.59,375.8,354.01,333.15,False,False,False,False
1788925849246,0.2225,1.2287,8.5729,-1.08481,2.54311,2.61102,-28.91,-2.44,-6.0,0.0,0.0,0.0,0.0,0.0,10.89,DEAD_RECKONING,12.97,321.9,375.42,355.36,339.57,False,False,False,False
1788925849365,6.2004,0.2399,9.4558,-0.94686,-0.68281,2.80369,-28.09,8.63,-9.86,0.0,0.0,0.0,0.0,0.0,10.89,DEAD_RECKONING,15.31,313.22,395.19,351.56,333.18,False,False,False,False
1788925849480,5.2002,2.6171,13.5332,-0.77429,0.71823,0.90105,-25.56,18.54,-7.65,0.0,0.0,0.0,0.0,0.0,10.89,DEAD_RECKONING,13.84,306.16,396.14,351.65,339.2,False,False,False,False
1788925849591,5.6142,4.0869,10.7037,0.95418,-1.38254,-0.73261,-23.16,22.16,-4.95,0.0,0.0,0.0,0.0,0.0,10.89,DEAD_RECKONING,13.74,315.07,418.23,351.88,330.3,False,False,False,False
1788925849710,4.6851,4.9561,10.9956,2.03566,-0.14873,-1.43021,-24.71,20.59,-5.55,0.0,0.0,0.0,0.0,0.0,10.89,DEAD_RECKONING,13.14,321.31,421.54,355.03,333.84,False,False,False,False
1788925849823,-1.9729,1.9346,8.4933,1.26243,-1.56403,-2.13526,-27.09,15.62,-9.58,0.0,0.0,0.0,0.0,0.0,10.89,DEAD_RECKONING,15.23,335.26,428.56,357.02,335.11,False,False,False,False
1788925849941,7.9268,-5.5161,8.2205,-3.05549,0.02703,0.84832,-30.96,7.31,-7.26,0.0,0.0,0.0,0.0,0.0,10.89,DEAD_RECKONING,16.57,332.58,437.72,357.54,335.36,False,False,False,False
1788925850052,5.2457,-4.2927,6.813,1.05591,1.20385,0.04967,-32.63,6.34,-2.76,0.0,0.0,0.0,0.0,0.0,10.89,DEAD_RECKONING,16.57,326.75,440.15,359.56,339.89,False,False,False,False
1788925850165,-0.7615,6.4481,9.947,-2.04218,1.20012,-0.10426,-31.35,6.99,-3.86,0.0,0.0,0.0,0.0,0.0,10.7,DEAD_RECKONING,16.57,321.89,441.0,361.93,345.43,False,False,False,False
1788925850286,5.6309,11.5095,12.8489,-1.63966,-0.60345,-0.53555,-27.64,6.6,-8.21,0.0,0.0,0.0,0.0,0.0,10.7,DEAD_RECKONING,16.6,326.46,450.55,362.89,345.37,False,False,False,False
1788925850401,3.3924,1.9418,6.4678,0.23369,-1.13967,-3.33604,-27.39,5.18,-8.83,0.0,0.0,0.0,0.0,0.0,10.7,DEAD_RECKONING,16.6,345.87,458.89,364.21,346.07,False,False,False,False
1788925850518,3.6413,-11.1781,9.5731,-0.51557,-2.78452,-2.52234,-27.11,-5.76,-5.64,0.0,0.0,0.0,0.0,0.0,10.7,DEAD_RECKONING,13.67,6.96,464.42,365.62,348.66,False,False,False,False
1788925850631,-0.5055,-4.5511,10.2891,0.39134,0.27363,1.45271,-25.43,-16.14,-3.34,0.0,0.0,0.0,0.0,0.0,10.7,DEAD_RECKONING,16.05,359.2,471.7,366.83,350.12,False,False,False,False
1788925850748,3.2847,10.075,6.5904,-1.87654,0.74913,0.76537,-24.75,-11.27,-9.45,0.0,0.0,0.0,0.0,0.0,10.7,DEAD_RECKONING,16.8,353.17,478.06,368.22,352.16,False,False,False,False
1788925850860,4.3358,8.4784,9.5683,1.08574,-0.96976,-0.87536,-24.13,-4.41,-13.26,0.0,0.0,0.0,0.0,0.0,10.7,DEAD_RECKONING,16.69,0.3,485.35,369.45,353.61,False,False,False,False
1788925850972,1.0893,-1.3597,8.7356,0.94566,-1.45498,-2.94297,-23.74,-8.81,-14.31,0.0,0.0,0.0,0.0,0.0,10.7,DEAD_RECKONING,16.72,19.04,491.02,370.77,356.13,False,False,False,False
1788925851084,1.587,-11.607,12.0682,-2.05816,0.03662,-1.19532,-21.96,-21.19,-10.31,0.0,0.0,0.0,0.0,0.0,10.7,DEAD_RECKONING,16.69,24.54,498.86,371.79,357.33,False,False,False,False
1788925851195,-2.8732,-1.2592,10.3298,0.26511,0.65006,3.18451,-20.21,-24.38,-11.01,0.0,0.0,0.0,0.0,0.0,10.81,DEAD_RECKONING,14.28,6.67,506.58,373.16,358.52,False,False,False,False
1788925851316,6.4546,4.8054,13.1839,1.42648,0.71557,3.89316,-24.79,-10.99,-14.21,0.0,0.0,0.0,0.0,0.0,10.81,DEAD_RECKONING,16.86,344.84,515.66,373.56,359.18,False,False,False,False
1788925851430,1.7378,2.6004,9.7627,0.33808,0.46631,2.25949,-26.04,3.06,-12.92,0.0,0.0,0.0,0.0,0.0,10.81,DEAD_RECKONING,16.72,331.65,525.9,373.53,359.24,False,False,False,False
1788925851549,2.3629,1.9394,5.8983,1.18161,0.30559,2.68812,-24.53,11.1,-11.36,0.0,0.0,0.0,0.0,0.0,10.81,DEAD_RECKONING,12.67,316.07,549.35,369.05,351.98,False,False,False,False
1788925851668,8.7386,2.4712,9.3529,0.23209,0.98814,-1.29333,-22.31,18.02,-10.05,0.0,0.0,0.0,0.0,0.0,10.81,DEAD_RECKONING,12.84,319.69,540.68,374.81,362.68,False,False,False,False
1788925851788,-14.5065,-4.4459,15.7765,0.40252,-3.94269,-1.71289,-22.43,16.01,-13.26,0.0,0.0,0.0,0.0,0.0,10.81,DEAD_RECKONING,13.57,343.66,556.84,373.72,359.22,False,False,False,False
1788925851908,10.6588,5.1643,0.3392,-1.51236,3.5889,1.18867,-27.54,9.49,-8.14,0.0,0.0,0.0,0.0,0.0,10.81,DEAD_RECKONING,12.7,324.22,543.26,379.95,372.96,False,False,False,False
1788925852026,-4.2838,-0.3446,10.5141,2.39518,-4.954,0.4735,-26.23,9.54,-9.11,0.0,0.0,0.0,0.0,0.0,10.81,DEAD_RECKONING,16.63,342.74,564.96,376.95,366.56,False,False,False,False
1788925852144,6.5862,1.5182,7.0929,-3.01088,5.70299,-0.06911,-26.51,8.42,-7.71,0.0,0.0,0.0,0.0,0.0,10.74,DEAD_RECKONING,12.7,320.68,543.59,385.48,384.51,False,False,False,False
1788925852262,-0.2016,1.6092,9.6981,2.27853,-6.14307,-2.26455,-23.61,9.41,-13.09,0.0,0.0,0.0,0.0,0.0,10.74,DEAD_RECKONING,16.63,355.7,551.68,386.11,385.79,False,False,False,False
1788925852382,-0.6562,1.681,17.3569,0.74114,-1.1157,-1.75337,-27.23,3.81,-11.29,0.0,0.0,0.0,0.0,0.0,10.74,DEAD_RECKONING,12.75,8.43,559.8,386.71,387.11,False,False,False,False
1788925852500,1.1252,1.6522,10.1312,-1.1418,2.07933,-0.24327,-26.89,-1.09,-10.43,0.0,0.0,0.0,0.0,0.0,10.74,DEAD_RECKONING,12.79,357.97,567.06,387.55,388.96,False,False,False,False
1788925852618,0.4738,2.3013,6.8632,0.4936,-0.33715,-0.59999,-26.78,-6.23,-8.89,0.0,0.0,0.0,0.0,0.0,10.74,DEAD_RECKONING,12.75,1.8,574.52,388.34,390.7,False,False,False,False
1788925852738,0.5743,2.6506,8.793,0.72409,-0.23342,-0.41997,-25.88,-8.46,-8.19,0.0,0.0,0.0,0.0,0.0,10.74,DEAD_RECKONING,12.74,4.31,582.05,389.11,392.4,False,False,False,False
1788925852855,1.0385,2.744,8.9198,0.43501,-0.26857,-0.24434,-26.14,-9.9,-8.25,0.0,0.0,0.0,0.0,0.0,10.74,DEAD_RECKONING,12.44,6.42,589.63,389.87,394.08,False,False,False,False
1788925852974,0.8016,3.2973,8.9438,-0.10333,0.43488,-0.00253,-26.18,-10.59,-7.88,0.0,0.0,0.0,0.0,0.0,10.74,DEAD_RECKONING,12.84,4.04,597.31,390.63,395.71,False,False,False,False
1788925853094,-0.3093,3.8285,8.2014,0.39613,-0.37283,-0.16658,-25.54,-11.57,-7.59,0.0,0.0,0.0,0.0,0.0,10.74,DEAD_RECKONING,16.63,6.48,604.98,391.39,397.35,False,False,False,False
1788925853204,-3.0168,5.3683,3.8752,0.6671,0.08296,-0.07284,-25.03,-11.94,-6.64,0.0,0.0,0.0,0.0,0.0,10.74,DEAD_RECKONING,16.57,6.16,612.7,392.11,398.94,False,False,False,False
1788925853320,-2.2558,4.2359,10.7994,-1.79572,3.16188,0.99639,-25.5,-10.28,-6.88,0.0,0.0,0.0,0.0,0.0,10.74,DEAD_RECKONING,12.71,346.75,618.95,393.08,401.36,False,False,False,False
1788925853438,0.4929,0.2016,11.1655,-1.41916,0.02437,0.58801,-24.49,-7.09,-14.83,0.0,0.0,0.0,0.0,0.0,10.74,DEAD_RECKONING,12.7,344.4,626.9,393.65,402.82,False,False,False,False
1788925853558,4.9196,-6.9906,6.1687,0.46697,-1.74299,0.50386,-24.81,-5.03,-16.58,0.0,0.0,0.0,0.0,0.0,10.74,DEAD_RECKONING,16.57,350.3,636.24,393.99,403.48,False,False,False,False
1788925853670,0.938,-10.5344,12.2931,1.73966,-0.95645,0.63701,-27.73,-5.59,-12.17,0.0,0.0,0.0,0.0,0.0,10.74,DEAD_RECKONING,12.8,353.16,645.11,394.45,404.44,False,False,False,False
1788925853790,1.3645,-3.1842,8.9581,0.66231,-0.60026,1.14552,-26.81,-4.54,-13.67,0.0,0.0,0.0,0.0,0.0,10.74,DEAD_RECKONING,12.76,353.4,654.96,394.75,404.8,False,False,False,False
1788925853907,-0.527,11.8062,8.683,-0.60918,-0.06991,0.20825,-26.53,0.83,-14.49,0.0,0.0,0.0,0.0,0.0,10.74,DEAD_RECKONING,12.71,353.18,663.67,395.26,405.83,False,False,False,False
1788925854026,0.6413,4.4321,12.8991,2.23805,-1.08161,-0.64899,-25.89,6.21,-13.13,0.0,0.0,0.0,0.0,0.0,10.74,DEAD_RECKONING,12.8,2.23,672.06,395.72,407.07,False,False,False,False
1788925854146,1.4913,0.9553,11.1535,1.65071,0.69373,0.01611,-26.98,3.26,-10.46,0.0,0.0,0.0,0.0,0.0,10.81,DEAD_RECKONING,12.47,357.17,680.43,396.18,408.35,False,False,False,False
1788925854266,1.2042,1.6666,5.793,1.43074,0.4434,0.45113,-28.09,0.53,-8.53,0.0,0.0,0.0,0.0,0.0,10.81,DEAD_RECKONING,12.47,353.89,689.85,396.44,408.97,False,False,False,False
1788925854383,0.7609,4.3244,1.2921,-0.5683,0.5462,-0.25499,-28.09,0.62,-9.32,0.0,0.0,0.0,0.0,0.0,10.81,DEAD_RECKONING,13.19,349.78,697.23,397.1,410.77,False,False,False,False
1788925854500,-0.8453,5.0638,11.0483,-1.14499,0.45938,-0.15273,-26.76,0.21,-10.97,0.0,0.0,0.0,0.0,0.0,10.81,DEAD_RECKONING,13.44,346.72,703.66,397.84,413.15,True,False,False,False
1788925854619,-1.1115,4.0654,11.8959,0.07869,0.1229,0.02996,-26.25,0.98,-12.98,0.0,0.0,0.0,0.0,0.0,10.81,DEAD_RECKONING,12.94,345.77,752.42,392.48,388.66,False,False,False,False
1788925854737,-0.0939,3.0766,8.7978,0.23315,0.10746,0.29081,-25.71,2.08,-13.37,0.0,0.0,0.0,0.0,0.0,10.81,DEAD_RECKONING,13.05,344.48,760.63,396.44,388.65,False,False,False,False
1788925854856,-8.0255,6.6132,9.7723,-0.29507,-1.01716,2.40649,-25.78,2.66,-12.43,0.0,0.0,0.0,0.0,0.0,10.81,DEAD_RECKONING,11.9,348.8,771.44,396.28,388.05,False,False,False,False
1788925854975,5.9133,-5.339,9.2907,0.06751,-1.33141,7.58606,-25.78,11.38,-9.24,0.0,0.0,0.0,0.0,0.0,10.81,DEAD_RECKONING,11.4,172.07,782.66,395.43,387.29,True,False,False,False
1788925855094,10.273,-0.2034,8.939,0.2715,1.23208,3.08012,-15.99,27.26,-4.88,0.0,0.0,0.0,0.0,0.0,10.76,DEAD_RECKONING,7.8,191.35,793.41,394.67,386.83,False,False,False,False
1788925855211,5.4849,-3.1143,8.3306,-0.21251,-0.74513,0.74992,-3.98,32.68,-4.37,0.0,0.0,0.0,0.0,0.0,10.76,DEAD_RECKONING,8.32,181.57,804.16,394.44,386.25,False,False,False,False
1788925855330,9.9284,-3.0784,5.817,0.62396,1.33221,-3.21035,-2.23,32.81,-4.86,0.0,0.0,0.0,0.0,0.0,10.76,DEAD_RECKONING,8.45,215.88,813.49,395.9,386.25,False,False,False,False
1788925855448,4.5775,-12.0018,5.4168,-0.97935,0.66817,-10.4305,-12.94,27.75,-8.16,0.0,0.0,0.0,0.0,0.0,10.76,DEAD_RECKONING,8.92,348.34,823.86,396.68,385.77,False,False,False,False
1788925855566,-12.7807,-5.3629,13.1623,-3.07946,-0.32277,-7.59445,-24.81,8.03,-12.79,0.0,0.0,0.0,0.0,0.0,10.76,DEAD_RECKONING,13.08,9.91,834.3,397.38,385.23,False,False,False,False
1788925855686,6.4977,-0.4259,14.7518,0.91157,0.37789,2.31329,-20.89,-9.73,-19.65,0.0,0.0,0.0,0.0,0.0,10.76,DEAD_RECKONING,13.97,1.63,845.01,397.8,384.58,False,False,False,False
1788925855806,0.7681,2.8397,9.7388,2.2503,-0.91863,-1.9041,-20.89,-10.18,-17.85,0.0,0.0,0.0,0.0,0.0,10.76,DEAD_RECKONING,16.57,10.25,855.93,397.96,383.92,False,False,False,False
1788925855926,-3.9529,-1.3406,15.6568,3.27266,-2.46988,-2.62673,-19.59,-19.82,-11.21,0.0,0.0,0.0,0.0,0.0,10.76,DEAD_RECKONING,15.03,24.96,866.01,400.94,383.16,False,False,False,False
1788925856046,-0.2997,2.744,6.3314,5.26212,-4.06892,1.54698,-13.69,-27.17,4.52,0.0,0.0,0.0,0.0,0.0,10.76,DEAD_RECKONING,12.84,49.9,873.98,406.61,383.3,False,False,False,False
1788925856163,2.7218,2.0907,-0.0347,4.50061,-1.1647,3.77239,-11.16,-19.39,23.66,0.0,0.0,0.0,0.0,0.0,10.72,DEAD_RECKONING,13.05,69.87,879.62,378.11,393.92,False,False,False,False
1788925856284,9.2052,0.2136,-1.3394,3.33072,0.06218,1.25418,-11.44,-1.37,32.74,0.0,0.0,0.0,0.0,0.0,10.72,DEAD_RECKONING,13.23,76.37,889.92,358.93,398.78,False,False,False,False
1788925856403,9.749,-4.3789,-4.4447,3.67306,0.76883,3.23565,-13.24,14.33,29.85,0.0,0.0,0.0,0.0,0.0,10.72,DEAD_RECKONING,13.8,94.89,856.88,38.69,513.5,False,False,False,False
1788925856522,3.7968,-5.9922,-1.0905,1.36843,0.78268,3.49862,-8.34,27.73,21.0,0.0,0.0,0.0,0.0,0.0,10.72,DEAD_RECKONING,12.99,115.61,855.32,94.3,507.17,False,False,False,False
1788925856634,9.0903,-1.5392,0.0275,1.26563,1.75604,1.6125,-0.17,32.59,14.78,0.0,0.0,0.0,0.0,0.0,10.72,DEAD_RECKONING,13.21,128.61,858.24,78.04,520.48,False,False,False,False
1788925856746,20.1374,-10.3902,-0.9972,0.26245,2.34338,-3.56973,2.14,32.29,10.63,0.0,0.0,0.0,0.0,0.0,10.72,DEAD_RECKONING,13.02,116.75,883.6,67.72,511.47,False,False,False,False
1788925856866,5.9779,-7.4626,5.4239,-1.23913,3.48131,-5.12524,-8.19,28.71,3.23,0.0,0.0,0.0,0.0,0.0,10.72,DEAD_RECKONING,8.45,79.12,895.04,62.58,511.84,False,False,False,False
1788925856982,5.3821,-1.6253,7.7898,-1.12262,2.42061,-1.87588,-25.16,16.24,-4.2,0.0,0.0,0.0,0.0,0.0,10.72,DEAD_RECKONING,13.12,41.38,905.79,57.77,512.64,False,False,False,False
1788925857101,6.5671,-0.7992,7.4255,-0.18908,2.86521,-2.02181,-28.74,7.5,-5.06,0.0,0.0,0.0,0.0,0.0,10.77,DEAD_RECKONING,13.12,354.19,916.46,53.03,513.49,False,False,False,False
1788925857213,6.95,1.2215,10.6074,0.89773,0.26618,-2.83445,-29.33,0.66,-8.34,0.0,0.0,0.0,0.0,0.0,10.77,DEAD_RECKONING,13.12,352.2,927.5,48.04,514.18,False,False,False,False
1788925857334,5.5089,1.2359,8.3904,2.42607,-2.74457,-4.43936,-28.89,-13.48,-4.82,0.0,0.0,0.0,0.0,0.0,10.77,DEAD_RECKONING,13.12,4.53,939.13,42.63,514.59,False,False,False,False
1788925857451,6.8853,4.8174,11.3665,0.55485,-0.97988,-3.04364,-20.03,-25.09,6.84,0.0,0.0,0.0,0.0,0.0,10.77,DEAD_RECKONING,16.42,2.88,950.71,37.14,515.17,False,False,False,False
1788925857572,0.67,3.9482,9.7962,2.38985,-2.38253,-4.11872,-9.84,-28.88,9.51,0.0,0.0,0.0,0.0,0.0,10.77,DEAD_RECKONING,15.63,2.19,963.71,29.97,515.37,False,False,False,False
1788925857690,-4.4034,3.4074,7.0499,0.77842,-1.94645,-3.83497,7.84,-25.84,15.08,0.0,0.0,0.0,0.0,0.0,10.77,DEAD_RECKONING,13.01,353.0,977.75,20.6,515.83,False,False,False,False
1788925857812,-10.1133,5.3133,8.86,1.56176,-1.26856,-0.64047,21.77,-18.06,14.53,0.0,0.0,0.0,0.0,0.0,10.77,DEAD_RECKONING,13.01,355.65,989.54,14.37,516.85,False,False,False,False
1788925857930,-10.7312,4.4943,6.4606,2.20024,2.42114,3.7889,25.31,-13.74,16.91,0.0,0.0,0.0,0.0,0.0,10.77,DEAD_RECKONING,12.48,10.9,1000.29,9.7,517.57,False,False,False,False
1788925858050,-2.787,-2.8391,10.2867,-2.13113,5.54587,7.88912,7.48,-18.51,23.59,0.0,0.0,0.0,0.0,0.0,10.77,DEAD_RECKONING,12.99,24.19,1011.58,3.91,518.36,False,False,False,False
1788925858169,10.8909,-1.5846,4.4285,3.63804,4.88982,4.89222,-22.58,-12.13,18.66,0.0,0.0,0.0,0.0,0.0,10.98,DEAD_RECKONING,15.26,33.04,1023.0,-1.97,519.01,False,False,False,False
1788925858283,11.415,1.2048,11.9605,-2.01715,4.46972,0.99373,-32.93,4.5,7.13,0.0,0.0,0.0,0.0,0.0,10.98,DEAD_RECKONING,12.99,352.53,1034.52,-7.75,519.58,False,False,False,False
1788925858401,6.3589,0.9793,13.931,1.45364,1.84552,-1.85191,-31.01,12.24,-9.28,0.0,0.0,0.0,0.0,0.0,10.98,DEAD_RECKONING,12.82,309.58,1046.16,-13.47,520.1,False,False,False,False
1788925858526,1.989,2.8516,8.5531,2.09638,-0.92076,-2.31302,-27.56,5.7,-17.98,0.0,0.0,0.0,0.0,0.0,10.98,DEAD_RECKONING,12.82,322.54,1057.97,-19.22,520.61,False,False,False,False
1788925858644,-0.1825,2.4664,9.7077,1.12995,-0.85272,-0.47323,-27.98,-7.01,-17.1,0.0,0.0,0.0,0.0,0.0,10.98,DEAD_RECKONING,13.08,329.42,1069.9,-24.96,521.02,False,False,False,False
1788925858762,-4.3436,4.0845,7.3155,0.07603,1.35831,-0.15486,-27.81,-13.78,-13.44,0.0,0.0,0.0,0.0,0.0,10.98,DEAD_RECKONING,12.49,316.49,1081.85,-30.64,521.21,False,False,False,False
1788925858882,-0.9099,6.3069,8.321,-0.42663,-0.0225,0.76324,-25.63,-14.4,-15.28,0.0,0.0,0.0,0.0,0.0,10.98,DEAD_RECKONING,12.95,318.13,1093.95,-36.35,521.31,False,False,False,False
1788925858998,-1.267,4.9968,8.6183,-0.95165,0.40346,-0.17084,-25.26,-11.78,-17.59,0.0,0.0,0.0,0.0,0.0,10.98,DEAD_RECKONING,13.08,313.61,1106.14,-42.03,521.3,False,False,False,False
1788925859115,-1.5087,3.8477,8.7356,-0.37869,-0.02996,-0.02756,-25.24,-10.74,-20.31,0.0,0.0,0.0,0.0,0.0,11.24,DEAD_RECKONING,12.95,313.9,1118.46,-47.73,521.2,False,False,False,False
1788925859230,-1.2622,3.9123,9.4295,-0.05806,-0.04008,-0.08349,-25.39,-9.68,-21.45,0.0,0.0,0.0,0.0,0.0,11.24,DEAD_RECKONING,12.95,314.31,1130.88,-53.43,521.0,False,False,False,False
1788925859350,-1.6905,3.3236,8.8816,-0.2972,0.15965,-0.19214,-25.37,-9.0,-21.24,0.0,0.0,0.0,0.0,0.0,11.24,DEAD_RECKONING,12.62,312.73,1143.4,-59.11,520.67,False,False,False,False
1788925859471,-1.736,3.0048,9.2931,-0.10279,-0.07363,-0.13302,-24.36,-9.45,-22.13,0.0,0.0,0.0,0.0,0.0,11.24,DEAD_RECKONING,12.27,313.53,1156.03,-64.81,520.27,False,False,False,False
1788925859588,-1.9609,2.9569,8.7236,-0.05273,-0.06778,-0.07763,-23.91,-9.81,-22.56,0.0,0.0,0.0,0.0,0.0,11.24,DEAD_RECKONING,10.44,314.23,1168.78,-70.51,519.75,False,False,False,False
1788925859707,-1.8987,2.7559,9.3386,-0.13742,-0.14927,-0.01212,-24.41,-10.2,-22.13,0.0,0.0,0.0,0.0,0.0,11.24,DEAD_RECKONING,10.19,315.67,1181.63,-76.22,519.13,False,False,False,False
1788925859827,-1.7145,2.8014,9.3242,-0.03782,-0.09334,0.00546,-24.68,-10.09,-22.01,0.0,0.0,0.0,0.0,0.0,11.24,DEAD_RECKONING,10.43,316.56,1194.59,-81.91,518.39,False,False,False,False
1788925859947,-1.389,2.7655,9.4128,-0.03728,-0.02357,-0.02969,-24.66,-9.41,-21.47,0.0,0.0,0.0,0.0,0.0,11.24,DEAD_RECKONING,11.15,316.78,1207.66,-87.6,517.53,False,False,False,False
1788925860067,-1.4704,2.7559,9.3912,-0.04794,0.09307,-0.11331,-24.81,-9.86,-21.75,0.0,0.0,0.0,0.0,0.0,11.24,DEAD_RECKONING,8.92,315.91,1220.82,-93.27,516.54,False,False,False,False
1788925860182,-1.48,2.7392,9.3171,0.04567,-0.01505,-0.08455,-24.9,-9.99,-21.84,0.0,0.0,0.0,0.0,0.0,11.63,DEAD_RECKONING,8.75,316.08,1234.09,-98.96,515.47,False,False,False,False
1788925860299,-1.5948,2.7799,9.4606,0.09254,0.02863,-0.19321,-24.45,-11.1,-21.62,0.0,0.0,0.0,0.0,0.0,11.63,DEAD_RECKONING,9.15,315.89,1247.48,-104.66,514.3,False,False,False,False
1788925860418,-2.0016,2.6818,9.0993,0.15486,0.15699,-0.17137,-23.79,-11.64,-21.96,0.0,0.0,0.0,0.0,0.0,11.63,DEAD_RECKONING,10.92,314.5,1260.96,-110.31,512.96,False,False,False,False
1788925860536,-2.0566,2.7655,8.7452,0.07017,-0.01238,-0.03395,-23.31,-12.58,-22.54,0.0,0.0,0.0,0.0,0.0,11.63,DEAD_RECKONING,8.92,314.61,1274.56,-116.0,511.54,False,False,False,False
1788925860644,-1.9513,2.8612,9.5779,-0.05273,-0.04807,0.03102,-23.06,-12.45,-22.59,0.0,0.0,0.0,0.0,0.0,11.63,DEAD_RECKONING,10.78,315.0,1288.28,-121.71,510.0,False,False,False,False
1788925860747,-1.6977,3.0479,9.4032,0.23848,-0.16844,-0.00093,-23.42,-12.66,-22.61,0.0,0.0,0.0,0.0,0.0,11.63,DEAD_RECKONING,10.9,316.51,1302.14,-127.49,508.43,False,False,False,False
1788925860861,-1.9346,3.0144,9.14,0.00746,0.11172,-0.01798,-24.09,-12.9,-23.16,0.0,0.0,0.0,0.0,0.0,11.63,DEAD_RECKONING,10.94,315.47,1316.05,-133.14,506.6,False,False,False,False
1788925860972,-2.2822,2.9617,9.4008,-0.03409,0.27044,0.04487,-23.78,-12.73,-22.39,0.0,0.0,0.0,0.0,0.0,11.63,DEAD_RECKONING,10.9,312.96,1330.02,-138.66,504.49,False,False,False,False
1788925861089,-2.1194,3.35,8.4742,0.19587,-0.01451,0.15619,-23.36,-12.75,-21.75,0.0,0.0,0.0,0.0,0.0,11.98,DEAD_RECKONING,11.27,313.01,1344.16,-144.33,502.42,False,False,False,False
1788925861197,-1.5517,3.6156,8.6351,0.10532,-0.20199,0.14873,-24.3,-12.32,-21.04,0.0,0.0,0.0,0.0,0.0,11.98,DEAD_RECKONING,11.39,314.86,1358.46,-150.15,500.37,False,False,False,False
1788925861308,-1.7503,3.6467,9.0203,-0.05273,0.00786,0.0273,-24.58,-12.23,-20.68,0.0,0.0,0.0,0.0,0.0,11.98,DEAD_RECKONING,11.39,314.76,1372.83,-155.87,498.09,False,False,False,False
1788925861422,-1.7551,3.5605,8.8146,-0.0767,0.10053,-0.02703,-24.15,-12.79,-20.7,0.0,0.0,0.0,0.0,0.0,11.98,DEAD_RECKONING,11.14,313.78,1387.28,-161.53,495.63,False,False,False,False
1788925861533,-2.0614,3.393,9.0634,-0.13262,0.05206,-0.04674,-24.54,-12.51,-21.36,0.0,0.0,0.0,0.0,0.0,11.98,DEAD_RECKONING,10.74,313.27,1401.86,-167.24,493.1,False,False,False,False
1788925861643,-1.9705,3.2806,8.9175,0.01744,-0.04541,-0.02117,-24.26,-11.93,-22.05,0.0,0.0,0.0,0.0,0.0,11.98,DEAD_RECKONING,10.71,313.68,1416.58,-173.05,490.52,False,False,False,False
1788925861752,-2.0327,3.204,8.9725,-0.06232,-0.02836,-0.01904,-24.15,-12.17,-21.49,0.0,0.0,0.0,0.0,0.0,11.98,DEAD_RECKONING,10.74,313.93,1431.41,-178.85,487.82,False,False,False,False
1788925861861,-1.9705,3.1322,9.0227,-0.11451,0.01851,-0.00253,-23.91,-12.51,-21.45,0.0,0.0,0.0,0.0,0.0,11.98,DEAD_RECKONING,10.74,313.73,1446.33,-184.61,484.93,False,False,False,False
1788925861970,-1.8293,3.2207,9.3577,-0.06445,0.05313,-0.00573,-24.21,-12.17,-21.96,0.0,0.0,0.0,0.0,0.0,11.98,DEAD_RECKONING,10.74,313.21,1461.35,-190.33,481.88,False,False,False,False
1788925862082,-1.9155,3.2901,8.9462,0.0462,0.00413,0.07044,-23.91,-11.36,-22.09,0.0,0.0,0.0,0.0,0.0,11.98,DEAD_RECKONING,10.92,313.1,1476.49,-196.08,478.73,False,False,False,False
1788925862192,-3.1537,2.9091,8.8074,0.00852,-0.21531,0.01611,-24.23,-12.39,-22.18,0.0,0.0,0.0,0.0,0.0,12.19,DEAD_RECKONING,8.75,315.1,1491.85,-202.16,475.75,False,False,False,False
1788925862301,-1.0636,3.0096,10.1408,-0.13209,-0.19933,0.7185,-25.61,-12.39,-20.91,0.0,0.0,0.0,0.0,0.0,12.19,DEAD_RECKONING,12.14,316.84,1507.2,-207.84,472.23,False,False,False,False
1788925862411,-1.2837,2.3611,10.2293,-0.86217,-0.66151,0.05073,-27.11,-9.86,-20.21,0.0,0.0,0.0,0.0,0.0,12.19,DEAD_RECKONING,12.14,323.82,1522.93,-214.27,469.35,False,False,False,False
1788925862520,-0.8692,2.33,9.7651,0.18841,0.0478,0.91543,-28.22,-8.74,-19.24,0.0,0.0,0.0,0.0,0.0,12.19,DEAD_RECKONING,11.08,323.19,1538.38,-219.61,465.29,False,False,False,False
1788925862636,0.7992,3.079,8.5681,-0.32862,0.47589,0.27323,-28.61,-5.81,-20.06,0.0,0.0,0.0,0.0,0.0,12.19,DEAD_RECKONING,10.82,316.83,1553.89,-224.83,461.03,False,False,False,False
1788925862753,0.0383,2.7918,9.3912,-0.294,0.49081,-0.21345,-26.79,-3.21,-21.49,0.0,0.0,0.0,0.0,0.0,12.19,DEAD_RECKONING,11.13,311.17,1569.55,-230.22,456.84,False,False,False,False
1788925862861,-1.5398,2.4473,9.7962,0.09947,0.49347,-0.80079,-26.21,-3.13,-23.31,0.0,0.0,0.0,0.0,0.0,12.19,DEAD_RECKONING,10.74,308.13,1585.4,-235.89,452.83,False,False,False,False
1788925862973,-2.1817,2.2678,9.5061,0.48135,0.00146,-0.66444,-25.24,-5.4,-24.47,0.0,0.0,0.0,0.0,0.0,12.19,DEAD_RECKONING,10.44,309.74,1601.63,-242.28,449.35,False,False,False,False
1788925863082,-2.3444,2.1769,9.5204,-0.3707,-0.17164,-0.11012,-24.21,-8.63,-24.47,0.0,0.0,0.0,0.0,0.0,12.19,DEAD_RECKONING,10.34,311.55,1617.96,-248.6,445.62,False,False,False,False
1788925863189,-2.1386,1.9633,9.3171,-0.49374,0.07443,-0.09361,-23.98,-8.83,-25.69,0.0,0.0,0.0,0.0,0.0,12.48,DEAD_RECKONING,10.31,311.07,1634.24,-254.47,441.33,False,False,False,False
1788925863300,-2.598,1.6331,9.5085,-0.33182,0.25446,0.00972,-23.42,-7.59,-25.41,0.0,0.0,0.0,0.0,0.0,12.48,DEAD_RECKONING,9.74,308.74,1650.44,-259.81,436.39,False,False,False,False
1788925863410,-2.4353,1.3795,9.542,0.16285,-0.08908,0.04008,-22.5,-7.33,-26.57,0.0,0.0,0.0,0.0,0.0,12.48,DEAD_RECKONING,10.16,309.38,1667.0,-265.87,431.95,False,False,False,False
1788925863527,-2.0399,1.6666,10.1288,0.15113,0.26085,0.0273,-23.79,-7.69,-26.42,0.0,0.0,0.0,0.0,0.0,12.48,REACQUIRING,10.12,208.95,-2.89,-1.94,2.69,False,False,False,False
1788925863635,-2.0088,1.791,9.2333,-0.03089,0.08189,0.14767,-23.38,-7.41,-26.55,0.0,0.0,0.0,0.0,0.0,12.48,GNSS_LOCKED,7.07,213.23,-1.85,-1.03,1.47,False,False,False,False
1788925863737,-2.5645,1.8939,9.1304,0.09947,-0.06991,0.09121,-22.71,-7.16,-26.27,0.0,0.0,0.0,0.0,0.0,12.48,GNSS_LOCKED,7.16,265.33,-1.5,-0.7,1.06,False,False,False,False
1788925863844,-2.3539,2.0183,9.4893,0.02064,0.14847,0.08961,-23.27,-7.28,-26.04,0.0,0.0,0.0,0.0,0.0,12.48,GNSS_LOCKED,11.76,290.62,-1.33,-0.49,0.88,False,False,False,False
1788925863956,-2.3539,2.1218,9.207,0.02916,-0.00013,0.03688,-23.06,-6.6,-26.66,0.0,0.0,0.0,0.0,0.0,12.48,GNSS_LOCKED,11.81,299.89,-1.22,-0.35,0.79,False,False,False,False
1788925864072,-2.4305,2.0979,9.1663,-0.01598,-0.01079,-0.01798,-23.51,-6.99,-25.99,0.0,0.0,0.0,0.0,0.0,12.48,GNSS_LOCKED,11.5,305.93,-1.14,-0.25,0.73,False,False,False,False
1788925864181,-2.5884,2.0859,9.3314,0.03449,-0.05979,0.00067,-23.33,-7.26,-24.81,0.0,0.0,0.0,0.0,0.0,12.52,GNSS_LOCKED,10.22,311.58,-1.08,-0.19,0.68,False,False,False,False
1788925864297,-2.3994,2.2008,9.3529,-0.03409,0.02703,0.00013,-23.44,-7.31,-24.77,0.0,0.0,0.0,0.0,0.0,12.52,GNSS_LOCKED,9.69,316.0,-1.04,-0.15,0.64,False,False,False,False
1788925864410,-2.3683,2.1888,9.1711,0.04833,-0.03795,-0.03182,-23.12,-7.37,-25.39,0.0,0.0,0.0,0.0,0.0,12.52,GNSS_LOCKED,9.96,320.16,-1.0,-0.12,0.6,False,False,False,False
1788925864520,-2.4544,2.0955,9.3577,-0.04367,-0.03582,0.0028,-22.58,-7.5,-25.71,0.0,0.0,0.0,0.0,0.0,12.52,GNSS_LOCKED,10.2,323.73,-0.96,-0.1,0.57,False,False,False,False
1788925864633,-2.464,2.1266,9.2572,0.03822,-0.03582,0.0028,-23.1,-7.93,-25.33,0.0,0.0,0.0,0.0,0.0,12.52,GNSS_LOCKED,10.3,326.83,-0.94,-0.09,0.54,False,False,False,False
1788925864744,-2.4281,2.1673,9.3194,-0.06072,0.03289,-0.01318,-23.48,-7.69,-25.31,0.0,0.0,0.0,0.0,0.0,12.52,GNSS_LOCKED,5.95,329.12,-0.91,-0.08,0.52,False,False,False,False
1788925864854,-2.3946,2.1482,9.3194,0.02277,0.0004,-0.01318,-23.49,-7.59,-26.04,0.0,0.0,0.0,0.0,0.0,12.52,GNSS_LOCKED,4.97,331.07,-0.89,-0.07,0.5,False,False,False,False
1788925864965,-2.3611,2.1266,9.2405,-0.01864,0.02277,-0.00466,-23.87,-7.71,-25.99,0.0,0.0,0.0,0.0,0.0,12.52,GNSS_LOCKED,1.48,332.52,-0.87,-0.07,0.48,False,False,False,False
1788925865076,-2.3013,2.1003,9.3482,0.01491,-0.04114,0.00652,-23.89,-7.65,-25.52,0.0,0.0,0.0,0.0,0.0,12.52,GNSS_LOCKED,1.45,333.83,-0.86,-0.06,0.46,False,False,False,False
1788925865185,-2.3707,2.117,9.2596,0.04514,-0.01451,0.01664,-24.04,-7.76,-25.78,0.0,0.0,0.0,0.0,0.0,12.73,GNSS_LOCKED,1.45,334.89,-0.84,-0.06,0.45,False,False,False,False
1788925865299,-2.3444,2.1793,9.3434,-0.03142,-0.00919,0.00333,-24.02,-8.1,-25.28,0.0,0.0,0.0,0.0,0.0,12.73,GNSS_LOCKED,1.45,335.81,-0.83,-0.06,0.43,False,False,False,False
1788925865412,-2.4042,2.1721,9.4199,0.03822,-0.01611,0.00013,-23.21,-8.31,-24.9,0.0,0.0,0.0,0.0,0.0,12.73,GNSS_LOCKED,1.45,336.71,-0.82,-0.06,0.42,False,False,False,False
1788925865528,-2.3396,2.2128,9.2309,0.03023,0.002,0.00493,-23.27,-8.08,-24.58,0.0,0.0,0.0,0.0,0.0,12.73,GNSS_LOCKED,1.46,337.42,-0.81,-0.06,0.41,False,False,False,False
1788925865643,-2.3635,2.2726,9.2812,0.10852,-0.04328,-0.00093,-23.31,-8.53,-24.24,0.0,0.0,0.0,0.0,0.0,12.73,GNSS_LOCKED,1.46,338.26,-0.8,-0.06,0.4,False,False,False,False
1788925865752,-2.3348,2.4042,9.0538,0.13622,0.01052,0.01238,-23.4,-7.78,-25.03,0.0,0.0,0.0,0.0,0.0,12.73,GNSS_LOCKED,1.46,338.77,-0.8,-0.06,0.39,False,False,False,False
1788925865861,-2.2845,2.4927,9.1543,0.03555,-0.00706,-0.00519,-23.18,-8.46,-24.84,0.0,0.0,0.0,0.0,0.0,12.73,GNSS_LOCKED,1.54,339.32,-0.79,-0.06,0.38,False,False,False,False
1788925865972,-2.318,2.4712,9.2812,0.08349,-0.01292,-0.0036,-23.38,-9.11,-24.24,0.0,0.0,0.0,0.0,0.0,12.73,GNSS_LOCKED,1.58,339.82,-0.79,-0.06,0.37,False,False,False,False
1788925866081,-2.263,2.5932,9.2931,0.14261,-0.03901,0.02197,-23.42,-8.93,-23.36,0.0,0.0,0.0,0.0,0.0,12.86,GNSS_LOCKED,1.59,340.2,-0.78,-0.06,0.37,False,False,False,False
1788925866188,-2.1434,2.7344,8.9725,0.0707,-0.02517,0.00759,-23.78,-9.43,-22.97,0.0,0.0,0.0,0.0,0.0,12.86,GNSS_LOCKED,2.49,340.52,-0.78,-0.06,0.36,False,False,False,False
1788925866301,-2.2343,2.7535,9.1807,-0.00053,-0.01505,0.00013,-23.87,-8.7,-23.31,0.0,0.0,0.0,0.0,0.0,12.86,GNSS_LOCKED,2.5,340.85,-0.77,-0.06,0.35,False,False,False,False
1788925866417,-2.2104,2.7392,9.1519,0.01438,-0.02836,0.00972,-23.64,-9.3,-23.51,0.0,0.0,0.0,0.0,0.0,12.86,GNSS_LOCKED,2.5,341.18,-0.77,-0.06,0.35,False,False,False,False
1788925866531,-2.1601,2.7823,9.0347,0.03076,-0.03529,0.00333,-24.06,-9.02,-23.61,0.0,0.0,0.0,0.0,0.0,12.86,GNSS_LOCKED,1.66,341.55,-0.77,-0.07,0.34,False,False,False,False
1788925866645,-2.1864,2.7511,9.0945,-0.0474,-0.02996,-0.002,-23.74,-9.47,-23.85,0.0,0.0,0.0,0.0,0.0,12.86,GNSS_LOCKED,1.6,341.95,-0.76,-0.07,0.33,False,False,False,False
1788925866759,-2.2319,2.6889,9.274,0.01278,-0.0012,0.01718,-23.72,-9.19,-23.55,0.0,0.0,0.0,0.0,0.0,12.86,GNSS_LOCKED,1.63,342.18,-0.76,-0.07,0.33,False,False,False,False
1788925866866,-2.2893,2.6985,9.0802,-0.00586,0.02916,0.04114,-24.04,-8.96,-22.76,0.0,0.0,0.0,0.0,0.0,12.86,GNSS_LOCKED,1.62,342.23,-0.76,-0.07,0.33,False,False,False,False
1788925866979,-2.0375,2.7799,9.1974,-0.03515,0.01851,0.047,-23.36,-8.57,-23.66,0.0,0.0,0.0,0.0,0.0,12.86,GNSS_LOCKED,1.6,342.12,-0.76,-0.07,0.32,False,False,False,False
1788925867086,-2.0351,2.7679,9.2596,-0.02024,-0.00546,0.02783,-24.09,-8.16,-23.19,0.0,0.0,0.0,0.0,0.0,12.69,GNSS_LOCKED,1.66,342.12,-0.76,-0.07,0.32,False,False,False,False
1788925867194,-2.1649,2.7081,9.0467,-0.0,-0.00173,0.0257,-24.21,-8.34,-23.23,0.0,0.0,0.0,0.0,0.0,12.69,GNSS_LOCKED,1.48,342.21,-0.75,-0.07,0.31,False,False,False,False
1788925867311,-2.0375,2.744,9.2453,-0.03941,0.00306,0.06724,-24.13,-7.86,-23.14,0.0,0.0,0.0,0.0,0.0,12.69,GNSS_LOCKED,1.67,342.0,-0.75,-0.07,0.31,False,False,False,False
1788925867425,-1.9418,2.787,9.262,0.00905,0.01265,0.0225,-23.79,-7.86,-22.93,0.0,0.0,0.0,0.0,0.0,12.69,GNSS_LOCKED,1.67,341.92,-0.75,-0.07,0.3,False,False,False,False
1788925867537,-2.0495,2.7727,9.2237,-0.00586,0.03928,-0.01531,-23.81,-7.73,-23.66,0.0,0.0,0.0,0.0,0.0,12.69,GNSS_LOCKED,1.67,341.98,-0.75,-0.07,0.3,False,False,False,False
1788925867652,-2.184,2.7129,9.1448,0.01585,0.03236,0.00546,-24.36,-7.99,-22.84,0.0,0.0,0.0,0.0,0.0,12.69,GNSS_LOCKED,1.67,342.02,-0.75,-0.07,0.3,False,False,False,False
1788925867764,-2.1601,2.7464,9.061,-0.00586,-0.01451,0.00706,-24.0,-8.1,-23.14,0.0,0.0,0.0,0.0,0.0,12.69,GNSS_LOCKED,1.67,342.21,-0.75,-0.07,0.29,False,False,False,False
1788925867883,-2.1386,2.7488,9.2118,0.00479,-0.04381,0.01025,-23.68,-7.89,-22.65,0.0,0.0,0.0,0.0,0.0,12.69,GNSS_LOCKED,1.67,342.47,-0.75,-0.08,0.29,False,False,False,False
1788925867998,-2.0859,2.7535,9.207,-0.02344,0.0004,0.02517,-23.7,-8.31,-23.7,0.0,0.0,0.0,0.0,0.0,12.69,GNSS_LOCKED,1.67,342.49,-0.75,-0.08,0.29,False,False,False,False
1788925868115,-1.9753,2.8158,9.2357,-0.01758,0.00679,-0.00253,-23.76,-7.73,-24.21,0.0,0.0,0.0,0.0,0.0,12.79,GNSS_LOCKED,1.64,342.57,-0.75,-0.08,0.29,False,False,False,False
1788925868224,-1.9848,2.7272,9.1687,-0.00692,-0.03262,-0.02597,-23.94,-6.99,-24.51,0.0,0.0,0.0,0.0,0.0,12.79,GNSS_LOCKED,1.64,342.9,-0.75,-0.08,0.29,False,False,False,False
1788925868337,-2.1793,2.7511,9.2261,0.04727,-0.02463,-0.00573,-24.75,-7.33,-24.06,0.0,0.0,0.0,0.0,0.0,12.79,GNSS_LOCKED,1.67,343.15,-0.75,-0.08,0.29,False,False,False,False
1788925868455,-1.9681,2.7751,9.1352,0.00479,-0.03369,0.02463,-24.53,-8.29,-22.59,0.0,0.0,0.0,0.0,0.0,12.79,GNSS_LOCKED,1.45,343.24,-0.74,-0.08,0.29,False,False,False,False
1788925868564,-1.9107,2.8325,9.3051,0.02064,0.01531,0.0028,-24.58,-7.61,-23.49,0.0,0.0,0.0,0.0,0.0,12.79,GNSS_LOCKED,1.42,343.25,-0.74,-0.08,0.3,False,False,False,False
1788925868679,-2.0375,2.7344,9.0275,0.00799,-0.01611,-0.03129,-24.51,-7.8,-23.48,0.0,0.0,0.0,0.0,0.0,12.79,GNSS_LOCKED,1.45,343.58,-0.74,-0.08,0.3,False,False,False,False
1788925868795,-2.0495,2.7344,9.3266,-0.01065,-0.01771,-0.00093,-24.39,-8.21,-23.14,0.0,0.0,0.0,0.0,0.0,12.79,GNSS_LOCKED,1.45,343.76,-0.74,-0.08,0.3,False,False,False,False
1788925868910,-1.9681,2.7918,9.1759,0.03502,-0.0028,0.02676,-23.74,-7.97,-23.72,0.0,0.0,0.0,0.0,0.0,12.79,GNSS_LOCKED,1.64,343.73,-0.74,-0.08,0.3,False,False,False,False
1788925869026,-1.9825,2.7823,9.2907,-0.00533,-0.03422,0.00013,-24.34,-8.12,-23.21,0.0,0.0,0.0,0.0,0.0,12.79,GNSS_LOCKED,1.64,343.94,-0.74,-0.09,0.3,False,False,False,False
1788925869135,-1.937,2.811,9.195,0.05366,-0.01718,0.00067,-25.03,-7.93,-22.54,0.0,0.0,0.0,0.0,0.0,12.72,GNSS_LOCKED,1.45,344.08,-0.74,-0.09,0.3,False,False,False,False
1788925869251,-1.9729,2.8301,9.0586,-0.00426,-0.0241,-0.0036,-24.45,-8.08,-23.19,0.0,0.0,0.0,0.0,0.0,12.72,GNSS_LOCKED,1.45,344.28,-0.74,-0.09,0.3,False,False,False,False
1788925869367,-1.8772,2.8708,9.2764,-0.02024,-0.01558,0.01079,-24.73,-7.89,-23.06,0.0,0.0,0.0,0.0,0.0,12.72,GNSS_LOCKED,1.52,344.35,-0.74,-0.1,0.29,False,False,False,False
1788925869478,-1.8317,2.878,9.1591,0.01118,0.00146,-0.00573,-24.71,-7.71,-23.04,0.0,0.0,0.0,0.0,0.0,12.72,GNSS_LOCKED,1.52,344.45,-0.74,-0.1,0.29,False,False,False,False
1788925869587,-1.8939,2.8421,9.1567,-0.01172,0.00306,-0.00306,-24.88,-7.88,-24.09,0.0,0.0,0.0,0.0,0.0,12.72,GNSS_LOCKED,1.47,344.53,-0.74,-0.1,0.29,False,False,False,False
1788925869705,-1.8437,2.8181,9.2859,-0.00852,0.00306,-0.00679,-24.77,-7.71,-23.4,0.0,0.0,0.0,0.0,0.0,12.72,GNSS_LOCKED,1.42,344.63,-0.74,-0.1,0.29,False,False,False,False
1788925869820,-1.8628,2.8373,9.1831,-0.00053,0.0004,-0.00519,-24.81,-8.31,-23.57,0.0,0.0,0.0,0.0,0.0,12.72,GNSS_LOCKED,1.43,344.72,-0.74,-0.11,0.29,False,False,False,False
1788925869934,-1.8628,2.8205,9.1543,-0.00746,0.00466,0.00013,-24.66,-8.14,-23.72,0.0,0.0,0.0,0.0,0.0,12.72,GNSS_LOCKED,1.43,344.78,-0.74,-0.11,0.29,False,False,False,False
1788925870048,-1.8796,2.8277,9.2596,-0.00799,0.00466,-0.002,-24.6,-8.01,-23.1,0.0,0.0,0.0,0.0,0.0,12.72,GNSS_LOCKED,1.43,344.85,-0.74,-0.11,0.28,False,False,False,False
1788925870160,-1.9131,2.8277,9.0826,0.0249,-0.01984,-0.01158,-24.34,-8.12,-23.34,0.0,0.0,0.0,0.0,0.0,12.89,GNSS_LOCKED,1.43,345.04,-0.73,-0.12,0.28,False,False,False,False
1788925870277,-1.9202,2.8277,9.3003,0.00905,-0.00333,0.00067,-24.49,-8.25,-22.91,0.0,0.0,0.0,0.0,0.0,12.89,GNSS_LOCKED,1.43,345.12,-0.73,-0.12,0.28,False,False,False,False
1788925870392,-1.8604,2.8134,9.2477,-0.02024,-0.01718,0.00599,-24.21,-7.78,-23.01,0.0,0.0,0.0,0.0,0.0,12.89,GNSS_LOCKED,1.43,345.21,-0.73,-0.12,0.28,False,False,False,False
1788925870507,-1.8628,2.8086,9.1854,-0.01385,-0.00546,-0.00519,-23.91,-7.63,-22.71,0.0,0.0,0.0,0.0,0.0,12.89,GNSS_LOCKED,1.43,345.33,-0.73,-0.12,0.28,False,False,False,False
1788925870621,-1.8772,2.8325,9.1639,0.00266,-0.0028,-0.00732,-24.13,-7.74,-23.55,0.0,0.0,0.0,0.0,0.0,12.89,GNSS_LOCKED,1.43,345.44,-0.73,-0.12,0.28,False,False,False,False
1788925870730,-1.8437,2.8445,9.1759,0.01225,0.00839,-0.00573,-24.79,-7.91,-23.06,0.0,0.0,0.0,0.0,0.0,12.89,GNSS_LOCKED,1.43,345.51,-0.73,-0.13,0.27,False,False,False,False
1788925870846,-1.8987,2.8134,9.195,-0.0032,0.00892,-0.00679,-25.39,-8.33,-23.48,0.0,0.0,0.0,0.0,0.0,12.89,GNSS_LOCKED,1.43,345.59,-0.73,-0.13,0.27,False,False,False,False
1788925870962,-1.9202,2.8373,9.1472,0.00213,0.01425,-0.00626,-25.11,-8.42,-22.93,0.0,0.0,0.0,0.0,0.0,12.89,GNSS_LOCKED,1.43,345.65,-0.73,-0.13,0.27,False,False,False,False
1788925871075,-1.87,2.8469,9.1448,0.00053,0.002,-0.01265,-24.92,-8.14,-22.91,0.0,0.0,0.0,0.0,0.0,12.89,GNSS_LOCKED,1.43,345.77,-0.73,-0.13,0.27,False,False,False,False
1788925871190,-1.9729,2.8134,9.1519,0.00639,0.002,-0.00519,-24.88,-8.31,-23.42,0.0,0.0,0.0,0.0,0.0,12.11,GNSS_LOCKED,1.43,345.85,-0.73,-0.14,0.25,False,False,False,False
1788925871305,-1.9059,2.8134,9.2046,-0.01172,-0.00972,0.01025,-24.66,-8.33,-22.5,0.0,0.0,0.0,0.0,0.0,12.11,GNSS_LOCKED,1.43,345.89,-0.74,-0.16,0.24,False,False,False,False
1788925871419,-1.9442,2.7894,9.2189,-0.01385,0.00466,0.00013,-25.24,-8.01,-22.56,0.0,0.0,0.0,0.0,0.0,12.11,GNSS_LOCKED,1.43,345.94,-0.74,-0.17,0.22,False,False,False,False
1788925871536,-2.004,2.7703,9.1328,-0.0,0.02383,0.02091,-24.88,-8.21,-23.33,0.0,0.0,0.0,0.0,0.0,12.11,GNSS_LOCKED,1.43,345.82,-0.74,-0.18,0.21,False,False,False,False
1788925871650,-1.8748,2.8014,9.2501,-0.01332,-0.02943,0.05126,-24.32,-7.97,-22.76,0.0,0.0,0.0,0.0,0.0,12.11,GNSS_LOCKED,1.45,345.69,-0.74,-0.19,0.19,False,False,False,False
1788925871766,-1.7121,2.9043,9.2381,0.01638,-0.01079,0.01451,-24.96,-7.5,-22.95,0.0,0.0,0.0,0.0,0.0,12.11,GNSS_LOCKED,1.45,345.68,-0.75,-0.2,0.18,False,False,False,False
1788925871882,-1.7958,2.8397,9.0826,-0.00373,-0.01238,0.0012,-24.94,-7.14,-22.01,0.0,0.0,0.0,0.0,0.0,12.11,GNSS_LOCKED,1.45,345.76,-0.75,-0.21,0.16,False,False,False,False
1788925871998,-1.7599,2.8445,9.3458,-0.0016,-0.00439,-0.00519,-24.66,-7.99,-22.48,0.0,0.0,0.0,0.0,0.0,12.11,GNSS_LOCKED,1.45,345.84,-0.75,-0.21,0.15,False,False,False,False
1788925872114,-1.7169,2.878,9.1663,0.0249,0.0036,-0.01851,-24.99,-8.34,-22.95,0.0,0.0,0.0,0.0,0.0,12.15,GNSS_LOCKED,1.64,345.97,-0.75,-0.22,0.14,False,False,False,False
1788925872230,-1.9178,2.7846,9.1328,0.00692,0.00732,-0.03342,-24.24,-8.04,-22.65,0.0,0.0,0.0,0.0,0.0,12.15,GNSS_LOCKED,1.64,346.18,-0.75,-0.23,0.12,False,False,False,False
1788925872344,-1.8293,2.811,8.9845,-0.04208,0.0004,-0.07976,-24.79,-8.18,-22.69,0.0,0.0,0.0,0.0,0.0,12.15,GNSS_LOCKED,4.97,346.66,-0.76,-0.24,0.11,False,False,False,False
1788925872459,-2.2415,2.6387,9.4247,-0.20932,0.13835,-0.10852,-24.92,-8.44,-22.52,0.0,0.0,0.0,0.0,0.0,12.15,GNSS_LOCKED,5.81,346.94,-0.76,-0.25,0.1,False,False,False,False
1788925872575,-2.1721,2.5765,9.2764,0.10746,0.06964,-0.06165,-23.79,-8.16,-23.79,0.0,0.0,0.0,0.0,0.0,12.15,GNSS_LOCKED,5.81,347.15,-0.76,-0.26,0.09,False,False,False,False
1788925872691,-2.0207,2.6483,9.0682,-0.05699,0.21504,-0.02383,-23.74,-8.96,-23.51,0.0,0.0,0.0,0.0,0.0,12.15,GNSS_LOCKED,5.89,346.72,-0.76,-0.27,0.07,False,False,False,False
1788925872806,-2.5286,2.4066,9.2668,-0.23329,0.32942,0.10293,-23.64,-8.57,-24.0,0.0,0.0,0.0,0.0,0.0,12.15,GNSS_LOCKED,7.85,345.3,-0.76,-0.27,0.06,False,False,False,False
1788925872919,-2.9234,2.251,9.0706,-0.04421,0.33528,0.0779,-22.16,-7.78,-25.33,0.0,0.0,0.0,0.0,0.0,12.15,GNSS_LOCKED,7.8,344.01,-0.76,-0.28,0.05,False,False,False,False
1788925873029,-2.9306,2.3324,9.0514,-0.01758,0.29121,0.07044,-21.77,-8.27,-25.44,0.0,0.0,0.0,0.0,0.0,12.15,GNSS_LOCKED,7.92,342.85,-0.77,-0.29,0.04,False,False,False,False
1788925873148,-3.2542,2.2965,9.0012,-0.01172,0.19374,0.04114,-21.41,-7.33,-26.38,0.0,0.0,0.0,0.0,0.0,12.41,GNSS_LOCKED,8.51,342.13,-0.77,-0.3,0.03,False,False,False,False
1788925873262,-3.2495,2.2917,9.0993,-0.03089,0.13568,0.02996,-20.57,-6.79,-27.39,0.0,0.0,0.0,0.0,0.0,12.41,GNSS_LOCKED,8.51,341.64,-0.77,-0.3,0.02,False,False,False,False
1788925873377,-3.2949,2.2223,9.1591,0.02437,0.04301,-0.00466,-20.31,-6.98,-26.93,0.0,0.0,0.0,0.0,0.0,12.41,GNSS_LOCKED,8.53,341.63,-0.77,-0.31,0.01,False,False,False,False
1788925873493,-3.3021,2.3324,9.0203,0.01491,0.01052,0.02357,-20.18,-6.6,-25.8,0.0,0.0,0.0,0.0,0.0,12.41,GNSS_LOCKED,7.87,341.55,-0.77,-0.32,0.0,False,False,False,False
1788925873610,-3.4361,2.2965,9.329,0.01957,0.00626,-0.00999,-20.34,-6.71,-27.68,0.0,0.0,0.0,0.0,0.0,12.41,GNSS_LOCKED,7.01,341.69,-0.77,-0.33,-0.01,False,False,False,False
1788925873723,-4.0056,2.3324,9.7675,0.25286,0.13941,0.12636,-20.7,-7.11,-27.32,0.0,0.0,0.0,0.0,0.0,12.41,GNSS_LOCKED,6.92,340.67,-0.77,-0.33,-0.02,False,False,False,False
1788925873839,-3.283,3.0431,7.7157,0.31305,0.19267,0.40213,-20.63,-7.24,-26.04,0.0,0.0,0.0,0.0,0.0,12.41,GNSS_LOCKED,10.07,337.78,-0.77,-0.34,-0.02,False,False,False,False
1788925873955,-2.9785,3.4959,8.0961,0.06112,0.20439,0.26684,-20.61,-7.43,-26.89,0.0,0.0,0.0,0.0,0.0,12.41,GNSS_LOCKED,10.42,335.57,-0.77,-0.34,-0.03,False,False,False,False
