timestamp_ms,accel_x,accel_y,accel_z,gyro_x,gyro_y,gyro_z,mag_x,mag_y,mag_z,gnss_lat,gnss_lon,gnss_alt,gnss_speed,gnss_bearing,gnss_accuracy,engine_state,ml_speed,heading_deg,pos_e,pos_n,pos_u,nhc_enabled,vnhc_enabled,compass_accepted,map_accepted
1788951932046,-0.35,3.3906,8.9462,0.05819,-0.03023,-0.07909,1.44,1.2,-12.88,0.0,0.0,0.0,0.0,0.0,999.0,DEAD_RECKONING,15.84,340.81,-13.22,5.22,-0.84,False,False,False,false
1788951932156,-0.3141,2.4616,9.274,-0.05632,-0.04035,-0.03382,1.31,1.5,-12.84,0.0,0.0,0.0,0.0,0.0,999.0,DEAD_RECKONING,15.84,340.97,-14.54,6.15,-0.87,False,True,False,false
1788951932276,-0.259,2.7703,9.1663,0.02623,-0.00306,-0.00186,2.27,1.59,-12.84,0.0,0.0,0.0,0.0,0.0,999.0,DEAD_RECKONING,15.48,340.97,-15.95,7.23,-0.86,False,True,False,false
1788951932399,0.1531,2.8875,9.3051,0.06724,0.01132,0.05992,1.99,1.43,-12.96,0.0,0.0,0.0,0.0,0.0,999.0,DEAD_RECKONING,14.51,340.64,-17.48,8.52,-0.83,False,False,False,false
1788951932519,-0.2351,2.7033,9.6455,0.02676,0.00226,0.0024,1.88,0.86,-12.11,0.0,0.0,0.0,0.0,0.0,999.0,DEAD_RECKONING,12.72,340.63,-19.15,10.08,-0.77,False,True,False,false
1788951932647,-0.3141,2.9976,9.4702,-0.01744,-0.02437,-0.03222,2.1,0.84,-12.71,0.0,0.0,0.0,0.0,0.0,999.0,DEAD_RECKONING,9.71,340.79,-20.6,10.91,-0.78,False,True,False,false
1788951932774,-0.1609,2.6626,9.6646,-0.09201,-0.03023,-0.04181,1.93,0.83,-11.91,0.0,0.0,0.0,0.0,0.0,999.0,DEAD_RECKONING,8.36,341.01,-21.92,11.19,-0.87,False,True,False,false
1788951932897,-0.0556,2.9019,9.4176,-0.002,-0.00253,-0.00027,2.46,0.17,-11.85,0.0,0.0,0.0,0.0,0.0,999.0,DEAD_RECKONING,8.24,341.01,-23.31,11.55,-0.94,False,True,False,false
1788951933033,-0.1729,2.8564,9.3123,-0.01798,-0.00306,-0.00613,2.06,1.2,-11.93,0.0,0.0,0.0,0.0,0.0,999.0,DEAD_RECKONING,8.24,341.04,-24.75,11.94,-1.02,False,True,False,false
1788951933148,0.0335,2.7559,9.4869,0.00439,0.01558,-0.0008,1.8,0.9,-12.53,0.0,0.0,0.0,0.55,135.2,19.08,REACQUIRING,8.18,308.41,-2.16,2.91,0.19,False,False,False,false
1788951933264,-0.4744,2.787,10.6846,-0.19108,-0.14261,-0.01891,2.34,1.71,-13.14,0.0,0.0,0.0,0.55,135.2,19.08,GNSS_LOCKED,6.78,308.06,-1.39,1.87,0.11,False,False,False,false
1788951933375,-0.5916,3.0861,9.3099,-0.13196,-0.00466,-0.05566,2.16,0.62,-12.9,0.0,0.0,0.0,0.55,135.2,19.08,GNSS_LOCKED,7.36,307.35,-1.0,1.32,0.08,False,False,False,false
1788951933483,0.0359,2.7823,9.2955,-0.02064,-0.0004,0.02157,2.34,0.69,-12.73,0.0,0.0,0.0,0.55,135.2,19.08,GNSS_LOCKED,9.01,306.17,-0.75,0.97,0.06,False,False,False,false
1788951933592,-0.1681,2.8229,9.1735,0.0273,0.00599,-0.01465,1.37,1.16,-12.3,0.0,0.0,0.0,0.55,135.2,19.08,GNSS_LOCKED,4.1,305.27,-0.58,0.74,0.05,False,False,False,false
1788951933701,0.1268,2.7081,9.2429,0.02517,0.00493,0.02743,1.56,1.29,-11.66,0.0,0.0,0.0,0.55,135.2,19.08,GNSS_LOCKED,4.03,304.32,-0.46,0.57,0.04,False,False,False,false
1788951933810,-0.2518,2.8397,9.4511,0.01611,0.00919,-0.00826,1.82,1.07,-12.19,0.0,0.0,0.0,0.55,135.2,19.08,GNSS_LOCKED,3.82,303.61,-0.36,0.44,0.04,False,False,False,false
1788951933922,-0.0796,2.7464,9.4176,-0.10852,-0.08775,-0.04128,1.93,0.53,-11.85,0.0,0.0,0.0,0.36,127.0,16.46,GNSS_LOCKED,4.1,302.73,1.6,-1.13,-1.21,False,False,False,false
1788951934030,0.0479,2.6818,9.1304,0.00599,0.01664,-0.00399,2.03,1.58,-11.7,0.0,0.0,0.0,0.36,127.0,16.46,GNSS_LOCKED,3.86,301.93,3.17,-2.38,-2.22,False,False,False,false
1788951934147,0.0072,2.8516,9.4152,0.01771,0.0225,-0.00399,2.29,1.24,-11.29,0.0,0.0,0.0,0.36,127.0,16.46,GNSS_LOCKED,3.86,301.32,4.45,-3.39,-3.04,False,False,False,false
1788951934254,-0.0389,2.6578,9.3984,0.01611,0.04541,0.02636,1.86,1.63,-11.83,0.0,0.0,0.0,0.36,127.0,16.46,GNSS_LOCKED,6.04,300.6,5.52,-4.23,-3.72,False,False,False,false
1788951934365,-0.1466,2.7464,9.8943,-0.07284,-0.00732,0.03915,1.74,1.61,-12.38,0.0,0.0,0.0,0.36,127.0,16.46,GNSS_LOCKED,7.59,299.91,6.42,-4.95,-4.3,False,False,False,false
1788951934475,-0.2877,2.7511,9.6144,-0.05739,-0.06005,-0.00772,1.44,1.14,-11.83,0.0,0.0,0.0,0.36,127.0,16.46,GNSS_LOCKED,2.89,299.58,7.19,-5.56,-4.8,False,False,False,false
1788951934585,-0.2399,2.7009,9.3218,0.00173,0.0012,0.00879,1.84,0.39,-11.93,0.0,0.0,0.0,0.36,127.0,16.46,GNSS_LOCKED,2.99,299.12,7.87,-6.09,-5.23,False,False,False,false
1788951934692,0.0024,2.7511,9.4606,0.01398,0.00866,0.00559,1.67,1.14,-12.47,0.0,0.0,0.0,0.36,127.0,16.46,GNSS_LOCKED,2.97,298.73,8.46,-6.55,-5.61,False,False,False,false
1788951934798,-0.0532,2.6387,9.3075,-0.04727,-0.03076,-0.03595,1.01,1.59,-12.88,0.0,0.0,0.0,0.36,127.0,16.46,GNSS_LOCKED,2.83,298.64,8.98,-6.96,-5.94,False,False,False,false
1788951934908,-0.0078,2.6985,9.3051,0.0028,-0.00679,-0.01997,1.78,1.22,-12.79,0.0,0.0,0.0,0.35,157.3,14.85,GNSS_LOCKED,3.01,298.26,11.22,-8.9,-7.44,False,False,False,false
1788951935022,0.0598,2.6961,9.2883,-0.04567,-0.05366,-0.00506,1.65,1.43,-11.81,0.0,0.0,0.0,0.35,157.3,14.85,GNSS_LOCKED,2.98,297.93,13.22,-10.64,-8.78,False,False,False,false
1788951935139,-0.0126,2.6339,9.2812,-0.05686,-0.04035,-0.04234,2.25,0.96,-11.27,0.0,0.0,0.0,0.35,157.3,14.85,GNSS_LOCKED,2.89,297.82,15.02,-12.21,-9.98,False,False,False,false
1788951935255,0.1675,2.586,9.2022,0.03262,0.02836,0.01838,2.1,1.24,-11.23,0.0,0.0,0.0,0.35,157.3,14.85,GNSS_LOCKED,2.98,297.35,16.64,-13.63,-11.08,False,False,False,false
1788951935365,-0.0485,2.543,9.3529,0.01185,0.02304,-0.0024,1.74,1.58,-11.63,0.0,0.0,0.0,0.35,157.3,14.85,GNSS_LOCKED,3.01,296.99,18.12,-14.92,-12.07,False,False,False,false
1788951935478,0.0287,2.6291,9.3625,-0.03023,-0.02756,-0.00133,2.04,1.13,-11.51,0.0,0.0,0.0,0.35,157.3,14.85,GNSS_LOCKED,0.9,296.72,19.47,-16.1,-12.98,False,False,False,false
1788951935589,0.0981,2.5358,9.5898,-0.02383,-0.02277,0.01784,2.01,1.56,-11.57,0.0,0.0,0.0,0.35,157.3,14.85,GNSS_LOCKED,1.07,296.34,20.71,-17.19,-13.81,False,False,False,false
1788951935697,-0.0532,2.6459,9.4056,-0.07603,-0.07869,-0.04128,2.23,1.76,-11.49,0.0,0.0,0.0,0.35,157.3,14.85,GNSS_LOCKED,1.11,296.36,21.85,-18.18,-14.58,False,False,False,false
1788951935811,0.0502,2.4784,9.3362,-0.07603,-0.05366,-0.03116,1.8,1.52,-10.95,0.0,0.0,0.0,0.35,157.3,14.85,GNSS_LOCKED,1.04,296.31,22.9,-19.11,-15.29,False,False,False,false
1788951935925,0.1244,2.543,9.3888,-0.0233,-0.01585,-0.00719,1.82,1.37,-11.33,0.0,0.0,0.0,0.0,0.0,11.58,GNSS_LOCKED,0.88,295.95,24.28,-20.31,-16.44,False,False,False,false
1788951936039,0.189,2.4281,9.3577,-0.05526,-0.00892,-0.03222,2.31,1.74,-11.23,0.0,0.0,0.0,0.0,0.0,11.58,GNSS_LOCKED,1.02,295.82,25.56,-21.42,-17.51,False,False,False,false
1788951936155,0.0837,2.5621,9.2907,-0.05419,-0.00466,-0.01305,2.61,1.09,-11.51,0.0,0.0,0.0,0.0,0.0,11.58,GNSS_LOCKED,1.07,295.62,26.74,-22.45,-18.5,False,False,False,false
1788951936271,-0.2016,2.5525,9.5779,-0.04514,-0.02064,-0.00613,2.31,1.63,-11.4,0.0,0.0,0.0,0.0,0.0,11.58,GNSS_LOCKED,1.92,295.4,27.85,-23.41,-19.43,False,False,False,false
1788951936381,0.2369,2.5454,9.8536,-0.19587,-0.4189,-0.10572,1.82,1.65,-11.48,0.0,0.0,0.0,0.0,0.0,11.58,GNSS_LOCKED,7.93,296.18,28.89,-24.31,-20.3,False,False,False,false
1788951936492,0.3159,2.4616,9.3841,-0.05526,-0.05686,0.00399,1.99,1.82,-12.15,0.0,0.0,0.0,0.0,0.0,11.58,GNSS_LOCKED,9.41,295.96,29.86,-25.16,-21.12,False,False,False,false
1788951936604,0.3087,2.3563,9.1687,-0.01425,-0.03768,-0.1004,2.64,1.91,-12.11,0.0,0.0,0.0,0.0,0.0,11.58,GNSS_LOCKED,9.48,296.33,30.77,-25.95,-21.88,False,False,False,false
1788951936718,0.5121,2.2439,9.923,-0.20705,0.08375,-0.42516,1.61,1.88,-11.4,0.0,0.0,0.0,0.0,0.0,11.58,GNSS_LOCKED,13.12,298.42,31.63,-26.69,-22.61,False,False,False,false
1788951936842,1.5559,1.8102,8.7093,0.01451,0.03316,0.32356,1.61,3.09,-12.39,0.0,0.0,0.0,0.0,0.0,11.58,GNSS_LOCKED,14.05,296.36,32.45,-27.4,-23.29,False,False,False,false
1788951936948,0.2847,2.3563,9.1687,0.11252,0.1024,-0.00399,1.71,2.38,-12.24,0.0,0.0,0.0,0.0,0.0,10.82,GNSS_LOCKED,14.13,296.08,33.38,-28.25,-24.58,False,False,False,false
1788951937059,0.4355,2.33,9.1376,0.02889,0.02623,0.02477,1.73,2.12,-11.85,0.0,0.0,0.0,0.0,0.0,10.82,GNSS_LOCKED,14.08,295.71,34.26,-29.06,-25.8,False,False,False,false
1788951937173,0.1005,2.3874,9.1065,0.01238,0.03955,-0.02477,1.95,2.34,-11.59,0.0,0.0,0.0,0.0,0.0,10.82,GNSS_LOCKED,14.26,295.59,35.1,-29.83,-26.96,False,False,False,false
1788951937283,0.2201,2.0931,10.1121,-0.11864,-0.00892,0.00133,2.44,2.19,-11.7,0.0,0.0,0.0,0.0,0.0,10.82,GNSS_LOCKED,14.12,295.34,35.9,-30.56,-28.06,False,False,False,false
1788951937398,0.4259,2.251,9.2189,-0.24966,-0.02277,-0.00719,3.0,3.0,-10.61,0.0,0.0,0.0,0.0,0.0,10.82,GNSS_LOCKED,14.08,295.18,36.65,-31.25,-29.1,False,False,False,false
1788951937507,0.4235,2.004,9.1543,-0.13835,0.15406,0.03968,2.53,2.76,-9.51,0.0,0.0,0.0,0.0,0.0,10.82,GNSS_LOCKED,14.35,294.64,37.37,-31.91,-30.09,False,False,False,false
1788951937620,-0.1992,1.3795,10.3753,-0.11012,0.08162,-0.08122,3.43,2.79,-8.29,0.0,0.0,0.0,0.0,0.0,10.82,GNSS_LOCKED,13.92,294.78,38.06,-32.54,-31.04,False,False,False,false
1788951937731,0.1747,1.7169,9.5228,-0.02383,-0.01851,0.0498,3.77,2.98,-7.97,0.0,0.0,0.0,0.0,0.0,10.82,GNSS_LOCKED,13.75,294.28,38.71,-33.14,-31.94,False,False,False,false
1788951937845,0.2776,1.523,9.6042,-0.11065,-0.0478,0.00826,3.86,3.69,-8.33,0.0,0.0,0.0,0.0,0.0,10.82,GNSS_LOCKED,12.79,294.04,39.34,-33.71,-32.81,False,False,False,false
1788951937955,0.055,1.4991,9.923,-0.10266,-0.05153,0.02264,3.79,4.07,-7.97,0.0,0.0,0.0,0.0,0.0,10.16,GNSS_LOCKED,9.42,293.71,39.98,-34.31,-33.64,False,False,False,false
1788951938069,0.079,1.3029,9.7005,-0.03768,-0.03555,0.02956,4.54,3.69,-8.46,0.0,0.0,0.0,0.0,0.0,10.16,GNSS_LOCKED,9.42,293.32,40.6,-34.88,-34.44,False,False,False,false
1788951938180,0.402,1.4608,9.7292,-0.19587,-0.07337,0.00399,4.71,3.38,-8.12,0.0,0.0,0.0,0.0,0.0,10.16,GNSS_LOCKED,9.42,293.12,41.19,-35.43,-35.2,False,False,False,false
1788951938289,0.4451,1.0056,8.9677,0.05553,0.04487,0.0008,3.96,4.26,-8.36,0.0,0.0,0.0,0.0,0.0,10.16,GNSS_LOCKED,9.42,292.88,41.75,-35.95,-35.93,False,False,False,false
1788951938402,0.4475,1.0223,10.1695,-0.0526,-0.02597,0.01252,4.44,4.26,-8.12,0.0,0.0,0.0,0.0,0.0,10.16,GNSS_LOCKED,9.42,292.58,42.3,-36.46,-36.64,False,False,False,false
1788951938522,0.5599,0.8142,9.6598,-0.04514,-0.00732,0.03702,4.76,4.67,-8.64,0.0,0.0,0.0,0.0,0.0,10.16,GNSS_LOCKED,9.42,292.13,42.82,-36.94,-37.31,False,False,False,false
1788951938643,0.2656,0.8692,9.9446,0.1466,0.05393,0.01145,4.8,4.43,-8.1,0.0,0.0,0.0,0.0,0.0,10.16,GNSS_LOCKED,9.42,291.79,43.32,-37.41,-37.96,False,False,False,false
1788951938762,0.7657,1.2215,9.1783,0.12477,0.0241,0.03755,4.74,4.07,-8.27,0.0,0.0,0.0,0.0,0.0,10.16,GNSS_LOCKED,3.93,291.35,43.8,-37.85,-38.58,False,False,False,false
1788951938882,0.3829,0.6203,11.1703,0.03049,-0.05686,0.01518,4.48,3.41,-7.88,0.0,0.0,0.0,0.0,0.0,9.95,GNSS_LOCKED,4.04,290.99,44.27,-38.32,-39.45,False,False,False,false
1788951939002,0.2584,1.5565,9.7579,-0.14474,-0.20013,0.01198,4.59,2.94,-7.54,0.0,0.0,0.0,0.0,0.0,9.95,GNSS_LOCKED,4.27,290.77,44.72,-38.76,-40.28,False,False,False,false
1788951939120,0.5336,1.3603,9.8393,0.01877,-0.1229,-0.1004,4.35,3.23,-8.7,0.0,0.0,0.0,0.0,0.0,9.95,GNSS_LOCKED,9.31,291.17,45.16,-39.19,-41.08,False,False,False,false
1788951939228,0.5408,1.1617,10.6846,0.07204,-0.20759,-0.00559,3.96,3.04,-8.7,0.0,0.0,0.0,0.0,0.0,9.95,GNSS_LOCKED,9.25,291.04,45.58,-39.61,-41.85,False,False,False,false
1788951939347,0.3876,2.0231,8.7715,0.11837,0.01718,-0.04234,3.56,2.91,-9.09,0.0,0.0,0.0,0.0,0.0,9.95,GNSS_LOCKED,9.26,291.12,45.98,-40.01,-42.6,False,False,False,false
1788951939466,0.2991,1.7192,9.6766,-0.11491,-0.17403,0.01731,2.38,2.55,-10.93,0.0,0.0,0.0,0.0,0.0,9.95,GNSS_LOCKED,9.28,290.91,46.38,-40.4,-43.32,False,False,False,false
1788951939586,0.4451,1.7384,10.0618,-0.12823,-0.20812,-0.05939,3.39,2.85,-9.53,0.0,0.0,0.0,0.0,0.0,9.95,GNSS_LOCKED,9.28,291.14,46.76,-40.77,-44.02,False,False,False,false
1788951939705,0.5408,0.9984,9.5276,-0.18628,-0.26937,-0.01252,3.19,1.99,-10.59,0.0,0.0,0.0,0.0,0.0,9.95,GNSS_LOCKED,9.07,291.02,47.12,-41.13,-44.69,False,False,False,false
1788951939826,1.0265,1.6522,9.262,-0.35392,-0.25179,-0.02903,3.45,2.66,-10.46,0.0,0.0,0.0,0.0,0.0,9.95,GNSS_LOCKED,9.05,291.06,47.48,-41.49,-45.35,False,False,False,false
1788951939939,2.3533,-0.1531,8.6279,0.20572,-0.42956,-0.05726,4.28,3.49,-10.03,0.0,0.0,0.0,0.0,0.0,10.04,GNSS_LOCKED,8.57,291.15,47.87,-41.89,-46.0,False,False,False,false
1788951940060,0.7011,0.1896,11.8457,-0.59041,-1.15005,0.04288,4.03,3.38,-10.37,0.0,0.0,0.0,0.0,0.0,10.04,GNSS_LOCKED,9.27,290.35,48.24,-42.29,-46.64,False,False,False,false
1788951940181,1.6828,0.9888,9.3769,-0.14687,0.00386,-0.00293,4.52,3.19,-10.88,0.0,0.0,0.0,0.0,0.0,10.04,GNSS_LOCKED,9.14,290.06,48.61,-42.67,-47.25,False,False,False,false
1788951940309,1.7928,1.468,6.6287,0.28402,0.11624,-0.18455,4.37,3.62,-11.19,0.0,0.0,0.0,0.0,0.0,10.04,GNSS_LOCKED,7.21,291.11,48.96,-43.04,-47.83,False,False,False,false
1788951940435,1.3095,0.0126,10.0714,-0.43169,0.32916,0.12064,5.19,3.51,-10.39,0.0,0.0,0.0,0.0,0.0,10.04,GNSS_LOCKED,13.81,290.07,49.31,-43.4,-48.42,False,False,False,false
1788951940554,2.5208,-0.28,8.6471,0.43195,0.09441,-0.0988,5.16,5.12,-10.03,0.0,0.0,0.0,0.0,0.0,10.04,GNSS_LOCKED,18.2,290.29,49.64,-43.75,-48.98,False,False,False,false
1788951940668,1.4339,-0.201,10.0427,-0.11811,-0.01265,0.10839,5.21,5.76,-10.48,0.0,0.0,0.0,0.0,0.0,10.04,GNSS_LOCKED,18.44,289.12,49.97,-44.09,-49.52,False,False,False,false
1788951940784,-0.5964,1.0319,8.7547,0.23235,0.40745,-0.09081,4.71,5.74,-10.89,0.0,0.0,0.0,0.0,0.0,10.04,GNSS_LOCKED,18.62,289.31,50.28,-44.42,-50.05,False,False,False,false
1788951940898,1.3669,0.1442,9.5755,0.01984,-0.01478,0.02903,4.56,5.94,-10.41,0.0,0.0,0.0,0.0,0.0,8.92,GNSS_LOCKED,18.62,288.71,50.66,-44.82,-50.59,False,False,False,false
1788951941008,1.1827,0.1537,9.7962,0.01079,0.0763,-0.02796,4.54,5.21,-10.76,0.0,0.0,0.0,0.0,0.0,8.92,GNSS_LOCKED,18.62,288.42,51.03,-45.2,-51.12,False,False,False,false
1788951941123,1.5966,-0.2919,9.7914,-0.07763,-0.09414,0.08282,5.23,4.71,-10.52,0.0,0.0,0.0,0.0,0.0,8.92,GNSS_LOCKED,18.44,287.4,51.39,-45.57,-51.63,False,False,False,false
1788951941236,1.7043,0.1442,9.6694,-0.02916,-0.04354,0.03169,4.5,5.74,-10.05,0.0,0.0,0.0,0.0,0.0,8.92,GNSS_LOCKED,18.64,286.79,51.73,-45.93,-52.13,False,False,False,false
1788951941349,1.2425,-0.0598,9.4032,-0.00306,-0.02064,0.03222,4.35,5.72,-10.05,0.0,0.0,0.0,0.0,0.0,8.92,GNSS_LOCKED,18.64,286.14,52.07,-46.28,-52.61,False,False,False,false
1788951941460,1.5344,0.0126,9.5204,0.01718,-0.05579,-0.00666,4.99,5.33,-10.43,0.0,0.0,0.0,0.0,0.0,8.92,GNSS_LOCKED,13.73,285.76,52.4,-46.63,-53.08,False,False,False,false
1788951941572,1.2162,0.2447,9.7436,0.04114,0.06831,-0.03915,5.33,5.18,-9.32,0.0,0.0,0.0,0.0,0.0,8.92,GNSS_LOCKED,10.6,285.62,52.72,-46.96,-53.54,False,False,False,false
1788951941684,1.3167,0.5701,9.5444,-0.03875,-0.22729,-0.13821,4.41,5.46,-9.6,0.0,0.0,0.0,0.0,0.0,8.92,GNSS_LOCKED,13.7,286.1,53.04,-47.29,-53.98,False,False,False,false
1788951941794,1.5224,0.1059,9.6598,-0.02543,-0.08029,0.00133,4.91,5.79,-9.66,0.0,0.0,0.0,0.0,0.0,8.92,GNSS_LOCKED,9.99,285.72,53.34,-47.61,-54.42,False,False,False,false
1788951941915,3.7944,1.6116,10.1504,0.04434,0.09707,0.04927,4.56,5.36,-10.26,0.0,0.0,0.0,0.0,0.0,7.87,GNSS_LOCKED,9.32,285.71,53.58,-47.91,-54.81,False,False,False,false
1788951942035,1.3597,0.1753,9.6526,0.04541,0.05553,0.02636,4.52,5.33,-9.99,0.0,0.0,0.0,0.0,0.0,7.87,GNSS_LOCKED,9.31,285.41,53.81,-48.21,-55.18,False,False,False,false
1788951942152,-1.4034,0.0461,8.7141,0.06298,0.08003,-0.04341,4.07,5.48,-11.25,0.0,0.0,0.0,0.0,0.0,7.87,GNSS_LOCKED,10.76,285.08,54.03,-48.5,-55.54,False,False,False,false
1788951942260,0.8542,0.4122,9.9709,0.096,0.11145,-0.03702,3.98,5.76,-10.93,0.0,0.0,0.0,0.0,0.0,7.87,GNSS_LOCKED,10.91,284.83,54.25,-48.78,-55.9,False,False,False,false
1788951942367,1.7115,0.0556,9.4223,0.01877,-0.01798,-0.00399,4.28,5.63,-11.4,0.0,0.0,0.0,0.0,0.0,7.87,GNSS_LOCKED,10.59,284.44,54.46,-49.06,-56.25,False,False,False,false
1788951942476,1.6708,-0.0359,10.3968,-0.02703,0.11837,0.102,4.89,4.78,-10.48,0.0,0.0,0.0,0.0,0.0,7.87,GNSS_LOCKED,10.9,283.44,54.67,-49.33,-56.59,False,False,False,false
1788951942590,1.1515,0.1992,9.585,0.00386,0.05393,-0.00826,4.65,5.1,-10.03,0.0,0.0,0.0,0.0,0.0,7.87,GNSS_LOCKED,10.9,283.12,54.88,-49.6,-56.92,False,False,False,false
1788951942708,1.4794,0.3165,9.5228,0.01451,0.01185,0.01198,4.22,6.09,-9.84,0.0,0.0,0.0,0.0,0.0,7.87,GNSS_LOCKED,10.3,282.77,55.08,-49.86,-57.25,False,False,False,false
1788951942828,1.331,0.3547,10.3298,0.01505,0.00599,-0.03063,4.82,5.46,-9.45,0.0,0.0,0.0,0.0,0.0,7.87,GNSS_LOCKED,9.19,282.69,55.27,-50.11,-57.57,False,False,False,false
1788951942938,0.9332,0.0987,10.0666,-0.05153,0.06724,-0.01944,4.74,5.03,-9.53,0.0,0.0,0.0,0.0,0.0,7.05,GNSS_LOCKED,9.18,282.47,55.35,-50.3,-57.84,False,False,False,false
1788951943052,1.4171,0.4528,9.7866,0.01611,-0.04674,0.03489,4.76,5.19,-9.62,0.0,0.0,0.0,0.0,0.0,7.05,GNSS_LOCKED,8.89,282.03,55.43,-50.48,-58.12,False,False,False,false
1788951943171,1.3813,0.2901,9.274,-0.02437,-0.01105,-0.02423,4.37,5.34,-9.32,0.0,0.0,0.0,0.0,0.0,7.05,GNSS_LOCKED,8.62,281.96,55.51,-50.66,-58.38,False,False,False,false
1788951943290,1.1635,0.3834,10.1097,0.06618,-0.00679,-0.01252,4.29,5.19,-8.7,0.0,0.0,0.0,0.0,0.0,7.05,GNSS_LOCKED,8.45,281.81,55.58,-50.84,-58.64,False,False,False,false
1788951943412,1.2664,0.0197,9.8034,0.02943,0.04168,-0.03861,4.74,5.04,-10.26,0.0,0.0,0.0,0.0,0.0,7.05,GNSS_LOCKED,8.19,281.76,55.65,-51.01,-58.9,False,False,False,false
1788951943521,0.9547,0.7998,9.5922,0.07576,0.03209,-0.02849,3.96,5.27,-9.69,0.0,0.0,0.0,0.0,0.0,7.05,GNSS_LOCKED,7.93,281.74,55.73,-51.18,-59.15,False,False,False,false
1788951943636,1.3908,0.2064,9.5683,0.04221,-0.06911,0.00506,3.69,5.33,-10.22,0.0,0.0,0.0,0.0,0.0,7.05,GNSS_LOCKED,3.5,281.47,55.8,-51.35,-59.4,False,False,False,false
1788951943754,1.4961,0.5055,10.8975,0.06884,-0.08881,-0.07537,3.32,5.51,-10.52,0.0,0.0,0.0,0.0,0.0,7.05,GNSS_LOCKED,6.77,281.7,55.87,-51.51,-59.64,False,False,False,false
1788951943861,1.1372,0.9912,9.195,0.27123,-0.09201,-0.3932,3.04,5.21,-11.4,0.0,0.0,0.0,0.0,0.0,6.71,GNSS_LOCKED,12.55,283.83,55.93,-51.65,-59.88,False,False,False,false
1788951943970,1.0385,1.2096,9.2548,0.62529,0.27909,-0.33408,2.01,5.57,-13.29,0.0,0.0,0.0,0.0,0.0,6.71,GNSS_LOCKED,13.21,285.52,55.99,-51.79,-60.13,False,False,False,false
1788951944082,0.9404,1.9466,9.2812,0.40426,0.57469,0.0253,1.39,5.27,-14.03,0.0,0.0,0.0,0.0,0.0,6.71,GNSS_LOCKED,13.23,284.9,56.05,-51.92,-60.37,False,False,False,false
1788951944194,-0.204,2.275,9.5659,0.07257,0.23715,0.06152,2.08,3.92,-14.25,0.0,0.0,0.0,0.0,0.0,6.71,GNSS_LOCKED,13.49,284.17,56.11,-52.05,-60.6,False,False,False,false
1788951944303,0.1627,1.9825,9.061,-0.18895,0.05073,0.16165,1.95,3.75,-12.94,0.0,0.0,0.0,0.0,0.0,6.71,GNSS_LOCKED,13.46,282.99,56.17,-52.18,-60.83,False,False,False,false
1788951944412,0.4451,1.8556,9.7531,-0.19214,0.02623,0.05513,1.63,3.99,-12.51,0.0,0.0,0.0,0.0,0.0,6.71,GNSS_LOCKED,13.43,282.47,56.23,-52.3,-61.06,False,False,False,false
1788951944522,-0.0221,1.7503,9.542,-0.00945,-0.0249,0.0775,1.89,3.81,-13.33,0.0,0.0,0.0,0.0,0.0,6.71,GNSS_LOCKED,13.43,281.83,56.28,-52.42,-61.28,False,False,False,false
1788951944628,-1.0564,2.4473,9.4798,0.03209,0.07204,0.17923,2.42,3.62,-12.43,0.0,0.0,0.0,0.0,0.0,6.71,GNSS_LOCKED,13.43,280.55,56.34,-52.54,-61.5,False,False,False,false
1788951944734,0.658,1.0445,9.8154,-0.21984,-0.46577,0.22077,2.46,3.94,-12.86,0.0,0.0,0.0,0.0,0.0,6.71,GNSS_LOCKED,13.27,279.27,56.39,-52.66,-61.71,False,False,False,false
1788951944842,0.7753,1.7982,9.5587,0.03209,0.07736,-0.04341,2.06,3.73,-11.34,0.0,0.0,0.0,0.0,0.0,6.71,GNSS_LOCKED,13.96,279.31,56.45,-52.78,-61.92,False,False,False,false
1788951944948,0.5073,1.4919,9.5396,-0.19108,-0.32956,0.06578,2.01,4.41,-11.04,0.0,0.0,0.0,0.0,0.0,4.86,GNSS_LOCKED,13.7,278.87,56.55,-52.95,-62.16,False,False,False,false
1788951945054,0.1819,1.5422,9.6407,-0.07869,-0.24966,-0.08815,2.34,4.54,-11.08,0.0,0.0,0.0,0.0,0.0,4.86,GNSS_LOCKED,12.47,279.22,56.65,-53.12,-62.39,False,False,False,false
1788951945162,1.1755,0.8357,10.2604,-0.76777,-1.11916,-0.26018,2.25,4.46,-11.19,0.0,0.0,0.0,0.0,0.0,4.86,GNSS_LOCKED,12.52,280.55,56.75,-53.29,-62.63,False,False,False,false
1788951945269,2.7075,0.7376,9.6335,-1.22355,-3.00263,0.02157,5.08,5.68,-10.39,0.0,0.0,0.0,0.0,0.0,4.86,GNSS_LOCKED,13.09,278.64,56.85,-53.45,-62.85,False,False,False,false
1788951945378,4.3454,0.1394,5.5274,1.75204,4.02365,0.5908,3.96,7.14,-12.0,0.0,0.0,0.0,0.0,0.0,4.86,GNSS_LOCKED,10.53,276.82,56.95,-53.61,-63.07,False,False,False,false
1788951945484,0.6987,1.6235,10.4207,1.42994,0.96337,-1.05192,6.6,5.21,-6.58,0.0,0.0,0.0,0.0,0.0,4.86,GNSS_LOCKED,18.77,282.29,57.04,-53.77,-63.29,False,False,False,false
1788951945592,-2.0907,3.2806,8.3928,1.2153,1.74245,-0.65632,6.02,4.69,-6.39,0.0,0.0,0.0,0.0,0.0,4.86,GNSS_LOCKED,14.27,283.62,57.13,-53.92,-63.5,False,False,False,false
1788951945701,-0.8788,1.6929,8.2158,-0.42689,-0.53768,-1.34113,7.54,3.06,-7.58,0.0,0.0,0.0,0.0,0.0,4.86,GNSS_LOCKED,12.23,291.67,57.23,-54.08,-63.72,False,False,False,false
1788951945808,-3.2303,0.8357,4.3896,0.64606,-0.38801,0.37243,7.43,2.83,-6.15,0.0,0.0,0.0,0.0,0.0,4.86,GNSS_LOCKED,12.04,289.79,57.32,-54.23,-63.92,False,False,False,false
1788951945915,-1.1043,6.4385,10.4399,-0.64154,-0.63408,-0.35858,9.83,0.81,-3.66,0.0,0.0,0.0,0.0,0.0,4.32,GNSS_LOCKED,12.42,292.7,57.43,-54.38,-64.11,False,False,False,false
1788951946023,-1.6475,3.6251,10.0546,-0.54567,0.00972,0.12703,10.73,-0.13,-3.15,0.0,0.0,0.0,0.0,0.0,4.32,GNSS_LOCKED,11.69,291.94,57.53,-54.54,-64.29,False,False,False,false
1788951946130,-2.0375,3.6586,8.9892,-0.19001,0.04541,-0.10093,10.89,-1.03,-3.68,0.0,0.0,0.0,0.0,0.0,4.32,GNSS_LOCKED,11.23,292.49,57.63,-54.69,-64.47,False,False,False,false
1788951946239,-0.9745,2.7535,9.4415,0.33395,0.00919,-0.52583,10.46,-1.14,-4.37,0.0,0.0,0.0,0.0,0.0,4.32,GNSS_LOCKED,11.43,295.4,57.73,-54.84,-64.64,False,False,False,false
1788951946347,-2.6124,6.2423,8.0865,0.38561,-0.3976,0.21757,10.58,0.13,-3.96,0.0,0.0,0.0,0.0,0.0,4.32,GNSS_LOCKED,11.07,295.01,57.83,-54.98,-64.8,False,False,False,false
1788951946454,-1.5709,4.3771,8.1655,-0.07763,-0.08562,0.05726,9.99,-0.24,-4.88,0.0,0.0,0.0,0.0,0.0,4.32,GNSS_LOCKED,11.37,295.01,57.93,-55.12,-64.97,False,False,False,false
1788951946563,-1.2598,4.4154,7.124,0.32596,-0.2502,0.0221,9.9,-0.39,-4.44,0.0,0.0,0.0,0.0,0.0,4.32,GNSS_LOCKED,11.86,295.46,58.03,-55.27,-65.13,False,False,False,false
1788951946671,-0.6347,3.5988,7.73,-0.25339,-0.11065,-0.04181,10.56,-0.6,-4.97,0.0,0.0,0.0,0.0,0.0,4.32,GNSS_LOCKED,11.82,295.88,58.12,-55.41,-65.29,False,False,False,false
1788951946778,-0.9194,4.1396,6.9685,-0.08029,0.07949,-0.00186,10.63,-1.01,-5.48,0.0,0.0,0.0,0.0,0.0,4.32,GNSS_LOCKED,12.5,295.8,58.21,-55.55,-65.45,False,False,False,false
1788951946887,-2.0112,3.6012,10.9454,-0.48069,-0.47643,-0.18562,10.43,-1.65,-5.29,0.0,0.0,0.0,0.0,0.0,4.3,GNSS_LOCKED,12.36,297.5,58.3,-55.68,-65.62,False,False,False,false
1788951946995,-1.5996,3.1633,9.1543,0.00919,0.01984,-0.05566,10.76,-0.3,-3.83,0.0,0.0,0.0,0.0,0.0,4.3,GNSS_LOCKED,12.85,297.72,58.4,-55.82,-65.79,False,False,False,false
1788951947105,-1.2311,3.3739,8.9486,-0.07017,-0.04567,-0.02051,10.26,-0.08,-3.99,0.0,0.0,0.0,0.0,0.0,4.3,GNSS_LOCKED,12.38,297.84,58.49,-55.95,-65.94,False,False,False,false
1788951947213,-1.3507,3.5821,8.4598,0.20466,0.12743,-0.00666,10.37,-0.51,-3.75,0.0,0.0,0.0,0.0,0.0,4.3,GNSS_LOCKED,12.38,297.67,58.58,-56.07,-66.1,False,False,False,false
1788951947321,-1.5757,3.3523,8.7595,-0.1,-0.11065,-0.00719,10.97,-0.34,-4.07,0.0,0.0,0.0,0.0,0.0,4.3,GNSS_LOCKED,12.1,297.82,58.66,-56.2,-66.26,False,False,False,false
1788951947432,-1.0899,3.1561,8.1918,0.14447,0.2707,-0.04501,10.03,0.36,-3.86,0.0,0.0,0.0,0.0,0.0,4.3,GNSS_LOCKED,8.87,297.53,58.75,-56.33,-66.41,False,False,False,false
1788951947544,-1.9442,3.2758,11.9581,-0.30546,-0.26831,-0.11797,9.99,0.04,-3.49,0.0,0.0,0.0,0.0,0.0,4.3,GNSS_LOCKED,8.69,298.36,58.84,-56.45,-66.57,False,False,False,false
1788951947654,-1.0732,4.0606,6.7986,0.40213,0.09334,0.07323,10.29,0.54,-3.84,0.0,0.0,0.0,0.0,0.0,4.3,GNSS_LOCKED,9.84,297.79,58.92,-56.57,-66.71,False,False,False,false
1788951947775,-1.5446,3.1101,8.4503,0.19188,-0.00146,0.02423,10.48,0.41,-3.51,0.0,0.0,0.0,0.0,0.0,4.3,GNSS_LOCKED,11.41,297.53,59.0,-56.69,-66.85,False,False,False,false
1788951947896,-1.3795,3.4433,8.9988,0.16844,0.13435,0.01731,10.29,0.43,-3.24,0.0,0.0,0.0,0.0,0.0,4.18,GNSS_LOCKED,11.78,296.98,59.09,-56.81,-66.99,False,False,False,false
1788951948005,-1.6714,3.6706,8.3593,0.08961,0.11784,0.01465,10.58,0.28,-3.92,0.0,0.0,0.0,0.0,0.0,4.18,GNSS_LOCKED,8.64,296.48,59.17,-56.93,-67.13,False,False,False,false
1788951948123,-1.8078,3.4744,9.0634,0.02783,0.04487,-0.01092,11.12,0.08,-3.6,0.0,0.0,0.0,0.0,0.0,4.18,GNSS_LOCKED,8.07,296.2,59.25,-57.05,-67.27,False,False,False,false
1788951948245,-1.4943,3.5892,8.0913,0.01185,-0.00892,0.01571,9.92,0.23,-3.73,0.0,0.0,0.0,0.0,0.0,4.18,GNSS_LOCKED,8.09,295.9,59.33,-57.16,-67.4,False,False,False,false
1788951948365,-1.5924,3.3356,8.8409,0.06405,-0.00839,0.01624,10.54,-0.17,-3.68,0.0,0.0,0.0,0.0,0.0,4.18,GNSS_LOCKED,8.06,295.55,59.41,-57.28,-67.53,False,False,False,false
1788951948484,-1.5829,3.5222,9.0586,-0.01691,-0.01052,-0.01198,10.44,0.13,-3.06,0.0,0.0,0.0,0.0,0.0,4.18,GNSS_LOCKED,8.06,295.34,59.49,-57.39,-67.66,False,False,False,false
1788951948612,-1.7336,3.393,9.1113,-0.01265,0.00546,-0.00399,9.86,0.68,-4.22,0.0,0.0,0.0,0.0,0.0,4.18,GNSS_LOCKED,6.97,295.04,59.56,-57.5,-67.79,False,False,False,false
1788951948735,-1.5685,3.4624,9.018,0.00652,-0.00466,0.00453,9.39,0.09,-3.49,0.0,0.0,0.0,0.0,0.0,4.18,GNSS_LOCKED,3.69,294.72,59.64,-57.61,-67.92,False,False,False,false
1788951948856,-1.547,3.5509,9.0443,0.00226,0.00866,-0.00133,10.65,-0.11,-3.19,0.0,0.0,0.0,0.0,0.0,4.18,GNSS_LOCKED,3.53,294.41,59.71,-57.71,-68.04,False,False,False,false
1788951948979,-1.6786,3.527,8.8648,-0.01318,0.00919,-0.00826,10.63,-0.08,-3.47,0.0,0.0,0.0,0.0,0.0,4.1,GNSS_LOCKED,3.14,294.15,59.78,-57.81,-68.17,False,False,False,false
1788951949097,-1.7001,3.6634,8.8337,-0.01265,-0.0249,0.00027,10.26,0.6,-3.0,0.0,0.0,0.0,0.0,0.0,4.1,GNSS_LOCKED,3.21,293.94,59.85,-57.92,-68.3,False,False,False,false
1788951949224,-1.4871,3.4385,8.3186,-0.11278,-0.19534,-0.01838,9.73,0.26,-2.78,0.0,0.0,0.0,0.0,0.0,4.1,GNSS_LOCKED,3.28,294.16,59.91,-58.02,-68.43,False,False,False,false
1788951949354,-1.2048,3.0646,10.4088,0.02357,0.0518,-0.00453,10.24,0.47,-3.49,0.0,0.0,0.0,0.0,0.0,4.1,GNSS_LOCKED,3.45,293.73,59.98,-58.12,-68.55,False,False,False,false
1788951949479,-1.2598,3.2782,9.3434,-0.08029,-0.04887,-0.01465,10.58,0.98,-3.99,0.0,0.0,0.0,0.0,0.0,4.1,GNSS_LOCKED,3.41,293.58,60.04,-58.21,-68.68,False,False,False,false
1788951949609,-1.2885,3.192,9.2883,-0.03289,-0.02969,-0.0237,10.8,0.62,-3.84,0.0,0.0,0.0,0.0,0.0,4.1,GNSS_LOCKED,3.44,293.45,60.11,-58.31,-68.8,False,False,False,false
1788951949736,-1.1426,3.2566,9.5085,-0.13409,-0.16018,-0.03382,10.11,0.83,-4.22,0.0,0.0,0.0,0.0,0.0,4.1,GNSS_LOCKED,3.36,293.62,60.17,-58.4,-68.92,False,False,False,false
1788951949854,-1.1856,3.5653,8.8552,-0.03236,-0.04993,-0.00506,10.43,1.2,-4.29,0.0,0.0,0.0,0.0,0.0,4.1,GNSS_LOCKED,3.53,293.49,60.23,-58.5,-69.03,False,False,False,false
1788951949973,-1.1617,3.5414,8.9581,0.0976,0.13489,0.00186,10.48,1.09,-3.73,0.0,0.0,0.0,0.0,0.0,3.93,GNSS_LOCKED,3.55,293.03,60.3,-58.6,-69.14,False,False,False,false
1788951950090,-1.2215,3.7831,9.2309,-0.02437,-0.0249,-0.00613,10.84,0.45,-4.01,0.0,0.0,0.0,0.0,0.0,3.93,GNSS_LOCKED,3.51,292.9,60.37,-58.69,-69.25,False,False,False,false
1788951950217,-1.255,3.6562,8.7978,-0.00573,0.00972,-0.00772,10.88,0.34,-3.75,0.0,0.0,0.0,0.0,0.0,3.93,GNSS_LOCKED,3.53,292.73,60.44,-58.79,-69.35,False,False,False,false
1788951950342,-1.4034,3.6036,8.8696,0.03475,0.03529,-0.01678,10.44,0.49,-4.43,0.0,0.0,0.0,0.0,0.0,3.93,GNSS_LOCKED,3.54,292.55,60.5,-58.89,-69.46,False,False,False,false
1788951950451,-1.346,3.8333,8.6877,0.00706,-0.00626,-0.00932,10.86,1.24,-3.71,0.0,0.0,0.0,0.0,0.0,3.93,GNSS_LOCKED,3.53,292.43,60.57,-58.98,-69.56,False,False,False,false
1788951950575,-1.3149,3.9769,8.6901,0.00173,-0.00573,-0.01358,10.89,0.9,-2.83,0.0,0.0,0.0,0.0,0.0,3.93,GNSS_LOCKED,3.38,292.35,60.64,-59.07,-69.66,False,False,False,false
1788951950701,-1.3316,4.2407,8.939,0.00493,-0.0036,-0.01518,10.76,0.64,-2.7,0.0,0.0,0.0,0.0,0.0,3.93,GNSS_LOCKED,2.95,292.29,60.7,-59.17,-69.76,False,False,False,false
1788951950826,-1.4082,4.1276,8.4981,0.00866,0.01025,-0.0237,9.96,1.59,-3.73,0.0,0.0,0.0,0.0,0.0,3.93,GNSS_LOCKED,3.07,292.26,60.77,-59.26,-69.86,False,False,False,false
1788951950942,-1.3866,4.2814,8.817,0.00333,-0.01105,-0.02264,10.14,1.24,-4.56,0.0,0.0,0.0,0.0,0.0,3.88,GNSS_LOCKED,2.7,292.27,60.83,-59.35,-69.96,False,False,False,false
1788951951065,-1.3172,4.2072,8.8624,-0.01052,-0.03342,-0.02104,10.01,1.09,-4.03,0.0,0.0,0.0,0.0,0.0,3.88,GNSS_LOCKED,2.64,292.3,60.89,-59.43,-70.06,False,False,False,false
1788951951195,-1.2072,4.2718,8.4407,-0.01957,-0.02543,-0.0221,10.41,1.46,-4.37,0.0,0.0,0.0,0.0,0.0,3.88,GNSS_LOCKED,2.67,292.34,60.95,-59.52,-70.16,False,False,False,false
1788951951314,-1.3292,4.4321,8.7882,0.00706,-0.00093,-0.02796,10.67,1.71,-4.31,0.0,0.0,0.0,0.0,0.0,3.88,GNSS_LOCKED,2.56,292.36,61.01,-59.61,-70.26,False,False,False,false
1788951951419,-1.346,4.3364,8.6183,-0.01105,-0.0249,-0.03542,10.29,2.12,-4.88,0.0,0.0,0.0,0.0,0.0,3.88,GNSS_LOCKED,2.61,292.46,61.07,-59.69,-70.35,False,False,False,false
1788951951524,-1.1234,4.4225,8.3545,-0.00146,-0.02543,-0.0237,10.26,1.54,-5.18,0.0,0.0,0.0,0.0,0.0,3.88,GNSS_LOCKED,2.57,292.51,61.13,-59.78,-70.45,False,False,False,false
1788951951630,-0.9338,4.7049,8.8792,0.00333,-0.01105,-0.01358,10.16,1.56,-4.76,0.0,0.0,0.0,0.0,0.0,3.88,GNSS_LOCKED,2.57,292.49,61.19,-59.86,-70.54,False,False,False,false
1788951951747,-1.6905,4.6475,8.6877,0.01877,0.02783,-0.05033,10.41,1.99,-5.04,0.0,0.0,0.0,0.0,0.0,3.88,GNSS_LOCKED,2.73,292.58,61.24,-59.94,-70.64,False,False,False,false
1788951951866,-1.4752,4.3603,8.2756,0.00333,-0.04301,-0.02477,10.35,1.97,-5.34,0.0,0.0,0.0,0.0,0.0,3.98,GNSS_LOCKED,2.75,292.66,61.3,-60.02,-70.73,False,False,False,false
1788951951984,-1.0516,4.6666,8.467,0.03688,-0.04461,0.00293,9.79,1.88,-5.57,0.0,0.0,0.0,0.0,0.0,3.98,GNSS_LOCKED,2.7,292.61,61.35,-60.1,-70.83,False,False,False,false
1788951952106,-0.941,4.9992,8.5801,0.01451,0.00173,-0.01944,10.37,2.25,-5.34,0.0,0.0,0.0,0.0,0.0,3.98,GNSS_LOCKED,2.63,292.59,61.41,-60.18,-70.92,False,False,False,false
1788951952225,-1.523,4.3173,8.0483,0.01984,0.02783,-0.02849,10.8,1.63,-5.33,0.0,0.0,0.0,0.0,0.0,3.98,GNSS_LOCKED,2.9,292.52,61.46,-60.26,-71.01,False,False,False,false
1788951952343,-1.4177,4.5852,9.1807,-0.00466,-0.03129,0.00399,10.33,1.95,-4.84,0.0,0.0,0.0,0.0,0.0,3.98,GNSS_LOCKED,3.4,292.38,61.52,-60.34,-71.11,False,False,False,false
1788951952465,-1.0469,3.5246,8.4981,-0.03236,-0.00093,-0.01092,10.74,1.82,-4.93,0.0,0.0,0.0,0.0,0.0,3.98,GNSS_LOCKED,3.35,292.17,61.57,-60.42,-71.2,False,False,False,false
1788951952589,-1.6857,4.4249,8.9964,0.04061,-0.0004,-0.01358,10.33,1.67,-5.19,0.0,0.0,0.0,0.0,0.0,3.98,GNSS_LOCKED,3.45,292.01,61.62,-60.49,-71.29,False,False,False,false
1788951952707,-1.0612,4.669,8.2014,-0.06804,-0.03449,0.00932,10.28,1.69,-4.39,0.0,0.0,0.0,0.0,0.0,3.98,GNSS_LOCKED,3.39,291.85,61.67,-60.57,-71.37,False,False,False,false
1788951952829,-1.5637,4.1856,8.9294,0.03102,0.04328,0.00613,10.61,2.57,-4.07,0.0,0.0,0.0,0.0,0.0,3.98,GNSS_LOCKED,3.55,291.49,61.72,-60.64,-71.46,False,False,False,false
1788951952963,-1.5374,4.1665,8.9557,-0.06698,-0.06804,0.00613,10.74,2.53,-4.46,0.0,0.0,0.0,0.0,0.0,4.16,GNSS_LOCKED,3.45,291.37,61.77,-60.72,-71.55,False,False,False,false
1788951953082,-0.9505,4.2072,8.1727,0.01132,0.06778,0.01678,10.97,2.27,-5.01,0.0,0.0,0.0,0.0,0.0,4.16,GNSS_LOCKED,3.46,290.9,61.82,-60.79,-71.64,False,False,False,false
1788951953207,-1.4895,4.1928,9.1448,0.01718,0.03848,0.03915,10.28,2.33,-5.16,0.0,0.0,0.0,0.0,0.0,4.16,GNSS_LOCKED,3.65,290.35,61.87,-60.86,-71.72,False,False,False,false
1788951953329,-1.2,3.8955,8.3498,-0.00573,0.01025,0.04075,10.18,2.18,-4.8,0.0,0.0,0.0,0.0,0.0,4.16,GNSS_LOCKED,3.57,289.85,61.92,-60.93,-71.81,False,False,False,false
1788951953448,-1.4177,4.2861,9.408,0.00812,-0.0004,0.04447,9.98,2.14,-4.93,0.0,0.0,0.0,0.0,0.0,4.16,GNSS_LOCKED,3.57,289.35,61.97,-61.01,-71.89,False,False,False,false
1788951953570,-1.547,3.9147,7.7468,-0.01265,0.06671,0.04075,10.71,1.41,-5.51,0.0,0.0,0.0,0.0,0.0,4.16,GNSS_LOCKED,3.65,288.73,62.02,-61.07,-71.97,False,False,False,false
1788951953689,-1.1976,3.7328,7.8879,0.06085,0.05606,0.07164,10.26,1.43,-6.15,0.0,0.0,0.0,0.0,0.0,4.16,GNSS_LOCKED,3.48,287.95,62.06,-61.14,-72.05,False,False,False,false
1788951953798,-1.6929,4.4393,9.7771,0.02943,-0.00413,0.07323,10.84,0.96,-5.34,0.0,0.0,0.0,0.0,0.0,4.16,GNSS_LOCKED,3.68,287.3,62.11,-61.21,-72.14,False,False,False,false
1788951953919,-1.5541,4.4465,8.9533,-0.06325,0.00333,0.06418,10.2,1.14,-5.78,0.0,0.0,0.0,0.0,0.0,4.2,GNSS_LOCKED,3.59,286.7,62.16,-61.28,-72.22,False,False,False,false
1788951954026,-1.9226,4.5541,8.8481,0.0273,0.14234,0.03702,9.86,0.9,-5.42,0.0,0.0,0.0,0.0,0.0,4.2,GNSS_LOCKED,3.7,285.93,62.2,-61.35,-72.31,False,False,False,false
1788951954134,-2.0836,3.7926,8.3498,-0.05952,0.06085,0.05459,9.56,0.09,-4.88,0.0,0.0,0.0,0.0,0.0,4.2,GNSS_LOCKED,3.63,285.22,62.25,-61.41,-72.39,False,False,False,false
1788951954242,-2.2175,4.1468,8.4479,0.05286,0.09654,0.06152,9.75,0.0,-4.37,0.0,0.0,0.0,0.0,0.0,4.2,GNSS_LOCKED,3.64,284.4,62.29,-61.48,-72.47,False,False,False,false
1788951954349,-2.0447,4.2239,8.5364,-0.04407,0.01558,0.07909,10.09,0.23,-4.41,0.0,0.0,0.0,0.0,0.0,4.2,GNSS_LOCKED,3.62,283.69,62.34,-61.54,-72.55,False,False,False,false
1788951954458,-2.4808,4.2646,8.3809,-0.01212,0.03635,0.07963,10.29,-0.23,-4.58,0.0,0.0,0.0,0.0,0.0,4.2,GNSS_LOCKED,3.66,282.93,62.38,-61.61,-72.63,False,False,False,false
1788951954579,-2.2678,3.7998,7.7037,-0.01212,0.01718,0.11691,10.46,-0.9,-4.73,0.0,0.0,0.0,0.0,0.0,4.2,GNSS_LOCKED,3.6,282.01,62.42,-61.67,-72.71,False,False,False,false
1788951954688,-1.8532,4.602,9.9494,0.00546,-0.0462,0.14407,10.58,-1.01,-4.82,0.0,0.0,0.0,0.0,0.0,4.2,GNSS_LOCKED,5.35,281.1,62.47,-61.73,-72.79,False,False,False,false
1788951954796,-1.7145,3.9194,7.5577,-0.02277,0.03901,0.09667,10.26,-1.89,-5.31,0.0,0.0,0.0,0.0,0.0,4.2,GNSS_LOCKED,5.66,280.24,62.51,-61.79,-72.87,False,False,False,false
1788951954903,-2.3611,4.2646,8.2588,0.03262,0.06192,0.0514,10.48,-2.91,-4.63,0.0,0.0,0.0,7.02,254.8,4.42,GNSS_LOCKED,5.86,288.82,62.04,-61.99,-72.94,False,False,False,false
1788951955011,-1.8796,4.389,8.4168,0.01984,0.02943,0.11478,10.22,-3.15,-3.9,0.0,0.0,0.0,7.02,254.8,4.42,GNSS_LOCKED,5.86,289.61,61.44,-62.23,-73.0,False,False,False,false
1788951955119,-1.614,4.0104,8.6782,-0.02863,-0.00679,0.102,9.84,-3.81,-4.18,0.0,0.0,0.0,7.02,254.8,4.42,GNSS_LOCKED,5.44,287.42,60.79,-62.48,-73.07,False,False,False,false
1788951955226,-2.0686,4.2646,7.8114,0.05339,0.0747,0.07483,9.86,-3.84,-3.88,0.0,0.0,0.0,7.02,254.8,4.42,GNSS_LOCKED,4.89,286.65,60.13,-62.73,-73.14,False,False,False,false
1788951955335,-2.4114,4.4082,8.9414,-0.0462,-0.00732,0.1004,9.09,-4.56,-3.19,0.0,0.0,0.0,7.02,254.8,4.42,GNSS_LOCKED,3.55,285.96,59.45,-62.99,-73.22,False,False,False,false
1788951955441,-1.7121,4.5039,7.6367,-0.01851,0.04647,0.08762,9.11,-4.8,-2.83,0.0,0.0,0.0,7.02,254.8,4.42,GNSS_LOCKED,3.6,284.64,58.79,-63.24,-73.29,False,False,False,false
1788951955549,-1.8173,4.2766,9.4104,-0.03395,-0.01531,0.03702,8.96,-4.99,-2.94,0.0,0.0,0.0,7.02,254.8,4.42,GNSS_LOCKED,5.84,285.33,58.12,-63.48,-73.36,False,False,False,false
1788951955671,-1.267,3.728,7.9358,-0.01105,0.03102,0.0711,9.13,-4.78,-2.44,0.0,0.0,0.0,7.02,254.8,4.42,GNSS_LOCKED,6.26,286.15,57.47,-63.73,-73.43,False,False,False,false
1788951955778,-1.3914,4.3962,9.1615,-0.04567,-0.03981,0.03755,8.98,-4.99,-3.32,0.0,0.0,0.0,7.02,254.8,4.42,GNSS_LOCKED,5.03,287.45,56.81,-63.97,-73.5,False,False,False,false
1788951955887,-1.9083,4.1515,9.0802,0.02091,0.11305,0.02956,8.19,-5.42,-3.08,0.0,0.0,0.0,6.87,249.5,4.48,GNSS_LOCKED,5.52,289.25,56.13,-64.27,-73.59,False,False,False,false
1788951956007,-1.7886,4.0319,9.2548,-0.10426,-0.06857,0.03648,7.52,-5.66,-2.25,0.0,0.0,0.0,6.87,249.5,4.48,GNSS_LOCKED,5.39,291.09,55.45,-64.57,-73.67,False,False,False,false
1788951956127,-1.2837,2.8086,8.6327,-0.04514,0.00812,0.02104,8.14,-5.27,-2.34,0.0,0.0,0.0,6.87,249.5,4.48,GNSS_LOCKED,5.57,293.71,54.78,-64.88,-73.75,False,False,False,false
1788951956236,-2.0758,3.1322,9.2883,0.03262,0.05126,0.01624,8.66,-4.88,-2.46,0.0,0.0,0.0,6.87,249.5,4.48,GNSS_LOCKED,5.53,295.61,54.12,-65.18,-73.83,False,False,False,false
1788951956350,-1.5948,3.4433,9.9829,0.01931,-0.01478,0.03169,8.53,-4.61,-1.95,0.0,0.0,0.0,6.87,249.5,4.48,GNSS_LOCKED,5.27,297.63,53.47,-65.48,-73.91,False,False,False,false
1788951956463,-1.2646,2.9737,8.0913,-0.01212,-0.0036,0.04181,8.79,-4.88,-1.48,0.0,0.0,0.0,6.87,249.5,4.48,GNSS_LOCKED,4.12,299.05,52.82,-65.78,-73.98,False,False,False,false
1788951956571,-1.3795,3.2686,9.53,0.00919,-0.00839,0.00133,8.23,-5.61,-1.39,0.0,0.0,0.0,6.87,249.5,4.48,GNSS_LOCKED,3.86,300.83,52.18,-66.08,-74.06,False,False,False,false
1788951956676,-2.0566,3.3906,9.1352,0.0028,0.02197,0.00666,8.1,-5.31,-1.99,0.0,0.0,0.0,6.87,249.5,4.48,GNSS_LOCKED,3.85,301.69,51.54,-66.37,-74.13,False,False,False,false
1788951956784,-1.2598,3.1561,8.5825,0.03262,0.00919,0.03116,8.48,-5.27,-3.09,0.0,0.0,0.0,6.87,249.5,4.48,GNSS_LOCKED,3.7,302.58,50.91,-66.66,-74.21,False,False,False,false
1788951956894,-1.3531,3.4337,9.5396,-0.03449,-0.02916,0.01624,8.21,-5.44,-2.87,0.0,0.0,0.0,5.64,250.2,4.67,GNSS_LOCKED,3.45,310.15,50.31,-66.92,-74.28,False,False,False,false
1788951957000,-0.8405,3.0503,8.4383,-0.0771,-0.03555,0.02743,8.49,-5.68,-1.78,0.0,0.0,0.0,5.64,250.2,4.67,GNSS_LOCKED,3.42,313.87,49.74,-67.17,-74.35,False,False,False,false
1788951957120,-1.1521,3.125,8.8265,0.01558,0.08216,0.01252,8.4,-6.15,-1.52,0.0,0.0,0.0,5.64,250.2,4.67,GNSS_LOCKED,3.51,315.3,49.19,-67.41,-74.43,False,False,False,false
1788951957241,-1.3986,2.7368,9.7173,-0.04461,-0.01904,0.00027,8.08,-6.23,-2.72,0.0,0.0,0.0,5.64,250.2,4.67,GNSS_LOCKED,3.54,316.37,48.64,-67.66,-74.5,False,False,False,false
1788951957348,-0.8309,2.9186,7.3346,0.07044,0.04594,0.00932,8.25,-5.91,-2.81,0.0,0.0,0.0,5.64,250.2,4.67,GNSS_LOCKED,3.46,316.83,48.1,-67.89,-74.57,False,False,False,false
1788951957454,-1.1067,3.137,9.9589,-0.00146,-0.0984,0.0221,8.16,-5.93,-2.81,0.0,0.0,0.0,5.64,250.2,4.67,GNSS_LOCKED,3.35,317.53,47.57,-68.13,-74.65,False,False,False,false
1788951957562,-1.3388,3.4696,9.1831,-0.00892,0.00599,-0.01145,8.27,-5.27,-2.49,0.0,0.0,0.0,5.64,250.2,4.67,GNSS_LOCKED,3.45,317.97,47.04,-68.37,-74.72,False,False,False,false
1788951957686,-2.397,3.6826,10.0834,-0.0036,0.07417,0.0221,8.36,-5.72,-2.12,0.0,0.0,0.0,5.64,250.2,4.67,GNSS_LOCKED,3.29,317.76,46.51,-68.6,-74.79,False,False,False,false
1788951957806,-0.0437,2.6913,8.3761,-0.11544,-0.10479,0.09401,7.37,-5.87,-2.7,0.0,0.0,0.0,5.64,250.2,4.67,GNSS_LOCKED,5.18,317.91,46.0,-68.83,-74.86,False,False,False,false
1788951957913,-1.3077,3.6897,10.8855,0.05126,0.06298,-0.0775,7.39,-5.93,-2.78,0.0,0.0,0.0,5.53,249.7,4.99,GNSS_LOCKED,7.03,319.27,45.45,-69.09,-74.93,False,False,False,false
1788951958022,-1.9346,2.9617,9.0658,-0.00306,-0.00466,-0.06045,7.48,-5.51,-3.15,0.0,0.0,0.0,5.53,249.7,4.99,GNSS_LOCKED,7.12,319.91,44.92,-69.35,-74.99,False,False,False,false
1788951958141,-0.9793,3.0144,9.1974,-0.08935,0.00599,0.01039,7.35,-5.55,-3.06,0.0,0.0,0.0,5.53,249.7,4.99,GNSS_LOCKED,7.12,320.2,44.39,-69.61,-75.05,False,False,False,false
1788951958262,-0.8357,3.1149,9.8058,0.0028,0.06085,-0.02051,7.73,-5.74,-1.54,0.0,0.0,0.0,5.53,249.7,4.99,GNSS_LOCKED,7.0,320.6,43.86,-69.87,-75.11,False,False,False,false
1788951958371,-1.7743,3.0909,7.9573,0.04381,0.08109,-0.01731,7.65,-5.87,-2.57,0.0,0.0,0.0,5.53,249.7,4.99,GNSS_LOCKED,7.17,320.67,43.34,-70.12,-75.17,False,False,False,false
1788951958477,-2.1218,3.3667,10.1671,0.00972,-0.04727,-0.02423,7.67,-5.83,-2.19,0.0,0.0,0.0,5.53,249.7,4.99,GNSS_LOCKED,7.05,320.97,42.83,-70.37,-75.24,False,False,False,false
1788951958601,-1.7623,3.6802,9.2309,-0.11971,-0.08988,-0.01891,7.76,-5.55,-2.04,0.0,0.0,0.0,5.53,249.7,4.99,GNSS_LOCKED,7.12,321.28,42.32,-70.62,-75.3,False,False,False,false
1788951958713,-1.3364,3.5581,9.8536,0.01451,0.05339,-0.00506,7.58,-6.17,-2.08,0.0,0.0,0.0,5.53,249.7,4.99,GNSS_LOCKED,7.0,321.35,41.81,-70.87,-75.36,False,False,False,false
1788951958827,-1.0247,2.6483,7.2867,-0.12983,-0.01691,-0.0466,8.04,-6.09,-2.51,0.0,0.0,0.0,5.53,249.7,4.99,GNSS_LOCKED,7.17,321.77,41.31,-71.11,-75.41,False,False,False,false
1788951958935,-1.9657,3.8477,10.2963,0.14181,0.03369,0.01305,8.46,-6.04,-2.04,0.0,0.0,0.0,6.17,250.2,5.09,GNSS_LOCKED,5.68,321.37,40.72,-71.39,-75.48,False,False,False,false
1788951959054,-1.2885,3.5629,9.4989,-0.09307,-0.04248,-0.00826,8.19,-5.53,-1.54,0.0,0.0,0.0,6.17,250.2,5.09,GNSS_LOCKED,3.77,321.17,40.13,-71.67,-75.55,False,False,False,false
1788951959175,-1.4728,3.7759,7.9765,0.05872,0.04434,-0.02104,8.46,-5.33,-1.71,0.0,0.0,0.0,6.17,250.2,5.09,GNSS_LOCKED,3.58,321.28,39.53,-71.94,-75.61,False,False,False,false
1788951959295,-1.657,3.2638,9.1256,0.01398,-0.00253,-0.01944,8.03,-6.15,-2.46,0.0,0.0,0.0,6.17,250.2,5.09,GNSS_LOCKED,3.57,321.46,38.94,-72.22,-75.68,False,False,False,false
1788951959416,-1.7336,4.3962,8.8576,0.02197,0.02037,0.00666,8.19,-5.19,-2.29,0.0,0.0,0.0,6.17,250.2,5.09,GNSS_LOCKED,4.08,321.36,38.35,-72.49,-75.74,False,False,False,false
1788951959521,-1.7264,3.5318,8.5992,-0.03236,-0.05206,0.01145,8.57,-5.48,-2.33,0.0,0.0,0.0,6.17,250.2,5.09,GNSS_LOCKED,4.06,321.35,37.77,-72.76,-75.8,False,False,False,false
1788951959643,-1.6929,3.9075,8.5777,0.03316,0.01984,0.00399,7.89,-6.08,-1.8,0.0,0.0,0.0,6.17,250.2,5.09,GNSS_LOCKED,4.1,321.24,37.19,-73.02,-75.87,False,False,False,false
1788951959765,-1.1139,3.4816,8.5244,-0.01638,-0.02383,0.0237,7.91,-5.94,-2.04,0.0,0.0,0.0,6.17,250.2,5.09,GNSS_LOCKED,4.08,321.26,36.61,-73.29,-75.93,False,False,False,false
1788951959884,-1.1904,3.9553,8.8026,0.03422,-0.01904,-0.0221,8.46,-6.49,-2.53,0.0,0.0,0.0,7.15,243.7,5.77,GNSS_LOCKED,4.18,317.28,35.97,-73.68,-75.98,False,False,False,false
1788951959992,-2.0662,4.0558,8.994,-0.01531,-0.0723,0.00932,8.16,-6.43,-2.04,0.0,0.0,0.0,7.15,243.7,5.77,GNSS_LOCKED,3.35,316.93,35.31,-74.1,-76.02,False,False,False,false
1788951960111,-1.1474,3.5653,8.0674,-0.02756,-0.0462,0.01891,8.25,-6.02,-2.14,0.0,0.0,0.0,7.15,243.7,5.77,GNSS_LOCKED,3.48,316.72,34.65,-74.52,-76.07,False,False,False,false
1788951960230,-1.4895,4.1515,9.3194,0.00759,-0.00999,-0.0008,7.88,-5.83,-2.81,0.0,0.0,0.0,7.15,243.7,5.77,GNSS_LOCKED,3.52,316.82,34.0,-74.94,-76.11,False,False,False,false
1788951960335,-1.1785,4.0606,8.7069,0.00493,-0.02064,0.04873,8.18,-5.78,-2.64,0.0,0.0,0.0,7.15,243.7,5.77,GNSS_LOCKED,3.59,316.83,33.35,-75.35,-76.16,False,False,False,false
1788951960444,-1.401,3.941,10.0475,-0.06272,-0.00839,-0.05353,7.82,-5.7,-2.1,0.0,0.0,0.0,7.15,243.7,5.77,GNSS_LOCKED,4.24,317.46,32.71,-75.77,-76.21,False,False,False,false
1788951960570,-1.4847,4.0008,7.943,0.00173,0.02836,-0.02796,7.61,-5.59,-2.79,0.0,0.0,0.0,7.15,243.7,5.77,GNSS_LOCKED,4.65,317.72,32.07,-76.18,-76.25,False,False,False,false
1788951960688,-0.7448,3.8381,9.1472,-0.06005,0.04168,-0.02157,7.13,-5.87,-1.99,0.0,0.0,0.0,7.15,243.7,5.77,GNSS_LOCKED,5.06,318.27,31.44,-76.59,-76.29,False,False,False,false
1788951960807,-1.6618,4.0056,9.4008,-0.0036,0.05712,-0.02477,8.04,-5.81,-1.76,0.0,0.0,0.0,7.15,243.7,5.77,GNSS_LOCKED,5.3,318.57,30.81,-76.99,-76.33,False,False,False,false
1788951960928,0.0837,3.5222,7.8544,-0.03768,0.08695,0.00666,8.85,-5.78,-1.13,0.0,0.0,0.0,7.35,242.0,5.96,GNSS_LOCKED,4.9,317.3,30.13,-77.46,-76.35,False,False,False,false
1788951961045,-1.6666,3.4265,9.0754,0.07044,-0.00146,-0.03755,8.31,-5.91,-1.46,0.0,0.0,0.0,7.35,242.0,5.96,GNSS_LOCKED,5.93,317.62,29.45,-77.92,-76.38,False,False,False,false
1788951961168,-1.3771,3.8357,8.3617,-0.14421,-0.06538,-0.00506,7.91,-5.48,-1.99,0.0,0.0,0.0,7.35,242.0,5.96,GNSS_LOCKED,5.86,317.95,28.78,-78.38,-76.4,False,False,False,false
1788951961289,-0.4409,3.4241,9.1711,-0.15273,0.04967,-0.09028,8.57,-5.38,-2.16,0.0,0.0,0.0,7.35,242.0,5.96,GNSS_LOCKED,6.95,318.98,28.11,-78.85,-76.42,False,False,False,false
1788951961408,-1.7192,3.2327,7.6941,0.01664,0.08375,-0.03222,8.08,-5.72,-2.18,0.0,0.0,0.0,7.35,242.0,5.96,GNSS_LOCKED,7.06,319.24,27.45,-79.3,-76.44,False,False,False,false
1788951961517,-2.3898,3.4839,9.0467,0.15566,0.08748,-0.04714,8.21,-5.29,-1.54,0.0,0.0,0.0,7.35,242.0,5.96,GNSS_LOCKED,4.16,319.25,26.8,-79.75,-76.47,False,False,False,false
1788951961635,-2.7176,4.3173,10.3179,-0.03981,-0.03555,-0.04554,7.95,-5.55,-0.64,0.0,0.0,0.0,7.35,242.0,5.96,GNSS_LOCKED,4.09,319.34,26.15,-80.2,-76.5,False,False,False,false
1788951961759,-2.0231,3.807,8.6997,-0.00626,-0.02756,0.0269,8.38,-5.44,-1.39,0.0,0.0,0.0,7.35,242.0,5.96,GNSS_LOCKED,6.64,319.16,25.5,-80.65,-76.51,False,False,False,false
1788951961876,-1.4321,3.6179,8.3402,0.05286,0.00067,0.04714,8.03,-5.94,-1.43,0.0,0.0,0.0,7.3,244.3,7.0,GNSS_LOCKED,7.12,319.64,24.79,-81.1,-76.54,False,False,False,false
1788951961998,-1.1833,4.3771,10.5523,0.0012,0.03262,0.0514,8.14,-5.78,-1.82,0.0,0.0,0.0,7.3,244.3,7.0,GNSS_LOCKED,7.07,320.11,24.09,-81.54,-76.57,False,False,False,false
1788951962104,-1.3292,3.1537,7.7659,-0.08189,0.03049,-0.01838,8.25,-5.63,-2.19,0.0,0.0,0.0,7.3,244.3,7.0,GNSS_LOCKED,7.03,320.5,23.38,-81.98,-76.6,False,False,False,false
1788951962230,-1.6762,3.7017,7.9502,0.08109,0.11571,-0.01784,8.34,-6.23,-2.14,0.0,0.0,0.0,7.3,244.3,7.0,GNSS_LOCKED,7.14,320.57,22.69,-82.41,-76.63,False,False,False,false
1788951962350,-1.5589,3.3547,8.994,0.03102,0.01451,0.06205,8.06,-6.32,-0.73,0.0,0.0,0.0,7.3,244.3,7.0,GNSS_LOCKED,8.15,320.4,21.99,-82.84,-76.66,False,False,False,false
1788951962459,-1.8269,3.7807,8.3737,-0.01957,0.00013,0.00985,7.97,-6.6,-0.98,0.0,0.0,0.0,7.3,244.3,7.0,GNSS_LOCKED,7.14,320.46,21.31,-83.26,-76.68,False,False,False,false
1788951962567,-2.6722,3.5868,9.2668,0.03955,0.04008,0.00293,7.58,-6.54,-1.26,0.0,0.0,0.0,7.3,244.3,7.0,GNSS_LOCKED,7.12,320.25,20.63,-83.68,-76.72,False,False,False,false
1788951962674,-1.7264,3.8979,9.5085,-0.04567,0.01345,0.03222,7.69,-6.51,-0.71,0.0,0.0,0.0,7.3,244.3,7.0,GNSS_LOCKED,6.81,320.14,19.96,-84.1,-76.74,False,False,False,false
1788951962787,-1.5613,3.2925,7.8664,-0.03182,0.03049,-0.0008,8.36,-7.54,-0.71,0.0,0.0,0.0,7.3,244.3,7.0,GNSS_LOCKED,5.41,320.2,19.29,-84.51,-76.77,False,False,False,false
1788951962912,-2.1721,3.1029,8.8648,-0.0526,0.0012,0.00559,8.78,-6.17,-0.04,0.0,0.0,0.0,7.41,241.7,8.25,GNSS_LOCKED,5.3,320.85,18.57,-84.97,-76.8,False,False,False,false
1788951963023,-1.925,3.1801,9.1543,0.02091,0.00386,0.02636,8.44,-6.02,-0.53,0.0,0.0,0.0,7.41,241.7,8.25,GNSS_LOCKED,4.13,321.04,17.87,-85.44,-76.83,False,False,False,false
1788951963138,-1.2766,3.0766,9.4295,0.00972,-0.02224,0.05033,8.31,-6.3,0.19,0.0,0.0,0.0,7.41,241.7,8.25,GNSS_LOCKED,4.12,321.13,17.16,-85.9,-76.86,False,False,False,false
1788951963245,-2.0423,3.0574,8.3617,0.08482,0.06831,0.04341,8.14,-6.0,-0.58,0.0,0.0,0.0,7.41,241.7,8.25,GNSS_LOCKED,3.41,320.85,16.47,-86.36,-76.88,False,False,False,false
1788951963365,-2.5214,3.1513,9.3099,0.01398,0.00812,-0.03702,8.03,-7.03,-1.28,0.0,0.0,0.0,7.41,241.7,8.25,GNSS_LOCKED,4.49,320.94,15.78,-86.82,-76.91,False,False,False,false
1788951963474,-2.8564,3.6921,10.069,0.02357,-0.03928,-0.00613,7.71,-6.96,-0.26,0.0,0.0,0.0,7.41,241.7,8.25,GNSS_LOCKED,3.46,320.84,15.09,-87.27,-76.94,False,False,False,false
1788951963593,-1.7336,2.33,7.9143,-0.08828,-0.04514,0.00985,7.43,-5.76,-1.05,0.0,0.0,0.0,7.41,241.7,8.25,GNSS_LOCKED,3.83,320.77,14.42,-87.72,-76.96,False,False,False,false
1788951963714,-1.657,3.4576,9.3386,0.13009,0.03688,0.02903,8.93,-6.19,-0.58,0.0,0.0,0.0,7.41,241.7,8.25,GNSS_LOCKED,3.69,320.64,13.75,-88.17,-76.99,False,False,False,false
1788951963833,-2.3898,3.3284,10.4207,-0.02437,-0.05686,0.03222,8.27,-7.14,-0.02,0.0,0.0,0.0,7.41,241.7,8.25,GNSS_LOCKED,3.65,320.56,13.08,-88.61,-77.02,False,False,False,false
1788951963939,-1.5757,3.1657,8.1535,-0.00146,-0.04461,0.01092,7.69,-7.48,-1.22,0.0,0.0,0.0,7.35,241.1,9.69,GNSS_LOCKED,3.57,320.91,12.37,-89.08,-77.04,False,False,False,false
1788951964060,-2.6004,3.606,10.392,0.03049,-0.01158,-0.02264,7.52,-7.03,-2.06,0.0,0.0,0.0,7.35,241.1,9.69,GNSS_LOCKED,5.57,321.07,11.68,-89.55,-77.07,False,False,False,false
1788951964178,-0.4409,2.61,7.6917,0.01132,-0.0723,0.00932,7.99,-6.39,-0.6,0.0,0.0,0.0,7.35,241.1,9.69,GNSS_LOCKED,5.1,321.46,10.99,-90.02,-77.09,False,False,False,false
1788951964305,-1.5446,3.8812,10.526,0.05606,-0.03236,-0.02956,8.08,-6.23,-0.58,0.0,0.0,0.0,7.35,241.1,9.69,GNSS_LOCKED,5.21,321.97,10.31,-90.48,-77.12,False,False,False,false
1788951964420,-0.137,3.4122,9.5515,-0.08775,0.00972,0.03542,8.14,-6.68,-1.01,0.0,0.0,0.0,7.35,241.1,9.69,GNSS_LOCKED,4.0,322.26,9.63,-90.94,-77.14,False,False,False,false
1788951964528,-1.7743,2.8516,8.5651,0.03582,0.08535,-0.07856,8.36,-6.71,-1.33,0.0,0.0,0.0,7.35,241.1,9.69,GNSS_LOCKED,7.23,322.69,8.96,-91.39,-77.17,False,False,False,false
1788951964648,-1.2359,2.9737,9.4247,0.06085,-0.00466,0.02104,8.1,-6.53,-0.64,0.0,0.0,0.0,7.35,241.1,9.69,GNSS_LOCKED,7.03,322.75,8.29,-91.85,-77.19,False,False,False,false
1788951964772,-1.4824,3.1801,9.734,0.0225,-0.04674,0.03116,7.95,-6.39,-0.23,0.0,0.0,0.0,7.35,241.1,9.69,GNSS_LOCKED,6.97,322.8,7.63,-92.29,-77.21,False,False,False,false
1788951964886,-1.1234,2.8851,8.9294,-0.00732,-0.02543,-0.02317,7.61,-6.34,-0.56,0.0,0.0,0.0,7.45,243.1,11.39,GNSS_LOCKED,7.07,321.91,6.89,-92.75,-77.24,False,False,False,false
1788951965005,-1.3723,3.0263,9.006,0.00599,-0.04088,0.00879,7.91,-6.3,-0.15,0.0,0.0,0.0,7.45,243.1,11.39,GNSS_LOCKED,6.87,321.68,6.16,-93.19,-77.27,False,False,False,false
1788951965112,-0.8716,3.125,9.3506,-0.01904,-0.00253,0.00559,7.93,-6.62,-0.81,0.0,0.0,0.0,7.45,243.1,11.39,GNSS_LOCKED,6.71,321.76,5.43,-93.64,-77.29,False,False,False,false
1788951965230,-0.6036,2.7488,8.8385,-0.01212,-0.06644,0.00719,7.74,-6.83,-1.2,0.0,0.0,0.0,7.45,243.1,11.39,GNSS_LOCKED,6.7,322.09,4.71,-94.07,-77.32,False,False,False,false
1788951965346,-1.5924,3.0191,10.258,-0.04727,-0.0478,-0.01465,8.16,-6.38,-1.89,0.0,0.0,0.0,7.45,243.1,11.39,GNSS_LOCKED,6.6,322.41,3.99,-94.51,-77.34,False,False,False,false
1788951965463,-0.3021,2.9545,7.2245,0.04913,0.0779,0.03222,7.82,-6.6,-1.35,0.0,0.0,0.0,7.45,243.1,11.39,GNSS_LOCKED,6.61,322.35,3.28,-94.94,-77.36,False,False,False,false
1788951965570,-1.1091,2.9689,10.5141,-0.0004,0.01451,-0.02423,8.25,-6.3,-0.88,0.0,0.0,0.0,7.45,243.1,11.39,GNSS_LOCKED,6.58,322.72,2.57,-95.36,-77.39,False,False,False,false
1788951965693,-1.3436,2.5621,8.6255,-0.08296,-0.08402,0.0008,8.01,-6.58,-0.3,0.0,0.0,0.0,7.45,243.1,11.39,GNSS_LOCKED,3.64,322.99,1.87,-95.79,-77.42,False,False,False,false
1788951965818,-1.3436,3.2064,10.8377,-0.01425,-0.0281,-0.03435,7.84,-5.98,-1.31,0.0,0.0,0.0,7.45,243.1,11.39,GNSS_LOCKED,3.73,323.37,1.17,-96.21,-77.45,False,False,False,false
1788951965933,-1.6403,2.7631,8.455,-0.09201,-0.10799,-0.04501,7.88,-5.96,-1.35,0.0,0.0,0.0,7.24,243.1,12.72,GNSS_LOCKED,3.59,323.78,0.45,-96.64,-77.47,False,False,False,false
1788951966039,-1.5398,2.988,8.7117,0.25898,0.1743,-0.00506,8.4,-5.85,-2.68,0.0,0.0,0.0,7.24,243.1,12.72,GNSS_LOCKED,3.71,323.42,-0.26,-97.08,-77.49,False,False,False,false
1788951966145,-0.9458,3.0646,9.9517,-0.06964,-0.13781,0.01838,8.19,-5.36,-1.63,0.0,0.0,0.0,7.24,243.1,12.72,GNSS_LOCKED,3.7,323.74,-0.97,-97.51,-77.52,False,False,False,false
1788951966252,-2.1697,3.4241,9.1615,0.0486,0.07204,-0.01305,8.03,-5.81,-1.58,0.0,0.0,0.0,7.24,243.1,12.72,GNSS_LOCKED,3.68,323.61,-1.66,-97.93,-77.55,False,False,False,false
1788951966375,-1.9681,2.9833,9.5659,-0.04035,-0.04141,-0.03329,7.65,-6.13,-2.19,0.0,0.0,0.0,7.24,243.1,12.72,GNSS_LOCKED,3.68,323.78,-2.36,-98.36,-77.57,False,False,False,false
1788951966493,-1.2215,3.1418,8.9701,0.07843,0.06085,-0.00027,7.91,-6.02,-2.21,0.0,0.0,0.0,7.24,243.1,12.72,GNSS_LOCKED,3.68,323.7,-3.04,-98.77,-77.6,False,False,False,false
1788951966613,-0.9386,2.5502,8.8074,-0.00945,0.04434,-0.01252,8.27,-5.42,-1.74,0.0,0.0,0.0,7.24,243.1,12.72,GNSS_LOCKED,3.64,323.79,-3.72,-99.19,-77.62,False,False,False,false
1788951966723,-0.5605,2.854,8.8768,0.04594,0.03529,0.00559,8.16,-5.79,-1.33,0.0,0.0,0.0,7.24,243.1,12.72,GNSS_LOCKED,3.49,323.87,-4.4,-99.6,-77.64,False,False,False,false
1788951966830,-1.2287,2.8708,8.7452,0.03955,-0.01691,0.01571,7.88,-5.94,-1.05,0.0,0.0,0.0,7.24,243.1,12.72,GNSS_LOCKED,3.62,323.92,-5.07,-100.01,-77.67,False,False,False,false
1788951966940,-2.5095,3.5557,10.2461,-0.03342,-0.02064,-0.03276,7.99,-5.23,-2.19,0.0,0.0,0.0,7.31,243.9,14.45,GNSS_LOCKED,3.68,324.03,-5.78,-100.45,-77.69,False,False,False,false
1788951967058,-1.4106,3.1149,9.5109,-0.16551,-0.01105,0.01784,7.71,-5.91,-1.01,0.0,0.0,0.0,7.31,243.9,14.45,GNSS_LOCKED,3.76,323.91,-6.5,-100.88,-77.71,False,False,False,false
1788951967182,-1.3029,2.5525,7.852,0.07363,0.17004,-0.00453,7.22,-6.38,-1.03,0.0,0.0,0.0,7.31,243.9,14.45,GNSS_LOCKED,3.74,323.68,-7.2,-101.31,-77.72,False,False,False,false
1788951967300,-0.9505,3.3045,9.4247,0.03102,0.08056,0.01518,7.07,-5.38,-1.33,0.0,0.0,0.0,7.31,243.9,14.45,GNSS_LOCKED,3.56,323.6,-7.9,-101.73,-77.74,False,False,False,false
1788951967407,-2.3515,3.6323,8.8337,-0.06485,0.02889,0.00186,7.37,-5.96,-1.03,0.0,0.0,0.0,7.31,243.9,14.45,GNSS_LOCKED,3.56,323.51,-8.6,-102.15,-77.76,False,False,False,false
1788951967515,-1.6164,2.6363,8.479,-0.02383,0.11145,0.0221,7.73,-5.81,-0.06,0.0,0.0,0.0,7.31,243.9,14.45,GNSS_LOCKED,3.7,323.23,-9.29,-102.57,-77.78,False,False,False,false
1788951967623,-2.4544,2.4114,8.6782,0.02144,0.06192,-0.03861,7.31,-5.57,-0.53,0.0,0.0,0.0,7.31,243.9,14.45,GNSS_LOCKED,4.19,323.29,-9.98,-102.98,-77.8,False,False,False,false
1788951967746,-2.9785,3.74,10.5858,-0.03236,-0.04248,-0.01305,6.96,-6.3,-0.3,0.0,0.0,0.0,7.31,243.9,14.45,GNSS_LOCKED,4.3,323.32,-10.66,-103.39,-77.82,False,False,False,false
1788951967865,-2.3563,3.6754,9.463,-0.06538,-0.01371,0.01518,7.39,-6.13,0.17,0.0,0.0,0.0,7.31,243.9,14.45,GNSS_LOCKED,4.29,323.17,-11.33,-103.8,-77.84,False,False,False,false
1788951967985,-2.0207,2.5621,8.1751,-0.07603,-0.03555,-0.04394,7.56,-5.81,-0.15,0.0,0.0,0.0,7.63,247.4,16.69,GNSS_LOCKED,4.29,323.62,-12.11,-104.2,-77.85,False,False,False,false
1788951968105,-1.8173,3.2662,9.9446,0.10932,-0.01851,0.03808,8.14,-6.21,-0.17,0.0,0.0,0.0,7.63,247.4,16.69,GNSS_LOCKED,4.2,323.41,-12.89,-104.59,-77.87,False,False,False,false
1788951968224,-0.9051,3.0287,10.1982,-0.1245,-0.14367,0.00346,8.31,-6.51,-0.17,0.0,0.0,0.0,7.63,247.4,16.69,GNSS_LOCKED,4.05,323.67,-13.66,-104.97,-77.88,False,False,False,false
1788951968349,-0.1466,2.8158,8.12,0.09707,0.03209,-0.00346,7.93,-6.73,-0.84,0.0,0.0,0.0,7.63,247.4,16.69,GNSS_LOCKED,4.02,323.95,-14.43,-105.34,-77.89,False,False,False,false
1788951968458,-1.7264,2.8588,9.1974,0.06778,-0.01158,-0.07643,7.74,-6.81,-1.22,0.0,0.0,0.0,7.63,247.4,16.69,GNSS_LOCKED,7.08,324.59,-15.2,-105.72,-77.91,False,False,False,false
1788951968564,-0.9912,3.5318,9.7101,0.07097,-0.06378,-0.01891,7.93,-5.81,-1.46,0.0,0.0,0.0,7.63,247.4,16.69,GNSS_LOCKED,6.9,325.02,-15.95,-106.09,-77.93,False,False,False,false
1788951968670,-1.0875,3.2877,9.5276,0.04434,-0.02756,-0.03276,8.29,-5.25,-1.13,0.0,0.0,0.0,7.63,247.4,16.69,GNSS_LOCKED,6.74,325.48,-16.71,-106.45,-77.94,False,False,False,false
1788951968777,-0.6778,2.8995,8.0243,0.00546,-0.06644,-0.04288,8.61,-5.27,-1.86,0.0,0.0,0.0,7.63,247.4,16.69,GNSS_LOCKED,6.9,326.06,-17.46,-106.82,-77.95,False,False,False,false
1788951968884,-0.5438,3.125,9.4152,0.06671,-0.04887,-0.0514,8.08,-4.88,-1.78,0.0,0.0,0.0,9.88,242.9,15.54,GNSS_LOCKED,6.66,314.19,-18.45,-107.37,-77.97,False,False,False,false
1788951968988,-0.8524,3.1896,8.8337,-0.06751,-0.15592,-0.0727,8.42,-4.67,-1.61,0.0,0.0,0.0,9.88,242.9,15.54,GNSS_LOCKED,6.39,311.52,-19.47,-107.96,-77.98,False,False,False,false
1788951969108,0.1603,3.1513,9.006,0.03369,-0.03129,-0.06525,8.93,-4.33,-1.99,0.0,0.0,0.0,9.88,242.9,15.54,GNSS_LOCKED,6.38,310.69,-20.49,-108.55,-78.0,False,False,False,false
1788951969227,-0.673,2.8995,8.1703,-0.03662,-0.14634,-0.10306,9.32,-3.99,-2.19,0.0,0.0,0.0,9.88,242.9,15.54,GNSS_LOCKED,5.95,311.62,-21.51,-109.14,-78.01,False,False,False,false
1788951969335,-0.2423,3.8189,10.3394,0.01718,-0.03182,-0.11265,9.49,-3.43,-3.0,0.0,0.0,0.0,9.88,242.9,15.54,GNSS_LOCKED,6.65,313.07,-22.53,-109.73,-78.03,False,False,False,false
1788951969454,0.1101,3.3978,9.8632,-0.03662,-0.12503,-0.11371,9.77,-3.15,-3.06,0.0,0.0,0.0,9.88,242.9,15.54,GNSS_LOCKED,6.0,315.05,-23.53,-110.32,-78.05,False,False,False,false
1788951969569,0.8375,2.9833,9.4869,-0.00466,-0.05952,-0.11851,9.75,-3.19,-2.79,0.0,0.0,0.0,9.88,242.9,15.54,GNSS_LOCKED,5.99,317.49,-24.53,-110.91,-78.06,False,False,False,false
1788951969696,0.2728,2.9928,8.7021,0.1008,-0.12397,-0.1004,10.18,-1.73,-2.53,0.0,0.0,0.0,9.88,242.9,15.54,GNSS_LOCKED,5.67,319.49,-25.53,-111.48,-78.07,False,False,False,false
1788951969820,0.8495,3.3045,10.6582,0.01079,-0.09254,-0.09614,10.03,-1.46,-3.09,0.0,0.0,0.0,9.88,242.9,15.54,GNSS_LOCKED,4.9,321.73,-26.51,-112.06,-78.09,False,False,False,false
1788951969942,0.5767,3.079,8.0698,0.05126,-0.04461,-0.16484,10.58,-1.28,-4.82,0.0,0.0,0.0,10.42,248.3,13.04,GNSS_LOCKED,6.88,322.67,-27.68,-112.64,-78.1,False,False,False,false
1788951970049,0.0766,2.6698,8.4096,-0.02011,-0.09361,-0.16751,10.71,-0.28,-5.16,0.0,0.0,0.0,10.42,248.3,13.04,GNSS_LOCKED,6.75,323.79,-28.85,-113.2,-78.12,False,False,False,false
1788951970167,0.9811,3.5174,8.8481,0.18655,-0.03928,-0.08815,10.5,0.47,-3.9,0.0,0.0,0.0,10.42,248.3,13.04,GNSS_LOCKED,6.52,325.39,-30.02,-113.76,-78.14,False,False,False,false
1788951970275,1.264,2.9354,8.9916,-0.15539,-0.08509,-0.17337,10.52,0.66,-3.54,0.0,0.0,0.0,10.42,248.3,13.04,GNSS_LOCKED,6.61,327.8,-31.19,-114.3,-78.15,False,False,False,false
1788951970382,0.1436,2.9976,8.0411,0.19081,0.01345,-0.16591,10.56,1.44,-5.23,0.0,0.0,0.0,10.42,248.3,13.04,GNSS_LOCKED,6.97,329.5,-32.35,-114.84,-78.17,False,False,False,false
1788951970490,1.0193,3.3763,10.6289,-0.01851,-0.08509,-0.15366,10.74,2.04,-5.25,0.0,0.0,0.0,10.42,248.3,13.04,GNSS_LOCKED,7.0,331.68,-33.5,-115.38,-78.19,False,False,False,false
1788951970608,0.8853,2.945,8.0435,0.04541,-0.02863,-0.27337,11.18,2.53,-4.78,0.0,0.0,0.0,10.42,248.3,13.04,GNSS_LOCKED,9.15,334.34,-34.64,-115.91,-78.2,False,False,False,false
1788951970730,1.2616,3.5988,11.0842,0.10612,0.0731,-0.16644,11.76,3.68,-4.82,0.0,0.0,0.0,10.42,248.3,13.04,GNSS_LOCKED,9.04,336.58,-35.77,-116.44,-78.22,False,False,False,false
1788951970856,0.6102,3.7615,11.2636,-0.03449,-0.10213,-0.14674,11.46,4.14,-4.74,0.0,0.0,0.0,10.42,248.3,13.04,GNSS_LOCKED,8.59,338.6,-36.89,-116.96,-78.23,False,False,False,false
1788951970964,0.7226,2.8804,8.9892,-0.08349,0.01238,-0.2691,11.57,4.88,-4.56,0.0,0.0,0.0,10.17,256.3,11.86,GNSS_LOCKED,9.41,340.25,-38.15,-117.45,-78.25,False,False,False,false
1788951971081,-0.5103,3.4983,9.9565,0.10825,0.03955,-0.13022,11.19,5.93,-5.36,0.0,0.0,0.0,10.17,256.3,11.86,GNSS_LOCKED,9.21,340.91,-39.4,-117.9,-78.27,False,False,False,false
1788951971187,-0.4026,2.988,8.6518,-0.08242,-0.11758,-0.14993,11.34,6.36,-6.41,0.0,0.0,0.0,10.17,256.3,11.86,GNSS_LOCKED,9.21,341.75,-40.64,-118.34,-78.28,False,False,False,false
1788951971306,0.1507,3.8261,11.1823,0.04381,-0.03715,-0.15473,10.65,6.99,-5.85,0.0,0.0,0.0,10.17,256.3,11.86,GNSS_LOCKED,8.44,342.85,-41.87,-118.77,-78.31,False,False,False,false
1788951971412,-0.8022,3.1346,8.7212,-0.11012,-0.13355,-0.18455,10.88,7.2,-6.71,0.0,0.0,0.0,10.17,256.3,11.86,GNSS_LOCKED,8.4,343.78,-43.09,-119.19,-78.32,False,False,False,false
1788951971522,1.2066,2.8564,7.809,0.23076,0.01025,-0.09294,10.82,7.8,-6.64,0.0,0.0,0.0,10.17,256.3,11.86,GNSS_LOCKED,8.9,344.81,-44.31,-119.61,-78.33,False,False,False,false
1788951971640,0.9308,2.8038,10.1432,-0.03981,-0.19853,-0.05193,11.06,8.33,-6.64,0.0,0.0,0.0,10.17,256.3,11.86,GNSS_LOCKED,9.4,346.24,-45.51,-120.03,-78.36,False,False,False,false
1788951971764,1.1348,3.1537,10.0307,-0.06059,-0.06698,-0.13076,12.39,9.32,-6.99,0.0,0.0,0.0,10.17,256.3,11.86,GNSS_LOCKED,8.84,347.99,-46.7,-120.44,-78.38,False,False,False,false
1788951971871,-0.1274,2.3109,7.6917,-0.08029,-0.01904,-0.17017,11.94,9.94,-6.26,0.0,0.0,0.0,10.03,264.8,12.81,GNSS_LOCKED,9.16,346.67,-47.98,-120.76,-78.39,False,False,False,false
1788951971978,0.1268,3.4409,9.7675,0.12157,-0.01158,-0.11158,12.23,9.73,-6.24,0.0,0.0,0.0,10.03,264.8,12.81,GNSS_LOCKED,9.16,347.32,-49.24,-121.04,-78.41,False,False,False,false
1788951972108,0.8877,2.6339,8.3737,-0.04248,-0.11385,-0.07963,11.06,10.48,-7.41,0.0,0.0,0.0,10.03,264.8,12.81,GNSS_LOCKED,8.03,348.28,-50.5,-121.31,-78.43,False,False,False,false
1788951972228,0.5168,3.3117,10.0499,0.05286,-0.02437,-0.10306,11.61,11.23,-7.46,0.0,0.0,0.0,10.03,264.8,12.81,GNSS_LOCKED,7.93,349.24,-51.75,-121.57,-78.45,False,False,False,false
1788951972349,1.1779,2.5693,10.404,-0.09787,-0.10532,-0.08335,11.72,11.16,-7.59,0.0,0.0,0.0,10.03,264.8,12.81,GNSS_LOCKED,7.9,350.68,-52.98,-121.82,-78.47,False,False,False,false
1788951972472,1.4961,2.5717,8.5412,-0.08455,-0.0249,-0.12117,12.23,11.61,-8.42,0.0,0.0,0.0,10.03,264.8,12.81,GNSS_LOCKED,7.77,352.32,-54.21,-122.08,-78.48,False,False,False,false
1788951972590,-0.07,2.2845,8.8361,0.06724,0.00546,-0.13182,11.81,13.35,-8.08,0.0,0.0,0.0,10.03,264.8,12.81,GNSS_LOCKED,7.62,353.4,-55.43,-122.33,-78.49,False,False,False,false
1788951972697,-0.1609,3.4816,9.1854,0.01185,-0.0004,-0.13608,11.64,13.35,-8.33,0.0,0.0,0.0,10.03,264.8,12.81,GNSS_LOCKED,7.53,353.98,-56.63,-122.57,-78.51,False,False,False,false
1788951972814,-1.1521,2.744,10.6002,-0.0526,-0.09627,-0.14194,11.63,13.61,-7.8,0.0,0.0,0.0,10.03,264.8,12.81,GNSS_LOCKED,6.04,354.3,-57.83,-122.82,-78.53,False,False,False,false
1788951972922,0.2895,2.7846,7.5625,0.15033,0.05286,-0.03222,12.17,14.04,-8.51,0.0,0.0,0.0,9.71,267.4,12.27,GNSS_LOCKED,7.81,353.91,-59.07,-123.08,-78.54,False,False,False,false
1788951973031,-0.0078,2.5286,9.1304,-0.0968,-0.15166,-0.16911,11.98,14.7,-7.74,0.0,0.0,0.0,9.71,267.4,12.27,GNSS_LOCKED,7.87,354.66,-60.29,-123.33,-78.56,False,False,False,false
1788951973151,0.1579,2.9258,9.5133,0.08429,0.05286,-0.14727,11.1,14.79,-6.79,0.0,0.0,0.0,9.71,267.4,12.27,GNSS_LOCKED,7.7,355.33,-61.5,-123.57,-78.58,False,False,False,false
1788951973275,0.8112,1.9561,8.4574,0.03529,-0.01531,-0.08708,11.21,15.39,-6.98,0.0,0.0,0.0,9.71,267.4,12.27,GNSS_LOCKED,7.78,356.23,-62.7,-123.81,-78.6,False,False,False,false
1788951973385,0.402,1.882,9.128,0.03316,-0.06005,-0.11371,11.38,16.31,-7.31,0.0,0.0,0.0,9.71,267.4,12.27,GNSS_LOCKED,7.67,357.36,-63.89,-124.04,-78.62,False,False,False,false
1788951973494,-1.1043,3.3811,10.8162,0.08375,-0.07603,-0.11957,10.58,17.21,-8.1,0.0,0.0,0.0,9.71,267.4,12.27,GNSS_LOCKED,7.84,357.76,-65.07,-124.27,-78.64,False,False,False,false
1788951973612,0.9452,2.5837,9.1759,-0.03129,0.00173,-0.10999,9.92,17.16,-8.33,0.0,0.0,0.0,9.71,267.4,12.27,GNSS_LOCKED,7.86,358.61,-66.23,-124.51,-78.65,False,False,False,false
1788951973742,-0.7878,2.1697,8.1894,0.08748,0.05925,-0.14301,9.69,16.89,-8.19,0.0,0.0,0.0,9.71,267.4,12.27,GNSS_LOCKED,7.96,359.13,-67.39,-124.73,-78.67,False,False,False,false
1788951973864,-0.0532,2.8325,10.2844,0.02623,-0.0217,-0.12703,9.69,16.69,-7.5,0.0,0.0,0.0,9.71,267.4,12.27,GNSS_LOCKED,8.0,359.8,-68.54,-124.96,-78.69,False,False,False,false
1788951973983,-0.5294,3.1561,10.9286,-0.0036,-0.04035,-0.12383,8.85,16.84,-6.19,0.0,0.0,0.0,11.14,274.2,12.1,GNSS_LOCKED,7.84,359.57,-69.91,-125.09,-78.71,False,False,False,false
1788951974107,0.28,1.9705,8.4215,0.03901,-0.02064,-0.18029,8.31,19.52,-6.75,0.0,0.0,0.0,11.14,274.2,12.1,GNSS_LOCKED,6.29,359.05,-71.29,-125.2,-78.72,False,False,False,false
1788951974229,0.2871,2.0183,7.7492,0.05553,0.07896,-0.12064,7.59,22.01,-7.13,0.0,0.0,0.0,11.14,274.2,12.1,GNSS_LOCKED,4.49,359.28,-72.67,-125.29,-78.73,False,False,False,false
1788951974345,-0.4169,2.5358,10.3298,0.02091,-0.07976,-0.10146,7.88,22.31,-8.57,0.0,0.0,0.0,11.14,274.2,12.1,GNSS_LOCKED,4.44,359.92,-74.05,-125.38,-78.75,False,False,False,false
1788951974452,0.5647,2.5573,9.1735,0.05712,-0.06272,-0.0956,8.25,22.54,-10.29,0.0,0.0,0.0,11.14,274.2,12.1,GNSS_LOCKED,4.82,1.02,-75.41,-125.47,-78.77,False,False,False,false
1788951974573,0.1962,2.2367,8.9055,0.08429,-0.01425,-0.08176,8.83,22.11,-10.22,0.0,0.0,0.0,11.14,274.2,12.1,GNSS_LOCKED,6.0,2.02,-76.77,-125.55,-78.78,False,False,False,false
1788951974703,-0.1107,2.5334,10.4184,-0.02383,-0.0494,-0.10466,8.48,22.09,-10.41,0.0,0.0,0.0,11.14,274.2,12.1,GNSS_LOCKED,6.38,3.01,-78.11,-125.63,-78.8,False,False,False,false
1788951974830,-0.4313,2.4257,8.9653,-0.07869,-0.0217,-0.12383,8.25,22.44,-10.58,0.0,0.0,0.0,11.14,274.2,12.1,GNSS_LOCKED,6.11,3.68,-79.44,-125.72,-78.82,False,False,False,false
1788951974951,-0.5342,2.2822,9.8489,0.05446,-0.02117,-0.10679,8.01,22.8,-10.99,0.0,0.0,0.0,10.87,279.2,12.62,GNSS_LOCKED,4.67,0.71,-80.82,-125.74,-78.84,False,False,False,false
1788951975070,0.335,2.5693,9.8321,-0.01638,-0.04194,-0.09507,8.51,22.69,-11.12,0.0,0.0,0.0,10.87,279.2,12.62,GNSS_LOCKED,4.77,0.86,-82.19,-125.74,-78.86,False,False,False,false
1788951975195,-0.0772,2.0064,8.6901,0.03422,-0.00786,-0.09827,7.76,23.27,-11.38,0.0,0.0,0.0,10.87,279.2,12.62,GNSS_LOCKED,5.13,1.37,-83.54,-125.74,-78.87,False,False,False,false
1788951975320,-0.0485,2.2582,10.1743,-0.01478,-0.01904,-0.08442,8.08,23.18,-11.66,0.0,0.0,0.0,10.87,279.2,12.62,GNSS_LOCKED,3.68,2.08,-84.87,-125.73,-78.89,False,False,False,false
1788951975448,-0.393,2.0447,9.9613,-0.00093,-0.04301,-0.0727,8.34,24.38,-11.14,0.0,0.0,0.0,10.87,279.2,12.62,GNSS_LOCKED,3.74,2.67,-86.2,-125.73,-78.91,False,False,False,false
1788951975577,0.0502,1.4154,9.2931,0.00866,-0.06165,-0.06205,7.24,24.08,-11.46,0.0,0.0,0.0,10.87,279.2,12.62,GNSS_LOCKED,3.46,3.47,-87.51,-125.72,-78.93,False,False,False,false
1788951975700,0.1077,2.1434,10.081,0.0241,-0.07337,-0.03435,7.31,24.6,-11.36,0.0,0.0,0.0,10.87,279.2,12.62,GNSS_LOCKED,3.51,4.1,-88.82,-125.71,-78.95,False,False,False,false
1788951975819,-0.6203,1.3603,9.88,0.08003,-0.0494,-0.06897,6.75,24.36,-11.33,0.0,0.0,0.0,10.87,279.2,12.62,GNSS_LOCKED,3.7,4.59,-90.11,-125.7,-78.96,False,False,False,false
1788951975942,0.2201,2.0327,9.5252,-0.04141,-0.0755,-0.03648,10.39,27.09,-7.89,0.0,0.0,0.0,9.77,282.7,12.59,GNSS_LOCKED,4.81,3.61,-91.37,-125.66,-78.97,False,False,False,false
1788951976050,0.1436,1.8173,9.195,0.02783,0.01398,-0.03489,10.58,26.61,-7.22,0.0,0.0,0.0,9.77,282.7,12.59,GNSS_LOCKED,4.18,3.67,-92.6,-125.61,-78.97,False,False,False,false
1788951976176,-1.4297,1.858,11.2397,0.05819,-0.01212,-0.03063,9.62,26.7,-7.99,0.0,0.0,0.0,9.77,282.7,12.59,GNSS_LOCKED,3.64,2.76,-93.81,-125.56,-78.98,False,False,False,false
1788951976300,-0.405,2.1745,9.2859,-0.03395,0.00652,0.00826,9.23,26.51,-8.59,0.0,0.0,0.0,9.77,282.7,12.59,GNSS_LOCKED,6.29,2.4,-95.0,-125.51,-78.99,False,False,False,false
1788951976425,-1.054,1.3053,9.1615,0.05925,0.07044,-0.02317,8.93,26.93,-8.36,0.0,0.0,0.0,9.77,282.7,12.59,GNSS_LOCKED,5.22,2.22,-96.19,-125.46,-78.99,False,False,False,false
1788951976543,-0.8524,2.0495,9.6981,0.0028,0.03369,0.0024,7.8,27.04,-7.18,0.0,0.0,0.0,9.77,282.7,12.59,GNSS_LOCKED,4.42,2.0,-97.36,-125.4,-79.0,False,False,False,false
1788951976660,-1.1856,1.5374,9.3769,-0.00093,0.05606,0.00027,7.74,26.7,-7.26,0.0,0.0,0.0,9.77,282.7,12.59,GNSS_LOCKED,3.63,1.78,-98.52,-125.35,-79.0,False,False,False,false
1788951976785,-1.8197,1.6666,9.6718,-0.02543,-0.02011,0.00826,7.24,26.74,-7.67,0.0,0.0,0.0,9.77,282.7,12.59,GNSS_LOCKED,3.64,1.46,-99.67,-125.3,-79.01,False,False,False,false
1788951976910,-1.3484,1.5039,9.1687,-0.03449,-0.06591,0.05086,6.77,27.0,-7.99,0.0,0.0,0.0,6.79,287.4,11.28,GNSS_LOCKED,6.22,348.51,-100.62,-125.23,-79.02,False,False,False,false
1788951977031,-0.2471,1.8867,10.4064,-0.03715,-0.01531,0.03276,8.33,26.94,-7.63,0.0,0.0,0.0,6.79,287.4,11.28,GNSS_LOCKED,5.63,347.89,-101.5,-125.16,-79.04,False,False,False,false
1788951977155,-1.7527,1.4728,9.4534,-0.03662,0.08003,-0.02849,8.93,27.51,-7.35,0.0,0.0,0.0,6.79,287.4,11.28,GNSS_LOCKED,5.2,346.93,-102.34,-125.09,-79.05,False,False,False,false
1788951977278,-2.0423,1.3077,9.0251,0.01611,0.07523,-0.03861,9.34,27.39,-7.11,0.0,0.0,0.0,6.79,287.4,11.28,GNSS_LOCKED,5.22,346.77,-103.17,-125.02,-79.06,False,False,False,false
1788951977394,-1.0684,1.5494,10.5882,0.05979,0.047,0.06045,9.43,27.17,-8.1,0.0,0.0,0.0,6.79,287.4,11.28,GNSS_LOCKED,6.0,346.47,-103.98,-124.95,-79.07,False,False,False,false
1788951977518,-1.054,1.4058,9.6335,-0.07656,-0.08029,0.02636,9.62,27.09,-7.82,0.0,0.0,0.0,6.79,287.4,11.28,GNSS_LOCKED,5.73,346.49,-104.79,-124.88,-79.08,False,False,False,false
1788951977633,-0.9386,2.1003,10.9238,0.0225,0.04274,0.04927,9.99,27.38,-6.92,0.0,0.0,0.0,6.79,287.4,11.28,GNSS_LOCKED,5.82,346.13,-105.59,-124.81,-79.09,False,False,False,false
1788951977755,-0.9099,1.054,9.463,0.02197,0.06458,-0.00133,10.82,26.78,-7.14,0.0,0.0,0.0,6.79,287.4,11.28,GNSS_LOCKED,6.17,345.95,-106.38,-124.75,-79.1,False,False,False,false
1788951977878,-1.7647,1.2407,9.3266,0.00599,-0.04088,0.01092,10.61,27.19,-7.78,0.0,0.0,0.0,6.08,284.6,11.43,GNSS_LOCKED,6.2,346.97,-107.17,-124.71,-79.11,False,False,False,false
1788951977986,-0.9386,2.0907,10.8257,0.02783,0.01664,0.04607,10.18,27.17,-7.24,0.0,0.0,0.0,6.08,284.6,11.43,GNSS_LOCKED,6.52,346.92,-107.93,-124.69,-79.13,False,False,False,false
1788951978107,-1.456,1.0588,8.2684,-0.08189,0.03742,-0.01305,10.78,27.26,-7.03,0.0,0.0,0.0,6.08,284.6,11.43,GNSS_LOCKED,7.42,347.04,-108.68,-124.67,-79.13,False,False,False,false
1788951978228,-1.925,1.5159,10.7539,0.09281,0.02037,0.01838,10.95,26.94,-7.24,0.0,0.0,0.0,6.08,284.6,11.43,GNSS_LOCKED,7.73,346.98,-109.42,-124.66,-79.15,False,False,False,false
1788951978345,-0.795,1.7025,9.4893,-0.09734,-0.0478,0.03116,10.41,26.89,-6.81,0.0,0.0,0.0,6.08,284.6,11.43,GNSS_LOCKED,6.66,346.77,-110.15,-124.64,-79.16,False,False,False,false
1788951978452,-0.7304,1.8437,10.2269,0.00599,-0.00466,0.03222,10.28,27.0,-8.72,0.0,0.0,0.0,6.08,284.6,11.43,GNSS_LOCKED,4.45,346.42,-110.88,-124.63,-79.17,False,False,False,false
1788951978569,-1.6331,1.3914,10.0666,-0.07497,-0.02437,-0.02903,10.48,27.41,-8.06,0.0,0.0,0.0,6.08,284.6,11.43,GNSS_LOCKED,4.32,346.53,-111.61,-124.61,-79.18,False,False,False,false
1788951978697,-1.4608,1.7671,9.0514,0.00652,0.0257,0.01731,10.58,26.19,-7.07,0.0,0.0,0.0,6.08,284.6,11.43,GNSS_LOCKED,4.07,346.46,-112.32,-124.6,-79.19,False,False,False,false
1788951978819,-0.7831,1.7121,9.7125,0.04754,0.05925,0.02104,10.41,26.4,-8.46,0.0,0.0,0.0,6.08,284.6,11.43,GNSS_LOCKED,3.87,346.21,-113.03,-124.59,-79.2,False,False,False,false
1788951978937,-1.0899,1.7671,10.4853,0.03262,-0.00306,0.00346,10.18,26.34,-7.76,0.0,0.0,0.0,4.31,284.5,11.19,GNSS_LOCKED,3.7,347.04,-113.62,-124.59,-79.21,False,False,False,false
1788951979062,-1.133,1.4776,9.0826,-0.02224,-0.01425,-0.00879,10.41,25.88,-7.63,0.0,0.0,0.0,4.31,284.5,11.19,GNSS_LOCKED,3.79,347.25,-114.18,-124.59,-79.22,False,False,False,false
1788951979183,-0.8907,1.9657,9.9494,0.05286,-0.0004,0.00826,10.16,27.06,-8.74,0.0,0.0,0.0,4.31,284.5,11.19,GNSS_LOCKED,3.76,347.23,-114.71,-124.6,-79.23,False,False,False,false
1788951979311,-0.8548,1.6546,9.9829,-0.03449,-0.02277,-0.01092,9.98,26.33,-8.14,0.0,0.0,0.0,4.31,284.5,11.19,GNSS_LOCKED,4.18,347.17,-115.24,-124.61,-79.24,False,False,False,false
1788951979437,-1.2598,1.4393,10.1073,0.00493,-0.01691,-0.01997,10.67,26.01,-8.19,0.0,0.0,0.0,4.31,284.5,11.19,GNSS_LOCKED,3.85,347.11,-115.76,-124.62,-79.25,False,False,False,false
1788951979559,-0.9051,1.7264,10.1527,0.00652,-0.05419,0.01838,9.68,25.97,-7.46,0.0,0.0,0.0,4.31,284.5,11.19,GNSS_LOCKED,3.85,346.85,-116.27,-124.63,-79.26,False,False,False,false
1788951979672,-0.7184,1.8772,9.7819,-0.00573,-0.01158,-0.00985,9.62,25.73,-8.34,0.0,0.0,0.0,4.31,284.5,11.19,GNSS_LOCKED,3.58,346.71,-116.78,-124.65,-79.26,False,False,False,false
1788951979792,-1.2479,1.5709,9.6431,0.00226,0.01984,-0.00879,10.18,26.18,-8.78,0.0,0.0,0.0,4.31,284.5,11.19,GNSS_LOCKED,3.43,346.65,-117.28,-124.66,-79.27,False,False,False,false
1788951979911,-1.2335,1.7312,9.5779,0.00866,-0.03928,0.01092,9.53,26.03,-8.25,0.0,0.0,0.0,2.45,284.8,10.77,GNSS_LOCKED,3.48,345.89,-117.68,-124.69,-79.29,False,False,False,false
1788951980028,-0.8429,2.0231,9.7938,-0.00573,-0.02597,0.00932,10.2,26.23,-7.86,0.0,0.0,0.0,2.45,284.8,10.77,GNSS_LOCKED,3.34,345.87,-118.03,-124.73,-79.3,False,False,False,false
1788951980151,-0.8189,1.803,9.7603,0.0012,-0.02916,0.00772,9.64,26.12,-8.27,0.0,0.0,0.0,2.45,284.8,10.77,GNSS_LOCKED,3.32,345.87,-118.37,-124.77,-79.31,False,False,False,false
1788951980278,-1.0756,1.736,9.6096,0.0012,-0.00732,-0.00133,9.79,26.16,-7.39,0.0,0.0,0.0,2.45,284.8,10.77,GNSS_LOCKED,2.78,345.83,-118.7,-124.82,-79.32,False,False,False,false
1788951980400,-0.8596,1.791,10.0331,0.02943,0.06618,-0.01411,9.75,26.08,-8.42,0.0,0.0,0.0,2.45,284.8,10.77,GNSS_LOCKED,2.82,345.67,-119.03,-124.86,-79.33,False,False,False,false
1788951980525,-1.1761,1.8891,9.7364,0.02836,0.04913,-0.00666,9.68,26.19,-8.14,0.0,0.0,0.0,2.45,284.8,10.77,GNSS_LOCKED,2.75,345.63,-119.35,-124.9,-79.34,False,False,False,false
1788951980644,-1.0271,2.1003,9.7795,0.03049,0.04434,0.0024,10.09,25.8,-8.4,0.0,0.0,0.0,2.45,284.8,10.77,GNSS_LOCKED,2.71,345.58,-119.67,-124.95,-79.35,False,False,False,false
1788951980763,-1.2335,2.251,9.329,0.11038,0.13595,0.01039,10.24,26.19,-8.51,0.0,0.0,0.0,2.45,284.8,10.77,GNSS_LOCKED,2.73,345.52,-119.98,-124.99,-79.36,False,False,False,false
1788951980882,-1.3603,2.4544,9.8967,0.04221,0.08216,-0.01838,10.09,25.43,-8.42,0.0,0.0,0.0,2.06,285.1,10.3,GNSS_LOCKED,2.77,345.33,-120.24,-125.04,-79.37,False,False,False,false
1788951980999,-1.4728,2.5693,9.1376,0.06778,0.1024,0.01039,10.54,24.69,-8.76,0.0,0.0,0.0,2.06,285.1,10.3,GNSS_LOCKED,3.25,345.23,-120.49,-125.08,-79.38,False,False,False,false
1788951981114,-1.535,2.6243,9.329,0.02357,0.06085,-0.01411,9.94,25.41,-8.93,0.0,0.0,0.0,2.06,285.1,10.3,GNSS_LOCKED,3.45,345.47,-120.73,-125.13,-79.39,False,False,False,false
1788951981231,-1.6092,2.854,8.8026,0.0257,0.02144,0.01145,9.86,24.98,-9.88,0.0,0.0,0.0,2.06,285.1,10.3,GNSS_LOCKED,3.43,345.8,-120.98,-125.18,-79.4,False,False,False,false
1788951981351,-1.6929,4.0319,9.1687,0.03901,0.03635,0.02583,10.24,25.16,-9.09,0.0,0.0,0.0,2.06,285.1,10.3,GNSS_LOCKED,3.86,346.43,-121.21,-125.22,-79.41,False,False,False,false
1788951981468,-1.6283,3.6084,9.0419,-0.00146,0.00067,-0.00346,10.48,24.9,-9.17,0.0,0.0,0.0,2.06,285.1,10.3,GNSS_LOCKED,3.87,347.18,-121.45,-125.27,-79.42,False,False,False,false
1788951981586,-1.6666,3.7998,8.8122,-0.01691,0.01558,-0.00613,11.16,24.62,-9.84,0.0,0.0,0.0,2.06,285.1,10.3,GNSS_LOCKED,4.21,347.93,-121.69,-125.32,-79.43,False,False,False,false
1788951981692,-1.9202,3.1633,9.0012,-0.02969,-0.0281,-0.01784,10.18,24.32,-9.62,0.0,0.0,0.0,2.06,285.1,10.3,GNSS_LOCKED,3.76,348.67,-121.92,-125.36,-79.44,False,False,False,false
1788951981806,-1.7408,3.4026,8.8911,-0.00839,-0.03342,0.00719,9.92,24.54,-9.64,0.0,0.0,0.0,2.06,285.1,10.3,GNSS_LOCKED,3.56,349.21,-122.15,-125.41,-79.45,False,False,False,false
1788951981922,-1.6331,3.5294,8.9151,-0.00626,-0.01638,0.00133,10.86,24.75,-8.79,0.0,0.0,0.0,2.07,284.6,10.2,GNSS_LOCKED,3.53,349.67,-122.4,-125.44,-79.46,False,False,False,false
1788951982037,-1.6307,3.4457,8.9486,-0.00786,-0.01105,0.00666,10.14,24.34,-8.85,0.0,0.0,0.0,2.07,284.6,10.2,GNSS_LOCKED,2.65,350.04,-122.64,-125.48,-79.46,False,False,False,false
1788951982158,-1.6499,3.3093,8.9533,-0.00093,-0.002,0.00186,9.71,24.39,-8.42,0.0,0.0,0.0,2.07,284.6,10.2,GNSS_LOCKED,2.59,350.36,-122.89,-125.52,-79.47,False,False,False,false
1788951982278,-1.6283,3.405,9.0419,0.00013,-0.00519,0.0008,10.14,24.68,-8.53,0.0,0.0,0.0,2.07,284.6,10.2,GNSS_LOCKED,1.98,350.66,-123.13,-125.56,-79.48,False,False,False,false
1788951982386,-1.6044,3.4098,9.073,-0.01212,-0.00945,-0.00399,10.41,24.21,-8.16,0.0,0.0,0.0,2.07,284.6,10.2,GNSS_LOCKED,1.92,350.94,-123.37,-125.59,-79.49,False,False,False,false
1788951982494,-1.6427,3.4122,9.0514,0.00226,0.00706,-0.00666,10.11,24.47,-8.21,0.0,0.0,0.0,2.07,284.6,10.2,GNSS_LOCKED,1.43,351.2,-123.6,-125.63,-79.49,False,False,False,false
1788951982611,-1.5781,3.3835,8.8241,-0.00306,0.00706,-0.00133,9.81,24.53,-8.94,0.0,0.0,0.0,2.07,284.6,10.2,GNSS_LOCKED,1.43,351.4,-123.84,-125.66,-79.5,False,False,False,false
1788951982739,-1.8437,3.5318,9.0419,0.02197,0.01771,-0.00613,9.02,24.47,-7.91,0.0,0.0,0.0,2.07,284.6,10.2,GNSS_LOCKED,1.43,351.64,-124.07,-125.7,-79.51,False,False,False,false
1788951982846,-1.5996,3.2973,8.4909,-0.02117,-0.04141,0.00399,9.58,24.04,-8.1,0.0,0.0,0.0,2.07,284.6,10.2,GNSS_LOCKED,2.6,351.88,-124.3,-125.74,-79.52,False,False,False,false
1788951982956,-1.6355,3.4672,9.0826,0.0257,0.01398,0.01198,10.73,24.51,-6.98,0.0,0.0,0.0,0.9,284.8,10.35,GNSS_LOCKED,2.55,350.33,-124.46,-125.78,-79.52,False,False,False,false
1788951983080,-1.6259,3.3715,9.1926,0.01398,0.01079,0.00506,10.52,24.81,-7.71,0.0,0.0,0.0,0.9,284.8,10.35,GNSS_LOCKED,2.65,349.95,-124.6,-125.84,-79.53,False,False,False,false
1788951983206,-1.6068,3.3619,9.3242,0.00919,-0.00146,-0.0024,10.14,24.9,-7.82,0.0,0.0,0.0,0.9,284.8,10.35,GNSS_LOCKED,2.67,349.93,-124.72,-125.9,-79.54,False,False,False,false
1788951983331,-1.5996,3.3141,9.1735,-0.02011,0.01451,-0.00453,10.01,24.69,-9.15,0.0,0.0,0.0,0.9,284.8,10.35,GNSS_LOCKED,2.67,349.96,-124.84,-125.95,-79.55,False,False,False,false
1788951983456,-1.5948,3.3571,9.1304,0.00067,0.00013,0.0008,10.28,25.07,-8.16,0.0,0.0,0.0,0.9,284.8,10.35,GNSS_LOCKED,2.6,350.01,-124.95,-126.01,-79.55,False,False,False,false
1788951983581,-1.5637,3.4146,9.1687,0.04328,0.00652,-0.01145,10.33,24.58,-7.56,0.0,0.0,0.0,0.9,284.8,10.35,GNSS_LOCKED,2.62,350.1,-125.07,-126.07,-79.56,False,False,False,false
1788951983705,-1.5829,3.6227,8.9773,0.09228,0.03209,0.01678,9.86,24.96,-7.37,0.0,0.0,0.0,0.9,284.8,10.35,GNSS_LOCKED,2.68,350.04,-125.18,-126.13,-79.57,False,False,False,false
1788951983832,-1.5972,3.3739,9.1615,-0.01371,-0.00519,-0.00453,10.33,24.77,-7.95,0.0,0.0,0.0,0.9,284.8,10.35,GNSS_LOCKED,2.67,350.1,-125.29,-126.18,-79.57,False,False,False,false
1788951983951,-1.9753,3.3188,8.5436,-0.13142,-0.05047,-0.00772,10.26,24.51,-8.14,0.0,0.0,0.0,0.87,284.9,10.4,GNSS_LOCKED,3.08,350.34,-125.41,-126.23,-79.58,False,False,False,false
1788951984071,-1.5494,3.2853,8.8576,0.05393,0.01185,0.00506,10.24,24.64,-7.88,0.0,0.0,0.0,0.87,284.9,10.4,GNSS_LOCKED,2.65,350.34,-125.53,-126.28,-79.58,False,False,False,false
1788951984178,-1.7121,3.4839,8.9916,0.01664,0.02783,-0.00186,10.56,25.46,-8.14,0.0,0.0,0.0,0.87,284.9,10.4,GNSS_LOCKED,2.61,350.37,-125.65,-126.33,-79.59,False,False,False,false
1788951984300,-1.6738,3.4816,8.726,-0.01638,-0.03715,-0.00027,10.41,24.38,-7.97,0.0,0.0,0.0,0.87,284.9,10.4,GNSS_LOCKED,2.67,350.52,-125.76,-126.38,-79.59,False,False,False,false
1788951984408,-1.3795,2.9593,11.6632,-0.11065,-0.28109,-0.00186,10.28,24.43,-7.52,0.0,0.0,0.0,0.87,284.9,10.4,GNSS_LOCKED,3.58,350.74,-125.88,-126.43,-79.6,False,False,False,false
1788951984517,-1.2933,3.9266,6.9302,0.2004,-0.11118,0.0221,10.46,24.99,-7.8,0.0,0.0,0.0,0.87,284.9,10.4,GNSS_LOCKED,3.62,350.96,-125.99,-126.47,-79.6,False,False,False,false
1788951984639,-1.3292,3.4074,9.3362,-0.17457,-0.33115,0.00399,10.26,24.39,-8.79,0.0,0.0,0.0,0.87,284.9,10.4,GNSS_LOCKED,3.6,351.62,-126.11,-126.52,-79.61,False,False,False,false
1788951984767,-1.2742,3.4816,7.9143,0.16631,0.00439,0.01411,10.24,24.86,-8.08,0.0,0.0,0.0,0.87,284.9,10.4,GNSS_LOCKED,3.73,351.69,-126.22,-126.56,-79.61,False,False,False,false
1788951984876,-1.4273,3.259,8.4909,0.06884,0.01611,0.00772,10.16,25.03,-8.66,0.0,0.0,0.0,0.87,284.9,10.4,GNSS_LOCKED,3.69,351.74,-126.33,-126.61,-79.62,False,False,False,false
1788951984996,-1.4345,3.2997,9.3266,-0.04354,-0.02117,-0.00133,10.52,25.16,-8.76,0.0,0.0,0.0,0.23,284.7,10.22,GNSS_LOCKED,3.69,350.8,-126.4,-126.66,-79.62,False,False,False,false
1788951985117,-1.3819,3.3117,9.1352,-0.01851,0.00333,-0.00133,10.03,24.54,-7.22,0.0,0.0,0.0,0.23,284.7,10.22,GNSS_LOCKED,3.73,350.49,-126.47,-126.72,-79.63,False,False,False,false
1788951985245,-1.4201,3.3906,9.0706,0.00386,0.01877,-0.00027,10.07,24.26,-7.03,0.0,0.0,0.0,0.23,284.7,10.22,GNSS_LOCKED,3.69,350.39,-126.52,-126.78,-79.63,False,False,False,false
1788951985368,-1.413,3.3284,9.0371,-0.002,0.01079,-0.0008,10.24,25.73,-8.01,0.0,0.0,0.0,0.23,284.7,10.22,GNSS_LOCKED,3.69,350.39,-126.57,-126.84,-79.63,False,False,False,false
1788951985495,-1.4943,3.326,9.061,-0.00519,-0.00626,-0.0024,10.29,25.22,-8.12,0.0,0.0,0.0,0.23,284.7,10.22,GNSS_LOCKED,3.69,350.47,-126.62,-126.89,-79.64,False,False,False,false
1788951985613,-1.6522,3.7807,9.1902,-0.02224,-0.01478,-0.03116,10.31,25.18,-8.4,0.0,0.0,0.0,0.23,284.7,10.22,GNSS_LOCKED,3.62,350.83,-126.67,-126.95,-79.64,False,False,False,false
1788951985735,-1.4273,3.4552,8.9127,0.0241,-0.00999,-0.0008,10.01,25.56,-7.5,0.0,0.0,0.0,0.23,284.7,10.22,GNSS_LOCKED,3.61,350.97,-126.72,-127.01,-79.64,False,False,False,false
1788951985844,-1.3507,3.2351,8.8624,0.03635,-0.00892,0.00133,10.29,24.86,-7.69,0.0,0.0,0.0,0.23,284.7,10.22,GNSS_LOCKED,3.27,351.02,-126.77,-127.06,-79.64,False,False,False,false
1788951985953,-1.5541,3.3787,9.2142,0.04168,0.00652,-0.0024,9.99,24.77,-7.65,0.0,0.0,0.0,0.18,283.4,9.57,GNSS_LOCKED,2.7,351.0,-126.82,-127.12,-79.63,False,False,False,false
1788951986074,-1.5996,3.8022,9.1496,-0.01957,-0.01851,-0.02477,10.09,24.68,-7.5,0.0,0.0,0.0,0.18,283.4,9.57,GNSS_LOCKED,2.56,351.23,-126.86,-127.18,-79.61,False,False,False,false
1788951986194,-1.3699,3.2877,8.994,0.01824,-0.01052,-0.00666,10.24,24.98,-7.58,0.0,0.0,0.0,0.18,283.4,9.57,GNSS_LOCKED,1.88,351.29,-126.91,-127.24,-79.6,False,False,False,false
1788951986309,-1.5159,3.1896,9.0514,0.00706,0.00013,-0.00133,10.03,24.92,-7.86,0.0,0.0,0.0,0.18,283.4,9.57,GNSS_LOCKED,1.71,351.28,-126.95,-127.3,-79.58,False,False,False,false
1788951986416,-1.3412,3.6419,8.5101,0.09387,-0.02011,-0.00027,9.96,24.98,-8.34,0.0,0.0,0.0,0.18,283.4,9.57,GNSS_LOCKED,2.71,351.35,-126.99,-127.35,-79.57,False,False,False,false
1788951986524,-1.5589,3.149,9.4893,-0.02756,-0.02011,0.0269,10.39,25.16,-7.99,0.0,0.0,0.0,0.18,283.4,9.57,GNSS_LOCKED,2.89,351.19,-127.03,-127.41,-79.56,False,False,False,false
1788951986645,-1.3866,3.3595,9.0371,-0.04833,-0.0004,-0.00346,10.74,24.36,-8.36,0.0,0.0,0.0,0.18,283.4,9.57,GNSS_LOCKED,2.9,351.16,-127.08,-127.47,-79.54,False,False,False,false
1788951986767,-1.5326,3.3332,9.061,0.00226,0.01877,-0.00506,9.92,25.26,-7.86,0.0,0.0,0.0,0.18,283.4,9.57,GNSS_LOCKED,2.9,351.11,-127.12,-127.52,-79.53,False,False,False,false
1788951986884,-1.4704,3.2638,8.8481,0.02091,0.02144,-0.00559,10.46,24.92,-7.89,0.0,0.0,0.0,0.22,283.4,9.4,GNSS_LOCKED,2.9,351.1,-127.16,-127.58,-79.52,False,False,False,false
1788951987002,-1.2574,3.0861,9.3745,0.11571,0.04967,0.01305,10.09,24.99,-8.04,0.0,0.0,0.0,0.22,283.4,9.4,GNSS_LOCKED,3.11,350.79,-127.2,-127.63,-79.5,False,False,False,false
1788951987123,-1.4704,3.2614,9.2692,-0.00093,0.01558,-0.00719,10.03,25.54,-7.05,0.0,0.0,0.0,0.22,283.4,9.4,GNSS_LOCKED,3.16,350.68,-127.24,-127.68,-79.49,False,False,False,false
1788951987248,-1.4417,3.326,9.1472,0.00439,-0.00573,0.00133,10.2,24.86,-7.48,0.0,0.0,0.0,0.22,283.4,9.4,GNSS_LOCKED,3.16,350.58,-127.28,-127.74,-79.48,False,False,False,false
1788951987354,-1.4393,3.2662,9.0419,0.00599,-0.00519,0.00453,10.09,24.69,-7.67,0.0,0.0,0.0,0.22,283.4,9.4,GNSS_LOCKED,3.08,350.46,-127.32,-127.79,-79.47,False,False,False,false
1788951987478,-1.6738,3.4624,9.3338,0.07683,0.01664,-0.01465,10.69,25.8,-7.89,0.0,0.0,0.0,0.22,283.4,9.4,GNSS_LOCKED,3.26,350.43,-127.36,-127.84,-79.46,False,False,False,false
1788951987599,-1.3364,3.4074,8.7452,-0.00519,-0.0526,-0.00772,10.22,25.24,-7.93,0.0,0.0,0.0,0.22,283.4,9.4,GNSS_LOCKED,2.76,350.51,-127.4,-127.89,-79.44,False,False,False,false
1788951987723,-1.5398,3.2782,9.1184,0.01451,0.00866,-0.00133,10.99,24.54,-7.56,0.0,0.0,0.0,0.22,283.4,9.4,GNSS_LOCKED,2.63,350.41,-127.44,-127.94,-79.43,False,False,False,false
1788951987840,-1.4991,3.2973,9.0419,-0.00732,0.00546,-0.00186,10.28,24.36,-8.16,0.0,0.0,0.0,0.22,283.4,9.4,GNSS_LOCKED,2.65,350.32,-127.48,-127.99,-79.42,False,False,False,false
1788951987960,-1.5159,3.2758,9.0347,0.00972,0.00226,0.0008,10.22,24.38,-8.06,0.0,0.0,0.0,0.41,284.4,8.36,GNSS_LOCKED,2.6,350.2,-127.54,-128.03,-79.4,False,False,False,false
1788951988079,-1.4512,3.2375,8.927,-0.00573,0.00173,0.00719,10.91,24.79,-7.67,0.0,0.0,0.0,0.41,284.4,8.36,GNSS_LOCKED,2.57,350.05,-127.61,-128.07,-79.38,False,False,False,false
1788951988194,-1.4321,3.3595,9.0586,0.00386,0.00386,0.00293,10.95,25.18,-7.93,0.0,0.0,0.0,0.41,284.4,8.36,GNSS_LOCKED,2.61,349.93,-127.67,-128.1,-79.37,False,False,False,false
1788951988313,-1.5278,3.2901,9.0108,0.0028,0.00706,-0.00133,9.99,24.75,-7.48,0.0,0.0,0.0,0.41,284.4,8.36,GNSS_LOCKED,2.61,349.84,-127.73,-128.14,-79.35,False,False,False,false
1788951988431,-1.4417,3.271,9.0514,-0.01265,-0.0036,0.00666,10.13,24.75,-7.95,0.0,0.0,0.0,0.41,284.4,8.36,GNSS_LOCKED,2.61,349.73,-127.79,-128.17,-79.33,False,False,False,false
1788951988555,-1.4871,3.3069,9.1376,0.0012,0.00652,-0.00027,10.22,24.81,-7.84,0.0,0.0,0.0,0.41,284.4,8.36,GNSS_LOCKED,2.56,349.63,-127.86,-128.21,-79.31,False,False,False,false
1788951988671,-1.5039,3.2423,9.2548,0.00919,0.00386,0.00613,10.18,25.01,-7.99,0.0,0.0,0.0,0.41,284.4,8.36,GNSS_LOCKED,2.61,349.51,-127.92,-128.24,-79.3,False,False,False,false
1788951988795,-1.8197,3.3619,9.14,0.1024,0.13861,0.10306,10.8,25.2,-7.35,0.0,0.0,0.0,0.41,284.4,8.36,GNSS_LOCKED,4.54,348.6,-127.98,-128.28,-79.28,False,False,False,false
1788951988914,-4.1539,3.4217,8.5729,-0.11544,1.04752,0.34114,10.76,23.85,-7.39,0.0,0.0,0.0,0.29,285.2,7.6,GNSS_LOCKED,8.91,343.69,-128.04,-128.3,-79.26,False,False,False,false
1788951989044,-1.3747,4.3364,8.6662,-0.01318,-0.18255,0.71917,13.73,22.33,-5.25,0.0,0.0,0.0,0.29,285.2,7.6,GNSS_LOCKED,7.73,340.05,-128.09,-128.33,-79.25,False,False,False,false
1788951989163,-3.0503,5.1452,9.4678,0.13275,-0.94499,0.58122,18.21,20.04,-4.26,0.0,0.0,0.0,0.29,285.2,7.6,GNSS_LOCKED,8.4,338.95,-128.15,-128.36,-79.23,False,False,False,false
1788951989292,-1.9466,4.3101,8.793,0.26325,0.2201,0.03861,18.81,19.07,-6.0,0.0,0.0,0.0,0.29,285.2,7.6,GNSS_LOCKED,11.29,338.23,-128.2,-128.38,-79.21,False,False,False,false
1788951989410,2.4227,5.2223,12.8584,0.50119,1.13541,-0.05619,19.16,18.54,-6.32,0.0,0.0,0.0,0.29,285.2,7.6,GNSS_LOCKED,12.65,335.49,-128.26,-128.42,-79.2,False,False,False,false
1788951989525,-2.945,5.0566,5.3163,0.56511,-1.39665,-1.74951,17.4,19.13,-8.68,0.0,0.0,0.0,0.29,285.2,7.6,GNSS_LOCKED,12.47,348.29,-128.31,-128.44,-79.17,False,False,False,false
1788951989652,-5.2439,5.2032,4.3011,0.66737,-1.04672,-0.86404,10.35,21.77,-14.87,0.0,0.0,0.0,0.29,285.2,7.6,GNSS_LOCKED,12.74,355.82,-128.36,-128.46,-79.15,False,False,False,false
1788951989765,-1.748,5.811,7.0211,0.29201,0.06564,-0.15632,7.01,22.44,-17.63,0.0,0.0,0.0,0.29,285.2,7.6,GNSS_LOCKED,12.52,356.46,-128.41,-128.49,-79.14,False,False,False,false
1788951989885,-2.2008,5.6411,5.7069,-1.386,-1.79279,0.15153,6.39,22.18,-17.27,0.0,0.0,0.0,0.28,284.5,7.7,GNSS_LOCKED,12.48,0.85,-128.47,-128.52,-79.12,False,False,False,false
1788951989993,-1.267,4.8461,10.6487,0.50812,0.09547,-0.06738,4.16,25.35,-16.91,0.0,0.0,0.0,0.28,284.5,7.7,GNSS_LOCKED,14.02,1.04,-128.53,-128.54,-79.11,False,False,False,false
1788951990118,-1.9083,5.1093,8.4646,0.37869,0.0747,0.22397,3.73,26.14,-16.91,0.0,0.0,0.0,0.28,284.5,7.7,GNSS_LOCKED,13.31,359.87,-128.59,-128.56,-79.09,False,False,False,false
1788951990226,-0.8572,4.6355,8.3378,0.14554,0.11891,-0.00613,3.92,25.48,-17.48,0.0,0.0,0.0,0.28,284.5,7.7,GNSS_LOCKED,13.23,359.58,-128.65,-128.59,-79.06,False,False,False,false
1788951990348,-0.8596,4.6307,8.805,-0.02756,-0.17243,0.02423,3.45,27.47,-16.69,0.0,0.0,0.0,0.28,284.5,7.7,GNSS_LOCKED,12.97,359.94,-128.71,-128.62,-79.04,False,False,False,false
1788951990469,-0.9529,4.8078,8.0387,0.0779,0.03156,0.51198,3.62,26.78,-16.41,0.0,0.0,0.0,0.28,284.5,7.7,GNSS_LOCKED,13.23,357.33,-128.77,-128.64,-79.02,False,False,False,false
1788951990590,-1.9083,4.8006,8.5388,0.07896,0.40372,-0.22823,4.37,27.39,-16.18,0.0,0.0,0.0,0.28,284.5,7.7,GNSS_LOCKED,13.73,357.27,-128.82,-128.66,-79.0,False,False,False,false
1788951990710,-3.5797,4.4369,9.4582,-0.35126,1.56829,0.63341,5.38,27.84,-14.81,0.0,0.0,0.0,0.28,284.5,7.7,GNSS_LOCKED,13.42,349.58,-128.88,-128.68,-78.98,False,False,False,false
1788951990815,-3.3141,4.0463,10.1264,-0.10053,2.91235,1.04553,12.36,27.81,-7.52,0.0,0.0,0.0,0.28,284.5,7.7,GNSS_LOCKED,12.23,335.25,-128.94,-128.71,-78.96,False,False,False,false
1788951990924,-4.8939,4.0534,9.195,0.89373,2.65523,1.55577,21.39,27.06,-6.17,0.0,0.0,0.0,0.0,0.0,7.31,GNSS_LOCKED,12.3,316.9,-128.98,-128.74,-78.94,False,False,False,false
1788951991032,-3.5318,6.2399,6.0921,0.49427,-0.46258,1.52435,28.97,20.93,-1.18,0.0,0.0,0.0,0.0,0.0,7.31,GNSS_LOCKED,13.56,312.72,-129.01,-128.78,-78.92,False,False,False,false
1788951991138,-1.736,7.3364,4.4405,-0.47536,-3.02127,0.98055,31.24,7.16,-7.48,0.0,0.0,0.0,0.0,0.0,7.31,GNSS_LOCKED,13.57,321.98,-129.04,-128.82,-78.9,False,False,False,false
1788951991246,0.1507,6.5701,4.7731,-1.14792,-1.76882,0.55192,28.71,3.21,-15.53,0.0,0.0,0.0,0.0,0.0,7.31,GNSS_LOCKED,13.62,326.61,-129.07,-128.85,-78.89,False,False,False,false
1788951991353,0.4068,3.5701,3.3386,-1.12342,-0.57709,1.40291,29.98,2.04,-22.82,0.0,0.0,0.0,0.0,0.0,7.31,GNSS_LOCKED,13.38,322.22,-129.1,-128.89,-78.87,False,False,False,false
1788951991467,-3.216,-0.7872,12.1663,-3.06281,-2.35084,-0.97788,34.26,4.11,-25.43,0.0,0.0,0.0,0.0,0.0,7.31,GNSS_LOCKED,13.5,332.28,-129.15,-128.92,-78.87,False,False,False,false
1788951991586,6.3254,1.2598,9.1472,-0.13249,0.64819,-1.32994,30.26,11.06,-26.76,0.0,0.0,0.0,0.0,0.0,7.31,GNSS_LOCKED,11.35,336.54,-129.17,-128.96,-78.86,False,False,False,false
1788951991691,1.3836,4.3101,5.6782,1.04273,1.01344,-0.72556,24.58,14.63,-26.34,0.0,0.0,0.0,0.0,0.0,7.31,GNSS_LOCKED,13.42,338.51,-129.19,-128.99,-78.85,False,False,False,false
1788951991801,0.268,6.1962,8.278,-0.50838,1.11517,-0.9422,25.07,15.02,-27.21,0.0,0.0,0.0,0.0,0.0,7.31,GNSS_LOCKED,13.7,342.03,-129.22,-129.02,-78.84,False,False,False,false
1788951991913,-1.4273,3.5797,8.1464,-0.34008,0.33448,-0.44167,24.45,16.86,-24.28,0.0,0.0,0.0,0.28,92.0,7.4,GNSS_LOCKED,14.14,343.31,-129.23,-129.06,-78.82,False,False,False,false
1788951992020,0.0861,3.9553,9.2764,-0.25978,-0.65272,0.11105,22.93,18.17,-22.44,0.0,0.0,0.0,0.28,92.0,7.4,GNSS_LOCKED,11.44,344.21,-129.23,-129.1,-78.81,False,False,False,false
1788951992132,-0.0437,3.7424,8.9318,0.03209,0.31957,-0.01731,22.09,18.9,-22.52,0.0,0.0,0.0,0.28,92.0,7.4,GNSS_LOCKED,13.97,343.92,-129.22,-129.14,-78.79,False,False,False,false
1788951992245,-0.6562,3.7113,8.9892,0.02836,0.26591,-0.01252,22.78,18.92,-21.86,0.0,0.0,0.0,0.28,92.0,7.4,GNSS_LOCKED,13.52,343.72,-129.22,-129.18,-78.77,False,False,False,false
1788951992355,-0.4887,3.7783,8.7069,0.04434,-0.09947,0.05086,23.23,19.01,-21.86,0.0,0.0,0.0,0.28,92.0,7.4,GNSS_LOCKED,12.36,343.83,-129.22,-129.22,-78.75,False,False,False,false
1788951992464,-0.5174,3.8357,8.8887,0.00333,0.02836,0.00826,23.08,18.09,-21.96,0.0,0.0,0.0,0.28,92.0,7.4,GNSS_LOCKED,12.47,343.89,-129.21,-129.26,-78.73,False,False,False,false
1788951992578,-0.2064,3.8094,8.8792,0.00652,-0.1474,0.03915,22.99,18.49,-22.07,0.0,0.0,0.0,0.28,92.0,7.4,GNSS_LOCKED,12.56,344.04,-129.21,-129.3,-78.71,False,False,False,false
1788951992685,-0.2183,3.8477,9.0706,0.01025,-0.10532,0.01997,23.18,19.03,-21.92,0.0,0.0,0.0,0.28,92.0,7.4,GNSS_LOCKED,12.76,344.18,-129.21,-129.34,-78.69,False,False,False,false
1788951992798,-0.1801,4.0008,8.9557,0.02091,-0.13089,0.03276,22.43,18.75,-22.22,0.0,0.0,0.0,0.28,92.0,7.4,GNSS_LOCKED,13.13,344.34,-129.2,-129.37,-78.67,False,False,False,false
1788951992909,-0.1298,3.6562,8.9773,-0.00892,-0.08615,0.01358,22.69,18.71,-22.31,0.0,0.0,0.0,0.0,0.0,6.7,GNSS_LOCKED,13.71,344.36,-129.23,-129.43,-78.66,False,False,False,false
1788951993020,0.2847,3.9027,8.8337,0.0502,-0.16977,0.18136,22.61,19.18,-23.49,0.0,0.0,0.0,0.0,0.0,6.7,GNSS_LOCKED,8.9,343.63,-129.25,-129.48,-78.65,False,False,False,false
1788951993134,0.2967,4.0798,9.4917,-0.10586,-0.20279,-0.06365,23.34,18.24,-23.74,0.0,0.0,0.0,0.0,0.0,6.7,GNSS_LOCKED,9.29,344.36,-129.28,-129.53,-78.64,False,False,False,false
1788951993246,-0.1178,3.9601,8.2828,0.11731,0.28175,-0.06684,22.52,18.71,-24.02,0.0,0.0,0.0,0.0,0.0,6.7,GNSS_LOCKED,9.99,344.28,-129.31,-129.58,-78.63,False,False,False,false
1788951993354,0.6604,3.8572,9.1783,-0.10905,-0.24327,0.08282,22.61,18.06,-24.69,0.0,0.0,0.0,0.0,0.0,6.7,GNSS_LOCKED,10.41,344.3,-129.34,-129.63,-78.62,False,False,False,false
1788951993463,0.4044,3.8931,8.9175,-0.10106,-0.14048,0.01465,22.89,18.17,-24.3,0.0,0.0,0.0,0.0,0.0,6.7,GNSS_LOCKED,10.73,344.5,-129.37,-129.68,-78.61,False,False,False,false
1788951993568,0.658,3.7807,9.0323,-0.03502,-0.03662,0.02051,22.88,18.66,-24.41,0.0,0.0,0.0,0.0,0.0,6.7,GNSS_LOCKED,10.5,344.46,-129.4,-129.72,-78.6,False,False,False,false
1788951993673,0.536,3.7519,8.927,-0.02543,0.0028,-0.00879,22.73,19.18,-24.62,0.0,0.0,0.0,0.0,0.0,6.7,GNSS_LOCKED,10.85,344.51,-129.43,-129.77,-78.59,False,False,False,false
1788951993779,0.6772,3.7328,8.9653,0.0012,-0.01105,0.00932,22.8,18.51,-24.32,0.0,0.0,0.0,0.0,0.0,6.7,GNSS_LOCKED,10.85,344.48,-129.46,-129.82,-78.58,False,False,False,false
1788951993884,0.4977,3.7998,8.8648,-0.01585,-0.01851,-0.00186,22.91,18.11,-23.7,0.0,0.0,0.0,0.0,0.0,6.23,GNSS_LOCKED,11.05,344.54,-129.5,-129.87,-78.58,False,False,False,false
1788951994002,0.6102,3.7376,8.8863,-0.00732,-0.02597,0.00346,22.91,18.19,-24.04,0.0,0.0,0.0,0.0,0.0,6.23,GNSS_LOCKED,11.05,344.58,-129.54,-129.92,-78.58,False,False,False,false
1788951994111,0.6867,3.7519,8.805,0.01505,-0.03342,0.01624,22.97,18.68,-23.04,0.0,0.0,0.0,0.0,0.0,6.23,GNSS_LOCKED,8.98,344.56,-129.58,-129.97,-78.58,False,False,False,false
1788951994219,0.7083,3.7878,9.0036,0.00599,-0.03768,0.00772,23.12,18.73,-23.46,0.0,0.0,0.0,0.0,0.0,6.23,GNSS_LOCKED,8.88,344.59,-129.62,-130.01,-78.59,False,False,False,false
1788951994325,0.7801,3.8405,8.6399,0.08535,0.00706,0.01092,23.46,18.66,-24.23,0.0,0.0,0.0,0.0,0.0,6.23,GNSS_LOCKED,3.49,344.53,-129.67,-130.06,-78.59,False,False,False,false
1788951994433,0.8686,3.862,8.4048,0.04274,-0.00679,0.00826,23.27,18.62,-24.77,0.0,0.0,0.0,0.0,0.0,6.23,GNSS_LOCKED,1.93,344.51,-129.71,-130.11,-78.59,False,False,False,false
1788951994537,0.6437,3.7543,8.9414,-0.05419,-0.04461,-0.01092,22.59,18.11,-24.96,0.0,0.0,0.0,0.0,0.0,6.23,GNSS_LOCKED,1.82,344.65,-129.75,-130.15,-78.59,False,False,False,false
1788951994643,0.7825,3.7208,8.7811,0.01558,0.01132,0.00399,21.79,17.98,-23.79,0.0,0.0,0.0,0.0,0.0,6.23,GNSS_LOCKED,1.73,344.58,-129.79,-130.2,-78.59,False,False,False,false
1788951994751,0.8782,3.7926,9.2333,-0.03449,0.02357,-0.00826,22.59,18.24,-24.02,0.0,0.0,0.0,0.0,0.0,6.23,GNSS_LOCKED,1.93,344.53,-129.83,-130.25,-78.6,False,False,False,false
1788951994857,0.7537,3.6251,8.7332,-0.10586,-0.10532,0.0514,22.76,17.76,-24.73,0.0,0.0,0.0,0.0,0.0,6.23,GNSS_LOCKED,2.14,344.42,-129.87,-130.29,-78.6,False,False,False,false
1788951994973,0.8351,3.6419,8.8289,0.17323,0.11092,0.00826,22.95,17.98,-23.59,0.0,0.0,0.0,0.0,0.0,11.05,GNSS_LOCKED,2.82,344.13,-129.9,-130.34,-78.59,False,False,False,false
1788951995090,0.8351,3.8859,8.9175,-0.00413,0.00333,-0.0008,23.1,18.51,-24.3,0.0,0.0,0.0,0.0,0.0,11.05,GNSS_LOCKED,2.73,344.1,-129.94,-130.39,-78.58,False,False,False,false
1788951995207,0.8303,3.8261,8.7045,-0.00999,0.00866,-0.00186,22.37,17.29,-24.21,0.0,0.0,0.0,0.0,0.0,11.05,GNSS_LOCKED,2.73,344.07,-129.97,-130.44,-78.58,False,False,False,false
1788951995315,0.8327,3.728,8.8457,-0.03875,-0.04727,-0.01252,22.46,17.78,-24.73,0.0,0.0,0.0,0.0,0.0,11.05,GNSS_LOCKED,2.79,344.2,-130.0,-130.48,-78.57,False,False,False,false
1788951995421,0.9117,3.7376,8.9342,-0.05419,-0.04088,-0.00666,22.37,17.94,-24.84,0.0,0.0,0.0,0.0,0.0,11.05,GNSS_LOCKED,2.7,344.28,-130.04,-130.53,-78.56,False,False,False,false
1788951995527,0.9691,3.8572,8.75,-0.08562,-0.07017,0.00719,22.35,18.6,-24.43,0.0,0.0,0.0,0.0,0.0,11.05,GNSS_LOCKED,2.39,344.37,-130.07,-130.58,-78.56,False,False,False,false
1788951995642,1.1755,3.4935,8.9845,-0.16391,-0.22037,0.00772,22.76,18.17,-24.79,0.0,0.0,0.0,0.0,0.0,11.05,GNSS_LOCKED,2.57,344.71,-130.1,-130.63,-78.55,False,False,False,false
1788951995766,1.0822,3.5486,9.0586,-0.11971,-0.16231,0.01358,22.76,18.54,-24.39,0.0,0.0,0.0,0.0,0.0,11.05,GNSS_LOCKED,2.8,344.91,-130.14,-130.67,-78.55,False,False,False,false
1788951995886,1.6516,3.4792,8.8768,0.01238,-0.00732,0.00506,22.41,18.71,-23.83,0.0,0.0,0.0,0.0,0.0,11.03,GNSS_LOCKED,1.7,344.88,-130.17,-130.72,-78.54,False,False,False,false
1788951995995,1.3717,3.3763,8.9605,0.02517,0.03209,-0.00346,21.51,18.86,-24.02,0.0,0.0,0.0,0.0,0.0,11.03,GNSS_LOCKED,1.21,344.81,-130.2,-130.76,-78.53,False,False,False,false
1788951996108,1.4722,3.4146,9.006,0.21584,0.25632,0.00772,22.28,18.51,-23.93,0.0,0.0,0.0,0.0,0.0,11.03,GNSS_LOCKED,1.39,344.25,-130.23,-130.81,-78.52,False,False,False,false
1788951996221,0.9595,3.8883,8.4957,-0.16498,-0.03875,-0.05726,23.12,18.51,-23.14,0.0,0.0,0.0,0.0,0.0,11.03,GNSS_LOCKED,3.53,344.64,-130.25,-130.85,-78.51,False,False,False,false
1788951996334,1.678,3.6323,8.1344,-0.06964,-0.1458,0.00186,22.84,18.81,-24.15,0.0,0.0,0.0,0.0,0.0,11.03,GNSS_LOCKED,3.78,344.94,-130.28,-130.9,-78.5,False,False,False,false
1788951996449,1.0989,3.5462,8.7954,0.06298,0.04434,-0.03169,21.94,18.86,-24.58,0.0,0.0,0.0,0.0,0.0,11.03,GNSS_LOCKED,4.04,345.04,-130.31,-130.94,-78.49,False,False,False,false
1788951996553,1.319,3.4792,8.9342,-0.04567,-0.04461,0.01198,22.09,19.26,-24.13,0.0,0.0,0.0,0.0,0.0,11.03,GNSS_LOCKED,4.0,345.04,-130.34,-130.98,-78.49,False,False,False,false
1788951996658,1.2832,3.5174,9.0491,-0.00786,0.00493,-0.00666,22.16,18.83,-24.09,0.0,0.0,0.0,0.0,0.0,11.03,GNSS_LOCKED,4.0,345.04,-130.37,-131.03,-78.48,False,False,False,false
1788951996764,1.2114,3.5653,9.0586,-0.02383,-0.0462,0.00613,22.22,18.77,-24.54,0.0,0.0,0.0,0.0,0.0,11.03,GNSS_LOCKED,4.04,345.07,-130.4,-131.07,-78.47,False,False,False,false
1788951996871,1.5105,3.4792,8.872,-0.01158,-0.0233,0.00985,22.09,19.05,-23.55,0.0,0.0,0.0,0.0,0.0,10.94,GNSS_LOCKED,3.97,345.04,-130.42,-131.11,-78.46,False,False,False,false
1788951996980,1.2879,3.527,9.0849,-0.01851,-0.00519,-0.00932,22.01,19.16,-23.06,0.0,0.0,0.0,0.0,0.0,10.94,GNSS_LOCKED,3.93,345.07,-130.45,-131.16,-78.45,False,False,False,false
1788951997094,1.3525,3.4792,8.8313,0.01132,-0.01318,0.00666,21.73,19.16,-24.45,0.0,0.0,0.0,0.0,0.0,10.94,GNSS_LOCKED,3.98,345.03,-130.47,-131.2,-78.44,False,False,False,false
1788951997203,1.2855,3.4768,8.8959,0.01345,0.02091,-0.00399,22.03,18.83,-23.64,0.0,0.0,0.0,0.0,0.0,10.94,GNSS_LOCKED,3.57,344.99,-130.5,-131.25,-78.43,False,False,False,false
1788951997311,1.2616,3.5198,9.1519,0.05339,0.04168,0.00985,21.71,18.92,-23.87,0.0,0.0,0.0,0.0,0.0,10.94,GNSS_LOCKED,2.62,344.81,-130.52,-131.29,-78.42,False,False,False,false
1788951997418,1.4148,3.5581,8.8624,-0.02277,-0.0249,0.00772,21.51,18.54,-23.59,0.0,0.0,0.0,0.0,0.0,10.94,GNSS_LOCKED,1.44,344.79,-130.54,-131.34,-78.41,False,False,False,false
1788951997528,1.3645,3.4935,9.0778,-0.03129,-0.00413,-0.00506,21.79,18.11,-23.68,0.0,0.0,0.0,0.0,0.0,10.94,GNSS_LOCKED,1.05,344.79,-130.57,-131.38,-78.41,False,False,False,false
1788951997639,1.3286,3.5342,9.0634,-0.01851,0.00599,-0.01145,22.09,19.14,-23.7,0.0,0.0,0.0,0.0,0.0,10.94,GNSS_LOCKED,1.32,344.81,-130.59,-131.42,-78.4,False,False,False,false
1788951997751,1.1994,3.4552,8.9007,-0.00466,0.00439,-0.00826,21.69,18.92,-23.81,0.0,0.0,0.0,0.0,0.0,10.94,GNSS_LOCKED,1.32,344.81,-130.61,-131.47,-78.39,False,False,False,false
1788951997861,1.2544,3.527,8.9749,0.00706,-0.00253,-0.00027,21.62,18.15,-23.96,0.0,0.0,0.0,0.0,0.0,10.86,GNSS_LOCKED,1.05,344.78,-130.64,-131.51,-78.37,False,False,False,false
1788951997971,1.3095,3.4816,8.7715,0.06618,0.01771,0.01571,22.26,18.23,-23.46,0.0,0.0,0.0,0.0,0.0,10.86,GNSS_LOCKED,1.68,344.63,-130.66,-131.56,-78.36,False,False,False,false
1788951998080,1.3095,3.5557,8.9342,0.01505,0.00919,-0.00826,22.48,18.71,-23.25,0.0,0.0,0.0,0.0,0.0,10.86,GNSS_LOCKED,1.45,344.62,-130.69,-131.61,-78.35,False,False,False,false
1788951998190,1.185,3.5462,8.9151,0.01611,0.01025,-0.00613,22.48,18.21,-23.7,0.0,0.0,0.0,0.0,0.0,10.86,GNSS_LOCKED,0.65,344.6,-130.71,-131.66,-78.34,False,False,False,false
1788951998302,1.3454,3.5342,8.9103,-0.00413,-0.00253,-0.00133,22.09,17.85,-23.87,0.0,0.0,0.0,0.0,0.0,10.86,GNSS_LOCKED,0.65,344.57,-130.73,-131.71,-78.33,False,False,False,false
1788951998430,1.2664,3.5486,8.9127,0.01664,0.00173,-0.00293,21.77,18.08,-23.42,0.0,0.0,0.0,0.0,0.0,10.86,GNSS_LOCKED,0.38,344.54,-130.76,-131.76,-78.31,False,False,False,false
1788951998557,1.3143,3.6419,8.9127,-0.00626,-0.01638,0.00027,22.56,18.49,-24.02,0.0,0.0,0.0,0.0,0.0,10.86,GNSS_LOCKED,0.36,344.54,-130.78,-131.81,-78.3,False,False,False,false
1788951998678,1.2975,3.4863,9.0275,-0.01957,-0.05899,0.00879,22.24,18.86,-23.61,0.0,0.0,0.0,0.0,0.0,10.86,GNSS_LOCKED,0.36,344.56,-130.8,-131.85,-78.29,False,False,False,false
1788951998800,1.3717,3.527,8.9294,-0.01265,-0.02703,-0.00666,22.11,18.54,-23.57,0.0,0.0,0.0,0.0,0.0,10.86,GNSS_LOCKED,0.36,344.61,-130.83,-131.9,-78.28,False,False,False,false
1788951998917,1.343,3.539,8.8744,-0.0004,-0.0004,-0.00186,22.35,18.24,-22.91,0.0,0.0,0.0,0.0,0.0,10.85,GNSS_LOCKED,0.36,344.58,-130.85,-131.95,-78.27,False,False,False,false
1788951999038,1.3741,3.5438,8.8457,0.00013,-0.00999,0.00186,22.01,18.38,-24.71,0.0,0.0,0.0,0.0,0.0,10.85,GNSS_LOCKED,0.36,344.55,-130.87,-132.0,-78.26,False,False,False,false
1788951999159,1.4602,3.5414,8.9151,0.00439,-0.00306,-0.00453,22.13,18.43,-24.41,0.0,0.0,0.0,0.0,0.0,10.85,GNSS_LOCKED,0.34,344.54,-130.89,-132.05,-78.25,False,False,False,false
1788951999278,1.4219,3.6802,8.8696,0.00226,-0.0723,0.03063,22.14,18.86,-23.25,0.0,0.0,0.0,0.0,0.0,10.85,GNSS_LOCKED,0.34,344.49,-130.91,-132.1,-78.24,False,False,False,false
1788951999408,1.3167,3.2949,8.8241,0.4458,0.28761,0.1462,21.69,17.94,-23.27,0.0,0.0,0.0,0.0,0.0,10.85,GNSS_LOCKED,7.62,343.04,-130.93,-132.15,-78.24,False,False,False,false
1788951999535,0.7585,4.3747,8.5149,0.06778,0.05979,0.1494,22.29,17.38,-24.81,0.0,0.0,0.0,0.0,0.0,10.85,GNSS_LOCKED,9.24,342.09,-130.95,-132.2,-78.23,False,False,False,false
1788951999662,0.9978,3.7232,7.8568,-0.75126,0.26271,0.84912,23.55,17.34,-25.86,0.0,0.0,0.0,0.0,0.0,10.85,GNSS_LOCKED,15.31,336.93,-130.97,-132.25,-78.22,False,False,False,false
1788951999788,3.0497,1.6355,9.8728,-0.20705,0.16471,0.17337,26.51,18.94,-23.42,0.0,0.0,0.0,0.0,0.0,10.85,GNSS_LOCKED,15.15,335.6,-130.99,-132.3,-78.21,False,False,False,false
1788951999910,1.6181,2.7535,9.3625,0.05872,0.06724,-0.02423,28.16,19.48,-22.56,0.0,0.0,0.0,0.0,0.0,10.73,GNSS_LOCKED,15.69,335.57,-131.01,-132.35,-78.21,False,False,False,false
1788952000021,1.0869,2.9904,9.2166,0.04754,0.21744,-0.09987,28.46,18.96,-22.01,0.0,0.0,0.0,0.0,0.0,10.73,GNSS_LOCKED,15.69,335.72,-131.03,-132.4,-78.2,False,False,False,false
1788952000127,1.3502,2.9928,8.9677,0.10133,0.14128,-0.00559,28.46,19.95,-22.76,0.0,0.0,0.0,0.0,0.0,10.73,GNSS_LOCKED,15.69,335.49,-131.05,-132.45,-78.19,False,False,False,false
1788952000232,1.1898,2.9115,9.4989,0.03742,0.13275,-0.00293,28.5,19.2,-22.65,0.0,0.0,0.0,0.0,0.0,10.73,GNSS_LOCKED,16.04,335.24,-131.07,-132.49,-78.18,False,False,False,false
1788952000340,1.197,3.0503,8.9821,0.03102,0.14341,0.0008,28.41,19.33,-22.78,0.0,0.0,0.0,0.0,0.0,10.73,GNSS_LOCKED,15.55,334.97,-131.08,-132.54,-78.17,False,False,False,false
1788952000445,0.9667,3.149,9.0347,0.11411,-0.1213,0.01198,28.24,19.44,-22.59,0.0,0.0,0.0,0.0,0.0,10.73,GNSS_LOCKED,14.82,335.11,-131.1,-132.59,-78.17,False,False,False,false
1788952000550,1.276,3.0455,9.0802,0.01984,0.04061,0.00506,27.94,18.56,-23.63,0.0,0.0,0.0,0.0,0.0,10.73,GNSS_LOCKED,15.81,334.99,-131.12,-132.64,-78.16,False,False,False,false
1788952000703,0.9452,3.1968,9.4152,0.0012,0.16045,-0.05353,27.64,18.39,-23.61,0.0,0.0,0.0,0.0,0.0,10.73,GNSS_LOCKED,15.65,334.95,-131.14,-132.68,-78.15,False,False,False,false
1788952000877,0.9763,3.067,9.2668,0.02836,0.05499,-0.04394,28.89,19.39,-23.85,0.0,0.0,0.0,0.0,0.0,10.73,GNSS_LOCKED,10.71,335.06,-131.16,-132.73,-78.15,False,False,False,false
1788952001021,0.7609,3.012,9.4439,0.18389,0.13542,-0.22503,28.11,19.63,-23.36,0.0,0.0,0.0,0.0,0.0,10.72,GNSS_LOCKED,11.01,335.97,-131.18,-132.77,-78.14,False,False,False,false
1788952001169,-0.8931,4.7145,9.1161,-0.03768,0.03955,-0.30319,27.34,18.94,-23.4,0.0,0.0,0.0,0.0,0.0,10.72,GNSS_LOCKED,13.32,337.49,-131.2,-132.81,-78.13,False,False,False,false
1788952001336,0.2656,3.3787,9.1783,-0.02117,-0.11651,0.02796,27.23,19.52,-22.58,0.0,0.0,0.0,0.0,0.0,10.72,GNSS_LOCKED,13.37,337.51,-131.22,-132.86,-78.13,False,False,False,false
1788952001473,0.4427,3.3954,8.9701,-0.01052,-0.00306,-0.0008,26.89,19.91,-23.1,0.0,0.0,0.0,0.0,0.0,10.72,GNSS_LOCKED,13.37,337.48,-131.24,-132.91,-78.12,False,False,False,false
1788952001602,0.4929,3.2973,8.9653,-0.002,-0.00413,0.01518,26.94,20.27,-23.06,0.0,0.0,0.0,0.0,0.0,10.72,GNSS_LOCKED,13.37,337.37,-131.26,-132.95,-78.11,False,False,False,false
1788952001723,0.4594,3.3619,9.2166,0.00493,0.01505,-0.01784,26.87,19.22,-22.01,0.0,0.0,0.0,0.0,0.0,10.72,GNSS_LOCKED,13.51,337.39,-131.27,-132.99,-78.11,False,False,False,false
1788952001848,0.4044,3.3619,9.3577,-0.04194,-0.02011,-0.0024,27.39,19.54,-21.56,0.0,0.0,0.0,0.0,0.0,10.72,GNSS_LOCKED,13.37,337.39,-131.29,-133.04,-78.1,False,False,False,false
1788952001971,0.5192,3.2853,9.1663,0.00599,-0.03981,0.00772,27.15,19.86,-22.11,0.0,0.0,0.0,0.0,0.0,10.72,GNSS_LOCKED,13.55,337.38,-131.31,-133.08,-78.1,False,False,False,false
1788952002091,0.39,3.3428,9.14,0.00013,-0.00892,-0.00613,26.66,20.1,-21.96,0.0,0.0,0.0,0.0,0.0,10.72,GNSS_LOCKED,13.55,337.38,-131.33,-133.12,-78.09,False,False,False,false
1788952002209,0.4929,3.3643,9.1519,-0.01531,-0.00626,-0.00133,26.48,19.93,-22.26,0.0,0.0,0.0,0.0,0.0,10.72,GNSS_LOCKED,13.78,337.36,-131.35,-133.16,-78.09,False,False,False,false
1788952002326,0.4379,3.283,9.1759,0.00226,0.00866,-0.0008,27.13,19.65,-21.71,0.0,0.0,0.0,0.0,0.0,10.72,GNSS_LOCKED,12.89,337.3,-131.37,-133.2,-78.08,False,False,False,false
1788952002448,0.5384,3.3428,8.9725,0.02144,-0.00413,0.00186,27.36,20.01,-21.81,0.0,0.0,0.0,0.0,0.0,10.72,GNSS_LOCKED,1.8,337.25,-131.38,-133.24,-78.07,False,False,False,false
1788952002571,0.3781,3.3165,9.0347,0.01079,-0.00093,-0.00293,27.08,19.35,-21.69,0.0,0.0,0.0,0.0,0.0,10.72,GNSS_LOCKED,1.96,337.23,-131.4,-133.28,-78.07,False,False,False,false
1788952002699,0.4642,3.2901,9.2429,-0.01052,0.01079,-0.00346,27.02,18.94,-21.02,0.0,0.0,0.0,0.0,0.0,10.72,GNSS_LOCKED,1.29,337.17,-131.42,-133.32,-78.06,False,False,False,false
1788952002831,0.4522,3.3045,9.0897,-0.0036,-0.01691,-0.0008,27.49,19.74,-21.88,0.0,0.0,0.0,0.0,0.0,10.72,GNSS_LOCKED,0.49,337.16,-131.44,-133.36,-78.06,False,False,False,false
1788952002951,0.3876,3.3452,9.2644,-0.04088,-0.02224,-0.01092,26.59,19.59,-22.67,0.0,0.0,0.0,0.0,0.0,10.72,GNSS_LOCKED,0.63,337.21,-131.45,-133.4,-78.05,False,False,False,false
1788952003068,0.5719,3.3308,8.994,0.00546,-0.01531,0.01731,26.87,19.65,-23.06,0.0,0.0,0.0,0.0,0.0,10.72,GNSS_LOCKED,0.39,337.1,-131.47,-133.44,-78.05,False,False,False,false
1788952003193,0.5384,3.2351,8.9438,-0.02437,-0.01744,-0.01571,26.16,20.44,-21.77,0.0,0.0,0.0,0.0,0.0,10.72,GNSS_LOCKED,0.63,337.18,-131.49,-133.48,-78.04,False,False,False,false
1788952003349,0.6078,3.2088,8.9342,-0.04993,-0.05739,-0.02104,27.26,20.18,-22.52,0.0,0.0,0.0,0.0,0.0,10.72,GNSS_LOCKED,1.29,337.36,-131.5,-133.52,-78.04,False,False,False,false
1788952003486,0.7083,3.1896,9.14,0.01025,-0.01531,0.00186,26.53,20.01,-22.54,0.0,0.0,0.0,0.0,0.0,10.72,GNSS_LOCKED,1.29,337.34,-131.52,-133.56,-78.03,False,False,False,false
1788952003617,0.7059,3.2949,8.9892,0.03262,0.03901,-0.04501,27.08,20.4,-22.61,0.0,0.0,0.0,0.0,0.0,10.72,GNSS_LOCKED,1.23,337.48,-131.54,-133.6,-78.03,False,False,False,false
1788952003744,0.6173,2.6076,8.7547,0.03848,0.16631,-0.04181,26.72,20.31,-22.46,0.0,0.0,0.0,0.0,0.0,10.72,GNSS_LOCKED,2.13,337.35,-131.55,-133.64,-78.02,False,False,False,false
1788952003870,0.5145,3.0574,8.9629,-0.01851,-0.09414,0.00879,26.31,20.57,-21.99,0.0,0.0,0.0,0.0,0.0,10.72,GNSS_LOCKED,3.13,337.42,-131.57,-133.67,-78.02,False,False,False,false
1788952003999,1.0313,2.7153,9.7149,-0.2502,0.08109,0.01678,25.71,20.46,-22.29,0.0,0.0,0.0,0.0,0.0,10.72,GNSS_LOCKED,4.02,337.13,-131.59,-133.71,-78.02,False,False,False,false
1788952004141,0.6652,3.1442,8.872,-0.00519,-0.07976,-0.00399,26.64,20.87,-22.76,0.0,0.0,0.0,0.0,0.0,10.72,GNSS_LOCKED,3.99,337.26,-131.6,-133.75,-78.01,False,False,False,false
1788952004295,0.5049,3.0814,9.2142,-0.0462,0.00812,0.04128,26.03,20.74,-21.96,0.0,0.0,0.0,0.0,0.0,10.72,GNSS_LOCKED,5.06,336.98,-131.62,-133.78,-78.01,False,False,False,false
1788952004472,0.5216,2.9856,9.1089,-0.00413,0.02463,-0.00293,25.99,20.76,-21.49,0.0,0.0,0.0,0.0,0.0,10.72,GNSS_LOCKED,4.03,336.92,-131.63,-133.82,-78.0,False,False,False,false
1788952004625,0.4977,3.2231,9.8058,-0.22197,0.15406,-0.00985,26.16,20.61,-20.98,0.0,0.0,0.0,0.0,0.0,10.72,GNSS_LOCKED,4.11,336.69,-131.65,-133.85,-78.0,False,False,False,false
1788952004760,0.5168,2.9665,9.3841,-0.05739,-0.05792,-0.00453,26.33,20.85,-21.17,0.0,0.0,0.0,0.0,0.0,10.72,GNSS_LOCKED,4.03,336.78,-131.66,-133.89,-77.99,False,False,False,false
1788952004891,0.7681,2.8923,9.2309,-0.06059,0.00173,-0.00506,26.55,20.68,-20.46,0.0,0.0,0.0,0.0,0.0,10.72,GNSS_LOCKED,4.17,336.79,-131.68,-133.93,-77.99,False,False,False,false
1788952005018,0.4331,2.8947,9.2907,-0.00892,0.03102,-0.00346,26.49,20.96,-21.11,0.0,0.0,0.0,0.0,0.0,10.72,GNSS_LOCKED,4.06,336.75,-131.69,-133.96,-77.98,False,False,False,false
1788952005171,1.0917,2.8564,6.801,0.04541,0.02197,-0.0482,26.23,21.04,-20.33,0.0,0.0,0.0,0.0,0.0,10.72,GNSS_LOCKED,4.42,337.01,-131.71,-134.0,-77.97,False,False,False,false
1788952005295,0.2369,2.8062,8.9581,0.0747,-0.05952,0.01731,25.61,21.15,-21.41,0.0,0.0,0.0,0.0,0.0,10.72,GNSS_LOCKED,4.38,337.0,-131.73,-134.03,-77.97,False,False,False,false
1788952005437,0.6221,2.7918,9.1352,0.01238,-0.03555,0.00613,25.88,21.11,-21.32,0.0,0.0,0.0,0.0,0.0,10.72,GNSS_LOCKED,4.31,337.01,-131.74,-134.06,-77.97,False,False,False,false
1788952005558,0.6485,2.7224,9.2381,0.00972,-0.00573,0.00879,25.93,21.02,-20.85,0.0,0.0,0.0,0.0,0.0,10.72,GNSS_LOCKED,4.31,336.94,-131.76,-134.1,-77.97,False,False,False,false
1788952005677,0.6006,2.8445,9.3147,0.01451,0.0225,-0.00399,26.25,21.02,-21.0,0.0,0.0,0.0,0.0,0.0,10.72,GNSS_LOCKED,3.68,336.89,-131.77,-134.13,-77.96,False,False,False,false
1788952005796,0.5168,2.7583,9.3003,0.01451,0.00866,-0.00186,26.08,21.51,-20.79,0.0,0.0,0.0,0.0,0.0,10.72,GNSS_LOCKED,3.68,336.84,-131.79,-134.17,-77.96,False,False,False,false
1788952005920,0.4594,2.8205,9.3434,0.0012,0.00493,-0.00399,26.55,21.86,-19.82,0.0,0.0,0.0,0.0,0.0,10.72,GNSS_LOCKED,3.38,336.81,-131.8,-134.2,-77.96,False,False,False,false
1788952006043,0.5791,2.787,9.1567,0.02144,-0.00146,-0.0024,26.38,21.49,-20.66,0.0,0.0,0.0,0.0,0.0,10.72,DEAD_RECKONING,3.27,336.85,-131.8,-134.2,-77.96,True,True,False,false
1788952006167,0.5575,2.8181,9.3099,-0.00626,0.00333,0.00186,26.1,21.34,-20.63,0.0,0.0,0.0,0.0,0.0,10.72,DEAD_RECKONING,3.24,336.87,-131.8,-134.19,-77.97,True,True,False,false
1788952006287,0.5838,2.7751,9.0562,0.01345,-0.01052,0.00613,26.51,20.89,-19.46,0.0,0.0,0.0,0.0,0.0,10.72,DEAD_RECKONING,3.24,336.89,-131.81,-134.18,-77.97,True,True,False,false
1788952006408,0.5288,2.8062,9.2405,0.02517,0.00173,-0.00453,26.36,20.98,-20.66,0.0,0.0,0.0,0.0,0.0,10.72,DEAD_RECKONING,1.83,336.89,-131.82,-134.14,-77.98,True,True,False,false
1788952006531,0.5743,2.8229,9.3003,-0.00413,0.01079,0.00346,26.03,20.89,-19.99,0.0,0.0,0.0,0.0,0.0,10.72,DEAD_RECKONING,0.36,336.78,-131.83,-134.12,-77.98,True,True,False,false
1788952006653,0.4594,2.7631,9.2022,-0.00093,-0.00519,0.00453,25.93,21.75,-20.51,0.0,0.0,0.0,0.0,0.0,10.72,DEAD_RECKONING,0.34,336.68,-131.84,-134.1,-77.99,True,True,False,false
1788952006778,0.6221,2.7918,9.3314,-0.01691,0.00546,-0.0024,26.64,21.83,-20.83,0.0,0.0,0.0,0.0,0.0,10.72,DEAD_RECKONING,0.36,336.61,-131.85,-134.08,-77.99,True,True,False,false
1788952006911,0.5551,2.7057,9.3841,-0.0217,-0.00945,0.00932,26.19,20.76,-20.98,0.0,0.0,0.0,0.0,0.0,10.72,DEAD_RECKONING,0.39,336.5,-131.87,-134.05,-78.0,True,True,False,false
1788952007040,0.5886,2.7799,9.1926,0.01558,-0.002,-0.00027,26.33,21.13,-19.99,0.0,0.0,0.0,0.0,0.0,10.72,DEAD_RECKONING,0.39,336.43,-131.88,-134.02,-78.0,True,True,False,false
1788952007164,0.5001,2.7511,9.3649,-0.03023,-0.00732,-0.00985,26.21,21.19,-19.82,0.0,0.0,0.0,0.0,0.0,10.72,DEAD_RECKONING,0.38,336.43,-131.89,-133.99,-78.01,True,True,False,false
1788952007286,0.5456,2.7248,9.3027,-0.0265,-0.00732,-0.0024,26.21,20.66,-21.28,0.0,0.0,0.0,0.0,0.0,10.72,DEAD_RECKONING,0.39,336.39,-131.91,-133.96,-78.01,True,True,False,false
1788952007407,0.4953,2.6937,9.1184,-0.06059,-0.04567,-0.00506,26.72,21.13,-20.72,0.0,0.0,0.0,0.0,0.0,10.72,DEAD_RECKONING,0.49,336.44,-131.93,-133.92,-78.02,True,True,False,false
1788952007526,0.8279,2.5741,8.5196,0.08056,-0.08668,-0.0237,26.57,21.43,-20.04,0.0,0.0,0.0,0.0,0.0,10.72,DEAD_RECKONING,2.35,336.77,-131.99,-133.79,-78.02,True,True,False,false
1788952007646,0.5001,2.732,9.3817,0.047,-0.02916,-0.0711,26.25,21.26,-20.42,0.0,0.0,0.0,0.0,0.0,10.72,DEAD_RECKONING,3.04,337.15,-132.05,-133.64,-78.03,True,False,False,false
1788952007771,0.6317,2.6339,9.3027,0.06831,-0.00945,-0.1004,25.84,21.6,-20.38,0.0,0.0,0.0,0.0,0.0,10.72,DEAD_RECKONING,9.09,337.65,-132.09,-133.54,-78.04,True,False,False,false
1788952007890,0.67,2.6841,9.3386,0.00067,-0.0233,-0.0237,25.48,21.36,-20.49,0.0,0.0,0.0,0.0,0.0,10.72,DEAD_RECKONING,8.98,337.76,-132.14,-133.43,-78.05,True,True,False,false
1788952008015,0.7322,2.7176,9.2907,-0.0494,-0.01531,0.00186,25.43,21.66,-21.34,0.0,0.0,0.0,0.0,0.0,10.72,DEAD_RECKONING,8.98,337.72,-132.21,-133.29,-78.05,True,True,False,false
1788952008138,0.6245,2.7081,9.3649,-0.00786,0.00067,-0.01305,25.24,22.09,-20.78,0.0,0.0,0.0,0.0,0.0,10.72,DEAD_RECKONING,9.03,337.75,-132.28,-133.13,-78.05,True,True,False,false
1788952008258,0.6317,2.6818,9.4702,-0.01318,0.01292,-0.01465,25.56,21.6,-21.75,0.0,0.0,0.0,0.0,0.0,10.72,DEAD_RECKONING,8.92,337.78,-132.37,-132.93,-78.05,True,True,False,false
1788952008379,0.6245,2.7679,9.3673,-0.0723,-0.03928,-0.06844,25.07,22.18,-21.19,0.0,0.0,0.0,0.0,0.0,10.72,DEAD_RECKONING,8.98,338.18,-132.47,-132.68,-78.04,True,False,False,false
1788952008501,0.6221,2.6889,9.1041,-0.00839,0.00759,-0.01678,24.43,22.05,-19.86,0.0,0.0,0.0,0.0,0.0,10.72,DEAD_RECKONING,8.92,338.25,-132.59,-132.38,-78.04,True,True,False,false
1788952008628,0.5623,2.6483,9.4415,-0.01265,0.01824,0.00133,24.34,21.77,-20.14,0.0,0.0,0.0,0.0,0.0,10.72,DEAD_RECKONING,8.98,338.22,-132.74,-132.03,-78.03,True,True,False,false
1788952008752,0.7298,2.6028,9.3912,0.03049,-0.051,0.0498,24.77,21.71,-20.27,0.0,0.0,0.0,0.0,0.0,10.72,DEAD_RECKONING,8.17,338.03,-132.92,-131.57,-78.01,True,True,False,false
1788952008880,0.5599,2.7727,9.2548,0.08269,0.03848,-0.00772,24.71,21.02,-20.14,0.0,0.0,0.0,0.0,0.0,10.72,DEAD_RECKONING,8.27,338.05,-133.14,-131.03,-77.99,True,True,False,false
1788952008997,0.7202,2.7655,9.2836,0.07257,0.08216,0.00346,24.83,20.94,-20.7,0.0,0.0,0.0,0.0,0.0,10.72,DEAD_RECKONING,4.45,337.97,-133.49,-130.16,-77.95,True,True,False,false
1788952009120,0.39,2.732,9.2692,-0.01105,0.00919,0.00399,24.04,21.47,-20.14,0.0,0.0,0.0,0.0,0.0,10.72,DEAD_RECKONING,4.29,338.0,-133.72,-129.6,-77.93,True,True,False,false
1788952009251,0.5432,2.7272,9.3027,0.00919,-0.0004,0.00453,25.2,21.68,-21.71,0.0,0.0,0.0,0.0,0.0,10.72,DEAD_RECKONING,4.29,338.03,-133.91,-129.12,-77.92,True,True,False,false
1788952009388,0.5599,2.7416,9.475,-0.01425,0.0028,0.0024,24.83,21.9,-21.56,0.0,0.0,0.0,0.0,0.0,10.72,DEAD_RECKONING,4.55,338.05,-134.11,-128.62,-77.9,True,True,False,false
1788952009508,0.6939,2.7894,8.9868,0.02037,-0.01265,0.0024,24.88,21.9,-21.36,0.0,0.0,0.0,0.0,0.0,10.72,DEAD_RECKONING,6.02,338.09,-134.36,-127.99,-77.89,True,True,False,false
1788952009629,0.5121,2.7344,9.2836,-0.00573,0.02037,0.0008,25.2,22.01,-20.81,0.0,0.0,0.0,0.0,0.0,10.72,DEAD_RECKONING,1.99,338.04,-134.43,-127.83,-77.89,True,True,False,false
1788952009752,0.5121,2.72,9.3099,-0.0036,-0.0249,0.01731,24.88,21.28,-20.1,0.0,0.0,0.0,0.0,0.0,10.72,DEAD_RECKONING,2.11,337.91,-134.47,-127.73,-77.89,True,True,False,false
1788952009874,0.5791,2.7105,9.4439,-0.01531,0.02996,0.00133,24.86,21.47,-19.86,0.0,0.0,0.0,0.0,0.0,10.72,DEAD_RECKONING,2.06,337.75,-134.52,-127.61,-77.89,True,True,False,false
1788952009995,0.5767,2.7535,9.4893,-0.00626,0.05819,-0.01891,24.54,20.83,-18.81,0.0,0.0,0.0,0.0,0.0,10.72,DEAD_RECKONING,2.11,337.64,-134.59,-127.45,-77.89,True,True,False,false
1788952010118,0.6556,2.7033,9.195,0.00013,0.00173,-0.0024,24.73,21.39,-20.33,0.0,0.0,0.0,0.0,0.0,10.72,DEAD_RECKONING,2.07,337.52,-134.67,-127.28,-77.88,True,True,False,false
1788952010238,0.5934,2.6889,9.2955,-0.00306,0.00972,0.00027,25.01,21.64,-20.42,0.0,0.0,0.0,0.0,0.0,10.72,DEAD_RECKONING,2.11,337.37,-134.76,-127.1,-77.88,True,True,False,false
1788952010361,0.7202,2.6267,9.1902,-0.01478,-0.04407,0.01198,25.59,21.75,-19.67,0.0,0.0,0.0,0.0,0.0,10.72,DEAD_RECKONING,2.1,337.24,-134.84,-126.91,-77.88,True,True,False,false
1788952010481,0.6269,2.5908,10.0475,-0.03236,-0.02224,-0.01358,25.43,21.71,-18.75,0.0,0.0,0.0,0.0,0.0,10.72,DEAD_RECKONING,2.52,337.22,-134.95,-126.68,-77.87,True,True,False,false
1788952010609,0.7131,2.5621,8.9916,-0.05153,0.01292,0.00346,25.43,22.07,-20.04,0.0,0.0,0.0,0.0,0.0,10.72,DEAD_RECKONING,2.97,337.06,-135.07,-126.41,-77.87,True,True,False,false
1788952010732,0.5312,2.7511,8.817,0.06405,-0.09627,-0.07004,25.03,21.73,-20.57,0.0,0.0,0.0,0.0,0.0,10.72,DEAD_RECKONING,3.38,337.53,-135.2,-126.11,-77.87,True,False,False,false
1788952010855,0.5551,2.7535,9.1208,0.04434,0.05659,-0.00346,24.77,21.86,-19.5,0.0,0.0,0.0,0.0,0.0,10.72,DEAD_RECKONING,3.5,337.39,-135.34,-125.79,-77.87,True,True,False,false
1788952010976,0.5001,2.6674,9.5252,0.00173,-0.03236,0.01358,25.59,21.81,-20.23,0.0,0.0,0.0,0.0,0.0,10.72,DEAD_RECKONING,3.48,337.3,-135.48,-125.48,-77.87,True,True,False,false
1788952011094,0.6532,2.5813,9.8201,0.03156,-0.01105,-0.00772,25.67,21.86,-20.4,0.0,0.0,0.0,0.0,0.0,10.72,DEAD_RECKONING,3.48,337.3,-135.62,-125.17,-77.87,True,True,False,false
1788952011214,0.4235,2.7009,9.2237,0.00546,0.00972,0.0008,25.29,21.58,-19.86,0.0,0.0,0.0,0.0,0.0,10.72,DEAD_RECKONING,3.45,337.22,-135.75,-124.85,-77.87,True,True,False,false
1788952011333,0.5503,2.7296,9.1376,-0.01318,-0.0217,0.02157,25.09,20.96,-20.21,0.0,0.0,0.0,0.0,0.0,10.72,DEAD_RECKONING,3.35,337.08,-135.88,-124.55,-77.87,True,True,False,false
1788952011454,0.7035,2.6483,9.5013,0.03529,-0.00253,-0.01678,25.16,21.66,-20.48,0.0,0.0,0.0,0.0,0.0,10.72,DEAD_RECKONING,3.45,337.12,-136.02,-124.24,-77.86,True,True,False,false
1788952011576,0.7944,2.7392,9.2836,0.00067,-0.01957,-0.00985,25.48,21.86,-20.14,0.0,0.0,0.0,0.0,0.0,10.72,DEAD_RECKONING,3.38,337.14,-136.15,-123.93,-77.86,True,True,False,false
1788952011691,0.5049,2.878,9.2477,-0.00093,-0.03822,0.0008,25.22,21.17,-19.26,0.0,0.0,0.0,0.0,0.0,10.72,DEAD_RECKONING,3.25,337.14,-136.28,-123.63,-77.86,True,True,False,false
1788952011813,0.5384,2.9354,9.3027,0.00706,0.03742,-0.00453,25.59,21.32,-19.05,0.0,0.0,0.0,0.0,0.0,10.72,DEAD_RECKONING,3.25,337.04,-136.41,-123.33,-77.86,True,True,False,false
1788952011932,0.335,2.7918,9.6311,-0.01585,0.06138,-0.01518,25.65,22.76,-20.25,0.0,0.0,0.0,0.0,0.0,10.72,DEAD_RECKONING,2.19,336.95,-136.51,-123.11,-77.86,True,True,False,false
1788952012054,0.4594,2.7344,9.3553,0.06138,-0.06804,-0.01092,25.05,22.28,-19.91,0.0,0.0,0.0,0.0,0.0,10.72,DEAD_RECKONING,2.22,337.03,-136.61,-122.89,-77.86,True,True,False,false
1788952012174,0.5671,2.7775,9.0754,0.01824,-0.00519,0.00186,24.96,21.32,-18.94,0.0,0.0,0.0,0.0,0.0,10.72,DEAD_RECKONING,2.17,336.94,-136.7,-122.69,-77.86,True,True,False,false
1788952012299,0.5408,2.6937,9.6335,-0.00146,0.01877,-0.00399,25.48,21.45,-19.41,0.0,0.0,0.0,0.0,0.0,10.72,DEAD_RECKONING,2.08,336.83,-136.8,-122.49,-77.85,True,True,False,false
1788952012420,0.5168,2.7559,9.3841,0.08535,0.08056,-0.01518,25.24,21.34,-19.14,0.0,0.0,0.0,0.0,0.0,10.72,DEAD_RECKONING,2.25,336.68,-136.9,-122.28,-77.85,True,True,False,false
1788952012550,0.213,3.1418,8.8481,0.02716,0.0502,-0.00506,25.09,21.34,-18.54,0.0,0.0,0.0,0.0,0.0,10.72,DEAD_RECKONING,2.48,336.55,-137.0,-122.05,-77.85,True,True,False,false
1788952012667,0.2249,3.1005,8.7093,-0.0229,0.01664,-0.00133,25.01,21.66,-19.22,0.0,0.0,0.0,0.0,0.0,10.72,DEAD_RECKONING,2.91,336.46,-137.11,-121.79,-77.86,True,True,False,false
1788952012797,0.5336,3.1633,9.3314,-0.01491,-0.00839,0.00985,25.54,21.41,-19.26,0.0,0.0,0.0,0.0,0.0,10.72,DEAD_RECKONING,2.91,336.36,-137.23,-121.53,-77.87,True,True,False,false
1788952012916,0.5168,3.271,9.1041,0.03835,-0.03236,0.01784,24.64,21.38,-19.59,0.0,0.0,0.0,0.0,0.0,10.72,DEAD_RECKONING,2.91,336.26,-137.34,-121.27,-77.88,True,True,False,false
1788952013037,0.481,3.3906,9.0873,0.10706,0.06085,-0.00559,24.86,21.11,-19.31,0.0,0.0,0.0,0.0,0.0,10.72,DEAD_RECKONING,2.98,336.12,-137.46,-121.0,-77.89,True,True,False,false
1788952013158,0.6843,3.4409,9.4463,-0.07457,0.03848,0.00932,25.01,21.09,-19.37,0.0,0.0,0.0,0.0,0.0,10.72,DEAD_RECKONING,2.89,335.95,-137.57,-120.74,-77.89,True,True,False,false
1788952013278,0.3924,3.5797,9.207,-0.04687,-0.02703,0.00453,25.48,21.02,-21.0,0.0,0.0,0.0,0.0,0.0,10.72,DEAD_RECKONING,2.71,335.91,-137.68,-120.49,-77.9,True,True,False,false
1788952013406,0.4977,3.5916,9.0849,-0.01651,-0.01158,0.00932,26.1,20.36,-21.99,0.0,0.0,0.0,0.0,0.0,10.72,DEAD_RECKONING,2.78,335.83,-137.79,-120.24,-77.91,True,True,False,false
1788952013542,0.3685,3.5749,9.1113,0.07723,-0.02969,0.04341,25.52,21.47,-21.86,0.0,0.0,0.0,0.0,0.0,10.72,DEAD_RECKONING,2.61,335.59,-137.91,-120.0,-77.92,True,True,False,false
1788952013667,-0.1035,4.1641,9.0802,0.21251,-0.18349,0.42423,25.93,21.13,-21.24,0.0,0.0,0.0,0.0,0.0,10.72,DEAD_RECKONING,11.09,333.56,-138.05,-119.72,-77.92,True,False,False,false
1788952013795,0.7107,4.1563,8.9845,0.3004,0.06831,0.64513,25.35,19.43,-23.36,0.0,0.0,0.0,0.0,0.0,10.72,DEAD_RECKONING,13.48,329.89,-138.2,-119.43,-77.93,True,False,False,false
1788952013915,2.5687,3.1149,7.73,0.21198,-0.16112,0.17976,26.66,18.96,-24.6,0.0,0.0,0.0,0.0,0.0,10.72,DEAD_RECKONING,14.0,329.21,-138.38,-119.11,-77.94,True,False,False,false
1788952014036,1.8048,3.2471,8.7356,-0.00852,0.08908,0.10253,26.85,18.39,-24.96,0.0,0.0,0.0,0.0,0.0,10.72,DEAD_RECKONING,14.15,328.43,-138.58,-118.76,-77.97,True,False,False,false
1788952014154,1.2688,3.6873,9.1496,-0.19001,0.20839,0.01784,27.6,18.11,-24.3,0.0,0.0,0.0,0.0,0.0,10.72,DEAD_RECKONING,14.15,327.96,-138.81,-118.37,-78.0,True,True,False,false
1788952014272,1.6564,3.6706,9.2046,-0.15912,-0.06205,-0.01784,27.84,18.15,-23.94,0.0,0.0,0.0,0.0,0.0,10.72,DEAD_RECKONING,14.0,328.25,-139.07,-117.91,-78.02,True,True,False,false
1788952014388,1.8814,3.6993,8.1057,0.03515,0.15619,-0.09507,27.92,18.77,-23.64,0.0,0.0,0.0,0.0,0.0,10.72,DEAD_RECKONING,13.92,328.43,-139.37,-117.37,-78.05,True,False,False,false
1788952014512,0.9523,3.5151,9.7077,0.11558,-0.43435,-0.77602,26.76,18.75,-23.08,0.0,0.0,0.0,0.0,0.0,10.72,DEAD_RECKONING,13.75,333.4,-139.72,-116.72,-78.07,True,False,False,false
1788952014632,0.2776,3.0024,8.5675,0.0229,0.01451,-0.20519,24.62,19.88,-24.04,0.0,0.0,0.0,0.0,0.0,10.72,DEAD_RECKONING,13.26,334.4,-140.13,-115.95,-78.09,True,False,False,false
1788952014757,-0.015,3.4768,10.4088,-0.0474,0.25952,-0.00027,23.96,20.64,-22.2,0.0,0.0,0.0,0.0,0.0,10.72,DEAD_RECKONING,13.92,333.38,-140.62,-115.12,-78.1,True,True,False,false
1788952014874,0.4499,3.5414,7.8832,0.39414,0.04434,0.06258,24.68,21.02,-21.99,0.0,0.0,0.0,0.0,0.0,10.72,DEAD_RECKONING,13.32,332.84,-141.13,-114.09,-78.13,True,False,False,false
1788952014997,0.2034,3.7711,9.4176,-0.05912,-0.03768,-0.01465,24.64,19.8,-24.47,0.0,0.0,0.0,0.0,0.0,10.72,DEAD_RECKONING,13.32,332.97,-141.7,-112.9,-78.18,True,True,False,false
1788952015123,0.8542,3.5486,8.7093,-0.08136,-0.07323,0.03648,24.49,20.57,-24.34,0.0,0.0,0.0,0.0,0.0,10.72,DEAD_RECKONING,13.06,333.12,-142.32,-111.52,-78.23,True,True,False,false
1788952015243,0.8949,3.6443,9.2309,0.03089,0.03529,-0.02264,25.01,20.98,-23.36,0.0,0.0,0.0,0.0,0.0,10.72,DEAD_RECKONING,12.88,333.46,-142.96,-109.97,-78.3,True,True,False,false
1788952015362,-0.0652,3.3739,8.9462,0.00959,-0.00839,-0.01305,24.08,20.7,-22.39,0.0,0.0,0.0,0.0,0.0,10.72,DEAD_RECKONING,12.73,333.96,-143.61,-108.31,-78.38,True,True,False,false
1788952015479,1.1276,3.594,8.9366,0.02823,-0.01158,0.03169,24.41,20.21,-23.04,0.0,0.0,0.0,0.0,0.0,10.72,DEAD_RECKONING,12.63,334.17,-144.24,-106.71,-78.45,True,True,False,false
1788952015596,0.6987,3.4744,8.8887,-0.03036,0.05712,-0.06205,24.71,20.31,-22.5,0.0,0.0,0.0,0.0,0.0,10.72,DEAD_RECKONING,12.25,334.47,-144.76,-105.49,-78.5,True,False,False,false
1788952015712,0.6221,3.8094,8.8672,-0.03782,-0.05885,-0.04021,24.9,21.02,-24.3,0.0,0.0,0.0,0.0,0.0,10.72,DEAD_RECKONING,10.52,334.83,-145.1,-104.66,-78.54,True,True,False,false
1788952015833,0.883,3.7161,9.3338,0.18375,0.18122,0.01624,24.19,21.38,-24.53,0.0,0.0,0.0,0.0,0.0,10.72,DEAD_RECKONING,6.17,334.35,-145.51,-103.74,-78.57,True,True,False,false
1788952015958,0.8734,3.8524,9.1232,-0.12184,-0.03715,-0.04554,24.77,20.87,-23.78,0.0,0.0,0.0,0.0,0.0,10.72,DEAD_RECKONING,6.1,334.62,-145.9,-102.84,-78.6,True,True,False,false
1788952016086,0.8255,4.1587,8.2899,-0.06551,0.02463,-0.06844,25.07,21.08,-24.28,0.0,0.0,0.0,0.0,0.0,10.72,DEAD_RECKONING,5.29,334.86,-146.27,-101.97,-78.64,True,False,False,false
1788952016209,0.7944,4.1737,9.0132,-0.10586,-0.11265,-0.04873,24.26,21.23,-23.83,0.0,0.0,0.0,0.0,0.0,10.72,DEAD_RECKONING,5.39,335.31,-146.59,-101.15,-78.69,True,True,False,false
1788952016334,0.9906,4.0415,8.5603,0.13635,-0.07537,-0.03755,24.02,21.83,-22.84,0.0,0.0,0.0,0.0,0.0,10.72,DEAD_RECKONING,5.19,335.68,-146.85,-100.37,-78.75,True,True,False,false
1788952016472,0.3781,4.3484,8.4144,-0.13089,-0.13076,-0.07643,24.69,22.14,-24.0,0.0,0.0,0.0,0.0,0.0,10.72,DEAD_RECKONING,5.25,336.37,-147.07,-99.68,-78.81,True,False,False,false
1788952016605,1.2951,4.0558,7.7563,0.03675,0.13595,-0.0466,24.58,22.05,-24.02,0.0,0.0,0.0,0.0,0.0,10.72,DEAD_RECKONING,5.06,336.49,-147.19,-99.04,-78.89,True,True,False,false
1788952016729,0.6054,4.2933,8.5316,0.09214,0.03848,-0.08815,24.17,21.68,-23.38,0.0,0.0,0.0,0.0,0.0,10.72,DEAD_RECKONING,4.77,336.95,-147.35,-98.51,-78.95,True,False,False,false
1788952016848,0.6796,4.255,8.9988,-0.08881,-0.06844,-0.08442,24.02,22.05,-22.89,0.0,0.0,0.0,0.0,0.0,10.72,DEAD_RECKONING,4.83,337.73,-147.43,-98.07,-79.02,True,False,False,false
1788952016969,1.0822,4.3005,8.4742,0.05859,-0.19946,0.00133,24.23,22.2,-24.04,0.0,0.0,0.0,0.0,0.0,10.72,DEAD_RECKONING,4.97,338.95,-147.12,-97.58,-79.19,True,True,False,false
1788952017099,1.0098,4.1276,8.7595,-0.08935,-0.21544,-0.06897,25.03,22.43,-24.43,0.0,0.0,0.0,0.0,0.0,10.72,DEAD_RECKONING,3.79,340.0,-147.2,-97.24,-79.24,True,False,False,false
1788952017235,0.9523,3.8668,8.6925,0.04048,0.10346,-0.06152,24.43,23.29,-24.62,0.0,0.0,0.0,0.0,0.0,10.72,DEAD_RECKONING,4.19,340.38,-147.21,-96.99,-79.29,True,False,False,false
1788952017360,1.063,4.1037,9.1759,-0.04953,-0.13502,-0.05939,24.3,22.74,-24.62,0.0,0.0,0.0,0.0,0.0,10.72,DEAD_RECKONING,3.54,341.33,-147.2,-96.73,-79.36,True,False,False,false
1788952017479,0.6772,4.13,8.7739,-0.16498,-0.01957,-0.13821,24.11,23.18,-24.49,0.0,0.0,0.0,0.0,0.0,10.72,DEAD_RECKONING,5.09,342.11,-147.39,-96.31,-79.4,True,False,False,false
1788952017599,0.7322,3.9721,7.7276,0.06551,0.05659,-0.06684,23.85,24.32,-23.72,0.0,0.0,0.0,0.0,0.0,10.72,DEAD_RECKONING,4.99,342.61,-147.41,-95.81,-79.49,True,False,False,false
1788952017718,1.0726,3.9266,8.738,0.15286,-0.08282,-0.03116,23.63,23.51,-23.38,0.0,0.0,0.0,0.0,0.0,10.72,DEAD_RECKONING,4.88,343.33,-147.36,-95.29,-79.61,True,True,False,false
1788952017844,1.0774,4.1085,8.4622,0.18908,0.09707,-0.02477,23.94,23.14,-24.0,0.0,0.0,0.0,0.0,0.0,10.72,DEAD_RECKONING,5.01,343.37,-147.44,-94.78,-79.68,True,True,False,false
1788952017964,0.7729,4.0415,9.0227,0.07244,-0.00093,-0.0269,23.93,24.49,-23.98,0.0,0.0,0.0,0.0,0.0,10.72,DEAD_RECKONING,5.0,343.55,-147.57,-94.3,-79.73,True,True,False,false
1788952018084,0.3182,4.5948,9.8752,-0.05166,-0.16271,-0.06738,24.24,24.11,-25.18,0.0,0.0,0.0,0.0,0.0,10.72,DEAD_RECKONING,5.19,344.27,-147.71,-93.8,-79.76,True,False,False,false
1788952018208,0.6652,4.3962,9.8465,-0.24434,-0.06684,-0.06258,24.53,24.62,-24.73,0.0,0.0,0.0,0.0,0.0,10.72,DEAD_RECKONING,5.02,344.74,-147.85,-93.31,-79.78,True,False,False,false
1788952018325,0.7178,4.1444,8.7858,-0.13622,-0.09401,-0.03382,24.06,24.54,-25.33,0.0,0.0,0.0,0.0,0.0,10.72,DEAD_RECKONING,5.03,345.12,-147.97,-92.81,-79.8,True,True,False,false
1788952018443,0.4666,4.4393,9.6335,0.10013,-0.0759,-0.0743,24.21,24.56,-24.9,0.0,0.0,0.0,0.0,0.0,10.72,DEAD_RECKONING,5.12,345.65,-148.1,-92.31,-79.82,True,False,False,false
1788952018562,0.2656,4.4704,8.2804,-0.32263,-0.11052,-0.03542,24.3,24.92,-25.24,0.0,0.0,0.0,0.0,0.0,10.72,DEAD_RECKONING,5.11,346.07,-148.2,-91.8,-79.83,True,True,False,false
1788952018682,1.5057,4.6451,8.6447,0.08202,-0.09507,0.0008,23.93,24.77,-26.34,0.0,0.0,0.0,0.0,0.0,10.72,DEAD_RECKONING,4.02,346.3,-148.32,-91.36,-79.83,True,True,False,false
1788952018801,0.4953,3.9649,7.6247,0.1518,0.18974,-0.03329,24.38,24.83,-25.16,0.0,0.0,0.0,0.0,0.0,10.72,DEAD_RECKONING,4.03,346.04,-148.45,-90.93,-79.84,True,True,False,false
1788952018930,0.3972,4.389,7.9454,0.18375,0.00706,0.03435,24.21,25.18,-25.54,0.0,0.0,0.0,0.0,0.0,10.72,DEAD_RECKONING,5.13,345.81,-148.54,-90.44,-79.87,True,True,False,false
1788952019044,0.4092,4.4082,10.2772,-0.12983,-0.21385,-0.03435,23.93,25.14,-25.16,0.0,0.0,0.0,0.0,0.0,10.72,DEAD_RECKONING,5.57,346.45,-148.62,-89.91,-79.89,True,True,False,false
1788952019161,1.2329,4.5278,9.9302,-0.24807,-0.25432,0.1004,23.57,25.07,-25.13,0.0,0.0,0.0,0.0,0.0,10.72,DEAD_RECKONING,8.59,346.45,-148.71,-89.35,-79.9,True,False,False,false
1788952019282,0.7777,3.594,7.0475,0.11291,0.31225,-0.09081,23.63,25.24,-25.41,0.0,0.0,0.0,0.0,0.0,10.72,DEAD_RECKONING,9.58,346.14,-148.8,-88.74,-79.92,True,False,False,false
1788952019402,-0.9242,5.7583,9.073,0.45592,-0.16804,-0.11265,24.43,23.61,-25.93,0.0,0.0,0.0,0.0,0.0,10.72,DEAD_RECKONING,9.1,347.06,-148.89,-88.07,-79.95,True,False,False,false
1788952019524,1.6134,4.6929,8.1535,-0.35459,-0.04873,0.12969,24.3,23.68,-28.26,0.0,0.0,0.0,0.0,0.0,10.72,DEAD_RECKONING,12.36,346.44,-149.02,-87.39,-79.97,True,False,False,false
1788952019650,0.2034,4.8197,7.215,0.07031,0.16631,-0.05885,24.64,23.87,-28.46,0.0,0.0,0.0,0.0,0.0,10.72,DEAD_RECKONING,12.51,346.23,-149.17,-86.65,-80.0,True,False,False,false
1788952019771,1.0193,4.9035,9.1304,-0.02237,-0.1249,0.14887,24.94,24.13,-27.43,0.0,0.0,0.0,0.0,0.0,10.72,DEAD_RECKONING,12.96,345.69,-149.31,-85.82,-80.04,True,False,False,false
1788952019896,0.3637,4.669,7.7061,0.12144,0.0715,-0.01039,24.23,24.04,-27.54,0.0,0.0,0.0,0.0,0.0,10.72,DEAD_RECKONING,12.9,345.54,-149.46,-84.87,-80.1,True,True,False,false
1788952020019,0.0383,4.5541,7.4183,0.0261,0.07363,0.06578,24.58,24.08,-28.35,0.0,0.0,0.0,0.0,0.0,10.72,DEAD_RECKONING,12.91,345.03,-149.58,-83.79,-80.18,True,False,False,false
1788952020157,0.7872,4.7839,9.7603,-0.47762,-0.4434,0.1462,25.14,24.21,-26.27,0.0,0.0,0.0,0.0,0.0,10.72,DEAD_RECKONING,13.45,345.29,-149.76,-82.61,-80.24,True,False,False,false
1788952020286,0.4403,3.9864,11.132,-0.56018,0.1759,-0.04128,23.59,26.61,-25.31,0.0,0.0,0.0,0.0,0.0,10.72,DEAD_RECKONING,13.15,345.55,-149.77,-81.19,-80.38,True,True,False,false
1788952020404,0.2297,4.7097,8.3856,-0.00586,0.15726,-0.01784,23.89,26.66,-25.73,0.0,0.0,0.0,0.0,0.0,10.72,DEAD_RECKONING,12.92,345.66,-149.79,-79.64,-80.5,True,True,False,false
1788952020519,0.8231,3.7424,7.1312,0.2221,0.15406,0.14567,24.15,26.55,-25.46,0.0,0.0,0.0,0.0,0.0,10.72,DEAD_RECKONING,13.56,344.56,-149.97,-78.1,-80.56,True,False,False,false
1788952020639,1.0654,4.7862,6.5976,0.64274,0.12263,0.04075,23.55,25.95,-25.48,0.0,0.0,0.0,0.0,0.0,10.72,DEAD_RECKONING,13.99,344.45,-149.99,-76.44,-80.73,True,True,False,false
1788952020758,-0.2901,4.3316,10.7755,-0.2209,0.01771,0.04288,23.81,25.69,-25.95,0.0,0.0,0.0,0.0,0.0,10.72,DEAD_RECKONING,14.85,344.55,-150.07,-74.82,-80.88,True,True,False,false
1788952020878,-0.2806,4.657,8.2995,0.05912,0.0257,0.02636,23.4,24.58,-25.14,0.0,0.0,0.0,0.0,0.0,10.72,DEAD_RECKONING,9.97,344.44,-150.29,-73.89,-80.92,True,True,False,false
1788952021011,0.3589,4.925,9.2118,-0.07297,0.23395,0.03009,24.38,24.94,-25.91,0.0,0.0,0.0,0.0,0.0,10.72,DEAD_RECKONING,7.59,343.72,-150.54,-72.92,-80.94,True,True,False,false
1788952021128,0.8375,2.0758,5.1009,1.31956,-0.04301,-0.54979,24.79,24.73,-26.34,0.0,0.0,0.0,0.0,0.0,10.72,DEAD_RECKONING,14.14,346.58,-151.02,-71.47,-80.97,True,False,False,false
1788952021248,0.1531,5.8828,9.8608,0.49746,-0.8667,0.35126,22.74,22.44,-27.58,0.0,0.0,0.0,0.0,0.0,10.72,DEAD_RECKONING,13.63,347.42,-151.54,-70.13,-80.97,True,False,False,false
1788952021374,0.8638,6.1795,8.6758,-0.35299,-0.32996,0.35818,22.59,22.22,-29.03,0.0,0.0,0.0,0.0,0.0,10.72,DEAD_RECKONING,15.02,346.62,-152.14,-68.75,-80.93,True,False,False,false
1788952021500,-0.1418,4.0654,6.4223,0.3952,0.07736,0.10679,23.42,21.84,-29.06,0.0,0.0,0.0,0.0,0.0,10.72,DEAD_RECKONING,15.23,345.81,-152.65,-67.3,-80.93,True,False,False,false
1788952021628,-0.9099,5.2965,10.124,0.01065,-0.2442,0.00666,23.03,21.15,-28.61,0.0,0.0,0.0,0.0,0.0,10.72,DEAD_RECKONING,14.91,346.63,-153.01,-65.87,-81.0,True,True,False,false
1788952021745,-0.4289,4.6666,8.6423,-0.28854,-0.20799,0.0972,23.23,20.63,-28.43,0.0,0.0,0.0,0.0,0.0,10.72,DEAD_RECKONING,14.93,346.88,-153.25,-64.39,-81.03,True,False,False,false
1788952021864,0.0144,4.5374,8.4383,0.06285,0.17164,0.11105,23.81,21.08,-27.43,0.0,0.0,0.0,0.0,0.0,10.72,DEAD_RECKONING,13.69,345.85,-153.48,-63.01,-81.07,True,False,False,false
1788952021984,-0.5462,5.3492,9.6042,-0.14261,-0.13449,-0.05193,23.76,21.17,-27.73,0.0,0.0,0.0,0.0,0.0,10.72,DEAD_RECKONING,14.54,346.77,-153.63,-61.56,-81.14,True,True,False,false
1788952022104,-0.3021,4.8867,8.9055,-0.38335,-0.16058,0.13662,23.51,21.45,-27.75,0.0,0.0,0.0,0.0,0.0,10.72,DEAD_RECKONING,14.34,346.57,-153.87,-60.15,-81.14,True,False,False,false
1788952022219,0.1723,3.7448,7.4734,0.42822,0.07204,0.44753,23.48,21.69,-25.65,0.0,0.0,0.0,0.0,0.0,10.72,DEAD_RECKONING,13.6,344.06,-154.13,-58.78,-81.15,True,False,False,false
1788952022338,-1.456,5.0997,14.0267,-0.49893,-0.28841,0.07004,23.96,22.33,-25.29,0.0,0.0,0.0,0.0,0.0,10.72,DEAD_RECKONING,12.46,344.95,-154.18,-57.4,-81.23,True,False,False,false
1788952022455,2.9228,2.6267,4.8808,0.30359,-0.09987,0.76124,24.32,22.48,-24.13,0.0,0.0,0.0,0.0,0.0,10.72,DEAD_RECKONING,15.83,341.29,-154.6,-56.09,-81.13,False,False,False,false
1788952022573,0.4977,3.2638,7.8401,0.80252,-0.05406,0.04181,25.78,23.98,-23.93,0.0,0.0,0.0,0.0,0.0,10.72,DEAD_RECKONING,15.89,341.17,-155.01,-54.73,-81.05,False,True,False,false
1788952022690,-0.8357,4.3412,11.412,-0.47922,-0.151,0.04767,25.89,23.36,-23.48,0.0,0.0,0.0,0.0,0.0,10.72,DEAD_RECKONING,14.43,341.33,-155.22,-53.3,-81.01,False,True,False,false
1788952022815,1.0439,3.3021,9.4487,0.14168,0.04008,0.03542,25.88,24.13,-22.99,0.0,0.0,0.0,0.0,0.0,10.72,DEAD_RECKONING,17.63,340.96,-155.34,-51.82,-80.98,False,True,False,false
1788952022942,0.3541,3.728,7.7563,0.07616,0.13861,0.02956,25.59,24.3,-22.67,0.0,0.0,0.0,0.0,0.0,10.72,DEAD_RECKONING,17.85,340.31,-155.38,-50.29,-80.97,False,True,False,false
1788952023062,0.0861,3.8548,7.2772,0.47403,-0.10359,0.1004,25.99,23.4,-22.91,0.0,0.0,0.0,0.0,0.0,10.72,DEAD_RECKONING,17.93,340.08,-155.43,-48.72,-80.97,False,False,False,false
1788952023183,1.0265,3.5701,8.6016,0.16351,-0.05939,0.14833,26.38,23.25,-23.49,0.0,0.0,0.0,0.0,0.0,10.72,DEAD_RECKONING,17.85,339.5,-155.45,-47.08,-80.99,False,False,False,false
1788952023304,1.1252,3.1729,6.5665,0.11931,0.0779,0.09294,25.63,23.7,-25.11,0.0,0.0,0.0,0.0,0.0,10.72,DEAD_RECKONING,17.85,338.71,-155.41,-45.33,-81.04,False,False,False,false
1788952023424,0.3517,4.3244,8.0315,0.20666,0.00652,-0.01678,26.27,22.73,-24.68,0.0,0.0,0.0,0.0,0.0,10.72,DEAD_RECKONING,17.85,338.69,-155.31,-43.49,-81.12,False,True,False,false
1788952023550,0.9141,4.4034,8.5292,0.09481,0.0715,0.07963,26.1,22.11,-24.6,0.0,0.0,0.0,0.0,0.0,10.72,DEAD_RECKONING,17.97,337.99,-155.26,-41.6,-81.2,False,False,False,false
1788952023667,0.1412,4.3771,8.8002,-0.05539,0.12104,-0.04767,25.65,22.28,-23.76,0.0,0.0,0.0,0.0,0.0,10.72,DEAD_RECKONING,11.2,337.7,-155.48,-40.19,-81.19,False,True,False,false
1788952023788,0.682,4.2287,9.2931,-0.30825,-0.06152,0.00932,26.03,22.31,-24.32,0.0,0.0,0.0,0.0,0.0,10.72,DEAD_RECKONING,12.88,337.79,-155.44,-38.83,-81.3,False,True,False,false
1788952023911,1.5966,4.0822,7.3537,-0.22516,0.19294,0.03329,26.61,22.44,-24.49,0.0,0.0,0.0,0.0,0.0,10.72,DEAD_RECKONING,12.67,336.91,-155.37,-37.42,-81.42,False,True,False,false
1788952024035,-0.8357,4.2383,9.6215,-0.00213,0.10346,-0.11851,26.83,21.88,-24.21,0.0,0.0,0.0,0.0,0.0,10.72,DEAD_RECKONING,18.44,337.06,-155.5,-35.87,-81.48,False,False,False,false
1788952024154,0.1771,4.8126,11.9103,-0.80026,-0.14034,0.02264,26.78,21.28,-24.53,0.0,0.0,0.0,0.0,0.0,10.72,DEAD_RECKONING,18.51,337.31,-155.63,-34.29,-81.52,False,True,False,false
1788952024273,1.5823,5.0255,3.1663,-0.44513,0.23289,-0.03222,26.64,21.36,-23.91,0.0,0.0,0.0,0.0,0.0,10.72,DEAD_RECKONING,17.54,336.76,-155.73,-32.61,-81.62,False,True,False,false
1788952024399,-0.3667,4.0702,7.4447,0.41225,-0.00839,0.09188,26.72,20.7,-23.4,0.0,0.0,0.0,0.0,0.0,10.72,DEAD_RECKONING,9.84,336.24,-155.72,-31.28,-81.71,False,False,False,false
1788952024515,0.0359,4.8485,14.2684,-0.81197,-0.17443,-0.02051,26.61,20.12,-22.84,0.0,0.0,0.0,0.0,0.0,10.72,DEAD_RECKONING,9.84,336.74,-155.57,-30.04,-81.84,False,True,False,false
1788952024642,0.4259,4.6714,8.6423,-0.45153,0.43102,-0.12437,26.81,19.89,-22.61,0.0,0.0,0.0,0.0,0.0,10.72,DEAD_RECKONING,15.06,336.33,-155.6,-28.35,-81.99,False,False,False,false
1788952024761,-0.1059,2.5071,4.7731,0.62729,-0.14993,-0.69467,26.91,18.34,-21.9,0.0,0.0,0.0,0.0,0.0,10.72,DEAD_RECKONING,17.57,340.27,-155.55,-26.66,-82.15,False,False,False,false
1788952024881,-0.4576,5.1906,8.7715,0.66191,-0.31558,0.22503,25.52,18.3,-22.63,0.0,0.0,0.0,0.0,0.0,10.72,DEAD_RECKONING,16.06,339.92,-155.5,-24.83,-82.31,False,False,False,false
1788952025009,0.7681,2.854,7.3992,-0.16231,-0.53288,0.89227,25.54,18.53,-21.9,0.0,0.0,0.0,0.0,0.0,10.72,DEAD_RECKONING,17.74,336.85,-155.49,-23.11,-82.4,False,False,False,false
1788952025129,-0.7878,3.3093,7.9765,-0.36631,0.26484,0.74207,25.91,18.17,-23.06,0.0,0.0,0.0,0.0,0.0,10.72,DEAD_RECKONING,15.24,332.19,-155.42,-21.35,-82.53,False,False,False,false
1788952025253,-0.2686,4.5278,9.5659,0.50332,0.30426,-0.34474,26.38,18.04,-22.37,0.0,0.0,0.0,0.0,0.0,10.72,DEAD_RECKONING,17.49,333.1,-155.29,-19.6,-82.7,False,False,False,false
1788952025376,1.3023,4.5254,7.0451,0.42822,0.02943,-0.12224,26.34,17.1,-22.74,0.0,0.0,0.0,0.0,0.0,10.72,DEAD_RECKONING,17.77,333.56,-155.14,-17.79,-82.89,False,False,False,false
1788952025495,-0.7089,5.7942,9.1663,-0.16018,-0.08442,-0.03329,26.83,15.99,-22.95,0.0,0.0,0.0,0.0,0.0,10.72,DEAD_RECKONING,15.06,333.9,-155.02,-15.99,-83.05,False,True,False,false
1788952025610,-0.9458,4.6187,8.4861,-0.35619,-0.12703,0.15739,26.12,15.94,-23.4,0.0,0.0,0.0,0.0,0.0,10.72,DEAD_RECKONING,15.11,333.4,-155.12,-14.27,-83.13,False,False,False,false
1788952025728,0.1436,5.4162,9.1567,-0.19907,-0.151,0.22397,25.8,16.28,-23.38,0.0,0.0,0.0,0.0,0.0,10.72,DEAD_RECKONING,15.11,332.57,-155.22,-12.57,-83.18,False,False,False,false
1788952025849,1.855,5.0973,6.2453,0.00373,-0.00945,0.24634,25.63,16.99,-24.11,0.0,0.0,0.0,0.0,0.0,10.72,DEAD_RECKONING,16.6,331.24,-155.35,-10.9,-83.22,False,False,False,false
1788952025977,0.3087,4.5876,8.3426,0.04953,0.13808,0.00346,26.01,16.35,-23.61,0.0,0.0,0.0,0.0,0.0,10.72,DEAD_RECKONING,19.02,330.78,-155.41,-9.22,-83.31,False,True,False,false
1788952026104,-1.0175,5.7416,10.0977,-0.13622,0.18548,-0.13555,25.86,16.29,-23.14,0.0,0.0,0.0,0.0,0.0,10.72,DEAD_RECKONING,16.89,330.93,-155.4,-7.48,-83.45,False,False,False,false
1788952026231,0.6078,4.5781,7.8903,-0.22197,0.11571,0.26231,25.91,15.45,-23.63,0.0,0.0,0.0,0.0,0.0,10.72,DEAD_RECKONING,16.64,329.19,-155.4,-5.79,-83.57,False,False,False,false
1788952026346,0.6748,3.7974,9.5492,0.08149,0.00759,0.30865,26.51,15.36,-21.66,0.0,0.0,0.0,0.0,0.0,10.72,DEAD_RECKONING,19.02,327.47,-155.48,-4.12,-83.64,False,False,False,false
1788952026461,-0.1537,4.7982,10.9071,-0.1016,-0.08655,0.01358,27.15,15.36,-22.18,0.0,0.0,0.0,0.0,0.0,10.72,DEAD_RECKONING,19.02,327.54,-155.63,-2.42,-83.64,False,True,False,false
1788952026579,1.4267,3.35,7.124,-0.22996,0.00439,0.31131,26.78,14.83,-22.03,0.0,0.0,0.0,0.0,0.0,10.72,DEAD_RECKONING,19.02,325.78,-155.99,-0.78,-83.6,False,False,False,false
1788952026700,0.6508,5.004,9.9183,0.4245,-0.16538,-0.11957,27.15,14.33,-22.48,0.0,0.0,0.0,0.0,0.0,10.72,DEAD_RECKONING,19.02,326.75,-156.43,0.98,-83.5,False,False,False,false
1788952026819,0.4905,4.1904,7.4423,-0.24594,0.2462,0.09028,26.57,14.49,-21.94,0.0,0.0,0.0,0.0,0.0,10.72,DEAD_RECKONING,19.02,325.6,-156.85,2.77,-83.43,False,False,False,false
1788952026942,-0.0006,4.5996,6.8871,0.36644,0.06351,-0.0466,26.29,13.63,-21.62,0.0,0.0,0.0,0.0,0.0,10.72,DEAD_RECKONING,18.83,325.63,-157.28,4.65,-83.36,False,True,False,false
1788952027074,-0.4074,4.1641,6.8297,0.05166,-0.07803,0.10785,25.99,13.8,-21.28,0.0,0.0,0.0,0.0,0.0,10.72,DEAD_RECKONING,19.02,325.19,-158.1,6.51,-83.18,False,False,False,false
1788952027203,0.4618,4.8915,14.5053,-0.03355,0.33302,-0.01678,26.23,13.39,-21.06,0.0,0.0,0.0,0.0,0.0,10.72,DEAD_RECKONING,18.05,324.36,-158.87,8.41,-83.03,False,True,False,false
1788952027326,-0.8405,4.4058,4.8999,-0.63262,0.06458,0.09987,26.61,13.93,-20.96,0.0,0.0,0.0,0.0,0.0,10.72,DEAD_RECKONING,17.85,323.61,-160.23,10.23,-82.66,False,False,False,false
1788952027448,-0.5366,4.8652,9.655,0.23648,0.11518,0.14354,26.46,12.45,-19.37,0.0,0.0,0.0,0.0,0.0,10.72,DEAD_RECKONING,17.77,322.52,-161.36,12.02,-82.37,False,False,False,false
1788952027579,-0.6538,3.8931,9.9924,-0.02983,0.21691,0.00186,26.59,12.3,-19.35,0.0,0.0,0.0,0.0,0.0,10.72,DEAD_RECKONING,16.78,321.95,-161.89,13.85,-82.3,False,True,False,false
1788952027703,-0.8596,4.0654,9.5181,-0.26671,0.13915,0.04234,26.79,12.02,-19.05,0.0,0.0,0.0,0.0,0.0,10.72,DEAD_RECKONING,16.19,321.36,-162.44,15.61,-82.25,False,True,False,false
1788952027836,-0.6036,3.5797,10.1743,-0.05646,0.05872,0.0759,26.83,11.48,-19.73,0.0,0.0,0.0,0.0,0.0,10.72,DEAD_RECKONING,12.91,320.76,-162.13,17.42,-82.43,False,False,False,false
1788952027972,-0.4217,4.2622,8.479,0.11877,0.11358,0.04607,26.72,11.08,-18.96,0.0,0.0,0.0,0.0,0.0,10.72,DEAD_RECKONING,9.59,320.21,-162.15,19.15,-82.52,False,True,False,false
1788952028099,0.6078,3.4792,6.1448,0.38455,-0.18668,0.19946,26.79,11.27,-18.92,0.0,0.0,0.0,0.0,0.0,10.72,DEAD_RECKONING,13.56,319.5,-162.23,20.8,-82.67,False,False,False,false
1788952028224,0.4881,4.2239,10.191,0.21145,0.16791,-0.05992,27.21,9.62,-18.81,0.0,0.0,0.0,0.0,0.0,10.72,DEAD_RECKONING,12.24,319.35,-162.11,22.39,-82.86,False,False,False,false
1788952028354,-1.0104,3.9936,9.3362,-0.03941,-0.10466,0.05779,26.91,9.04,-17.42,0.0,0.0,0.0,0.0,0.0,10.72,DEAD_RECKONING,11.87,319.23,-162.2,23.87,-83.01,False,False,False,false
1788952028477,-0.2183,4.4106,9.7579,-0.14154,0.02783,-0.01678,26.79,9.75,-18.26,0.0,0.0,0.0,0.0,0.0,10.72,DEAD_RECKONING,13.56,319.19,-162.48,25.52,-83.07,False,True,False,false
1788952028601,0.3541,3.4816,7.8879,-0.04261,-0.11105,0.06951,26.12,9.3,-17.93,0.0,0.0,0.0,0.0,0.0,10.72,DEAD_RECKONING,12.69,319.01,-162.85,27.01,-83.12,False,False,False,false
1788952028728,0.1938,3.4959,7.5817,0.04794,-0.13289,0.10519,26.66,9.38,-18.41,0.0,0.0,0.0,0.0,0.0,10.72,DEAD_RECKONING,12.5,318.7,-163.19,28.49,-83.19,False,False,False,false
1788952028845,-0.2877,3.9697,10.3202,-0.02344,-0.01425,-0.01571,26.42,8.72,-18.43,0.0,0.0,0.0,0.0,0.0,10.72,DEAD_RECKONING,13.87,314.28,-168.23,30.55,-81.05,False,True,False,true
1788952028969,0.5719,3.2566,6.6957,0.36697,0.08855,0.04501,25.35,9.08,-18.77,0.0,0.0,0.0,0.0,0.0,10.72,DEAD_RECKONING,14.32,313.76,-170.21,31.1,-80.27,False,True,False,false
1788952029088,0.055,4.3771,11.1129,-0.1474,-0.11212,0.04927,24.99,8.68,-19.28,0.0,0.0,0.0,0.0,0.0,10.72,DEAD_RECKONING,14.43,313.71,-172.49,32.02,-79.35,False,True,False,false
1788952029204,0.2393,3.2997,7.3777,-0.08881,-0.14887,0.0253,24.98,9.19,-19.37,0.0,0.0,0.0,0.0,0.0,10.72,DEAD_RECKONING,14.37,313.85,-174.22,33.34,-78.71,False,True,False,false
1788952029328,0.9236,4.063,7.9597,-0.21504,0.06884,-0.04554,25.35,9.47,-20.93,0.0,0.0,0.0,0.0,0.0,10.72,DEAD_RECKONING,12.29,313.88,-174.25,34.69,-79.02,False,True,False,false
1788952029463,0.6891,3.8094,9.9039,-0.23209,-0.16112,0.04554,24.94,9.69,-21.56,0.0,0.0,0.0,0.0,0.0,10.72,DEAD_RECKONING,9.3,313.91,-174.54,35.88,-79.22,False,True,False,false
1788952029582,0.5121,4.3555,10.7252,-0.09893,0.04594,-0.04501,24.69,9.66,-20.85,0.0,0.0,0.0,0.0,0.0,10.72,DEAD_RECKONING,11.4,314.0,-175.01,37.0,-79.27,False,True,False,false
1788952029703,-0.0221,3.1681,7.8855,-0.21291,0.08162,-0.03489,25.11,9.69,-21.11,0.0,0.0,0.0,0.0,0.0,10.72,DEAD_RECKONING,11.91,313.97,-175.41,38.36,-79.31,False,True,False,false
1788952029821,-0.4146,2.7033,6.9039,0.18482,-0.09241,0.02636,25.18,9.56,-20.12,0.0,0.0,0.0,0.0,0.0,10.72,DEAD_RECKONING,9.53,313.94,-176.31,39.1,-79.15,False,True,False,false
1788952029943,1.5224,3.2207,10.2197,0.1763,0.00919,0.05885,24.84,9.69,-20.36,0.0,0.0,0.0,0.0,0.0,10.72,DEAD_RECKONING,9.42,313.54,-177.04,39.94,-79.05,False,False,False,false
1788952030066,-0.5318,4.5063,12.8465,-0.42063,0.31651,-0.21638,25.18,9.84,-21.02,0.0,0.0,0.0,0.0,0.0,10.72,DEAD_RECKONING,17.86,311.73,-179.3,41.72,-78.25,False,False,False,true
1788952030186,-0.1561,2.9426,7.7252,-0.75445,0.16951,0.03489,25.11,9.71,-20.01,0.0,0.0,0.0,0.0,0.0,10.72,DEAD_RECKONING,17.54,311.2,-179.68,42.9,-78.26,False,True,False,false
1788952030301,0.0287,1.9178,10.3155,-0.63368,0.12317,0.53115,25.44,9.81,-19.09,0.0,0.0,0.0,0.0,0.0,10.72,DEAD_RECKONING,18.06,308.0,-180.42,43.72,-78.12,False,False,False,false
1788952030425,2.406,0.6562,7.2389,0.14967,-0.5707,0.68561,25.82,11.19,-17.44,0.0,0.0,0.0,0.0,0.0,10.72,DEAD_RECKONING,18.06,304.63,-181.78,43.99,-77.65,False,False,False,false
1788952030549,-0.5462,1.3412,10.136,0.15765,0.25526,-0.13768,26.7,10.28,-17.72,0.0,0.0,0.0,0.0,0.0,10.72,DEAD_RECKONING,17.97,305.08,-183.14,44.38,-77.22,False,False,False,false
1788952030672,-0.4863,2.6722,11.9198,0.1454,0.10772,-0.46244,24.68,13.35,-18.43,0.0,0.0,0.0,0.0,0.0,10.72,DEAD_RECKONING,17.97,307.52,-184.04,45.38,-77.02,False,False,False,false
1788952030798,0.4116,3.4528,10.404,0.43408,-0.15579,-0.61104,23.4,12.84,-19.09,0.0,0.0,0.0,0.0,0.0,10.72,DEAD_RECKONING,17.97,311.12,-183.92,47.56,-77.3,False,False,False,false
1788952030923,-0.5581,3.3045,9.8919,-0.16338,0.30159,-0.08069,22.35,12.73,-20.48,0.0,0.0,0.0,0.0,0.0,10.72,DEAD_RECKONING,17.97,311.05,-183.61,49.92,-77.69,False,False,False,false
1788952031046,-0.5342,2.921,10.0642,0.01438,0.17323,-0.0221,22.71,12.83,-19.74,0.0,0.0,0.0,0.0,0.0,10.72,DEAD_RECKONING,17.97,310.86,-183.17,52.43,-78.17,False,True,False,false
1788952031170,-0.4265,3.1125,12.0036,-0.06125,-0.13981,0.08762,22.89,13.11,-21.68,0.0,0.0,0.0,0.0,0.0,10.72,DEAD_RECKONING,13.85,310.52,-183.16,54.53,-78.5,False,False,False,false
1788952031294,0.0766,2.677,8.4718,-0.00799,0.03209,-0.07483,21.99,13.35,-22.26,0.0,0.0,0.0,0.0,0.0,10.72,DEAD_RECKONING,14.65,310.83,-182.95,56.78,-78.88,False,False,False,false
1788952031414,-0.1274,3.6108,10.8425,-0.3498,0.22277,0.04288,20.96,13.41,-22.46,0.0,0.0,0.0,0.0,0.0,10.72,DEAD_RECKONING,15.25,310.24,-182.94,58.69,-79.2,False,True,False,false
1788952031541,0.7059,2.9163,10.6146,0.34727,0.00866,-0.54287,21.92,13.39,-24.04,0.0,0.0,0.0,0.0,0.0,10.72,DEAD_RECKONING,15.15,313.2,-182.31,61.42,-79.77,False,False,False,false
1788952031659,-1.2287,2.9545,8.4838,-0.16391,0.32716,-0.15153,20.7,12.75,-24.06,0.0,0.0,0.0,0.0,0.0,10.72,DEAD_RECKONING,15.37,313.52,-181.6,64.12,-80.39,False,False,False,false
1788952031782,-0.5438,2.9186,10.1671,-0.06551,-0.15632,0.0711,20.66,12.69,-23.83,0.0,0.0,0.0,0.0,0.0,10.72,DEAD_RECKONING,15.23,313.28,-181.42,66.25,-80.7,False,False,False,false
1788952031937,1.1779,1.8843,8.2301,-0.6651,-0.44287,0.89493,20.74,13.54,-24.24,0.0,0.0,0.0,0.0,0.0,10.72,DEAD_RECKONING,14.06,308.7,-181.96,67.83,-80.68,False,False,False,false
1788952032076,1.6038,1.4512,9.7268,-0.24647,-0.19467,0.52636,19.28,17.25,-24.53,0.0,0.0,0.0,0.0,0.0,10.72,DEAD_RECKONING,14.88,305.82,-184.83,66.68,-79.62,False,False,False,false
1788952032206,0.6915,-0.5623,10.3849,-0.0506,0.41611,0.12064,19.86,17.78,-22.63,0.0,0.0,0.0,0.0,0.0,10.72,DEAD_RECKONING,18.94,304.77,-187.21,66.62,-78.86,False,False,False,false
1788952032322,-0.4672,-0.2991,9.4822,0.58521,-0.04141,0.05619,20.21,17.66,-21.41,0.0,0.0,0.0,0.0,0.0,10.72,DEAD_RECKONING,16.51,304.44,-191.2,65.61,-77.43,False,False,False,false
1788952032436,1.6469,1.7934,7.3657,0.33981,0.02037,-0.01997,20.76,17.94,-21.32,0.0,0.0,0.0,0.0,0.0,10.72,DEAD_RECKONING,17.65,304.47,-194.74,65.63,-76.22,False,True,False,false
1788952032570,1.2784,4.5254,8.0291,0.06658,0.05553,-0.30586,20.81,17.51,-22.58,0.0,0.0,0.0,0.0,0.0,10.72,DEAD_RECKONING,16.82,306.06,-197.53,67.38,-75.46,False,False,False,false
1788952032695,0.7777,2.3013,11.613,-0.33222,0.0763,-0.102,21.0,18.68,-20.78,0.0,0.0,0.0,0.0,0.0,10.72,DEAD_RECKONING,15.33,306.49,-198.17,68.43,-75.5,False,False,False,false
1788952032819,0.0885,0.9362,10.9502,0.12996,0.52263,0.08602,21.24,20.64,-20.31,0.0,0.0,0.0,0.0,0.0,10.72,DEAD_RECKONING,15.28,305.35,-198.92,69.85,-75.47,False,False,False,false
1788952032960,1.1611,2.4903,8.0483,0.24394,-0.01798,-0.12596,20.91,19.18,-19.41,0.0,0.0,0.0,0.0,0.0,10.72,DEAD_RECKONING,15.16,306.02,-199.81,71.03,-75.38,False,False,False,false
1788952033082,-0.6514,7.1539,8.6949,0.48042,-0.34806,-0.50931,21.58,18.73,-18.66,0.0,0.0,0.0,0.0,0.0,10.72,DEAD_RECKONING,14.79,309.3,-202.11,70.41,-74.77,False,False,False,false
1788952033202,1.7163,3.929,11.1392,-0.14847,0.19986,-0.19241,21.83,18.66,-19.88,0.0,0.0,0.0,0.0,0.0,10.72,DEAD_RECKONING,15.25,309.99,-203.18,71.48,-74.63,False,False,False,false
1788952033326,1.7809,3.0168,7.337,1.13754,0.02197,-0.00559,21.32,19.63,-19.18,0.0,0.0,0.0,0.0,0.0,10.72,DEAD_RECKONING,15.07,309.92,-204.52,72.13,-74.4,False,True,False,false
1788952033452,-1.6379,2.8014,5.3904,-0.25819,-0.17816,-0.03648,21.68,17.46,-20.66,0.0,0.0,0.0,0.0,0.0,10.72,DEAD_RECKONING,14.9,310.17,-204.81,74.17,-74.73,True,True,False,false
1788952033579,0.0287,2.5813,4.0044,0.1715,0.34953,0.08815,21.47,16.99,-20.96,0.0,0.0,0.0,0.0,0.0,10.72,DEAD_RECKONING,15.17,308.93,-206.33,74.98,-74.55,True,False,False,false
1788952033704,0.6963,5.8684,7.325,0.9655,0.04061,-0.31065,22.28,16.29,-18.84,0.0,0.0,0.0,0.0,0.0,10.72,DEAD_RECKONING,14.24,310.38,-207.11,75.97,-74.72,True,False,False,false
1788952033829,-0.7208,7.142,13.191,-0.61291,-0.24527,0.38002,21.62,16.11,-19.8,0.0,0.0,0.0,0.0,0.0,10.72,DEAD_RECKONING,13.93,308.97,-208.11,76.94,-74.8,True,False,False,false
1788952033950,1.2664,5.6698,7.2341,0.3004,0.46724,-0.0253,21.64,16.93,-19.03,0.0,0.0,0.0,0.0,0.0,10.72,DEAD_RECKONING,14.49,307.79,-208.69,78.34,-74.95,True,True,False,false
1788952034078,-0.5916,2.4138,6.14,-0.11225,0.04541,0.07483,21.6,16.74,-18.21,0.0,0.0,0.0,0.0,0.0,10.72,DEAD_RECKONING,13.2,307.21,-209.87,79.26,-74.92,True,False,False,false
1788952034202,1.2975,3.4361,9.3721,0.00746,0.10399,0.04075,21.41,17.12,-18.94,0.0,0.0,0.0,0.0,0.0,10.72,DEAD_RECKONING,13.05,306.69,-211.25,80.05,-74.81,True,True,False,false
1788952034328,-0.1011,4.9777,7.2748,0.56338,0.1956,-0.16791,22.03,17.21,-19.31,0.0,0.0,0.0,0.0,0.0,10.72,DEAD_RECKONING,13.27,306.96,-212.42,80.9,-74.8,True,False,False,false
1788952034469,-0.5103,4.7551,8.0076,0.3233,0.20413,0.11904,21.58,17.16,-20.66,0.0,0.0,0.0,0.0,0.0,10.72,DEAD_RECKONING,13.41,305.72,-213.52,81.73,-74.83,True,False,False,false
1788952034592,0.2465,3.338,10.7324,-0.52503,-0.02117,0.19254,21.66,16.59,-19.84,0.0,0.0,0.0,0.0,0.0,10.72,DEAD_RECKONING,12.96,304.75,-214.82,82.5,-74.77,True,False,False,false
1788952034715,0.5049,4.6642,7.1815,0.02929,-0.04727,0.02956,21.6,17.08,-19.71,0.0,0.0,0.0,0.0,0.0,10.72,DEAD_RECKONING,13.59,304.7,-216.38,82.97,-74.72,True,True,False,false
1788952034835,0.5767,4.5494,8.5436,0.07936,-0.01638,0.15845,21.68,15.75,-19.26,0.0,0.0,0.0,0.0,0.0,10.72,DEAD_RECKONING,13.59,303.88,-217.5,83.73,-74.78,True,False,False,false
1788952034960,-0.2997,4.0152,7.8138,0.3249,0.06351,0.0269,21.26,16.05,-17.18,0.0,0.0,0.0,0.0,0.0,10.72,DEAD_RECKONING,13.87,303.5,-219.01,84.22,-74.79,True,True,False,false
1788952035086,-0.4098,4.5159,12.475,0.02983,-0.02224,0.0727,22.29,14.94,-17.78,0.0,0.0,0.0,0.0,0.0,10.72,DEAD_RECKONING,14.19,303.16,-220.21,84.92,-74.87,True,False,False,false
1788952035203,0.5432,4.5972,6.8512,-0.36311,-0.0462,0.14354,22.86,15.47,-18.45,0.0,0.0,0.0,0.0,0.0,10.72,DEAD_RECKONING,14.13,302.53,-221.36,85.71,-74.94,True,False,False,false
1788952035327,-0.3404,4.2096,8.6279,0.39946,-0.01957,0.03702,22.73,16.44,-18.02,0.0,0.0,0.0,0.0,0.0,10.72,DEAD_RECKONING,14.27,302.46,-222.87,86.22,-75.04,True,True,False,false
1788952035446,-0.5964,4.3436,8.5316,-0.16125,0.08642,0.01198,22.2,16.01,-18.56,0.0,0.0,0.0,0.0,0.0,10.72,DEAD_RECKONING,13.74,302.24,-224.25,86.81,-75.1,True,True,False,false
1788952035561,-0.1274,3.9482,6.6957,0.06498,-0.07004,0.15739,22.35,15.47,-17.91,0.0,0.0,0.0,0.0,0.0,10.72,DEAD_RECKONING,8.4,301.56,-225.34,87.53,-75.19,True,False,False,false
1788952035692,0.2417,4.6905,7.9095,0.41704,0.16524,0.0221,22.44,15.45,-16.48,0.0,0.0,0.0,0.0,0.0,10.72,DEAD_RECKONING,9.5,300.83,-226.88,87.9,-75.15,True,True,False,false
1788952035816,-0.0365,3.7783,10.9717,0.22956,0.1711,0.09294,21.62,15.45,-17.68,0.0,0.0,0.0,0.0,0.0,10.72,DEAD_RECKONING,9.14,299.75,-227.93,88.45,-75.17,True,False,False,false
1788952035933,-0.0628,4.1856,7.931,0.05379,-0.33954,0.18136,21.47,14.36,-18.41,0.0,0.0,0.0,0.0,0.0,10.72,DEAD_RECKONING,7.86,299.79,-228.73,89.01,-75.29,True,False,False,false
1788952036053,-1.1593,6.0909,10.6313,-0.06817,0.09547,-0.16218,21.51,14.14,-20.14,0.0,0.0,0.0,0.0,0.0,10.72,DEAD_RECKONING,13.48,300.21,-230.11,89.78,-75.3,True,False,False,false
1788952036178,1.4339,3.0646,5.7523,0.01278,-0.04141,0.31611,22.2,13.43,-18.9,0.0,0.0,0.0,0.0,0.0,10.72,DEAD_RECKONING,13.76,298.71,-231.22,90.62,-75.43,True,False,False,false
1788952036304,-0.917,4.0104,8.1272,0.35153,0.25153,-0.19986,21.69,13.01,-17.59,0.0,0.0,0.0,0.0,0.0,10.72,DEAD_RECKONING,13.84,298.81,-232.25,91.5,-75.64,True,False,False,false
1788952036428,0.3398,4.5781,11.5029,0.03196,-0.29054,0.1755,21.06,12.73,-17.61,0.0,0.0,0.0,0.0,0.0,10.72,DEAD_RECKONING,13.85,298.78,-233.4,92.28,-75.78,True,False,False,false
1788952036550,1.2425,4.9298,8.3713,0.08522,-0.09827,0.18562,21.11,11.68,-18.09,0.0,0.0,0.0,0.0,0.0,10.72,DEAD_RECKONING,14.81,298.1,-234.49,93.24,-75.98,True,False,False,false
1788952036675,0.1364,3.6036,7.2126,0.09001,0.14873,0.03542,21.34,11.89,-17.36,0.0,0.0,0.0,0.0,0.0,10.72,DEAD_RECKONING,14.98,297.14,-236.63,93.32,-76.38,True,True,False,false
1788952036799,-0.2447,4.4489,8.8911,0.21677,0.1008,-0.03435,20.48,11.78,-17.68,0.0,0.0,0.0,0.0,0.0,10.72,DEAD_RECKONING,14.15,296.8,-238.16,93.77,-76.49,True,True,False,false
1788952036922,-0.2853,5.9163,8.9845,-0.26724,0.01345,-0.15366,20.74,11.64,-16.91,0.0,0.0,0.0,0.0,0.0,10.72,DEAD_RECKONING,13.41,297.43,-238.93,94.59,-76.79,True,False,False,false
1788952037046,-0.3787,4.7001,7.9813,-0.18149,0.13648,-0.06525,20.59,11.08,-16.67,0.0,0.0,0.0,0.0,0.0,10.72,DEAD_RECKONING,12.96,297.26,-239.8,95.3,-77.03,True,False,False,false
1788952037175,-0.6036,5.1308,7.9645,0.05859,0.11411,-0.01624,20.53,10.78,-16.18,0.0,0.0,0.0,0.0,0.0,10.72,DEAD_RECKONING,13.15,296.92,-240.85,95.97,-77.18,True,True,False,false
1788952037303,-0.5151,5.7368,9.6263,-0.05646,0.28828,-0.05619,19.95,10.71,-15.43,0.0,0.0,0.0,0.0,0.0,10.72,DEAD_RECKONING,12.73,296.23,-241.69,96.7,-77.38,True,False,False,false
1788952037429,0.0024,4.7647,10.5284,-0.03196,-0.09454,0.26125,20.01,11.21,-16.22,0.0,0.0,0.0,0.0,0.0,10.72,DEAD_RECKONING,12.72,295.15,-242.79,97.27,-77.49,True,False,False,false
1788952037552,-0.7543,4.346,8.2086,-0.33062,-0.01638,-0.03489,20.31,10.56,-16.35,0.0,0.0,0.0,0.0,0.0,10.72,DEAD_RECKONING,12.77,295.31,-243.97,97.8,-77.59,True,True,False,false
1788952037676,-1.0995,5.452,7.4686,0.20452,-0.35818,0.01838,20.16,9.94,-15.83,0.0,0.0,0.0,0.0,0.0,10.72,DEAD_RECKONING,11.37,296.28,-244.24,98.65,-78.02,True,True,False,false
1788952037794,-0.0197,5.6961,8.3713,-0.14953,0.08748,0.0972,19.71,9.94,-16.52,0.0,0.0,0.0,0.0,0.0,10.72,DEAD_RECKONING,12.18,295.47,-245.24,99.21,-78.17,True,False,False,false
1788952037918,0.402,3.7424,6.5689,0.15552,0.24407,0.14088,20.14,9.47,-16.2,0.0,0.0,0.0,0.0,0.0,10.72,DEAD_RECKONING,12.17,293.97,-246.35,99.69,-78.29,True,False,False,false
1788952038048,-1.3747,5.4999,9.8871,-0.03888,-0.0743,-0.12596,20.51,8.96,-15.94,0.0,0.0,0.0,0.0,0.0,10.72,DEAD_RECKONING,12.19,294.74,-247.46,100.21,-78.43,True,False,False,false
1788952038172,0.1149,4.9466,8.8505,-0.24167,-0.06525,0.20319,19.86,9.15,-16.16,0.0,0.0,0.0,0.0,0.0,10.72,DEAD_RECKONING,12.16,293.85,-248.59,100.69,-78.54,True,False,False,false
1788952038298,0.3374,4.0941,7.1599,0.19068,0.2004,0.0466,19.82,8.87,-15.68,0.0,0.0,0.0,0.0,0.0,10.72,DEAD_RECKONING,13.26,293.0,-249.87,101.18,-78.77,True,True,False,false
1788952038412,-0.4839,5.7033,10.3896,0.02397,0.08056,-0.10626,20.12,9.21,-15.43,0.0,0.0,0.0,0.0,0.0,10.72,DEAD_RECKONING,12.61,293.22,-251.01,101.7,-78.92,True,False,False,false
1788952038529,-0.7759,4.882,6.8895,-0.2193,-0.05566,0.08069,20.06,8.27,-15.02,0.0,0.0,0.0,0.0,0.0,10.72,DEAD_RECKONING,12.66,292.93,-252.19,102.19,-79.07,True,False,False,false
1788952038653,-0.283,4.6403,8.5436,0.24341,0.08961,0.08815,20.16,7.31,-15.45,0.0,0.0,0.0,0.0,0.0,10.72,DEAD_RECKONING,12.47,292.16,-253.42,102.61,-79.18,True,False,False,false
1788952038775,-1.4991,5.1093,9.0586,-0.37536,-0.14514,0.45073,19.41,7.69,-14.78,0.0,0.0,0.0,0.0,0.0,10.72,DEAD_RECKONING,12.72,290.25,-254.56,103.15,-79.34,True,False,False,false
1788952038901,2.5687,3.2351,10.0594,-0.50159,-0.5462,0.82143,19.48,8.38,-14.38,0.0,0.0,0.0,0.0,0.0,10.72,DEAD_RECKONING,12.88,287.48,-255.72,103.69,-79.48,True,False,False,false
1788952039024,0.4929,3.9194,9.9733,-0.39294,-0.06684,-0.16165,19.63,8.06,-14.14,0.0,0.0,0.0,0.0,0.0,10.72,DEAD_RECKONING,13.19,288.61,-256.91,104.22,-79.72,True,False,False,false
1788952039152,0.3829,3.7998,7.3178,-0.01758,0.0731,-0.00399,19.65,7.61,-13.31,0.0,0.0,0.0,0.0,0.0,10.72,DEAD_RECKONING,13.15,289.77,-258.28,104.2,-80.58,True,True,False,false
1788952039272,0.9547,3.9912,8.2804,0.21411,-0.09347,-0.00559,20.04,8.1,-13.44,0.0,0.0,0.0,0.0,0.0,10.72,DEAD_RECKONING,14.18,290.52,-260.2,104.14,-80.8,True,True,False,false
1788952039392,0.1747,4.1856,12.2022,-0.53089,0.22543,-0.26058,19.56,7.82,-13.78,0.0,0.0,0.0,0.0,0.0,10.72,DEAD_RECKONING,15.07,291.46,-262.5,104.05,-80.44,True,False,False,false
1788952039519,1.5846,3.9601,7.7324,-0.17137,0.22277,-0.38362,19.28,7.93,-13.03,0.0,0.0,0.0,0.0,0.0,10.72,DEAD_RECKONING,13.92,293.13,-263.8,104.54,-80.47,True,False,False,false
1788952039645,0.6317,3.8764,7.2126,0.56764,0.08642,-0.28402,20.36,7.39,-13.16,0.0,0.0,0.0,0.0,0.0,10.72,DEAD_RECKONING,13.88,294.46,-265.1,105.03,-80.52,True,False,False,false
1788952039771,-0.1753,4.1952,8.6997,0.10546,0.00333,-0.06471,20.01,7.56,-12.83,0.0,0.0,0.0,0.0,0.0,10.72,DEAD_RECKONING,13.62,294.13,-266.32,105.71,-80.24,True,False,False,false
1788952039896,-0.2471,4.5087,9.3506,-0.07403,-0.06471,-0.02743,19.91,7.29,-12.58,0.0,0.0,0.0,0.0,0.0,10.72,DEAD_RECKONING,13.16,293.73,-267.57,106.37,-79.86,True,True,False,false
1788952040015,-0.1585,4.9178,8.2397,-0.09521,-0.17763,0.20799,20.23,7.24,-13.76,0.0,0.0,0.0,0.0,0.0,10.72,DEAD_RECKONING,13.65,292.93,-268.89,106.83,-79.89,True,False,False,false
1788952040143,1.0606,4.0199,9.3529,-0.19321,-0.04767,0.16271,20.27,8.08,-13.05,0.0,0.0,0.0,0.0,0.0,10.72,DEAD_RECKONING,14.55,292.08,-269.97,107.53,-80.17,True,False,False,false
1788952040270,-0.0413,4.0128,9.2477,-0.17989,-0.03502,0.06152,20.85,8.46,-13.5,0.0,0.0,0.0,0.0,0.0,10.72,DEAD_RECKONING,14.64,291.68,-271.12,108.22,-80.38,True,False,False,false
1788952040398,0.7944,3.9003,8.9055,-0.0522,-0.0265,0.12117,20.36,8.31,-12.81,0.0,0.0,0.0,0.0,0.0,10.72,DEAD_RECKONING,14.92,291.04,-272.24,108.95,-80.66,True,False,False,false
1788952040514,0.5001,4.0128,7.6558,0.01811,0.18229,-0.08921,20.61,8.44,-12.54,0.0,0.0,0.0,0.0,0.0,10.72,DEAD_RECKONING,14.97,291.1,-273.44,109.63,-80.88,True,False,False,false
1788952040629,0.749,4.0798,7.2245,-0.15752,0.16098,0.0221,21.0,9.49,-13.2,0.0,0.0,0.0,0.0,0.0,10.72,DEAD_RECKONING,11.66,290.48,-275.3,109.69,-80.52,True,True,False,false
1788952040746,1.2233,3.5151,10.1695,-0.25552,0.05712,-0.0482,20.68,9.77,-13.48,0.0,0.0,0.0,0.0,0.0,10.72,DEAD_RECKONING,11.82,290.48,-276.94,109.85,-80.22,True,True,False,false
1788952040869,1.0122,3.795,8.1416,0.08788,-0.10413,-0.03968,20.66,9.94,-12.69,0.0,0.0,0.0,0.0,0.0,10.72,DEAD_RECKONING,11.77,290.89,-278.02,110.4,-80.18,True,True,False,false
1788952040990,1.1157,3.4624,8.1081,0.14221,-0.05246,-0.03169,21.0,9.83,-13.29,0.0,0.0,0.0,0.0,0.0,10.72,DEAD_RECKONING,11.88,291.45,-278.63,111.25,-80.38,True,True,False,false
1788952041106,0.5743,3.6538,9.7484,0.05166,0.03635,-0.13555,20.72,10.24,-14.34,0.0,0.0,0.0,0.0,0.0,10.72,DEAD_RECKONING,11.82,292.13,-279.83,111.55,-80.34,True,False,False,false
1788952041230,1.3645,4.5302,9.3075,0.147,0.01611,-0.1233,20.79,10.29,-13.88,0.0,0.0,0.0,0.0,0.0,10.72,DEAD_RECKONING,11.78,292.89,-280.7,112.12,-80.53,True,False,False,false
1788952041356,1.1444,3.8166,7.526,0.11824,0.04967,-0.06098,21.24,10.78,-14.29,0.0,0.0,0.0,0.0,0.0,10.72,DEAD_RECKONING,11.44,293.95,-280.49,113.65,-81.29,True,False,False,false
1788952041475,0.5503,4.1563,9.8082,0.17683,-0.10306,-0.09081,21.34,11.4,-14.68,0.0,0.0,0.0,0.0,0.0,10.72,DEAD_RECKONING,10.88,295.19,-281.08,114.4,-81.62,True,False,False,false
1788952041597,1.1803,4.5254,9.1711,-0.12237,0.05766,-0.24354,21.56,10.93,-14.33,0.0,0.0,0.0,0.0,0.0,10.72,DEAD_RECKONING,9.98,296.33,-282.41,114.41,-81.55,True,False,False,false
1788952041720,1.6086,3.6945,6.5545,0.93514,-0.0988,-0.36125,22.2,11.21,-15.09,0.0,0.0,0.0,0.0,0.0,10.72,DEAD_RECKONING,12.77,298.41,-283.51,114.95,-81.72,True,False,False,false
1788952041847,-0.1609,5.342,8.3306,0.48362,-0.1723,-0.46884,22.63,11.74,-16.16,0.0,0.0,0.0,0.0,0.0,10.72,DEAD_RECKONING,11.83,301.2,-284.68,115.29,-81.85,True,False,False,false
1788952041974,-1.7001,6.8237,8.8672,-0.492,-0.11478,-0.36444,23.06,11.76,-17.01,0.0,0.0,0.0,0.0,0.0,10.72,DEAD_RECKONING,11.77,303.3,-285.85,115.67,-81.99,False,False,False,false
1788952042097,0.4379,5.8038,9.2285,-0.69427,-0.22823,-0.16484,22.41,12.28,-17.38,0.0,0.0,0.0,0.0,0.0,10.72,DEAD_RECKONING,11.78,304.66,-287.01,116.03,-82.12,False,False,False,false
1788952042216,0.5551,4.1761,6.4391,0.00426,-0.01691,-0.1233,22.29,12.39,-17.68,0.0,0.0,0.0,0.0,0.0,10.72,DEAD_RECKONING,12.66,305.29,-288.23,116.46,-82.23,False,False,False,false
1788952042336,1.1013,5.6172,9.2166,0.02237,-0.26338,0.01039,21.08,13.33,-18.02,0.0,0.0,0.0,0.0,0.0,10.72,DEAD_RECKONING,11.88,305.77,-289.4,116.84,-82.41,False,True,False,false
1788952042459,-0.5701,6.3811,11.5484,-0.72036,-0.43914,-0.16325,22.05,14.27,-17.94,0.0,0.0,0.0,0.0,0.0,10.72,DEAD_RECKONING,13.59,307.5,-290.4,117.62,-82.69,False,False,False,false
1788952042578,0.6078,5.4808,9.5061,-0.86257,-0.33635,-0.07004,21.86,15.15,-18.99,0.0,0.0,0.0,0.0,0.0,10.72,DEAD_RECKONING,12.63,308.38,-291.65,118.08,-82.76,False,False,False,false
1788952042710,0.4762,5.0542,8.1583,0.00107,-0.09614,-0.12437,21.47,16.16,-19.58,0.0,0.0,0.0,0.0,0.0,10.72,DEAD_RECKONING,12.86,309.15,-292.91,118.55,-82.84,False,False,False,false
1788952042834,1.1779,4.8628,8.0387,0.06711,-0.02597,-0.04075,21.64,15.86,-19.24,0.0,0.0,0.0,0.0,0.0,10.72,DEAD_RECKONING,13.13,309.36,-294.22,119.0,-82.91,False,True,False,false
1788952042958,0.4307,4.8197,9.746,0.03515,-0.13129,-0.03382,22.01,16.46,-18.54,0.0,0.0,0.0,0.0,0.0,10.72,DEAD_RECKONING,13.38,309.68,-295.59,119.43,-82.9,False,True,False,false
1788952043081,0.5527,4.992,9.722,-0.15273,-0.14301,0.01198,22.31,17.53,-18.56,0.0,0.0,0.0,0.0,0.0,10.72,DEAD_RECKONING,13.47,309.76,-296.96,119.87,-82.86,False,True,False,false
1788952043203,0.8351,4.3507,8.7691,-0.20226,-0.04248,-0.10572,22.22,18.3,-19.16,0.0,0.0,0.0,0.0,0.0,10.72,DEAD_RECKONING,7.5,310.36,-298.2,120.33,-82.93,False,False,False,false
1788952043328,0.4187,4.7551,7.8712,0.12197,-0.07483,-0.09827,22.18,18.92,-18.88,0.0,0.0,0.0,0.0,0.0,10.72,DEAD_RECKONING,7.68,310.95,-299.35,120.8,-83.06,False,False,False,false
1788952043450,0.6245,4.3627,8.4215,0.12623,0.03422,-0.00399,22.35,19.84,-19.86,0.0,0.0,0.0,0.0,0.0,10.72,DEAD_RECKONING,7.7,310.87,-300.43,121.23,-83.22,False,True,False,false
1788952043570,0.28,4.5398,8.5801,0.02024,-0.00732,-0.09241,23.25,19.89,-20.03,0.0,0.0,0.0,0.0,0.0,10.72,DEAD_RECKONING,7.44,311.34,-301.55,121.47,-83.29,False,False,False,false
1788952043692,0.2393,4.5494,9.2189,-0.17616,-0.10146,-0.05832,23.12,20.03,-19.74,0.0,0.0,0.0,0.0,0.0,10.72,DEAD_RECKONING,6.74,311.75,-302.51,121.71,-83.42,False,False,False,false
1788952043820,0.0694,4.188,8.0554,-0.04581,-0.11638,-0.04234,22.39,20.34,-19.43,0.0,0.0,0.0,0.0,0.0,10.72,DEAD_RECKONING,6.23,312.08,-303.33,121.92,-83.58,False,True,False,false
1788952043942,-0.3476,4.8532,9.1663,-0.05965,-0.19414,-0.07643,23.16,21.32,-19.59,0.0,0.0,0.0,0.0,0.0,10.72,DEAD_RECKONING,5.58,312.7,-304.14,121.95,-83.67,False,False,False,false
1788952044063,0.9978,4.9585,9.5803,-0.15326,-0.07537,-0.13236,23.36,21.38,-19.88,0.0,0.0,0.0,0.0,0.0,10.72,DEAD_RECKONING,6.6,313.48,-304.87,121.86,-83.77,False,False,False,false
1788952044181,0.6293,4.3268,9.0514,-0.2209,-0.03129,-0.08442,22.99,21.45,-19.69,0.0,0.0,0.0,0.0,0.0,10.72,DEAD_RECKONING,6.13,313.94,-305.74,121.75,-83.78,False,False,False,false
1788952044298,0.3541,4.681,7.7372,0.12676,0.096,-0.102,23.33,21.68,-19.97,0.0,0.0,0.0,0.0,0.0,10.72,DEAD_RECKONING,5.52,314.36,-306.71,121.51,-83.74,False,False,False,false
1788952044421,1.599,3.9769,7.3418,0.25459,0.13915,0.0221,22.67,22.41,-20.19,0.0,0.0,0.0,0.0,0.0,10.72,DEAD_RECKONING,6.86,314.02,-307.8,121.37,-83.7,False,True,False,false
1788952044540,-0.6634,5.0136,9.4678,0.21571,-0.10572,-0.12756,22.43,22.56,-20.06,0.0,0.0,0.0,0.0,0.0,10.72,DEAD_RECKONING,8.1,314.82,-308.46,121.92,-83.92,False,False,False,false
1788952044660,0.122,5.016,10.459,-0.31518,-0.21172,0.02157,22.22,21.86,-20.7,0.0,0.0,0.0,0.0,0.0,10.72,DEAD_RECKONING,8.59,314.92,-309.27,122.32,-84.08,False,True,False,false
1788952044782,0.2632,5.0614,9.8536,-0.0719,0.03049,-0.09614,22.14,21.92,-20.4,0.0,0.0,0.0,0.0,0.0,10.72,DEAD_RECKONING,8.59,315.37,-309.96,122.9,-84.23,False,False,False,false
1788952044903,0.1244,5.2128,7.1097,0.14168,0.08269,-0.05885,23.06,21.68,-20.04,0.0,0.0,0.0,0.0,0.0,10.72,DEAD_RECKONING,8.97,315.54,-310.73,123.46,-84.39,False,False,False,false
1788952045023,0.5575,4.8939,8.9701,-0.06232,-0.02277,-0.11957,22.97,22.74,-20.59,0.0,0.0,0.0,0.0,0.0,10.72,DEAD_RECKONING,9.05,316.19,-311.66,123.86,-84.48,False,False,False,false
1788952045147,1.4865,4.1809,7.9765,0.2743,-0.03182,0.18828,22.67,23.14,-20.76,0.0,0.0,0.0,0.0,0.0,10.72,DEAD_RECKONING,12.98,315.13,-312.86,123.99,-84.48,False,False,False,false
1788952045270,-0.3165,3.7017,8.1272,-0.05113,0.15672,-0.11638,22.31,23.55,-20.89,0.0,0.0,0.0,0.0,0.0,10.72,DEAD_RECKONING,12.1,315.51,-314.1,124.21,-84.5,False,False,False,false
1788952045391,1.0146,4.0175,7.6702,0.18002,-0.12703,0.06844,22.82,23.53,-21.19,0.0,0.0,0.0,0.0,0.0,10.72,DEAD_RECKONING,12.92,315.25,-315.62,124.18,-84.42,False,False,False,false
1788952045511,0.0311,4.8748,9.3506,0.07723,0.09121,0.0024,23.64,22.82,-21.19,0.0,0.0,0.0,0.0,0.0,10.72,DEAD_RECKONING,12.66,315.05,-317.41,124.02,-84.26,False,True,False,false
1788952045631,-0.9099,4.6546,9.3625,0.09108,0.01398,-0.06684,23.33,22.67,-20.31,0.0,0.0,0.0,0.0,0.0,10.72,DEAD_RECKONING,12.1,315.34,-318.23,125.22,-84.76,False,False,False,false
1788952045749,-0.1537,4.3507,7.3394,0.16245,-0.11691,0.10519,23.18,23.12,-20.68,0.0,0.0,0.0,0.0,0.0,10.72,DEAD_RECKONING,12.24,314.89,-319.55,125.72,-84.87,False,False,False,false
1788952045872,-2.1721,5.5693,13.5715,-0.64753,0.05766,-0.28775,23.12,23.63,-21.17,0.0,0.0,0.0,0.0,0.0,10.72,DEAD_RECKONING,13.88,316.34,-320.91,126.28,-84.92,False,False,False,false
1788952045994,-1.669,5.0231,5.9964,-0.54047,-0.35499,-0.04447,23.27,23.36,-19.76,0.0,0.0,0.0,0.0,0.0,10.72,DEAD_RECKONING,13.72,316.94,-322.72,126.35,-84.68,False,True,False,false
1788952046121,0.5408,4.8796,6.195,-0.13675,-0.08442,0.0956,23.08,23.29,-19.91,0.0,0.0,0.0,0.0,0.0,10.72,DEAD_RECKONING,13.68,316.43,-324.72,126.2,-84.25,False,False,False,false
1788952046242,0.0646,4.7121,9.2501,-0.01438,0.04754,-0.15739,23.06,24.43,-21.15,0.0,0.0,0.0,0.0,0.0,10.72,DEAD_RECKONING,14.32,317.23,-326.89,125.87,-83.69,False,False,False,false
1788952046362,0.3494,3.7807,7.9023,0.01598,0.08322,-0.00133,23.48,24.9,-21.15,0.0,0.0,0.0,0.0,0.0,10.72,DEAD_RECKONING,13.68,317.12,-328.76,125.9,-83.44,False,True,False,false
1788952046481,-0.3332,4.7623,8.3809,-0.45632,-0.1265,-0.02104,23.19,25.54,-20.72,0.0,0.0,0.0,0.0,0.0,10.72,DEAD_RECKONING,13.68,317.29,-330.63,125.95,-83.18,False,True,False,false
1788952046604,1.3119,3.5988,10.2174,-0.345,-0.20426,0.01358,23.14,26.33,-20.01,0.0,0.0,0.0,0.0,0.0,10.72,DEAD_RECKONING,14.21,317.28,-332.84,125.57,-82.7,False,True,False,false
1788952046724,-1.1258,4.1013,6.4247,0.1012,0.43848,-0.27337,23.53,26.1,-18.79,0.0,0.0,0.0,0.0,0.0,10.72,DEAD_RECKONING,15.22,318.59,-335.6,124.4,-81.52,False,False,False,false
1788952046859,-1.0899,4.7408,10.8712,0.1225,-0.21278,-0.24354,23.08,26.44,-18.64,0.0,0.0,0.0,0.0,0.0,10.72,DEAD_RECKONING,12.74,320.05,-337.33,124.71,-81.52,False,False,False,false
1788952046976,0.7944,2.586,10.2724,-0.10319,0.05446,0.1233,24.26,29.79,-22.09,0.0,0.0,0.0,0.0,0.0,10.72,DEAD_RECKONING,12.68,319.27,-339.03,125.0,-81.5,False,False,False,false
1788952047140,-0.2662,2.9856,9.0969,0.10599,-0.05566,0.14567,25.13,30.32,-22.59,0.0,0.0,0.0,0.0,0.0,10.72,DEAD_RECKONING,13.72,318.43,-340.97,125.06,-81.37,False,False,False,false
1788952047269,0.3996,3.3476,9.2979,0.08362,0.01132,0.5956,25.41,30.45,-22.26,0.0,0.0,0.0,0.0,0.0,10.72,DEAD_RECKONING,14.97,314.98,-343.18,124.99,-81.34,False,False,False,false
1788952047391,1.1755,2.0303,8.6112,0.35419,-0.002,0.28255,26.96,29.79,-22.44,0.0,0.0,0.0,0.0,0.0,10.72,DEAD_RECKONING,14.87,313.33,-345.12,125.1,-81.24,False,False,False,false
1788952047514,0.2489,3.7137,11.613,-0.14793,-0.23622,-0.15313,27.43,29.57,-22.86,0.0,0.0,0.0,0.0,0.0,10.72,DEAD_RECKONING,14.26,314.35,-346.92,125.34,-81.14,False,False,False,false
1788952047633,1.2927,3.6682,7.337,-0.27896,0.02463,-0.00133,27.06,28.88,-23.51,0.0,0.0,0.0,0.0,0.0,10.72,DEAD_RECKONING,15.29,314.29,-348.92,125.42,-81.08,False,True,False,false
1788952047754,0.9332,3.0191,8.5005,0.09374,0.26751,-0.01731,27.45,28.33,-23.18,0.0,0.0,0.0,0.0,0.0,10.72,DEAD_RECKONING,15.53,314.17,-350.74,125.81,-81.04,False,True,False,false
1788952047876,0.1723,3.5821,7.0666,0.48362,0.251,0.00399,27.39,28.5,-23.18,0.0,0.0,0.0,0.0,0.0,10.72,DEAD_RECKONING,14.58,312.0,-354.46,122.52,-79.59,False,True,True,false
1788952047996,-0.2495,3.1801,11.321,0.22956,0.05766,-0.02849,27.66,27.75,-22.5,0.0,0.0,0.0,0.0,0.0,10.72,DEAD_RECKONING,14.57,312.05,-356.38,122.46,-79.34,False,True,False,false
1788952048123,0.5934,3.7328,8.4742,0.63262,-0.16112,0.02743,27.38,28.73,-22.09,0.0,0.0,0.0,0.0,0.0,10.72,DEAD_RECKONING,14.81,312.05,-358.29,122.52,-79.18,False,True,False,false
1788952048246,-0.1801,4.0439,8.6542,-0.33382,-0.13821,-0.15899,27.17,28.54,-23.98,0.0,0.0,0.0,0.0,0.0,10.72,DEAD_RECKONING,14.12,313.06,-360.45,121.86,-78.6,False,False,False,false
1788952048371,-0.6275,4.5996,8.6231,0.20666,-0.21172,-0.06684,27.43,28.89,-25.11,0.0,0.0,0.0,0.0,0.0,10.72,DEAD_RECKONING,14.39,313.66,-362.29,122.04,-78.5,False,False,False,false
1788952048496,-0.1944,3.2447,7.2317,0.0767,0.18708,-0.09614,26.91,29.4,-26.89,0.0,0.0,0.0,0.0,0.0,10.72,DEAD_RECKONING,14.48,313.88,-364.04,122.37,-78.47,False,False,False,false
1788952048618,0.0263,2.9186,4.3178,0.97935,0.10133,0.11531,27.41,29.42,-25.99,0.0,0.0,0.0,0.0,0.0,10.72,DEAD_RECKONING,13.42,313.02,-366.22,121.82,-78.17,False,False,False,false
1788952048737,0.4211,5.586,10.9908,0.16724,-0.14354,-0.08069,26.96,29.4,-25.41,0.0,0.0,0.0,0.0,0.0,10.72,DEAD_RECKONING,13.43,313.68,-368.26,121.6,-78.05,False,False,False,false
1788952048857,0.4499,4.7001,13.7294,-0.7715,-0.58721,0.07803,26.19,29.83,-24.69,0.0,0.0,0.0,0.0,0.0,10.72,DEAD_RECKONING,13.32,314.26,-370.16,121.62,-77.96,False,False,False,false
1788952049013,0.0048,4.1372,7.2676,-0.10266,-0.04674,-0.01198,26.44,29.14,-26.59,0.0,0.0,0.0,0.0,0.0,10.72,DEAD_RECKONING,13.12,314.34,-372.05,121.62,-77.87,False,False,False,false
1788952049137,-0.6682,3.8812,9.0156,-0.296,-0.12437,0.07643,26.89,29.89,-25.29,0.0,0.0,0.0,0.0,0.0,10.72,DEAD_RECKONING,13.15,314.05,-373.88,121.65,-77.79,False,False,False,false
1788952049255,-0.1035,4.1761,9.7579,-0.05326,-0.04141,0.05033,26.96,30.96,-23.79,0.0,0.0,0.0,0.0,0.0,10.72,DEAD_RECKONING,13.34,313.77,-375.71,121.67,-77.69,False,False,False,false
1788952049375,0.7992,3.0957,8.3402,-0.22889,0.01931,0.07963,26.93,30.96,-24.02,0.0,0.0,0.0,0.0,0.0,10.72,DEAD_RECKONING,14.16,313.25,-377.62,121.68,-77.57,False,False,False,false
1788952049494,-0.1418,4.6427,9.6814,0.28016,0.02091,-0.11531,27.98,30.64,-23.79,0.0,0.0,0.0,0.0,0.0,10.72,DEAD_RECKONING,13.95,313.81,-379.44,121.74,-77.46,False,False,False,false
1788952049616,0.4546,2.988,7.9669,-0.09521,0.01718,0.08335,27.92,30.75,-23.21,0.0,0.0,0.0,0.0,0.0,10.72,DEAD_RECKONING,13.17,313.27,-381.31,121.7,-77.38,False,False,False,false
1788952049737,-0.3954,4.8006,10.4471,0.03835,-0.05246,-0.24301,27.71,30.86,-23.94,0.0,0.0,0.0,0.0,0.0,10.72,DEAD_RECKONING,14.57,314.64,-382.72,122.18,-77.26,False,False,False,false
1788952049857,-0.1872,3.8668,8.7787,-0.39027,-0.06205,0.1265,27.75,30.69,-24.45,0.0,0.0,0.0,0.0,0.0,10.72,DEAD_RECKONING,14.79,313.96,-384.52,122.52,-77.22,False,False,False,false
1788952049976,0.457,3.9362,6.5545,0.43195,0.09334,-0.01039,27.9,31.29,-24.73,0.0,0.0,0.0,0.0,0.0,10.72,DEAD_RECKONING,14.43,313.84,-386.4,122.66,-77.15,False,False,False,false
1788952050102,-0.1657,4.063,11.5149,-0.17776,-0.11744,-0.01092,27.58,31.11,-24.9,0.0,0.0,0.0,0.0,0.0,10.72,DEAD_RECKONING,14.94,313.27,-388.79,121.43,-76.61,False,False,True,false
1788952050241,0.6413,4.3771,9.6263,-0.23156,-0.05406,-0.00826,27.66,31.71,-24.17,0.0,0.0,0.0,0.0,0.0,10.72,DEAD_RECKONING,14.67,313.33,-390.8,121.49,-76.54,False,True,False,false
1788952050381,-0.6682,3.8812,9.0132,0.13156,-0.03023,-0.0956,27.69,31.95,-25.43,0.0,0.0,0.0,0.0,0.0,10.72,DEAD_RECKONING,14.45,313.85,-392.48,122.14,-76.53,False,False,False,false
1788952050512,0.5838,3.9386,5.1751,0.59586,0.00919,0.03169,27.17,31.05,-26.38,0.0,0.0,0.0,0.0,0.0,10.72,DEAD_RECKONING,14.08,313.6,-394.4,122.06,-76.34,False,False,False,false
1788952050632,1.0534,4.7001,7.337,1.00971,0.11411,-0.27709,27.0,30.92,-27.54,0.0,0.0,0.0,0.0,0.0,10.72,DEAD_RECKONING,14.98,314.83,-395.62,123.26,-76.44,False,False,False,false
1788952050753,-0.6945,4.3268,10.4447,-0.08242,-0.17337,-0.0237,26.18,30.9,-28.63,0.0,0.0,0.0,0.0,0.0,10.72,DEAD_RECKONING,15.15,315.26,-397.02,124.24,-76.48,False,False,False,false
1788952050875,-1.0851,6.0981,7.2461,-0.56338,-0.24154,0.03595,25.89,30.54,-29.89,0.0,0.0,0.0,0.0,0.0,10.72,DEAD_RECKONING,14.79,315.48,-398.83,124.57,-76.4,False,False,False,false
1788952050995,0.5001,4.9107,7.8855,-0.35033,0.09494,0.12756,25.67,30.47,-29.7,0.0,0.0,0.0,0.0,0.0,10.72,DEAD_RECKONING,14.72,314.56,-400.8,124.68,-76.3,False,False,False,false
1788952051117,-0.661,5.2415,4.8832,0.9149,0.23448,-0.16005,25.56,30.86,-29.76,0.0,0.0,0.0,0.0,0.0,10.72,DEAD_RECKONING,14.12,314.93,-402.77,124.72,-76.22,False,False,False,false
1788952051237,0.1029,4.6355,11.6417,0.01651,-0.01691,0.09134,25.71,29.64,-30.21,0.0,0.0,0.0,0.0,0.0,10.72,DEAD_RECKONING,14.48,314.42,-404.75,124.76,-76.13,False,False,False,false
1788952051360,-1.0971,5.6435,8.1846,-0.41318,-0.14887,-0.14141,25.67,30.34,-29.51,0.0,0.0,0.0,0.0,0.0,10.72,DEAD_RECKONING,14.61,315.41,-406.66,124.79,-75.99,False,False,False,false
1788952051479,0.4499,4.6546,8.3115,-0.14421,-0.12703,0.09028,25.13,30.77,-28.78,0.0,0.0,0.0,0.0,0.0,10.72,DEAD_RECKONING,14.95,315.1,-408.82,124.59,-75.82,False,False,False,false
1788952051601,-0.3428,4.3819,8.0746,-0.10852,0.02517,0.03009,25.16,31.22,-27.79,0.0,0.0,0.0,0.0,0.0,10.72,DEAD_RECKONING,14.95,314.83,-411.0,124.41,-75.67,False,False,False,false
1788952051756,0.146,4.535,7.9095,0.07084,-0.01425,0.00985,24.92,31.58,-28.13,0.0,0.0,0.0,0.0,0.0,10.72,DEAD_RECKONING,14.95,314.74,-413.16,124.27,-75.55,False,False,False,false
1788952051880,-0.5486,4.8628,8.5053,-0.14953,-0.02863,0.02051,25.13,31.76,-28.73,0.0,0.0,0.0,0.0,0.0,10.72,DEAD_RECKONING,14.45,314.62,-415.16,124.33,-75.48,False,False,False,false
1788952052005,-0.4002,4.4106,8.9845,-0.42809,-0.20745,0.18295,24.64,31.78,-29.06,0.0,0.0,0.0,0.0,0.0,10.72,DEAD_RECKONING,14.83,313.89,-417.38,124.13,-75.38,False,False,False,false
1788952052124,-0.1059,3.6347,10.081,-0.29813,-0.25699,0.28575,23.96,32.29,-27.43,0.0,0.0,0.0,0.0,0.0,10.72,DEAD_RECKONING,15.87,312.6,-420.6,122.95,-75.16,False,False,False,false
1788952052241,-0.4146,3.8333,7.6439,0.49906,-0.17816,0.18136,25.26,32.1,-26.7,0.0,0.0,0.0,0.0,0.0,10.72,DEAD_RECKONING,14.62,311.79,-422.1,123.58,-75.17,False,False,False,false
1788952052363,-0.7256,4.5709,12.3434,-0.30825,-0.03822,-0.0956,25.14,32.12,-28.01,0.0,0.0,0.0,0.0,0.0,10.72,DEAD_RECKONING,12.98,312.32,-423.82,123.83,-75.16,False,False,False,false
1788952052503,-0.0676,3.1466,7.7827,-0.05539,-0.03768,0.11851,25.82,32.96,-27.04,0.0,0.0,0.0,0.0,0.0,10.72,DEAD_RECKONING,13.61,311.66,-425.68,123.79,-75.08,False,False,False,false
1788952052627,-0.3978,4.3723,8.8217,0.34514,-0.00573,-0.09667,25.8,33.3,-27.24,0.0,0.0,0.0,0.0,0.0,10.72,DEAD_RECKONING,13.49,312.15,-427.73,123.57,-75.0,False,False,False,false
1788952052750,0.1149,4.1539,10.675,0.18375,0.1514,0.13342,25.59,32.29,-26.87,0.0,0.0,0.0,0.0,0.0,10.72,DEAD_RECKONING,13.55,311.11,-429.69,123.39,-74.92,False,False,False,false
1788952052870,-0.1226,4.3555,8.7476,0.12623,0.06405,-0.19294,25.67,31.8,-26.72,0.0,0.0,0.0,0.0,0.0,10.72,DEAD_RECKONING,13.58,312.0,-431.47,123.42,-74.86,False,False,False,false
1788952052986,-0.3619,4.7671,8.4646,0.15233,0.00759,-0.06098,25.33,31.05,-26.87,0.0,0.0,0.0,0.0,0.0,10.72,DEAD_RECKONING,14.4,312.26,-432.44,124.36,-74.88,False,False,False,false
1788952053102,0.1842,4.401,7.4997,0.28388,-0.01957,0.10945,25.43,30.45,-27.26,0.0,0.0,0.0,0.0,0.0,10.72,DEAD_RECKONING,14.66,311.64,-434.15,124.84,-74.93,False,False,False,false
1788952053219,0.804,4.3484,7.8473,0.8446,0.08375,-0.30799,25.13,30.43,-27.96,0.0,0.0,0.0,0.0,0.0,10.72,DEAD_RECKONING,16.12,313.02,-433.93,127.23,-75.06,False,False,False,false
1788952053338,-0.7687,5.2582,6.2596,-0.1703,-0.04927,0.02157,24.34,30.23,-30.47,0.0,0.0,0.0,0.0,0.0,10.72,DEAD_RECKONING,15.13,312.96,-434.56,129.38,-75.29,False,False,False,false
1788952053460,0.6532,5.677,7.7228,0.27323,-0.00573,0.15579,24.19,29.44,-31.03,0.0,0.0,0.0,0.0,0.0,10.72,DEAD_RECKONING,14.64,312.1,-436.55,129.5,-75.28,False,False,False,false
1788952053582,-0.3452,4.389,9.195,-0.43075,0.06937,0.10413,24.23,29.7,-29.46,0.0,0.0,0.0,0.0,0.0,10.72,DEAD_RECKONING,14.09,311.32,-438.3,129.5,-75.2,False,False,False,false
1788952053703,0.4953,5.0758,6.8369,0.42343,0.00652,-0.11425,24.54,29.48,-28.33,0.0,0.0,0.0,0.0,0.0,10.72,DEAD_RECKONING,14.27,311.84,-440.27,129.46,-75.17,False,False,False,false
1788952053819,0.3302,4.6451,8.1224,0.4181,0.27337,0.05246,25.22,28.97,-29.14,0.0,0.0,0.0,0.0,0.0,10.72,DEAD_RECKONING,14.97,310.79,-442.63,129.1,-75.17,False,False,False,false
1788952053939,-0.216,4.1587,6.3625,0.19973,0.30426,0.03169,24.88,29.79,-28.69,0.0,0.0,0.0,0.0,0.0,10.72,DEAD_RECKONING,14.14,309.72,-443.99,129.59,-75.13,False,False,False,false
1788952054057,-0.5007,5.5956,8.4885,-0.01225,-0.05086,0.03435,24.71,30.21,-28.54,0.0,0.0,0.0,0.0,0.0,10.72,DEAD_RECKONING,14.21,312.99,-445.73,135.98,-76.72,False,False,True,false
1788952054180,-0.6754,5.6435,9.7651,-0.9643,-0.41944,-0.06418,25.03,30.26,-27.69,0.0,0.0,0.0,0.0,0.0,10.72,DEAD_RECKONING,14.2,314.32,-446.69,136.88,-76.67,False,False,False,false
1788952054301,0.2106,4.6834,7.3896,-0.17137,0.13915,-0.07643,24.64,31.11,-27.79,0.0,0.0,0.0,0.0,0.0,10.72,DEAD_RECKONING,13.42,314.35,-449.49,136.02,-76.66,False,False,False,false
1788952054423,0.1005,3.7352,8.9438,0.11718,0.05446,0.02104,25.43,30.02,-28.99,0.0,0.0,0.0,0.0,0.0,10.72,DEAD_RECKONING,13.57,314.05,-451.57,135.87,-76.67,False,False,False,false
1788952054546,-0.7783,5.4808,8.5872,0.07244,-0.14461,-0.16058,25.18,30.17,-28.63,0.0,0.0,0.0,0.0,0.0,10.72,DEAD_RECKONING,13.69,315.16,-453.1,136.14,-76.63,False,False,False,false
1788952054669,-1.066,5.071,9.3769,-0.59001,-0.26977,-0.17057,24.47,29.72,-28.73,0.0,0.0,0.0,0.0,0.0,10.72,DEAD_RECKONING,12.98,316.59,-454.81,136.28,-76.59,False,False,False,false
1788952054789,-0.5533,3.9099,5.6877,-0.23315,-0.01531,0.09987,24.19,29.66,-27.84,0.0,0.0,0.0,0.0,0.0,10.72,DEAD_RECKONING,13.57,316.02,-457.0,135.91,-76.53,False,False,False,false
1788952054914,-0.271,4.9513,8.1368,0.36005,0.23235,-0.01624,24.75,29.66,-27.96,0.0,0.0,0.0,0.0,0.0,10.72,DEAD_RECKONING,12.98,316.39,-458.97,137.39,-76.9,False,False,True,false
1788952055039,-0.0556,4.5494,8.1655,0.18162,0.25313,0.16644,24.99,29.91,-28.2,0.0,0.0,0.0,0.0,0.0,10.72,DEAD_RECKONING,14.34,314.9,-462.3,136.13,-77.0,False,False,False,false
1788952055159,-1.2646,4.267,6.9254,0.07829,0.06458,-0.02849,25.26,29.48,-27.84,0.0,0.0,0.0,0.0,0.0,10.72,DEAD_RECKONING,14.02,314.85,-465.03,135.28,-77.06,False,False,False,false
1788952055280,-0.7041,5.3779,9.0826,0.32117,0.05872,0.03435,24.34,29.46,-28.97,0.0,0.0,0.0,0.0,0.0,10.72,DEAD_RECKONING,13.96,314.46,-467.67,134.51,-77.1,False,False,False,false
1788952055418,-0.5031,4.8174,9.9685,-0.45046,-0.05513,0.08122,24.53,29.19,-29.31,0.0,0.0,0.0,0.0,0.0,10.72,DEAD_RECKONING,14.41,314.1,-470.92,133.07,-77.11,False,False,False,false
1788952055536,-0.8237,4.9394,6.3529,0.18642,0.07257,-0.15206,24.79,29.29,-27.51,0.0,0.0,0.0,0.0,0.0,10.72,DEAD_RECKONING,15.51,314.68,-473.42,132.19,-77.08,False,False,False,false
1788952055663,0.3087,4.5876,9.542,-0.04847,-0.23835,0.04234,24.88,29.64,-27.53,0.0,0.0,0.0,0.0,0.0,10.72,DEAD_RECKONING,14.99,315.62,-475.98,132.89,-77.28,False,False,True,false
1788952055784,-0.7639,4.2383,9.4869,-0.01864,-0.15206,0.25592,24.43,29.93,-27.77,0.0,0.0,0.0,0.0,0.0,10.72,DEAD_RECKONING,15.73,314.54,-479.47,131.55,-77.17,False,False,False,false
1788952055909,0.1149,5.016,10.2389,0.17097,-0.09774,-0.15792,24.62,29.61,-27.54,0.0,0.0,0.0,0.0,0.0,10.72,DEAD_RECKONING,15.49,315.53,-481.1,132.01,-77.07,False,False,False,false
1788952056032,0.7848,4.2694,10.1456,-0.63368,-0.30599,0.14301,23.89,29.19,-27.92,0.0,0.0,0.0,0.0,0.0,10.72,DEAD_RECKONING,16.05,315.37,-483.84,131.51,-76.9,False,False,False,false
1788952056162,-0.539,4.2144,7.4495,0.13315,0.11358,-0.00932,24.23,29.85,-28.01,0.0,0.0,0.0,0.0,0.0,10.72,DEAD_RECKONING,14.22,315.13,-485.88,131.54,-76.88,False,False,False,false
1788952056281,-0.5581,3.5007,7.7348,0.19227,0.16311,0.06897,24.73,29.53,-27.17,0.0,0.0,0.0,0.0,0.0,10.72,DEAD_RECKONING,14.55,314.35,-487.9,131.56,-76.85,False,False,False,false
1788952056397,-0.5031,4.1587,8.455,0.20825,0.13435,-0.04767,24.53,29.18,-26.01,0.0,0.0,0.0,0.0,0.0,10.72,DEAD_RECKONING,15.19,314.24,-490.43,131.21,-76.94,False,False,False,false
1788952056516,-0.3954,4.2814,9.4654,0.02876,-0.07803,0.03808,24.94,28.43,-26.1,0.0,0.0,0.0,0.0,0.0,10.72,DEAD_RECKONING,15.71,314.15,-493.11,130.74,-77.01,False,False,False,false
1788952056638,-0.4074,3.6754,9.7292,0.11025,-0.10839,0.09188,25.44,28.43,-25.78,0.0,0.0,0.0,0.0,0.0,10.72,DEAD_RECKONING,15.56,313.85,-495.83,130.13,-77.02,False,False,False,false
1788952056758,-1.3531,4.5709,7.8808,0.27323,-0.05779,0.20799,25.58,28.37,-27.64,0.0,0.0,0.0,0.0,0.0,10.72,DEAD_RECKONING,13.27,312.84,-495.05,133.02,-77.0,False,False,False,false
1788952056879,-0.2973,5.4257,11.0124,0.28708,-0.44074,0.21651,25.41,27.92,-27.69,0.0,0.0,0.0,0.0,0.0,10.72,DEAD_RECKONING,14.25,312.79,-497.12,132.9,-77.01,False,False,False,false
1788952057007,0.8471,4.602,9.4893,-0.1964,0.34207,0.01305,25.46,27.06,-27.49,0.0,0.0,0.0,0.0,0.0,10.72,DEAD_RECKONING,13.62,311.77,-497.91,133.82,-76.88,False,False,False,false
1788952057133,-0.4122,4.4967,7.0857,0.15925,0.03369,0.06578,25.54,26.34,-27.38,0.0,0.0,0.0,0.0,0.0,10.72,DEAD_RECKONING,13.54,311.27,-499.25,134.15,-76.78,False,False,False,false
1788952057249,-1.2191,5.3827,10.4495,0.01012,0.04061,-0.03169,25.99,26.36,-28.35,0.0,0.0,0.0,0.0,0.0,10.72,DEAD_RECKONING,13.54,311.26,-501.28,133.89,-76.75,False,False,False,false
1788952057374,-1.0319,4.9513,10.7444,-0.11864,-0.43275,0.31451,25.65,26.7,-27.66,0.0,0.0,0.0,0.0,0.0,10.72,DEAD_RECKONING,13.31,310.69,-503.19,133.76,-76.74,False,False,False,false
1788952057493,-0.4098,4.5829,10.2796,-0.35725,-0.25752,-0.07963,25.31,26.76,-27.84,0.0,0.0,0.0,0.0,0.0,10.72,DEAD_RECKONING,12.65,311.68,-505.62,133.07,-76.76,False,False,False,false
1788952057628,-0.07,5.0423,11.1248,-0.64646,-0.14993,-0.10572,26.12,26.44,-27.64,0.0,0.0,0.0,0.0,0.0,10.72,DEAD_RECKONING,14.13,312.52,-502.99,137.34,-76.35,False,False,False,false
1788952057751,0.8112,4.5015,9.5994,-0.10106,0.10985,0.00879,25.93,26.85,-27.24,0.0,0.0,0.0,0.0,0.0,10.72,DEAD_RECKONING,13.76,313.17,-504.17,140.66,-76.56,False,False,True,false
1788952057880,-0.661,4.6786,7.797,0.43994,-0.01478,0.1755,26.1,25.67,-26.66,0.0,0.0,0.0,0.0,0.0,10.72,DEAD_RECKONING,13.59,312.19,-505.62,141.2,-76.47,False,False,False,false
1788952057996,-0.3141,4.5517,7.8975,-0.08349,-0.29853,0.03968,26.81,25.03,-26.57,0.0,0.0,0.0,0.0,0.0,10.72,DEAD_RECKONING,13.61,312.58,-506.78,141.95,-76.29,False,False,False,false
1788952058115,-0.2734,6.0407,9.2692,-0.07297,-0.01744,-0.12863,26.27,24.68,-27.86,0.0,0.0,0.0,0.0,0.0,10.72,DEAD_RECKONING,13.97,313.25,-506.18,144.62,-76.1,False,False,False,false
1788952058235,0.3182,4.6187,7.986,-0.22197,-0.07377,0.053,27.11,24.26,-27.83,0.0,0.0,0.0,0.0,0.0,10.72,DEAD_RECKONING,14.27,313.05,-507.16,145.88,-75.97,False,False,False,false
1788952058354,0.2249,4.1617,8.2062,-0.10053,-0.0233,0.07057,26.74,24.39,-28.24,0.0,0.0,0.0,0.0,0.0,10.72,DEAD_RECKONING,12.78,312.65,-508.78,146.01,-75.85,False,False,False,false
1788952058471,-0.0724,5.799,8.3521,0.1241,-0.10306,-0.1265,26.93,24.83,-27.04,0.0,0.0,0.0,0.0,0.0,10.72,DEAD_RECKONING,15.14,313.49,-508.49,148.25,-75.69,False,False,False,false
1788952058587,-0.1561,5.1117,9.4463,0.03462,0.13222,0.03169,26.94,24.79,-26.96,0.0,0.0,0.0,0.0,0.0,10.72,DEAD_RECKONING,15.3,313.4,-510.97,149.0,-75.95,False,False,True,false
1788952058706,0.2824,5.1619,8.321,0.0,0.3213,-0.15473,26.89,23.78,-27.68,0.0,0.0,0.0,0.0,0.0,10.72,DEAD_RECKONING,16.29,313.5,-510.47,151.89,-76.3,False,False,False,false
1788952058823,-0.6849,6.0287,9.746,0.21305,-0.18668,0.0221,26.08,27.68,-33.3,0.0,0.0,0.0,0.0,0.0,10.72,DEAD_RECKONING,15.19,313.72,-510.88,153.84,-76.3,False,False,False,false
1788952058945,1.0415,4.87,9.7627,-0.14154,-0.0265,0.04927,25.2,28.29,-33.08,0.0,0.0,0.0,0.0,0.0,10.72,DEAD_RECKONING,15.32,313.45,-513.15,153.73,-76.23,False,False,False,false
1788952059064,0.7466,4.5661,7.1886,-0.13249,0.01451,-0.00666,25.61,28.41,-32.74,0.0,0.0,0.0,0.0,0.0,10.72,DEAD_RECKONING,18.1,313.39,-516.09,152.7,-76.2,False,False,False,false
1788952059189,0.5767,6.2154,9.9087,0.06072,-0.21438,-0.11904,25.97,28.52,-32.44,0.0,0.0,0.0,0.0,0.0,10.72,DEAD_RECKONING,18.74,314.43,-516.18,154.36,-75.77,False,False,False,false
1788952059324,1.2257,4.6451,8.0172,0.15393,0.55938,-0.05672,25.13,28.56,-33.09,0.0,0.0,0.0,0.0,0.0,10.72,DEAD_RECKONING,18.68,313.46,-519.14,153.72,-76.21,False,False,False,false
1788952059438,0.3135,5.5214,7.6702,0.00426,-0.03342,-0.09827,25.84,27.62,-33.24,0.0,0.0,0.0,0.0,0.0,10.72,DEAD_RECKONING,18.44,313.99,-520.3,154.79,-76.42,False,False,False,false
1788952059556,0.5599,5.2152,8.3928,-0.07776,0.03582,-0.02051,25.88,28.59,-31.76,0.0,0.0,0.0,0.0,0.0,10.72,DEAD_RECKONING,16.45,313.96,-522.34,155.04,-76.22,False,False,False,false
1788952059681,0.201,4.6738,7.6415,-0.07031,-0.00626,0.01678,25.91,28.88,-32.12,0.0,0.0,0.0,0.0,0.0,10.72,DEAD_RECKONING,13.5,313.82,-522.85,156.98,-75.89,False,False,False,false
1788952059798,-0.2686,4.5685,7.0044,0.13848,-0.03981,0.1233,25.54,29.04,-32.21,0.0,0.0,0.0,0.0,0.0,10.72,DEAD_RECKONING,18.51,313.18,-530.1,151.55,-75.9,False,False,False,false
1788952059920,1.9747,2.9569,8.9318,-0.28056,-0.15526,0.27137,25.59,29.25,-31.95,0.0,0.0,0.0,0.0,0.0,10.72,DEAD_RECKONING,18.95,311.98,-543.75,138.03,-75.92,False,False,False,false
1788952060048,0.4187,4.0774,10.0379,-0.29014,0.00173,-0.09401,25.76,30.17,-31.74,0.0,0.0,0.0,0.0,0.0,10.72,DEAD_RECKONING,19.1,312.43,-549.44,131.63,-75.74,False,False,False,false
1788952060175,1.0098,3.7663,8.2445,0.15126,0.39693,0.02423,25.61,30.92,-32.91,0.0,0.0,0.0,0.0,0.0,10.72,DEAD_RECKONING,18.93,311.48,-555.0,127.05,-76.07,False,False,False,false
1788952060291,0.1795,3.8836,8.7739,0.34301,0.1988,-0.01784,25.2,30.3,-31.01,0.0,0.0,0.0,0.0,0.0,10.72,DEAD_RECKONING,19.04,311.11,-559.29,124.31,-76.33,False,False,False,false
1788952060411,0.7992,4.5254,9.4199,-0.01065,0.06884,-0.18229,25.84,30.36,-30.77,0.0,0.0,0.0,0.0,0.0,10.72,DEAD_RECKONING,18.85,311.87,-559.81,125.99,-76.23,False,False,False,false
1788952060528,-0.527,4.5876,8.3952,0.67629,0.37829,-0.52796,26.21,30.24,-31.31,0.0,0.0,0.0,0.0,0.0,10.72,DEAD_RECKONING,16.33,313.72,-568.91,118.73,-76.14,False,False,False,false
1788952060647,-2.0471,6.5581,7.797,0.30572,0.22436,-0.62489,26.51,28.44,-32.08,0.0,0.0,0.0,0.0,0.0,10.72,DEAD_RECKONING,13.77,316.28,-590.47,98.94,-76.75,False,False,False,false
1788952060778,-2.0471,6.5581,7.797,0.30572,0.22436,-0.62489,26.51,28.44,-32.08,0.0,0.0,0.0,0.0,0.0,10.72,DEAD_RECKONING,13.17,318.76,-596.93,95.01,-76.9,False,False,False,false
1788952060900,-2.0471,6.5581,7.797,0.30572,0.22436,-0.62489,26.51,28.44,-32.08,0.0,0.0,0.0,0.0,0.0,10.72,DEAD_RECKONING,12.81,321.16,-597.11,97.08,-76.6,False,False,False,false
1788952061023,-2.0471,6.5581,7.797,0.30572,0.22436,-0.62489,26.51,28.44,-32.08,0.0,0.0,0.0,0.0,0.0,10.72,DEAD_RECKONING,11.14,323.5,-598.83,97.75,-76.43,False,False,False,false
1788952061146,-2.0471,6.5581,7.797,0.30572,0.22436,-0.62489,26.51,28.44,-32.08,0.0,0.0,0.0,0.0,0.0,10.72,DEAD_RECKONING,10.63,325.78,-598.54,100.91,-76.19,False,False,False,false
1788952061262,-2.0471,6.5581,7.797,0.30572,0.22436,-0.62489,26.51,28.44,-32.08,0.0,0.0,0.0,0.0,0.0,10.72,DEAD_RECKONING,10.28,328.03,-596.29,106.63,-75.97,False,False,False,false
1788952061386,-2.0471,6.5581,7.797,0.30572,0.22436,-0.62489,26.51,28.44,-32.08,0.0,0.0,0.0,0.0,0.0,10.72,DEAD_RECKONING,10.31,330.24,-591.56,115.6,-75.9,False,False,False,false
1788952061506,-2.0471,6.5581,7.797,0.30572,0.22436,-0.62489,26.51,28.44,-32.08,0.0,0.0,0.0,0.0,0.0,10.72,DEAD_RECKONING,10.31,332.43,-585.46,126.42,-76.1,False,False,False,false
1788952061623,-2.0471,6.5581,7.797,0.30572,0.22436,-0.62489,26.51,28.44,-32.08,0.0,0.0,0.0,0.0,0.0,10.72,DEAD_RECKONING,4.65,334.61,-596.24,115.49,-75.42,False,False,False,false
1788952061739,-2.0471,6.5581,7.797,0.30572,0.22436,-0.62489,26.51,28.44,-32.08,0.0,0.0,0.0,0.0,0.0,10.72,DEAD_RECKONING,2.91,336.8,-600.26,114.71,-75.3,False,False,False,false
1788952061857,-2.0471,6.5581,7.797,0.30572,0.22436,-0.62489,26.51,28.44,-32.08,0.0,0.0,0.0,0.0,0.0,10.72,DEAD_RECKONING,1.69,339.02,-603.39,115.62,-75.14,False,False,False,false
1788952061990,-2.0471,6.5581,7.797,0.30572,0.22436,-0.62489,26.51,28.44,-32.08,0.0,0.0,0.0,0.0,0.0,10.72,DEAD_RECKONING,1.69,341.27,-606.47,115.98,-74.91,False,False,False,false
1788952062106,-2.0471,6.5581,7.797,0.30572,0.22436,-0.62489,26.51,28.44,-32.08,0.0,0.0,0.0,0.0,0.0,10.72,DEAD_RECKONING,1.69,343.59,-609.5,115.91,-74.69,False,False,False,false
1788952062245,-2.0471,6.5581,7.797,0.30572,0.22436,-0.62489,26.51,28.44,-32.08,0.0,0.0,0.0,0.0,0.0,10.72,DEAD_RECKONING,1.69,345.99,-612.48,115.7,-74.5,False,False,False,false
1788952062368,-2.0471,6.5581,7.797,0.30572,0.22436,-0.62489,26.51,28.44,-32.08,0.0,0.0,0.0,0.0,0.0,10.72,DEAD_RECKONING,1.69,348.51,-615.46,115.45,-74.34,False,False,False,false
1788952062488,-2.0471,6.5581,7.797,0.30572,0.22436,-0.62489,26.51,28.44,-32.08,0.0,0.0,0.0,0.0,0.0,10.72,DEAD_RECKONING,1.69,351.18,-618.44,115.19,-74.21,False,False,False,false
1788952062605,-2.0471,6.5581,7.797,0.30572,0.22436,-0.62489,26.51,28.44,-32.08,0.0,0.0,0.0,0.0,0.0,10.72,DEAD_RECKONING,1.69,354.07,-621.42,114.94,-74.11,False,False,False,false
1788952062726,-2.0471,6.5581,7.797,0.30572,0.22436,-0.62489,26.51,28.44,-32.08,0.0,0.0,0.0,0.0,0.0,10.72,DEAD_RECKONING,1.69,357.24,-624.4,114.7,-74.05,False,False,False,false
1788952062848,-2.0471,6.5581,7.797,0.30572,0.22436,-0.62489,26.51,28.44,-32.08,0.0,0.0,0.0,0.0,0.0,10.72,DEAD_RECKONING,1.69,0.79,-627.37,114.48,-74.02,False,False,False,false
1788952062966,-2.0471,6.5581,7.797,0.30572,0.22436,-0.62489,26.51,28.44,-32.08,0.0,0.0,0.0,0.0,0.0,10.72,DEAD_RECKONING,1.69,4.85,-630.32,114.29,-74.03,False,False,False,false
1788952063085,-2.0471,6.5581,7.797,0.30572,0.22436,-0.62489,26.51,28.44,-32.08,0.0,0.0,0.0,0.0,0.0,10.72,DEAD_RECKONING,1.69,39.81,-643.8,111.81,-74.54,False,False,False,true
1788952063206,-2.0471,6.5581,7.797,0.30572,0.22436,-0.62489,26.51,28.44,-32.08,0.0,0.0,0.0,0.0,0.0,10.72,DEAD_RECKONING,1.69,50.42,-653.24,109.27,-76.2,False,False,False,false
1788952063331,-2.0471,6.5581,7.797,0.30572,0.22436,-0.62489,26.51,28.44,-32.08,0.0,0.0,0.0,0.0,0.0,10.72,DEAD_RECKONING,1.77,61.94,-657.38,108.33,-76.52,False,False,False,false
1788952063452,-2.0471,6.5581,7.797,0.30572,0.22436,-0.62489,26.51,28.44,-32.08,0.0,0.0,0.0,0.0,0.0,10.72,DEAD_RECKONING,1.77,73.81,-661.04,107.81,-76.97,False,False,False,false
1788952063569,-2.0471,6.5581,7.797,0.30572,0.22436,-0.62489,26.51,28.44,-32.08,0.0,0.0,0.0,0.0,0.0,10.72,DEAD_RECKONING,1.77,85.35,-664.59,107.37,-77.54,False,False,False,false
1788952063686,-2.0471,6.5581,7.797,0.30572,0.22436,-0.62489,26.51,28.44,-32.08,0.0,0.0,0.0,0.0,0.0,10.72,DEAD_RECKONING,1.77,95.99,-668.11,106.94,-78.23,False,False,False,false
1788952063805,-2.0471,6.5581,7.797,0.30572,0.22436,-0.62489,26.51,28.44,-32.08,0.0,0.0,0.0,0.0,0.0,10.72,DEAD_RECKONING,1.77,105.44,-671.58,106.52,-79.04,False,False,False,false
1788952063920,-2.0471,6.5581,7.797,0.30572,0.22436,-0.62489,26.51,28.44,-32.08,0.0,0.0,0.0,0.0,0.0,10.72,DEAD_RECKONING,1.77,113.66,-675.0,106.1,-79.97,False,False,False,false
1788952064035,-2.0471,6.5581,7.797,0.30572,0.22436,-0.62489,26.51,28.44,-32.08,0.0,0.0,0.0,0.0,0.0,10.72,DEAD_RECKONING,1.77,120.76,-678.36,105.69,-81.03,False,False,False,false
1788952064152,-2.0471,6.5581,7.797,0.30572,0.22436,-0.62489,26.51,28.44,-32.08,0.0,0.0,0.0,0.0,0.0,10.72,DEAD_RECKONING,1.77,126.91,-681.65,105.27,-82.24,False,False,False,false
1788952064272,-2.0471,6.5581,7.797,0.30572,0.22436,-0.62489,26.51,28.44,-32.08,0.0,0.0,0.0,0.0,0.0,10.72,DEAD_RECKONING,1.77,132.43,-685.34,104.53,-83.63,False,False,False,true
1788952064398,-2.0471,6.5581,7.797,0.30572,0.22436,-0.62489,26.51,28.44,-32.08,0.0,0.0,0.0,0.0,0.0,10.72,DEAD_RECKONING,1.77,137.14,-702.56,94.83,-86.43,False,False,False,false
1788952064520,-2.0471,6.5581,7.797,0.30572,0.22436,-0.62489,26.51,28.44,-32.08,0.0,0.0,0.0,0.0,0.0,10.72,DEAD_RECKONING,1.77,141.36,-708.11,94.08,-87.59,False,False,False,false
1788952064638,-2.0471,6.5581,7.797,0.30572,0.22436,-0.62489,26.51,28.44,-32.08,0.0,0.0,0.0,0.0,0.0,10.72,DEAD_RECKONING,1.77,145.2,-711.38,93.89,-89.53,False,False,False,false
1788952064754,-2.0471,6.5581,7.797,0.30572,0.22436,-0.62489,26.51,28.44,-32.08,0.0,0.0,0.0,0.0,0.0,10.72,DEAD_RECKONING,1.77,148.73,-714.54,93.3,-91.96,False,False,False,false
1788952064877,-2.0471,6.5581,7.797,0.30572,0.22436,-0.62489,26.51,28.44,-32.08,0.0,0.0,0.0,0.0,0.0,10.72,DEAD_RECKONING,1.77,152.02,-717.72,92.43,-94.71,False,False,False,false
1788952064992,-2.0471,6.5581,7.797,0.30572,0.22436,-0.62489,26.51,28.44,-32.08,0.0,0.0,0.0,0.0,0.0,10.72,DEAD_RECKONING,1.77,155.12,-720.91,91.28,-97.77,False,False,False,false
1788952065119,-2.0471,6.5581,7.797,0.30572,0.22436,-0.62489,26.51,28.44,-32.08,0.0,0.0,0.0,0.0,0.0,10.72,DEAD_RECKONING,1.77,158.06,-724.12,89.8,-101.18,False,False,False,false
1788952065237,-2.0471,6.5581,7.797,0.30572,0.22436,-0.62489,26.51,28.44,-32.08,0.0,0.0,0.0,0.0,0.0,10.72,DEAD_RECKONING,1.77,160.89,-727.4,87.88,-104.97,False,False,False,false
1788952065359,-2.0471,6.5581,7.797,0.30572,0.22436,-0.62489,26.51,28.44,-32.08,0.0,0.0,0.0,0.0,0.0,10.72,DEAD_RECKONING,1.77,163.63,-730.82,85.42,-109.18,False,False,False,false
1788952065478,-2.0471,6.5581,7.797,0.30572,0.22436,-0.62489,26.51,28.44,-32.08,0.0,0.0,0.0,0.0,0.0,10.72,DEAD_RECKONING,1.77,166.31,-734.45,82.29,-113.84,False,False,False,false
1788952065596,-2.0471,6.5581,7.797,0.30572,0.22436,-0.62489,26.51,28.44,-32.08,0.0,0.0,0.0,0.0,0.0,10.72,DEAD_RECKONING,1.77,168.94,-738.38,78.38,-118.97,False,False,False,false
1788952065712,-2.0471,6.5581,7.797,0.30572,0.22436,-0.62489,26.51,28.44,-32.08,0.0,0.0,0.0,0.0,0.0,10.72,DEAD_RECKONING,1.77,171.54,-742.72,73.58,-124.58,False,False,False,false
1788952065831,-2.0471,6.5581,7.797,0.30572,0.22436,-0.62489,26.51,28.44,-32.08,0.0,0.0,0.0,0.0,0.0,10.72,DEAD_RECKONING,1.77,174.13,-747.55,67.79,-130.68,False,False,False,false
1788952065950,-2.0471,6.5581,7.797,0.30572,0.22436,-0.62489,26.51,28.44,-32.08,0.0,0.0,0.0,0.0,0.0,10.72,DEAD_RECKONING,1.77,176.73,-752.95,60.97,-137.23,False,False,False,false
1788952066067,-2.0471,6.5581,7.797,0.30572,0.22436,-0.62489,26.51,28.44,-32.08,0.0,0.0,0.0,0.0,0.0,10.72,DEAD_RECKONING,1.77,179.33,-758.95,53.19,-144.15,False,False,False,false
1788952066189,-2.0471,6.5581,7.797,0.30572,0.22436,-0.62489,26.51,28.44,-32.08,0.0,0.0,0.0,0.0,0.0,10.72,DEAD_RECKONING,1.77,181.97,-765.47,44.66,-151.3,False,False,False,false
1788952066306,-2.0471,6.5581,7.797,0.30572,0.22436,-0.62489,26.51,28.44,-32.08,0.0,0.0,0.0,0.0,0.0,10.72,DEAD_RECKONING,1.77,184.64,-772.24,35.86,-158.41,False,False,False,false
1788952066430,-2.0471,6.5581,7.797,0.30572,0.22436,-0.62489,26.51,28.44,-32.08,0.0,0.0,0.0,0.0,0.0,10.72,DEAD_RECKONING,1.77,187.36,-778.78,27.57,-165.1,False,False,False,false
1788952066553,-2.0471,6.5581,7.797,0.30572,0.22436,-0.62489,26.51,28.44,-32.08,0.0,0.0,0.0,0.0,0.0,10.72,DEAD_RECKONING,1.77,190.13,-784.21,21.18,-170.75,False,False,False,false
1788952066679,-2.0471,6.5581,7.797,0.30572,0.22436,-0.62489,26.51,28.44,-32.08,0.0,0.0,0.0,0.0,0.0,10.72,DEAD_RECKONING,1.8,192.97,-787.99,17.34,-175.12,False,False,False,false
1788952066796,-2.0471,6.5581,7.797,0.30572,0.22436,-0.62489,26.51,28.44,-32.08,0.0,0.0,0.0,0.0,0.0,10.72,DEAD_RECKONING,1.98,195.89,-790.86,14.51,-179.01,False,False,False,false
1788952066913,-2.0471,6.5581,7.797,0.30572,0.22436,-0.62489,26.51,28.44,-32.08,0.0,0.0,0.0,0.0,0.0,10.72,DEAD_RECKONING,1.96,198.88,-793.37,12.4,-182.55,False,False,False,false
1788952067039,-2.0471,6.5581,7.797,0.30572,0.22436,-0.62489,26.51,28.44,-32.08,0.0,0.0,0.0,0.0,0.0,10.72,DEAD_RECKONING,1.96,201.97,-795.63,10.94,-185.86,False,False,False,false
1788952067157,-2.0471,6.5581,7.797,0.30572,0.22436,-0.62489,26.51,28.44,-32.08,0.0,0.0,0.0,0.0,0.0,10.72,DEAD_RECKONING,1.96,205.15,-797.73,10.03,-189.02,False,False,False,false
1788952067279,-2.0471,6.5581,7.797,0.30572,0.22436,-0.62489,26.51,28.44,-32.08,0.0,0.0,0.0,0.0,0.0,10.72,DEAD_RECKONING,1.96,208.43,-799.75,9.53,-192.13,False,False,False,false
1788952067394,-2.0471,6.5581,7.797,0.30572,0.22436,-0.62489,26.51,28.44,-32.08,0.0,0.0,0.0,0.0,0.0,10.72,DEAD_RECKONING,1.96,211.81,-801.75,9.21,-195.28,False,False,False,false
1788952067517,-2.0471,6.5581,7.797,0.30572,0.22436,-0.62489,26.51,28.44,-32.08,0.0,0.0,0.0,0.0,0.0,10.72,DEAD_RECKONING,1.96,215.3,-803.76,8.9,-198.51,False,False,False,false
1788952067632,-2.0471,6.5581,7.797,0.30572,0.22436,-0.62489,26.51,28.44,-32.08,0.0,0.0,0.0,0.0,0.0,10.72,DEAD_RECKONING,1.96,218.89,-805.85,8.49,-201.87,False,False,False,false
1788952067749,-2.0471,6.5581,7.797,0.30572,0.22436,-0.62489,26.51,28.44,-32.08,0.0,0.0,0.0,0.0,0.0,10.72,DEAD_RECKONING,1.96,222.58,-808.02,7.94,-205.37,False,False,False,false
1788952067875,-2.0471,6.5581,7.797,0.30572,0.22436,-0.62489,26.51,28.44,-32.08,0.0,0.0,0.0,0.0,0.0,10.72,DEAD_RECKONING,1.96,226.36,-810.31,7.21,-209.02,False,False,False,false
1788952067994,-2.0471,6.5581,7.797,0.30572,0.22436,-0.62489,26.51,28.44,-32.08,0.0,0.0,0.0,0.0,0.0,10.72,DEAD_RECKONING,1.96,230.22,-812.69,6.3,-212.83,False,False,False,false
1788952068117,-2.0471,6.5581,7.797,0.30572,0.22436,-0.62489,26.51,28.44,-32.08,0.0,0.0,0.0,0.0,0.0,10.72,DEAD_RECKONING,1.96,234.16,-815.18,5.21,-216.77,False,False,False,false
1788952068235,-2.0471,6.5581,7.797,0.30572,0.22436,-0.62489,26.51,28.44,-32.08,0.0,0.0,0.0,0.0,0.0,10.72,DEAD_RECKONING,1.96,238.16,-817.78,3.93,-220.86,False,False,False,false
1788952068359,-2.0471,6.5581,7.797,0.30572,0.22436,-0.62489,26.51,28.44,-32.08,0.0,0.0,0.0,0.0,0.0,10.72,DEAD_RECKONING,1.96,242.21,-820.48,2.45,-225.09,False,False,False,false
1788952068480,-2.0471,6.5581,7.797,0.30572,0.22436,-0.62489,26.51,28.44,-32.08,0.0,0.0,0.0,0.0,0.0,10.72,DEAD_RECKONING,1.96,246.28,-823.3,0.76,-229.45,False,False,False,false
1788952068599,-2.0471,6.5581,7.797,0.30572,0.22436,-0.62489,26.51,28.44,-32.08,0.0,0.0,0.0,0.0,0.0,10.72,DEAD_RECKONING,1.96,250.36,-826.23,-1.12,-233.94,False,False,False,false
1788952068717,-2.0471,6.5581,7.797,0.30572,0.22436,-0.62489,26.51,28.44,-32.08,0.0,0.0,0.0,0.0,0.0,10.72,DEAD_RECKONING,1.96,254.42,-829.27,-3.21,-238.56,False,False,False,false
1788952068836,-2.0471,6.5581,7.797,0.30572,0.22436,-0.62489,26.51,28.44,-32.08,0.0,0.0,0.0,0.0,0.0,10.72,DEAD_RECKONING,1.96,258.46,-832.43,-5.49,-243.29,False,False,False,false
1788952068957,-2.0471,6.5581,7.797,0.30572,0.22436,-0.62489,26.51,28.44,-32.08,0.0,0.0,0.0,0.0,0.0,10.72,DEAD_RECKONING,1.96,262.44,-835.71,-7.97,-248.12,False,False,False,false
1788952069079,-2.0471,6.5581,7.797,0.30572,0.22436,-0.62489,26.51,28.44,-32.08,0.0,0.0,0.0,0.0,0.0,10.72,DEAD_RECKONING,1.96,266.37,-839.09,-10.64,-253.06,False,False,False,false
1788952069197,-2.0471,6.5581,7.797,0.30572,0.22436,-0.62489,26.51,28.44,-32.08,0.0,0.0,0.0,0.0,0.0,10.72,DEAD_RECKONING,1.96,270.21,-842.58,-13.47,-258.1,False,False,False,false
1788952069314,-2.0471,6.5581,7.797,0.30572,0.22436,-0.62489,26.51,28.44,-32.08,0.0,0.0,0.0,0.0,0.0,10.72,DEAD_RECKONING,1.88,273.97,-846.12,-16.44,-263.2,False,False,False,false
1788952069435,-2.0471,6.5581,7.797,0.30572,0.22436,-0.62489,26.51,28.44,-32.08,0.0,0.0,0.0,0.0,0.0,10.72,DEAD_RECKONING,1.88,277.64,-849.73,-19.53,-268.37,False,False,False,false
1788952069556,-2.0471,6.5581,7.797,0.30572,0.22436,-0.62489,26.51,28.44,-32.08,0.0,0.0,0.0,0.0,0.0,10.72,DEAD_RECKONING,1.88,281.2,-853.38,-22.71,-273.6,False,False,False,false
1788952069677,-2.0471,6.5581,7.797,0.30572,0.22436,-0.62489,26.51,28.44,-32.08,0.0,0.0,0.0,0.0,0.0,10.72,DEAD_RECKONING,1.88,284.67,-857.03,-25.95,-278.86,False,False,False,false
1788952069797,-2.0471,6.5581,7.797,0.30572,0.22436,-0.62489,26.51,28.44,-32.08,0.0,0.0,0.0,0.0,0.0,10.72,DEAD_RECKONING,1.88,288.03,-860.87,-29.39,-284.22,True,False,False,false
1788952069915,-2.0471,6.5581,7.797,0.30572,0.22436,-0.62489,26.51,28.44,-32.08,0.0,0.0,0.0,0.0,0.0,10.72,DEAD_RECKONING,1.88,291.28,-864.37,-32.6,-289.47,True,False,False,false
1788952070041,-2.0471,6.5581,7.797,0.30572,0.22436,-0.62489,26.51,28.44,-32.08,0.0,0.0,0.0,0.0,0.0,10.72,DEAD_RECKONING,1.88,294.44,-867.59,-35.62,-294.62,True,False,False,false
1788952070163,-2.0471,6.5581,7.797,0.30572,0.22436,-0.62489,26.51,28.44,-32.08,0.0,0.0,0.0,0.0,0.0,10.72,DEAD_RECKONING,1.88,297.5,-870.45,-38.38,-299.64,True,False,False,false
1788952070287,-2.0471,6.5581,7.797,0.30572,0.22436,-0.62489,26.51,28.44,-32.08,0.0,0.0,0.0,0.0,0.0,10.72,DEAD_RECKONING,1.88,300.47,-872.84,-40.81,-304.48,True,False,False,false
1788952070402,-2.0471,6.5581,7.797,0.30572,0.22436,-0.62489,26.51,28.44,-32.08,0.0,0.0,0.0,0.0,0.0,10.72,DEAD_RECKONING,1.95,303.37,-875.07,-43.16,-309.25,False,False,False,false
1788952070527,-2.0471,6.5581,7.797,0.30572,0.22436,-0.62489,26.51,28.44,-32.08,0.0,0.0,0.0,0.0,0.0,10.72,DEAD_RECKONING,1.72,306.19,-876.71,-45.1,-313.77,False,False,False,false
1788952070643,-2.0471,6.5581,7.797,0.30572,0.22436,-0.62489,26.51,28.44,-32.08,0.0,0.0,0.0,0.0,0.0,10.72,DEAD_RECKONING,1.69,308.95,-877.72,-46.62,-318.0,False,False,False,false
1788952070771,-2.0471,6.5581,7.797,0.30572,0.22436,-0.62489,26.51,28.44,-32.08,0.0,0.0,0.0,0.0,0.0,10.72,DEAD_RECKONING,1.69,311.66,-878.0,-47.65,-321.91,False,False,False,false
1788952070896,-2.0471,6.5581,7.797,0.30572,0.22436,-0.62489,26.51,28.44,-32.08,0.0,0.0,0.0,0.0,0.0,10.72,DEAD_RECKONING,1.69,314.32,-877.43,-48.14,-325.41,False,False,False,false
1788952071021,-2.0471,6.5581,7.797,0.30572,0.22436,-0.62489,26.51,28.44,-32.08,0.0,0.0,0.0,0.0,0.0,10.72,DEAD_RECKONING,1.69,316.94,-875.89,-48.02,-328.45,False,False,False,false
1788952071140,-2.0471,6.5581,7.797,0.30572,0.22436,-0.62489,26.51,28.44,-32.08,0.0,0.0,0.0,0.0,0.0,10.72,DEAD_RECKONING,1.69,319.54,-873.28,-47.25,-330.95,False,False,False,false
1788952071258,-2.0471,6.5581,7.797,0.30572,0.22436,-0.62489,26.51,28.44,-32.08,0.0,0.0,0.0,0.0,0.0,10.72,DEAD_RECKONING,1.69,322.14,-869.5,-45.79,-332.85,False,False,False,false
1788952071376,-2.0471,6.5581,7.797,0.30572,0.22436,-0.62489,26.51,28.44,-32.08,0.0,0.0,0.0,0.0,0.0,10.72,DEAD_RECKONING,1.69,324.73,-864.46,-43.61,-334.09,False,False,False,false
1788952071495,-2.0471,6.5581,7.797,0.30572,0.22436,-0.62489,26.51,28.44,-32.08,0.0,0.0,0.0,0.0,0.0,10.72,DEAD_RECKONING,1.69,327.33,-858.15,-40.73,-334.64,False,False,False,false
1788952071610,-2.0471,6.5581,7.797,0.30572,0.22436,-0.62489,26.51,28.44,-32.08,0.0,0.0,0.0,0.0,0.0,10.72,DEAD_RECKONING,1.69,329.97,-850.59,-37.2,-334.48,False,False,False,false
1788952071737,-2.0471,6.5581,7.797,0.30572,0.22436,-0.62489,26.51,28.44,-32.08,0.0,0.0,0.0,0.0,0.0,10.72,DEAD_RECKONING,1.69,332.66,-841.73,-32.99,-333.56,False,False,False,false
1788952071859,-2.0471,6.5581,7.797,0.30572,0.22436,-0.62489,26.51,28.44,-32.08,0.0,0.0,0.0,0.0,0.0,10.72,DEAD_RECKONING,1.69,335.42,-831.56,-28.13,-331.84,False,False,False,false
1788952071986,-2.0471,6.5581,7.797,0.30572,0.22436,-0.62489,26.51,28.44,-32.08,0.0,0.0,0.0,0.0,0.0,10.72,DEAD_RECKONING,1.69,338.28,-820.12,-22.65,-329.33,False,False,False,false
1788952072107,-2.0471,6.5581,7.797,0.30572,0.22436,-0.62489,26.51,28.44,-32.08,0.0,0.0,0.0,0.0,0.0,10.72,DEAD_RECKONING,1.69,341.26,-807.46,-16.59,-326.0,False,False,False,false
1788952072226,-2.0471,6.5581,7.797,0.30572,0.22436,-0.62489,26.51,28.44,-32.08,0.0,0.0,0.0,0.0,0.0,10.72,DEAD_RECKONING,1.69,344.4,-793.62,-9.99,-321.86,False,False,False,false
1788952072348,-2.0471,6.5581,7.797,0.30572,0.22436,-0.62489,26.51,28.44,-32.08,0.0,0.0,0.0,0.0,0.0,10.72,DEAD_RECKONING,1.69,347.74,-778.69,-2.9,-316.93,False,False,False,false
1788952072465,-2.0471,6.5581,7.797,0.30572,0.22436,-0.62489,26.51,28.44,-32.08,0.0,0.0,0.0,0.0,0.0,10.72,DEAD_RECKONING,1.69,351.34,-762.74,4.63,-311.21,False,False,False,false
1788952072586,-2.0471,6.5581,7.797,0.30572,0.22436,-0.62489,26.51,28.44,-32.08,0.0,0.0,0.0,0.0,0.0,10.72,DEAD_RECKONING,1.69,355.26,-745.86,12.55,-304.73,False,False,False,false
1788952072706,-2.0471,6.5581,7.797,0.30572,0.22436,-0.62489,26.51,28.44,-32.08,0.0,0.0,0.0,0.0,0.0,10.72,DEAD_RECKONING,1.69,359.59,-728.17,20.8,-297.53,False,False,False,false
1788952072822,-2.0471,6.5581,7.797,0.30572,0.22436,-0.62489,26.51,28.44,-32.08,0.0,0.0,0.0,0.0,0.0,10.72,DEAD_RECKONING,1.69,4.44,-709.77,29.33,-289.64,False,False,False,false
1788952072938,-2.0471,6.5581,7.797,0.30572,0.22436,-0.62489,26.51,28.44,-32.08,0.0,0.0,0.0,0.0,0.0,10.72,DEAD_RECKONING,1.69,9.93,-690.79,38.06,-281.11,False,False,False,false
1788952073062,-2.0471,6.5581,7.797,0.30572,0.22436,-0.62489,26.51,28.44,-32.08,0.0,0.0,0.0,0.0,0.0,10.72,DEAD_RECKONING,1.69,16.22,-671.35,46.93,-272.0,False,False,False,false
1788952073181,-2.0471,6.5581,7.797,0.30572,0.22436,-0.62489,26.51,28.44,-32.08,0.0,0.0,0.0,0.0,0.0,10.72,DEAD_RECKONING,1.69,23.5,-651.56,55.88,-262.36,False,False,False,false
1788952073300,-2.0471,6.5581,7.797,0.30572,0.22436,-0.62489,26.51,28.44,-32.08,0.0,0.0,0.0,0.0,0.0,10.72,DEAD_RECKONING,1.69,31.98,-631.43,64.91,-252.19,True,False,False,false
1788952073426,-2.0471,6.5581,7.797,0.30572,0.22436,-0.62489,26.51,28.44,-32.08,0.0,0.0,0.0,0.0,0.0,10.72,DEAD_RECKONING,1.69,58.49,-585.88,89.17,-227.92,True,False,False,true
1788952073552,-2.0471,6.5581,7.797,0.30572,0.22436,-0.62489,26.51,28.44,-32.08,0.0,0.0,0.0,0.0,0.0,10.72,DEAD_RECKONING,1.77,68.22,-587.25,88.05,-229.76,False,False,False,false
1788952073670,-2.0471,6.5581,7.797,0.30572,0.22436,-0.62489,26.51,28.44,-32.08,0.0,0.0,0.0,0.0,0.0,10.72,DEAD_RECKONING,1.77,77.77,-582.36,90.19,-228.44,False,False,False,false
1788952073788,-2.0471,6.5581,7.797,0.30572,0.22436,-0.62489,26.51,28.44,-32.08,0.0,0.0,0.0,0.0,0.0,10.72,DEAD_RECKONING,1.77,86.83,-573.89,93.81,-224.92,False,False,False,false
1788952073910,-2.0471,6.5581,7.797,0.30572,0.22436,-0.62489,26.51,28.44,-32.08,0.0,0.0,0.0,0.0,0.0,10.72,DEAD_RECKONING,1.77,95.21,-563.51,97.97,-219.91,False,False,False,false
1788952074025,-2.0471,6.5581,7.797,0.30572,0.22436,-0.62489,26.51,28.44,-32.08,0.0,0.0,0.0,0.0,0.0,10.72,DEAD_RECKONING,1.77,102.84,-552.1,102.3,-213.9,False,False,False,false
1788952074147,-2.0471,6.5581,7.797,0.30572,0.22436,-0.62489,26.51,28.44,-32.08,0.0,0.0,0.0,0.0,0.0,10.72,DEAD_RECKONING,1.77,109.71,-540.09,106.69,-207.15,False,False,False,false
1788952074270,-2.0471,6.5581,7.797,0.30572,0.22436,-0.62489,26.51,28.44,-32.08,0.0,0.0,0.0,0.0,0.0,10.72,DEAD_RECKONING,1.77,115.88,-527.67,111.13,-199.86,False,False,False,false
1788952074384,-2.0471,6.5581,7.797,0.30572,0.22436,-0.62489,26.51,28.44,-32.08,0.0,0.0,0.0,0.0,0.0,10.72,DEAD_RECKONING,1.77,121.44,-515.04,115.61,-192.21,False,False,False,false
1788952074505,-2.0471,6.5581,7.797,0.30572,0.22436,-0.62489,26.51,28.44,-32.08,0.0,0.0,0.0,0.0,0.0,10.72,DEAD_RECKONING,1.77,126.47,-502.38,120.11,-184.39,False,False,False,false
1788952074619,-2.0471,6.5581,7.797,0.30572,0.22436,-0.62489,26.51,28.44,-32.08,0.0,0.0,0.0,0.0,0.0,10.72,DEAD_RECKONING,1.77,131.06,-489.97,124.56,-176.66,False,False,False,false
1788952074743,-2.0471,6.5581,7.797,0.30572,0.22436,-0.62489,26.51,28.44,-32.08,0.0,0.0,0.0,0.0,0.0,10.72,DEAD_RECKONING,1.77,135.28,-478.18,128.87,-169.34,False,False,False,false
1788952074859,-2.0471,6.5581,7.797,0.30572,0.22436,-0.62489,26.51,28.44,-32.08,0.0,0.0,0.0,0.0,0.0,10.72,DEAD_RECKONING,1.77,139.2,-467.45,132.92,-162.85,False,False,False,false
1788952074979,-2.0471,6.5581,7.797,0.30572,0.22436,-0.62489,26.51,28.44,-32.08,0.0,0.0,0.0,0.0,0.0,10.72,DEAD_RECKONING,1.77,142.87,-458.23,136.57,-157.59,False,False,False,false
1788952075104,-2.0471,6.5581,7.797,0.30572,0.22436,-0.62489,26.51,28.44,-32.08,0.0,0.0,0.0,0.0,0.0,10.72,DEAD_RECKONING,1.77,146.33,-450.85,139.73,-153.85,False,False,False,false
1788952075224,-2.0471,6.5581,7.797,0.30572,0.22436,-0.62489,26.51,28.44,-32.08,0.0,0.0,0.0,0.0,0.0,10.72,DEAD_RECKONING,1.77,149.63,-445.38,142.38,-151.75,False,False,False,false
1788952075346,-2.0471,6.5581,7.797,0.30572,0.22436,-0.62489,26.51,28.44,-32.08,0.0,0.0,0.0,0.0,0.0,10.72,DEAD_RECKONING,1.77,152.79,-441.72,144.56,-151.21,False,False,False,false
1788952075459,-2.0471,6.5581,7.797,0.30572,0.22436,-0.62489,26.51,28.44,-32.08,0.0,0.0,0.0,0.0,0.0,10.72,DEAD_RECKONING,1.77,155.85,-439.54,146.39,-152.01,False,False,False,false
1788952075576,-2.0471,6.5581,7.797,0.30572,0.22436,-0.62489,26.51,28.44,-32.08,0.0,0.0,0.0,0.0,0.0,10.72,DEAD_RECKONING,1.77,158.83,-438.49,147.96,-153.88,False,False,False,false
1788952075693,-2.0471,6.5581,7.797,0.30572,0.22436,-0.62489,26.51,28.44,-32.08,0.0,0.0,0.0,0.0,0.0,10.72,DEAD_RECKONING,1.77,161.75,-438.37,149.34,-156.67,False,False,False,false
1788952075810,-2.0471,6.5581,7.797,0.30572,0.22436,-0.62489,26.51,28.44,-32.08,0.0,0.0,0.0,0.0,0.0,10.72,DEAD_RECKONING,1.77,164.63,-438.99,150.57,-160.24,False,False,False,false
1788952075932,-2.0471,6.5581,7.797,0.30572,0.22436,-0.62489,26.51,28.44,-32.08,0.0,0.0,0.0,0.0,0.0,10.72,DEAD_RECKONING,1.77,167.48,-440.23,151.7,-164.49,False,False,False,false
1788952076055,-2.0471,6.5581,7.797,0.30572,0.22436,-0.62489,26.51,28.44,-32.08,0.0,0.0,0.0,0.0,0.0,10.72,DEAD_RECKONING,1.77,170.31,-441.97,152.75,-169.33,False,False,False,false
1788952076176,-2.0471,6.5581,7.797,0.30572,0.22436,-0.62489,26.51,28.44,-32.08,0.0,0.0,0.0,0.0,0.0,10.72,DEAD_RECKONING,1.77,173.15,-444.13,153.75,-174.68,False,False,False,false
1788952076290,-2.0471,6.5581,7.797,0.30572,0.22436,-0.62489,26.51,28.44,-32.08,0.0,0.0,0.0,0.0,0.0,10.72,DEAD_RECKONING,1.77,176.0,-446.64,154.69,-180.5,False,False,False,false
1788952076408,-2.0471,6.5581,7.797,0.30572,0.22436,-0.62489,26.51,28.44,-32.08,0.0,0.0,0.0,0.0,0.0,10.72,DEAD_RECKONING,1.77,178.88,-449.43,155.6,-186.71,False,False,False,false
1788952076525,-2.0471,6.5581,7.797,0.30572,0.22436,-0.62489,26.51,28.44,-32.08,0.0,0.0,0.0,0.0,0.0,10.72,DEAD_RECKONING,1.77,181.79,-452.46,156.48,-193.28,False,False,False,false
1788952076647,-2.0471,6.5581,7.797,0.30572,0.22436,-0.62489,26.51,28.44,-32.08,0.0,0.0,0.0,0.0,0.0,10.72,DEAD_RECKONING,1.77,184.74,-455.68,157.34,-200.15,False,False,False,false
1788952076762,-2.0471,6.5581,7.797,0.30572,0.22436,-0.62489,26.51,28.44,-32.08,0.0,0.0,0.0,0.0,0.0,10.72,DEAD_RECKONING,1.77,187.74,-459.08,158.19,-207.32,False,False,False,false
1788952076883,-2.0471,6.5581,7.797,0.30572,0.22436,-0.62489,26.51,28.44,-32.08,0.0,0.0,0.0,0.0,0.0,10.72,DEAD_RECKONING,1.8,190.8,-462.65,159.01,-214.74,False,False,False,false
1788952077001,-2.0471,6.5581,7.797,0.30572,0.22436,-0.62489,26.51,28.44,-32.08,0.0,0.0,0.0,0.0,0.0,10.72,DEAD_RECKONING,1.98,193.92,-466.38,159.8,-222.43,False,False,False,false
1788952077115,-2.0471,6.5581,7.797,0.30572,0.22436,-0.62489,26.51,28.44,-32.08,0.0,0.0,0.0,0.0,0.0,10.72,DEAD_RECKONING,2.03,197.12,-470.25,160.58,-230.35,False,False,False,false
1788952077241,-2.0471,6.5581,7.797,0.30572,0.22436,-0.62489,26.51,28.44,-32.08,0.0,0.0,0.0,0.0,0.0,10.72,DEAD_RECKONING,1.96,200.39,-474.23,161.35,-238.44,False,False,False,false
1788952077362,-2.0471,6.5581,7.797,0.30572,0.22436,-0.62489,26.51,28.44,-32.08,0.0,0.0,0.0,0.0,0.0,10.72,DEAD_RECKONING,1.96,203.74,-478.31,162.09,-246.72,False,False,False,false
1788952077493,-2.0471,6.5581,7.797,0.30572,0.22436,-0.62489,26.51,28.44,-32.08,0.0,0.0,0.0,0.0,0.0,10.72,DEAD_RECKONING,1.96,207.17,-482.5,162.82,-255.15,False,False,False,false
1788952077612,-2.0471,6.5581,7.797,0.30572,0.22436,-0.62489,26.51,28.44,-32.08,0.0,0.0,0.0,0.0,0.0,10.72,DEAD_RECKONING,1.96,210.68,-486.79,163.53,-263.72,False,False,False,false
1788952077732,-2.0471,6.5581,7.797,0.30572,0.22436,-0.62489,26.51,28.44,-32.08,0.0,0.0,0.0,0.0,0.0,10.72,DEAD_RECKONING,1.96,214.28,-491.17,164.22,-272.42,False,False,False,false
1788952077851,-2.0471,6.5581,7.797,0.30572,0.22436,-0.62489,26.51,28.44,-32.08,0.0,0.0,0.0,0.0,0.0,10.72,DEAD_RECKONING,1.96,217.95,-495.66,164.89,-281.24,False,False,False,false
1788952077973,-2.0471,6.5581,7.797,0.30572,0.22436,-0.62489,26.51,28.44,-32.08,0.0,0.0,0.0,0.0,0.0,10.72,DEAD_RECKONING,1.96,221.7,-500.24,165.54,-290.15,False,False,False,false
1788952078091,-2.0471,6.5581,7.797,0.30572,0.22436,-0.62489,26.51,28.44,-32.08,0.0,0.0,0.0,0.0,0.0,10.72,DEAD_RECKONING,1.96,225.51,-504.92,166.18,-299.13,False,False,False,false
1788952078210,-2.0471,6.5581,7.797,0.30572,0.22436,-0.62489,26.51,28.44,-32.08,0.0,0.0,0.0,0.0,0.0,10.72,DEAD_RECKONING,1.96,229.38,-509.69,166.79,-308.18,False,False,False,false
1788952078330,-2.0471,6.5581,7.797,0.30572,0.22436,-0.62489,26.51,28.44,-32.08,0.0,0.0,0.0,0.0,0.0,10.72,DEAD_RECKONING,1.96,233.29,-514.54,167.4,-317.27,False,False,False,false
1788952078455,-2.0471,6.5581,7.797,0.30572,0.22436,-0.62489,26.51,28.44,-32.08,0.0,0.0,0.0,0.0,0.0,10.72,DEAD_RECKONING,1.96,237.24,-519.46,167.99,-326.38,False,False,False,false
1788952078572,-2.0471,6.5581,7.797,0.30572,0.22436,-0.62489,26.51,28.44,-32.08,0.0,0.0,0.0,0.0,0.0,10.72,DEAD_RECKONING,1.96,241.21,-524.45,168.58,-335.48,False,False,False,false
1788952078695,-2.0471,6.5581,7.797,0.30572,0.22436,-0.62489,26.51,28.44,-32.08,0.0,0.0,0.0,0.0,0.0,10.72,DEAD_RECKONING,1.96,245.18,-529.49,169.17,-344.54,False,False,False,false
1788952078812,-2.0471,6.5581,7.797,0.30572,0.22436,-0.62489,26.51,28.44,-32.08,0.0,0.0,0.0,0.0,0.0,10.72,DEAD_RECKONING,1.96,249.14,-534.54,169.77,-353.54,False,False,False,false
1788952078931,-2.0471,6.5581,7.797,0.30572,0.22436,-0.62489,26.51,28.44,-32.08,0.0,0.0,0.0,0.0,0.0,10.72,DEAD_RECKONING,1.96,253.08,-539.8,170.35,-362.57,True,False,False,false
1788952079055,-2.0471,6.5581,7.797,0.30572,0.22436,-0.62489,26.51,28.44,-32.08,0.0,0.0,0.0,0.0,0.0,10.72,DEAD_RECKONING,1.96,256.98,-545.63,170.88,-371.87,True,False,False,false
1788952079174,-2.0471,6.5581,7.797,0.30572,0.22436,-0.62489,26.51,28.44,-32.08,0.0,0.0,0.0,0.0,0.0,10.72,DEAD_RECKONING,1.96,260.84,-551.38,171.48,-380.98,False,False,False,false
1788952079290,-2.0471,6.5581,7.797,0.30572,0.22436,-0.62489,26.51,28.44,-32.08,0.0,0.0,0.0,0.0,0.0,10.72,DEAD_RECKONING,1.96,264.63,-555.92,172.27,-389.23,False,False,False,false
1788952079414,-2.0471,6.5581,7.797,0.30572,0.22436,-0.62489,26.51,28.44,-32.08,0.0,0.0,0.0,0.0,0.0,10.72,DEAD_RECKONING,1.88,268.36,-560.19,173.08,-397.15,False,False,False,false
1788952079533,-2.0471,6.5581,7.797,0.30572,0.22436,-0.62489,26.51,28.44,-32.08,0.0,0.0,0.0,0.0,0.0,10.72,DEAD_RECKONING,1.88,272.01,-564.17,173.95,-404.77,False,False,False,false
1788952079654,-2.0471,6.5581,7.797,0.30572,0.22436,-0.62489,26.51,28.44,-32.08,0.0,0.0,0.0,0.0,0.0,10.72,DEAD_RECKONING,1.88,275.58,-567.85,174.87,-412.09,False,False,False,false
1788952079771,-2.0471,6.5581,7.797,0.30572,0.22436,-0.62489,26.51,28.44,-32.08,0.0,0.0,0.0,0.0,0.0,10.72,DEAD_RECKONING,1.88,279.07,-571.17,175.84,-419.07,False,False,False,false
1788952079886,-2.0471,6.5581,7.797,0.30572,0.22436,-0.62489,26.51,28.44,-32.08,0.0,0.0,0.0,0.0,0.0,10.72,DEAD_RECKONING,1.88,282.48,-574.09,176.85,-425.7,False,False,False,false
1788952080004,-2.0471,6.5581,7.797,0.30572,0.22436,-0.62489,26.51,28.44,-32.08,0.0,0.0,0.0,0.0,0.0,10.72,DEAD_RECKONING,1.88,285.81,-576.55,177.9,-431.97,False,False,False,false
1788952080132,-2.0471,6.5581,7.797,0.30572,0.22436,-0.62489,26.51,28.44,-32.08,0.0,0.0,0.0,0.0,0.0,10.72,DEAD_RECKONING,1.88,289.06,-578.52,178.97,-437.86,False,False,False,false
1788952080251,-2.0471,6.5581,7.797,0.30572,0.22436,-0.62489,26.51,28.44,-32.08,0.0,0.0,0.0,0.0,0.0,10.72,DEAD_RECKONING,1.88,292.24,-579.97,180.04,-443.37,False,False,False,false
1788952080369,-2.0471,6.5581,7.797,0.30572,0.22436,-0.62489,26.51,28.44,-32.08,0.0,0.0,0.0,0.0,0.0,10.72,DEAD_RECKONING,1.95,295.34,-580.88,181.1,-448.51,False,False,False,false
1788952080493,-2.0471,6.5581,7.797,0.30572,0.22436,-0.62489,26.51,28.44,-32.08,0.0,0.0,0.0,0.0,0.0,10.72,DEAD_RECKONING,1.72,298.39,-581.15,182.1,-453.25,False,False,False,false
1788952080613,-2.0471,6.5581,7.797,0.30572,0.22436,-0.62489,26.51,28.44,-32.08,0.0,0.0,0.0,0.0,0.0,10.72,DEAD_RECKONING,1.69,301.37,-580.86,183.03,-457.63,False,False,False,false
1788952080733,-2.0471,6.5581,7.797,0.30572,0.22436,-0.62489,26.51,28.44,-32.08,0.0,0.0,0.0,0.0,0.0,10.72,DEAD_RECKONING,1.69,304.31,-580.0,183.86,-461.68,False,False,False,false
1788952080853,-2.0471,6.5581,7.797,0.30572,0.22436,-0.62489,26.51,28.44,-32.08,0.0,0.0,0.0,0.0,0.0,10.72,DEAD_RECKONING,1.69,307.2,-578.57,184.56,-465.39,False,False,False,false
1788952080969,-2.0471,6.5581,7.797,0.30572,0.22436,-0.62489,26.51,28.44,-32.08,0.0,0.0,0.0,0.0,0.0,10.72,DEAD_RECKONING,1.69,310.07,-576.54,185.1,-468.79,False,False,False,false
1788952081093,-2.0471,6.5581,7.797,0.30572,0.22436,-0.62489,26.51,28.44,-32.08,0.0,0.0,0.0,0.0,0.0,10.72,DEAD_RECKONING,1.69,312.92,-573.92,185.45,-471.87,False,False,False,false
1788952081209,-2.0471,6.5581,7.797,0.30572,0.22436,-0.62489,26.51,28.44,-32.08,0.0,0.0,0.0,0.0,0.0,10.72,DEAD_RECKONING,1.69,315.75,-570.69,185.56,-474.63,False,False,False,false
1788952081333,-2.0471,6.5581,7.797,0.30572,0.22436,-0.62489,26.51,28.44,-32.08,0.0,0.0,0.0,0.0,0.0,10.72,DEAD_RECKONING,1.69,318.59,-566.91,185.44,-477.12,False,False,False,false
1788952081451,-2.0471,6.5581,7.797,0.30572,0.22436,-0.62489,26.51,28.44,-32.08,0.0,0.0,0.0,0.0,0.0,10.72,DEAD_RECKONING,1.69,321.44,-562.56,185.04,-479.34,False,False,False,false
1788952081576,-2.0471,6.5581,7.797,0.30572,0.22436,-0.62489,26.51,28.44,-32.08,0.0,0.0,0.0,0.0,0.0,10.72,DEAD_RECKONING,1.69,322.56,-562.38,185.39,-483.01,False,False,False,true
1788952081706,-2.0471,6.5581,7.797,0.30572,0.22436,-0.62489,26.51,28.44,-32.08,0.0,0.0,0.0,0.0,0.0,10.72,DEAD_RECKONING,1.69,325.42,-565.12,185.47,-487.19,False,False,False,false
1788952081829,-2.0471,6.5581,7.797,0.30572,0.22436,-0.62489,26.51,28.44,-32.08,0.0,0.0,0.0,0.0,0.0,10.72,DEAD_RECKONING,1.69,328.35,-565.34,184.41,-490.11,False,False,False,false
1788952081949,-2.0471,6.5581,7.797,0.30572,0.22436,-0.62489,26.51,28.44,-32.08,0.0,0.0,0.0,0.0,0.0,10.72,DEAD_RECKONING,1.69,331.36,-564.51,182.88,-492.46,False,False,False,false
1788952082067,-2.0471,6.5581,7.797,0.30572,0.22436,-0.62489,26.51,28.44,-32.08,0.0,0.0,0.0,0.0,0.0,10.72,DEAD_RECKONING,1.69,334.48,-563.27,181.02,-494.44,False,False,False,false
1788952082185,-2.0471,6.5581,7.797,0.30572,0.22436,-0.62489,26.51,28.44,-32.08,0.0,0.0,0.0,0.0,0.0,10.72,DEAD_RECKONING,1.69,337.74,-561.97,178.82,-496.14,False,False,False,false
1788952082309,-2.0471,6.5581,7.797,0.30572,0.22436,-0.62489,26.51,28.44,-32.08,0.0,0.0,0.0,0.0,0.0,10.72,DEAD_RECKONING,1.69,341.17,-560.9,176.28,-497.58,False,False,False,false
1788952082430,-2.0471,6.5581,7.797,0.30572,0.22436,-0.62489,26.51,28.44,-32.08,0.0,0.0,0.0,0.0,0.0,10.72,DEAD_RECKONING,1.69,344.82,-560.3,173.4,-498.79,False,False,False,false
1788952082546,-2.0471,6.5581,7.797,0.30572,0.22436,-0.62489,26.51,28.44,-32.08,0.0,0.0,0.0,0.0,0.0,10.72,DEAD_RECKONING,1.69,348.73,-560.5,170.24,-499.78,False,False,False,false
1788952082669,-2.0471,6.5581,7.797,0.30572,0.22436,-0.62489,26.51,28.44,-32.08,0.0,0.0,0.0,0.0,0.0,10.72,DEAD_RECKONING,1.69,352.96,-561.83,166.87,-500.56,False,False,False,false
1788952082790,-2.0471,6.5581,7.797,0.30572,0.22436,-0.62489,26.51,28.44,-32.08,0.0,0.0,0.0,0.0,0.0,10.72,DEAD_RECKONING,1.69,357.59,-564.71,163.47,-501.18,False,False,False,false
1788952082910,-2.0471,6.5581,7.797,0.30572,0.22436,-0.62489,26.51,28.44,-32.08,0.0,0.0,0.0,0.0,0.0,10.72,DEAD_RECKONING,1.69,2.7,-569.56,160.3,-501.65,False,False,False,false
1788952083032,-2.0471,6.5581,7.797,0.30572,0.22436,-0.62489,26.51,28.44,-32.08,0.0,0.0,0.0,0.0,0.0,10.72,DEAD_RECKONING,1.69,8.38,-577.0,157.65,-501.91,False,False,False,false
1788952083150,-2.0471,6.5581,7.797,0.30572,0.22436,-0.62489,26.51,28.44,-32.08,0.0,0.0,0.0,0.0,0.0,10.72,DEAD_RECKONING,1.69,14.74,-588.63,155.82,-501.69,False,False,False,false
1788952083267,-2.0471,6.5581,7.797,0.30572,0.22436,-0.62489,26.51,28.44,-32.08,0.0,0.0,0.0,0.0,0.0,10.72,DEAD_RECKONING,1.69,21.88,-610.67,155.73,-500.18,False,False,False,false
1788952083391,-2.0471,6.5581,7.797,0.30572,0.22436,-0.62489,26.51,28.44,-32.08,0.0,0.0,0.0,0.0,0.0,10.72,DEAD_RECKONING,1.69,29.86,-661.81,163.31,-496.74,False,False,False,false
1788952083510,-2.0471,6.5581,7.797,0.30572,0.22436,-0.62489,26.51,28.44,-32.08,0.0,0.0,0.0,0.0,0.0,10.72,DEAD_RECKONING,1.69,52.0,-690.32,169.15,-492.41,False,False,False,true
1788952083631,-2.0471,6.5581,7.797,0.30572,0.22436,-0.62489,26.51,28.44,-32.08,0.0,0.0,0.0,0.0,0.0,10.72,DEAD_RECKONING,1.77,60.71,-687.69,174.19,-493.57,True,False,False,false
1788952083745,-2.0471,6.5581,7.797,0.30572,0.22436,-0.62489,26.51,28.44,-32.08,0.0,0.0,0.0,0.0,0.0,10.72,DEAD_RECKONING,1.77,69.23,-684.14,178.28,-494.03,False,False,False,false
1788952083864,-2.0471,6.5581,7.797,0.30572,0.22436,-0.62489,26.51,28.44,-32.08,0.0,0.0,0.0,0.0,0.0,10.72,DEAD_RECKONING,1.77,77.37,-680.59,182.41,-494.51,False,False,False,false
1788952083985,-2.0471,6.5581,7.797,0.30572,0.22436,-0.62489,26.51,28.44,-32.08,0.0,0.0,0.0,0.0,0.0,10.72,DEAD_RECKONING,1.77,85.01,-677.07,186.61,-495.06,False,False,False,false
1788952084111,-2.0471,6.5581,7.797,0.30572,0.22436,-0.62489,26.51,28.44,-32.08,0.0,0.0,0.0,0.0,0.0,10.72,DEAD_RECKONING,1.77,92.09,-673.6,190.9,-495.68,False,False,False,false
1788952084233,-2.0471,6.5581,7.797,0.30572,0.22436,-0.62489,26.51,28.44,-32.08,0.0,0.0,0.0,0.0,0.0,10.72,DEAD_RECKONING,1.77,98.59,-670.16,195.26,-496.38,False,False,False,false
1788952084360,-2.0471,6.5581,7.797,0.30572,0.22436,-0.62489,26.51,28.44,-32.08,0.0,0.0,0.0,0.0,0.0,10.72,DEAD_RECKONING,1.77,104.55,-666.75,199.71,-497.16,False,False,False,false
1788952084484,-2.0471,6.5581,7.797,0.30572,0.22436,-0.62489,26.51,28.44,-32.08,0.0,0.0,0.0,0.0,0.0,10.72,DEAD_RECKONING,1.77,110.01,-663.38,204.25,-498.03,False,False,False,false
1788952084606,-2.0471,6.5581,7.797,0.30572,0.22436,-0.62489,26.51,28.44,-32.08,0.0,0.0,0.0,0.0,0.0,10.72,DEAD_RECKONING,1.77,115.03,-660.03,208.87,-498.99,False,False,False,false
1788952084721,-2.0471,6.5581,7.797,0.30572,0.22436,-0.62489,26.51,28.44,-32.08,0.0,0.0,0.0,0.0,0.0,10.72,DEAD_RECKONING,1.77,119.67,-656.7,213.59,-500.06,False,False,False,false
1788952084847,-2.0471,6.5581,7.797,0.30572,0.22436,-0.62489,26.51,28.44,-32.08,0.0,0.0,0.0,0.0,0.0,10.72,DEAD_RECKONING,1.77,123.99,-653.39,218.39,-501.22,False,False,False,false
1788952084965,-2.0471,6.5581,7.797,0.30572,0.22436,-0.62489,26.51,28.44,-32.08,0.0,0.0,0.0,0.0,0.0,10.72,DEAD_RECKONING,1.77,128.03,-650.09,223.29,-502.49,False,False,False,false
1788952085084,-2.0471,6.5581,7.797,0.30572,0.22436,-0.62489,26.51,28.44,-32.08,0.0,0.0,0.0,0.0,0.0,10.72,DEAD_RECKONING,1.77,131.84,-646.8,228.27,-503.86,False,False,False,false
1788952085211,-2.0471,6.5581,7.797,0.30572,0.22436,-0.62489,26.51,28.44,-32.08,0.0,0.0,0.0,0.0,0.0,10.72,DEAD_RECKONING,1.77,135.46,-643.5,233.33,-505.33,False,False,False,false
1788952085336,-2.0471,6.5581,7.797,0.30572,0.22436,-0.62489,26.51,28.44,-32.08,0.0,0.0,0.0,0.0,0.0,10.72,DEAD_RECKONING,1.77,138.92,-640.19,238.46,-506.91,False,False,False,false
1788952085456,-2.0471,6.5581,7.797,0.30572,0.22436,-0.62489,26.51,28.44,-32.08,0.0,0.0,0.0,0.0,0.0,10.72,DEAD_RECKONING,1.77,142.25,-636.86,243.66,-508.57,False,False,False,false
1788952085574,-2.0471,6.5581,7.797,0.30572,0.22436,-0.62489,26.51,28.44,-32.08,0.0,0.0,0.0,0.0,0.0,10.72,DEAD_RECKONING,1.77,145.47,-633.51,248.92,-510.33,False,False,False,false
1788952085692,-2.0471,6.5581,7.797,0.30572,0.22436,-0.62489,26.51,28.44,-32.08,0.0,0.0,0.0,0.0,0.0,10.72,DEAD_RECKONING,1.77,148.62,-630.11,254.22,-512.17,False,False,False,false
1788952085819,-2.0471,6.5581,7.797,0.30572,0.22436,-0.62489,26.51,28.44,-32.08,0.0,0.0,0.0,0.0,0.0,10.72,DEAD_RECKONING,1.77,151.7,-626.67,259.54,-514.08,False,False,False,false
1788952085943,-2.0471,6.5581,7.797,0.30572,0.22436,-0.62489,26.51,28.44,-32.08,0.0,0.0,0.0,0.0,0.0,10.72,DEAD_RECKONING,1.77,154.74,-623.17,264.86,-516.06,False,False,False,false
1788952086063,-2.0471,6.5581,7.797,0.30572,0.22436,-0.62489,26.51,28.44,-32.08,0.0,0.0,0.0,0.0,0.0,10.72,DEAD_RECKONING,1.77,157.74,-619.6,270.15,-518.1,False,False,False,false
1788952086180,-2.0471,6.5581,7.797,0.30572,0.22436,-0.62489,26.51,28.44,-32.08,0.0,0.0,0.0,0.0,0.0,10.72,DEAD_RECKONING,1.77,160.73,-615.94,275.36,-520.18,False,False,False,false
1788952086306,-2.0471,6.5581,7.797,0.30572,0.22436,-0.62489,26.51,28.44,-32.08,0.0,0.0,0.0,0.0,0.0,10.72,DEAD_RECKONING,1.77,163.72,-612.19,280.44,-522.29,False,False,False,false
1788952086426,-2.0471,6.5581,7.797,0.30572,0.22436,-0.62489,26.51,28.44,-32.08,0.0,0.0,0.0,0.0,0.0,10.72,DEAD_RECKONING,1.77,166.71,-608.32,285.31,-524.43,False,False,False,false
1788952086548,-2.0471,6.5581,7.797,0.30572,0.22436,-0.62489,26.51,28.44,-32.08,0.0,0.0,0.0,0.0,0.0,10.72,DEAD_RECKONING,1.77,169.72,-604.29,289.88,-526.59,False,False,False,false
1788952086665,-2.0471,6.5581,7.797,0.30572,0.22436,-0.62489,26.51,28.44,-32.08,0.0,0.0,0.0,0.0,0.0,10.72,DEAD_RECKONING,1.77,172.76,-600.09,293.99,-528.75,False,False,False,false
1788952086789,-2.0471,6.5581,7.797,0.30572,0.22436,-0.62489,26.51,28.44,-32.08,0.0,0.0,0.0,0.0,0.0,10.72,DEAD_RECKONING,1.77,175.83,-595.64,297.46,-530.92,False,False,False,false
1788952086913,-2.0471,6.5581,7.797,0.30572,0.22436,-0.62489,26.51,28.44,-32.08,0.0,0.0,0.0,0.0,0.0,10.72,DEAD_RECKONING,1.77,178.95,-590.87,300.02,-533.08,False,False,False,false
1788952087034,-2.0471,6.5581,7.797,0.30572,0.22436,-0.62489,26.51,28.44,-32.08,0.0,0.0,0.0,0.0,0.0,10.72,DEAD_RECKONING,1.77,182.12,-585.68,301.36,-535.23,False,False,False,false
1788952087150,-2.0471,6.5581,7.797,0.30572,0.22436,-0.62489,26.51,28.44,-32.08,0.0,0.0,0.0,0.0,0.0,10.72,DEAD_RECKONING,1.8,185.34,-579.99,301.16,-537.35,False,False,False,false
1788952087266,-2.0471,6.5581,7.797,0.30572,0.22436,-0.62489,26.51,28.44,-32.08,0.0,0.0,0.0,0.0,0.0,10.72,DEAD_RECKONING,2.03,188.63,-573.74,299.25,-539.41,False,False,False,false
1788952087388,-2.0471,6.5581,7.797,0.30572,0.22436,-0.62489,26.51,28.44,-32.08,0.0,0.0,0.0,0.0,0.0,10.72,DEAD_RECKONING,1.96,191.98,-567.0,295.69,-541.36,False,False,False,false
1788952087509,-2.0471,6.5581,7.797,0.30572,0.22436,-0.62489,26.51,28.44,-32.08,0.0,0.0,0.0,0.0,0.0,10.72,DEAD_RECKONING,1.96,195.39,-559.93,290.86,-543.14,False,False,False,false
1788952087627,-2.0471,6.5581,7.797,0.30572,0.22436,-0.62489,26.51,28.44,-32.08,0.0,0.0,0.0,0.0,0.0,10.72,DEAD_RECKONING,1.96,198.88,-552.74,285.24,-544.74,False,False,False,false
1788952087742,-2.0471,6.5581,7.797,0.30572,0.22436,-0.62489,26.51,28.44,-32.08,0.0,0.0,0.0,0.0,0.0,10.72,DEAD_RECKONING,1.96,202.44,-545.59,279.22,-546.14,False,False,False,false
1788952087864,-2.0471,6.5581,7.797,0.30572,0.22436,-0.62489,26.51,28.44,-32.08,0.0,0.0,0.0,0.0,0.0,10.72,DEAD_RECKONING,1.96,206.06,-538.61,272.98,-547.34,False,False,False,false
1788952087984,-2.0471,6.5581,7.797,0.30572,0.22436,-0.62489,26.51,28.44,-32.08,0.0,0.0,0.0,0.0,0.0,10.72,DEAD_RECKONING,1.96,209.75,-531.85,266.49,-548.32,False,False,False,false
1788952088100,-2.0471,6.5581,7.797,0.30572,0.22436,-0.62489,26.51,28.44,-32.08,0.0,0.0,0.0,0.0,0.0,10.72,DEAD_RECKONING,1.96,213.5,-525.36,259.64,-549.07,False,False,False,false
1788952088225,-2.0471,6.5581,7.797,0.30572,0.22436,-0.62489,26.51,28.44,-32.08,0.0,0.0,0.0,0.0,0.0,10.72,DEAD_RECKONING,1.96,217.3,-519.23,252.21,-549.52,False,False,False,false
1788952088350,-2.0471,6.5581,7.797,0.30572,0.22436,-0.62489,26.51,28.44,-32.08,0.0,0.0,0.0,0.0,0.0,10.72,DEAD_RECKONING,1.96,221.14,-513.58,244.04,-549.64,False,False,False,false
1788952088471,-2.0471,6.5581,7.797,0.30572,0.22436,-0.62489,26.51,28.44,-32.08,0.0,0.0,0.0,0.0,0.0,10.72,DEAD_RECKONING,1.96,225.02,-508.61,234.97,-549.34,False,False,False,false
1788952088589,-2.0471,6.5581,7.797,0.30572,0.22436,-0.62489,26.51,28.44,-32.08,0.0,0.0,0.0,0.0,0.0,10.72,DEAD_RECKONING,1.96,228.92,-504.56,224.91,-548.56,False,False,False,false
1788952088705,-2.0471,6.5581,7.797,0.30572,0.22436,-0.62489,26.51,28.44,-32.08,0.0,0.0,0.0,0.0,0.0,10.72,DEAD_RECKONING,1.96,232.91,-501.8,213.7,-547.27,True,False,False,false
1788952088825,-2.0471,6.5581,7.797,0.30572,0.22436,-0.62489,26.51,28.44,-32.08,0.0,0.0,0.0,0.0,0.0,10.72,DEAD_RECKONING,1.96,236.81,-500.55,201.65,-545.45,True,False,False,false
1788952088951,-2.0471,6.5581,7.797,0.30572,0.22436,-0.62489,26.51,28.44,-32.08,0.0,0.0,0.0,0.0,0.0,10.72,DEAD_RECKONING,1.96,240.72,-501.21,188.79,-543.1,False,False,False,false
1788952089071,-2.0471,6.5581,7.797,0.30572,0.22436,-0.62489,26.51,28.44,-32.08,0.0,0.0,0.0,0.0,0.0,10.72,DEAD_RECKONING,1.96,244.6,-504.05,175.25,-540.34,False,False,False,false
1788952089194,-2.0471,6.5581,7.797,0.30572,0.22436,-0.62489,26.51,28.44,-32.08,0.0,0.0,0.0,0.0,0.0,10.72,DEAD_RECKONING,1.96,248.45,-509.33,161.24,-537.32,False,False,False,false
1788952089312,-2.0471,6.5581,7.797,0.30572,0.22436,-0.62489,26.51,28.44,-32.08,0.0,0.0,0.0,0.0,0.0,10.72,DEAD_RECKONING,1.96,252.26,-517.16,147.1,-534.27,False,False,False,false
1788952089436,-2.0471,6.5581,7.797,0.30572,0.22436,-0.62489,26.51,28.44,-32.08,0.0,0.0,0.0,0.0,0.0,10.72,DEAD_RECKONING,1.96,256.01,-527.5,133.27,-531.45,False,False,False,false
1788952089552,-2.0471,6.5581,7.797,0.30572,0.22436,-0.62489,26.51,28.44,-32.08,0.0,0.0,0.0,0.0,0.0,10.72,DEAD_RECKONING,1.96,259.71,-540.1,120.3,-529.18,False,False,False,false
1788952089670,-2.0471,6.5581,7.797,0.30572,0.22436,-0.62489,26.51,28.44,-32.08,0.0,0.0,0.0,0.0,0.0,10.72,DEAD_RECKONING,1.88,263.34,-554.53,108.81,-527.74,False,False,False,false
1788952089787,-2.0471,6.5581,7.797,0.30572,0.22436,-0.62489,26.51,28.44,-32.08,0.0,0.0,0.0,0.0,0.0,10.72,DEAD_RECKONING,1.88,266.9,-570.13,99.42,-527.41,False,False,False,false
1788952089911,-2.0471,6.5581,7.797,0.30572,0.22436,-0.62489,26.51,28.44,-32.08,0.0,0.0,0.0,0.0,0.0,10.72,DEAD_RECKONING,1.88,270.4,-586.11,92.65,-528.32,False,False,False,false
1788952090033,-2.0471,6.5581,7.797,0.30572,0.22436,-0.62489,26.51,28.44,-32.08,0.0,0.0,0.0,0.0,0.0,10.72,DEAD_RECKONING,1.88,273.82,-601.66,88.86,-530.53,False,False,False,false
1788952090151,-2.0471,6.5581,7.797,0.30572,0.22436,-0.62489,26.51,28.44,-32.08,0.0,0.0,0.0,0.0,0.0,10.72,DEAD_RECKONING,1.88,277.18,-616.0,88.19,-533.96,False,False,False,false
1788952090271,-2.0471,6.5581,7.797,0.30572,0.22436,-0.62489,26.51,28.44,-32.08,0.0,0.0,0.0,0.0,0.0,10.72,DEAD_RECKONING,1.88,292.07,-598.99,67.7,-537.37,False,False,False,true
1788952090390,-2.0471,6.5581,7.797,0.30572,0.22436,-0.62489,26.51,28.44,-32.08,0.0,0.0,0.0,0.0,0.0,10.72,DEAD_RECKONING,1.88,295.27,-625.77,101.86,-523.62,False,False,False,false
1788952090505,-2.0471,6.5581,7.797,0.30572,0.22436,-0.62489,26.51,28.44,-32.08,0.0,0.0,0.0,0.0,0.0,10.72,DEAD_RECKONING,1.88,298.38,-625.76,105.59,-524.67,False,False,False,false
1788952090625,-2.0471,6.5581,7.797,0.30572,0.22436,-0.62489,26.51,28.44,-32.08,0.0,0.0,0.0,0.0,0.0,10.72,DEAD_RECKONING,1.88,301.42,-621.91,105.19,-524.55,False,False,False,false
1788952090746,-2.0471,6.5581,7.797,0.30572,0.22436,-0.62489,26.51,28.44,-32.08,0.0,0.0,0.0,0.0,0.0,10.72,DEAD_RECKONING,1.89,304.39,-615.74,100.42,-522.02,False,False,False,false
1788952090866,-2.0471,6.5581,7.797,0.30572,0.22436,-0.62489,26.51,28.44,-32.08,0.0,0.0,0.0,0.0,0.0,10.72,DEAD_RECKONING,1.72,307.29,-607.5,93.37,-517.52,False,False,False,false
1788952090984,-2.0471,6.5581,7.797,0.30572,0.22436,-0.62489,26.51,28.44,-32.08,0.0,0.0,0.0,0.0,0.0,10.72,DEAD_RECKONING,1.69,310.15,-596.81,84.05,-510.45,False,False,False,false
1788952091105,-2.0471,6.5581,7.797,0.30572,0.22436,-0.62489,26.51,28.44,-32.08,0.0,0.0,0.0,0.0,0.0,10.72,DEAD_RECKONING,1.69,312.96,-588.09,78.3,-504.45,False,False,False,false
1788952091231,-2.0471,6.5581,7.797,0.30572,0.22436,-0.62489,26.51,28.44,-32.08,0.0,0.0,0.0,0.0,0.0,10.72,DEAD_RECKONING,1.69,315.73,-582.3,76.01,-500.05,False,False,False,false
1788952091350,-2.0471,6.5581,7.797,0.30572,0.22436,-0.62489,26.51,28.44,-32.08,0.0,0.0,0.0,0.0,0.0,10.72,DEAD_RECKONING,1.69,318.48,-576.96,74.07,-493.99,False,False,False,false
1788952091466,-2.0471,6.5581,7.797,0.30572,0.22436,-0.62489,26.51,28.44,-32.08,0.0,0.0,0.0,0.0,0.0,10.72,DEAD_RECKONING,1.69,321.22,-571.94,72.51,-485.94,False,False,False,false
1788952091584,-2.0471,6.5581,7.797,0.30572,0.22436,-0.62489,26.51,28.44,-32.08,0.0,0.0,0.0,0.0,0.0,10.72,DEAD_RECKONING,1.69,323.95,-567.59,71.61,-476.83,False,False,False,false
1788952091706,-2.0471,6.5581,7.797,0.30572,0.22436,-0.62489,26.51,28.44,-32.08,0.0,0.0,0.0,0.0,0.0,10.72,DEAD_RECKONING,1.69,326.7,-564.29,71.37,-467.86,False,False,False,false
1788952091830,-2.0471,6.5581,7.797,0.30572,0.22436,-0.62489,26.51,28.44,-32.08,0.0,0.0,0.0,0.0,0.0,10.72,DEAD_RECKONING,1.69,329.48,-562.34,71.66,-460.0,False,False,False,false
1788952091948,-2.0471,6.5581,7.797,0.30572,0.22436,-0.62489,26.51,28.44,-32.08,0.0,0.0,0.0,0.0,0.0,10.72,DEAD_RECKONING,1.69,332.3,-561.94,72.41,-453.93,False,False,False,false
1788952092069,-2.0471,6.5581,7.797,0.30572,0.22436,-0.62489,26.51,28.44,-32.08,0.0,0.0,0.0,0.0,0.0,10.72,DEAD_RECKONING,1.69,335.19,-563.27,73.61,-450.67,False,False,False,false
1788952092187,-2.0471,6.5581,7.797,0.30572,0.22436,-0.62489,26.51,28.44,-32.08,0.0,0.0,0.0,0.0,0.0,10.72,DEAD_RECKONING,1.69,338.16,-565.83,75.31,-451.45,False,False,False,false
1788952092309,-2.0471,6.5581,7.797,0.30572,0.22436,-0.62489,26.51,28.44,-32.08,0.0,0.0,0.0,0.0,0.0,10.72,DEAD_RECKONING,1.69,341.24,-567.91,77.49,-454.73,False,False,False,false
1788952092425,-2.0471,6.5581,7.797,0.30572,0.22436,-0.62489,26.51,28.44,-32.08,0.0,0.0,0.0,0.0,0.0,10.72,DEAD_RECKONING,1.69,344.47,-568.44,80.03,-457.38,False,False,False,false
1788952092554,-2.0471,6.5581,7.797,0.30572,0.22436,-0.62489,26.51,28.44,-32.08,0.0,0.0,0.0,0.0,0.0,10.72,DEAD_RECKONING,1.69,347.87,-567.74,82.77,-458.72,False,False,False,false
1788952092678,-2.0471,6.5581,7.797,0.30572,0.22436,-0.62489,26.51,28.44,-32.08,0.0,0.0,0.0,0.0,0.0,10.72,DEAD_RECKONING,1.69,351.49,-566.36,85.63,-459.39,False,False,False,false
1788952092797,-2.0471,6.5581,7.797,0.30572,0.22436,-0.62489,26.51,28.44,-32.08,0.0,0.0,0.0,0.0,0.0,10.72,DEAD_RECKONING,1.69,355.4,-564.6,88.61,-459.84,False,False,False,false
1788952092912,-2.0471,6.5581,7.797,0.30572,0.22436,-0.62489,26.51,28.44,-32.08,0.0,0.0,0.0,0.0,0.0,10.72,DEAD_RECKONING,1.69,359.63,-562.6,91.7,-460.24,False,False,False,false
1788952093039,-2.0471,6.5581,7.797,0.30572,0.22436,-0.62489,26.51,28.44,-32.08,0.0,0.0,0.0,0.0,0.0,10.72,DEAD_RECKONING,1.69,4.29,-560.42,94.91,-460.64,False,False,False,false
1788952093164,-2.0471,6.5581,7.797,0.30572,0.22436,-0.62489,26.51,28.44,-32.08,0.0,0.0,0.0,0.0,0.0,10.72,DEAD_RECKONING,1.69,9.46,-558.1,98.25,-461.04,False,False,False,false
1788952093297,-2.0471,6.5581,7.797,0.30572,0.22436,-0.62489,26.51,28.44,-32.08,0.0,0.0,0.0,0.0,0.0,10.72,DEAD_RECKONING,1.69,15.25,-555.64,101.71,-461.44,True,False,False,false
1788952093424,-2.0471,6.5581,7.797,0.30572,0.22436,-0.62489,26.51,28.44,-32.08,0.0,0.0,0.0,0.0,0.0,10.72,DEAD_RECKONING,1.69,21.75,-553.19,105.37,-461.94,True,False,False,false
1788952093548,-2.0471,6.5581,7.797,0.30572,0.22436,-0.62489,26.51,28.44,-32.08,0.0,0.0,0.0,0.0,0.0,10.72,DEAD_RECKONING,1.69,29.11,-550.62,109.13,-462.43,False,False,False,false
1788952093664,-2.0471,6.5581,7.797,0.30572,0.22436,-0.62489,26.51,28.44,-32.08,0.0,0.0,0.0,0.0,0.0,10.72,DEAD_RECKONING,1.69,37.39,-547.97,113.01,-462.93,False,False,False,false
1788952093781,-2.0471,6.5581,7.797,0.30572,0.22436,-0.62489,26.51,28.44,-32.08,0.0,0.0,0.0,0.0,0.0,10.72,DEAD_RECKONING,1.69,46.59,-545.28,117.03,-463.49,False,False,False,false
1788952093924,-2.0471,6.5581,7.797,0.30572,0.22436,-0.62489,26.51,28.44,-32.08,0.0,0.0,0.0,0.0,0.0,10.72,DEAD_RECKONING,1.69,56.57,-542.59,121.19,-464.12,False,False,False,false
1788952094074,-2.0471,6.5581,7.797,0.30572,0.22436,-0.62489,26.51,28.44,-32.08,0.0,0.0,0.0,0.0,0.0,10.72,DEAD_RECKONING,1.77,67.01,-539.9,125.49,-464.82,False,False,False,false
1788952094195,-2.0471,6.5581,7.797,0.30572,0.22436,-0.62489,26.51,28.44,-32.08,0.0,0.0,0.0,0.0,0.0,10.72,DEAD_RECKONING,1.77,77.5,-537.23,129.92,-465.6,False,False,False,false
1788952094313,-2.0471,6.5581,7.797,0.30572,0.22436,-0.62489,26.51,28.44,-32.08,0.0,0.0,0.0,0.0,0.0,10.72,DEAD_RECKONING,1.77,87.61,-534.6,134.49,-466.47,False,False,False,false
1788952094433,-2.0471,6.5581,7.797,0.30572,0.22436,-0.62489,26.51,28.44,-32.08,0.0,0.0,0.0,0.0,0.0,10.72,DEAD_RECKONING,1.77,96.99,-532.0,139.18,-467.43,False,False,False,false
1788952094557,-2.0471,6.5581,7.797,0.30572,0.22436,-0.62489,26.51,28.44,-32.08,0.0,0.0,0.0,0.0,0.0,10.72,DEAD_RECKONING,1.77,105.47,-529.43,143.98,-468.48,False,False,False,false
1788952094674,-2.0471,6.5581,7.797,0.30572,0.22436,-0.62489,26.51,28.44,-32.08,0.0,0.0,0.0,0.0,0.0,10.72,DEAD_RECKONING,1.77,113.03,-526.91,148.9,-469.59,False,False,False,false
1788952094796,-2.0471,6.5581,7.797,0.30572,0.22436,-0.62489,26.51,28.44,-32.08,0.0,0.0,0.0,0.0,0.0,10.72,DEAD_RECKONING,1.77,119.72,-524.43,153.91,-470.76,False,False,False,false
1788952094912,-2.0471,6.5581,7.797,0.30572,0.22436,-0.62489,26.51,28.44,-32.08,0.0,0.0,0.0,0.0,0.0,10.72,DEAD_RECKONING,1.77,125.65,-521.97,159.0,-471.96,False,False,False,false
1788952095033,-2.0471,6.5581,7.797,0.30572,0.22436,-0.62489,26.51,28.44,-32.08,0.0,0.0,0.0,0.0,0.0,10.72,DEAD_RECKONING,1.77,130.94,-519.53,164.16,-473.14,False,False,False,false
1788952095149,-2.0471,6.5581,7.797,0.30572,0.22436,-0.62489,26.51,28.44,-32.08,0.0,0.0,0.0,0.0,0.0,10.72,DEAD_RECKONING,1.77,135.7,-517.11,169.38,-474.27,False,False,False,false
1788952095269,-2.0471,6.5581,7.797,0.30572,0.22436,-0.62489,26.51,28.44,-32.08,0.0,0.0,0.0,0.0,0.0,10.72,DEAD_RECKONING,1.77,140.02,-514.69,174.62,-475.29,False,False,False,false
1788952095384,-2.0471,6.5581,7.797,0.30572,0.22436,-0.62489,26.51,28.44,-32.08,0.0,0.0,0.0,0.0,0.0,10.72,DEAD_RECKONING,1.77,143.98,-512.26,179.88,-476.16,False,False,False,false
1788952095504,-2.0471,6.5581,7.797,0.30572,0.22436,-0.62489,26.51,28.44,-32.08,0.0,0.0,0.0,0.0,0.0,10.72,DEAD_RECKONING,1.77,147.66,-509.83,185.12,-476.79,False,False,False,false
1788952095638,-2.0471,6.5581,7.797,0.30572,0.22436,-0.62489,26.51,28.44,-32.08,0.0,0.0,0.0,0.0,0.0,10.72,DEAD_RECKONING,1.77,151.11,-507.38,190.31,-477.13,False,False,False,false
1788952095759,-2.0471,6.5581,7.797,0.30572,0.22436,-0.62489,26.51,28.44,-32.08,0.0,0.0,0.0,0.0,0.0,10.72,DEAD_RECKONING,1.77,154.37,-504.92,195.4,-477.1,False,False,False,false
1788952095877,-2.0471,6.5581,7.797,0.30572,0.22436,-0.62489,26.51,28.44,-32.08,0.0,0.0,0.0,0.0,0.0,10.72,DEAD_RECKONING,1.77,157.48,-502.46,200.33,-476.6,False,False,False,false
1788952095998,-2.0471,6.5581,7.797,0.30572,0.22436,-0.62489,26.51,28.44,-32.08,0.0,0.0,0.0,0.0,0.0,10.72,DEAD_RECKONING,1.77,160.47,-500.0,205.02,-475.53,False,False,False,false
1788952096115,-2.0471,6.5581,7.797,0.30572,0.22436,-0.62489,26.51,28.44,-32.08,0.0,0.0,0.0,0.0,0.0,10.72,DEAD_RECKONING,1.77,163.37,-497.58,209.31,-473.74,False,False,False,false
1788952096234,-2.0471,6.5581,7.797,0.30572,0.22436,-0.62489,26.51,28.44,-32.08,0.0,0.0,0.0,0.0,0.0,10.72,DEAD_RECKONING,1.77,166.21,-495.2,213.02,-471.07,False,False,False,false
1788952096351,-2.0471,6.5581,7.797,0.30572,0.22436,-0.62489,26.51,28.44,-32.08,0.0,0.0,0.0,0.0,0.0,10.72,DEAD_RECKONING,1.77,168.99,-492.92,215.81,-467.28,False,False,False,false
1788952096467,-2.0471,6.5581,7.797,0.30572,0.22436,-0.62489,26.51,28.44,-32.08,0.0,0.0,0.0,0.0,0.0,10.72,DEAD_RECKONING,1.77,171.75,-490.78,217.13,-462.05,False,False,False,false
1788952096581,-2.0471,6.5581,7.797,0.30572,0.22436,-0.62489,26.51,28.44,-32.08,0.0,0.0,0.0,0.0,0.0,10.72,DEAD_RECKONING,1.77,174.48,-488.82,216.11,-454.95,False,False,False,false
1788952096701,-2.0471,6.5581,7.797,0.30572,0.22436,-0.62489,26.51,28.44,-32.08,0.0,0.0,0.0,0.0,0.0,10.72,DEAD_RECKONING,1.77,177.22,-487.08,211.37,-445.48,False,False,False,false
1788952096819,-2.0471,6.5581,7.797,0.30572,0.22436,-0.62489,26.51,28.44,-32.08,0.0,0.0,0.0,0.0,0.0,10.72,DEAD_RECKONING,1.77,179.97,-485.58,201.31,-433.28,False,False,False,false
1788952096937,-2.0471,6.5581,7.797,0.30572,0.22436,-0.62489,26.51,28.44,-32.08,0.0,0.0,0.0,0.0,0.0,10.72,DEAD_RECKONING,1.77,182.74,-484.28,185.63,-418.62,False,False,False,false
1788952097059,-2.0471,6.5581,7.797,0.30572,0.22436,-0.62489,26.51,28.44,-32.08,0.0,0.0,0.0,0.0,0.0,10.72,DEAD_RECKONING,1.77,185.54,-483.28,165.89,-401.92,False,False,False,false
1788952097180,-2.0471,6.5581,7.797,0.30572,0.22436,-0.62489,26.51,28.44,-32.08,0.0,0.0,0.0,0.0,0.0,10.72,DEAD_RECKONING,1.77,188.38,-483.03,141.81,-381.77,False,False,False,false
1788952097296,-2.0471,6.5581,7.797,0.30572,0.22436,-0.62489,26.51,28.44,-32.08,0.0,0.0,0.0,0.0,0.0,10.72,DEAD_RECKONING,1.77,192.95,-482.38,94.31,-361.62,False,False,False,true
1788952097424,-2.0471,6.5581,7.797,0.30572,0.22436,-0.62489,26.51,28.44,-32.08,0.0,0.0,0.0,0.0,0.0,10.72,DEAD_RECKONING,1.96,195.67,-503.77,73.1,-252.33,False,False,False,false
1788952097540,-2.0471,6.5581,7.797,0.30572,0.22436,-0.62489,26.51,28.44,-32.08,0.0,0.0,0.0,0.0,0.0,10.72,DEAD_RECKONING,1.96,198.52,-508.08,45.29,-179.1,False,False,False,false
1788952097660,-2.0471,6.5581,7.797,0.30572,0.22436,-0.62489,26.51,28.44,-32.08,0.0,0.0,0.0,0.0,0.0,10.72,DEAD_RECKONING,1.96,201.49,-517.38,37.99,-147.7,False,False,False,false
1788952097783,-2.0471,6.5581,7.797,0.30572,0.22436,-0.62489,26.51,28.44,-32.08,0.0,0.0,0.0,0.0,0.0,10.72,DEAD_RECKONING,1.96,204.62,-521.92,39.59,-126.17,False,False,False,false
1788952097899,-2.0471,6.5581,7.797,0.30572,0.22436,-0.62489,26.51,28.44,-32.08,0.0,0.0,0.0,0.0,0.0,10.72,DEAD_RECKONING,1.96,207.88,-530.33,47.28,-107.89,False,False,False,false
1788952098022,-2.0471,6.5581,7.797,0.30572,0.22436,-0.62489,26.51,28.44,-32.08,0.0,0.0,0.0,0.0,0.0,10.72,DEAD_RECKONING,1.96,211.3,-536.34,55.29,-91.23,False,False,False,false
1788952098140,-2.0471,6.5581,7.797,0.30572,0.22436,-0.62489,26.51,28.44,-32.08,0.0,0.0,0.0,0.0,0.0,10.72,DEAD_RECKONING,1.96,214.88,-543.98,64.52,-76.65,False,False,False,false
1788952098254,-2.0471,6.5581,7.797,0.30572,0.22436,-0.62489,26.51,28.44,-32.08,0.0,0.0,0.0,0.0,0.0,10.72,DEAD_RECKONING,1.96,218.6,-550.77,73.37,-62.46,False,False,False,false
1788952098376,-2.0471,6.5581,7.797,0.30572,0.22436,-0.62489,26.51,28.44,-32.08,0.0,0.0,0.0,0.0,0.0,10.72,DEAD_RECKONING,1.96,222.48,-557.55,81.54,-50.7,False,False,False,false
1788952098495,-2.0471,6.5581,7.797,0.30572,0.22436,-0.62489,26.51,28.44,-32.08,0.0,0.0,0.0,0.0,0.0,10.72,DEAD_RECKONING,1.96,226.49,-563.83,88.87,-40.01,False,False,False,false
1788952098609,-2.0471,6.5581,7.797,0.30572,0.22436,-0.62489,26.51,28.44,-32.08,0.0,0.0,0.0,0.0,0.0,10.72,DEAD_RECKONING,1.96,232.45,-559.15,88.06,-40.99,False,False,False,true
1788952098726,-2.0471,6.5581,7.797,0.30572,0.22436,-0.62489,26.51,28.44,-32.08,0.0,0.0,0.0,0.0,0.0,10.72,DEAD_RECKONING,1.96,236.76,-560.42,90.8,-36.4,False,False,False,false
1788952098842,-2.0471,6.5581,7.797,0.30572,0.22436,-0.62489,26.51,28.44,-32.08,0.0,0.0,0.0,0.0,0.0,10.72,DEAD_RECKONING,1.96,241.16,-560.61,92.29,-33.95,False,False,False,false
1788952098955,-2.0471,6.5581,7.797,0.30572,0.22436,-0.62489,26.51,28.44,-32.08,0.0,0.0,0.0,0.0,0.0,10.72,DEAD_RECKONING,1.96,245.62,-562.07,94.5,-31.28,False,False,False,false
1788952099076,-2.0471,6.5581,7.797,0.30572,0.22436,-0.62489,26.51,28.44,-32.08,0.0,0.0,0.0,0.0,0.0,10.72,DEAD_RECKONING,1.96,250.1,-564.7,97.19,-28.88,False,False,False,false
1788952099192,-2.0471,6.5581,7.797,0.30572,0.22436,-0.62489,26.51,28.44,-32.08,0.0,0.0,0.0,0.0,0.0,10.72,DEAD_RECKONING,1.96,254.57,-567.78,99.92,-27.03,False,False,False,false
1788952099306,-2.0471,6.5581,7.797,0.30572,0.22436,-0.62489,26.51,28.44,-32.08,0.0,0.0,0.0,0.0,0.0,10.72,DEAD_RECKONING,1.96,258.98,-571.0,102.49,-25.91,False,False,False,false
1788952099424,-2.0471,6.5581,7.797,0.30572,0.22436,-0.62489,26.51,28.44,-32.08,0.0,0.0,0.0,0.0,0.0,10.72,DEAD_RECKONING,1.96,263.31,-574.41,104.91,-25.7,False,False,False,false
1788952099539,-2.0471,6.5581,7.797,0.30572,0.22436,-0.62489,26.51,28.44,-32.08,0.0,0.0,0.0,0.0,0.0,10.72,DEAD_RECKONING,1.96,267.53,-578.03,107.22,-26.47,False,False,False,false
1788952099660,-2.0471,6.5581,7.797,0.30572,0.22436,-0.62489,26.51,28.44,-32.08,0.0,0.0,0.0,0.0,0.0,10.72,DEAD_RECKONING,1.88,271.62,-581.38,109.27,-27.94,False,False,False,false
1788952099775,-2.0471,6.5581,7.797,0.30572,0.22436,-0.62489,26.51,28.44,-32.08,0.0,0.0,0.0,0.0,0.0,10.72,DEAD_RECKONING,1.88,275.55,-585.18,111.35,-30.6,False,False,False,false
1788952099890,-2.0471,6.5581,7.797,0.30572,0.22436,-0.62489,26.51,28.44,-32.08,0.0,0.0,0.0,0.0,0.0,10.72,DEAD_RECKONING,1.88,279.32,-589.06,113.35,-34.13,False,False,False,false
1788952100002,-2.0471,6.5581,7.797,0.30572,0.22436,-0.62489,26.51,28.44,-32.08,0.0,0.0,0.0,0.0,0.0,10.72,DEAD_RECKONING,1.88,289.98,-575.74,105.59,-26.19,False,False,False,true
1788952100124,-2.0471,6.5581,7.797,0.30572,0.22436,-0.62489,26.51,28.44,-32.08,0.0,0.0,0.0,0.0,0.0,10.72,DEAD_RECKONING,1.88,293.51,-583.28,111.53,-37.17,False,False,False,false
1788952100242,-2.0471,6.5581,7.797,0.30572,0.22436,-0.62489,26.51,28.44,-32.08,0.0,0.0,0.0,0.0,0.0,10.72,DEAD_RECKONING,1.88,296.88,-586.73,114.52,-43.0,False,False,False,false
1788952100365,-2.0471,6.5581,7.797,0.30572,0.22436,-0.62489,26.51,28.44,-32.08,0.0,0.0,0.0,0.0,0.0,10.72,DEAD_RECKONING,1.88,300.09,-587.9,115.86,-45.4,False,False,False,false
1788952100485,-2.0471,6.5581,7.797,0.30572,0.22436,-0.62489,26.51,28.44,-32.08,0.0,0.0,0.0,0.0,0.0,10.72,DEAD_RECKONING,1.88,303.14,-590.01,117.16,-49.87,False,False,False,false
1788952100609,-2.0471,6.5581,7.797,0.30572,0.22436,-0.62489,26.51,28.44,-32.08,0.0,0.0,0.0,0.0,0.0,10.72,DEAD_RECKONING,1.88,306.05,-592.8,118.31,-56.12,False,False,False,false
1788952100735,-2.0471,6.5581,7.797,0.30572,0.22436,-0.62489,26.51,28.44,-32.08,0.0,0.0,0.0,0.0,0.0,10.72,DEAD_RECKONING,1.88,308.82,-595.48,119.27,-62.53,False,False,False,false
1788952100850,-2.0471,6.5581,7.797,0.30572,0.22436,-0.62489,26.51,28.44,-32.08,0.0,0.0,0.0,0.0,0.0,10.72,DEAD_RECKONING,1.88,311.47,-597.73,120.14,-68.3,False,False,False,false
1788952100974,-2.0471,6.5581,7.797,0.30572,0.22436,-0.62489,26.51,28.44,-32.08,0.0,0.0,0.0,0.0,0.0,10.72,DEAD_RECKONING,1.88,314.0,-599.72,121.01,-73.73,False,False,False,false
1788952101089,-2.0471,6.5581,7.797,0.30572,0.22436,-0.62489,26.51,28.44,-32.08,0.0,0.0,0.0,0.0,0.0,10.72,DEAD_RECKONING,1.88,316.42,-601.5,121.9,-78.95,False,False,False,false
1788952101210,-2.0471,6.5581,7.797,0.30572,0.22436,-0.62489,26.51,28.44,-32.08,0.0,0.0,0.0,0.0,0.0,10.72,DEAD_RECKONING,1.95,318.75,-603.24,122.82,-84.38,False,False,False,false
1788952101335,-2.0471,6.5581,7.797,0.30572,0.22436,-0.62489,26.51,28.44,-32.08,0.0,0.0,0.0,0.0,0.0,10.72,DEAD_RECKONING,1.72,320.99,-603.69,123.65,-86.58,False,False,False,false
1788952101453,-2.0471,6.5581,7.797,0.30572,0.22436,-0.62489,26.51,28.44,-32.08,0.0,0.0,0.0,0.0,0.0,10.72,DEAD_RECKONING,1.69,323.16,-604.2,124.52,-89.06,False,False,False,false
1788952101572,-2.0471,6.5581,7.797,0.30572,0.22436,-0.62489,26.51,28.44,-32.08,0.0,0.0,0.0,0.0,0.0,10.72,DEAD_RECKONING,1.69,325.27,-604.68,125.39,-91.65,False,False,False,false
1788952101697,-2.0471,6.5581,7.797,0.30572,0.22436,-0.62489,26.51,28.44,-32.08,0.0,0.0,0.0,0.0,0.0,10.72,DEAD_RECKONING,1.69,327.32,-604.93,126.23,-93.77,False,False,False,false
1788952101824,-2.0471,6.5581,7.797,0.30572,0.22436,-0.62489,26.51,28.44,-32.08,0.0,0.0,0.0,0.0,0.0,10.72,DEAD_RECKONING,1.69,329.32,-604.91,127.04,-95.18,False,False,False,false
1788952101942,-2.0471,6.5581,7.797,0.30572,0.22436,-0.62489,26.51,28.44,-32.08,0.0,0.0,0.0,0.0,0.0,10.72,DEAD_RECKONING,1.69,331.3,-604.64,127.82,-95.86,False,False,False,false
1788952102059,-2.0471,6.5581,7.797,0.30572,0.22436,-0.62489,26.51,28.44,-32.08,0.0,0.0,0.0,0.0,0.0,10.72,DEAD_RECKONING,1.69,333.25,-604.17,128.6,-95.9,False,False,False,false
1788952102183,-2.0471,6.5581,7.797,0.30572,0.22436,-0.62489,26.51,28.44,-32.08,0.0,0.0,0.0,0.0,0.0,10.72,DEAD_RECKONING,1.69,335.21,-603.56,129.36,-95.36,True,False,False,false
1788952102301,-2.0471,6.5581,7.797,0.30572,0.22436,-0.62489,26.51,28.44,-32.08,0.0,0.0,0.0,0.0,0.0,10.72,DEAD_RECKONING,1.69,337.17,-602.86,130.16,-94.46,True,False,False,false
1788952102417,-2.0471,6.5581,7.797,0.30572,0.22436,-0.62489,26.51,28.44,-32.08,0.0,0.0,0.0,0.0,0.0,10.72,DEAD_RECKONING,1.69,339.14,-602.13,131.02,-93.33,True,False,False,false
1788952102556,-2.0471,6.5581,7.797,0.30572,0.22436,-0.62489,26.51,28.44,-32.08,0.0,0.0,0.0,0.0,0.0,10.72,DEAD_RECKONING,1.69,341.15,-601.39,131.97,-92.08,True,False,False,false
1788952102683,-2.0471,6.5581,7.797,0.30572,0.22436,-0.62489,26.51,28.44,-32.08,0.0,0.0,0.0,0.0,0.0,10.72,DEAD_RECKONING,1.69,343.22,-600.68,133.0,-90.83,True,False,False,false
1788952102811,-2.0471,6.5581,7.797,0.30572,0.22436,-0.62489,26.51,28.44,-32.08,0.0,0.0,0.0,0.0,0.0,10.72,DEAD_RECKONING,1.69,345.36,-599.99,134.13,-89.66,True,False,False,false
1788952102932,-2.0471,6.5581,7.797,0.30572,0.22436,-0.62489,26.51,28.44,-32.08,0.0,0.0,0.0,0.0,0.0,10.72,DEAD_RECKONING,1.69,347.61,-599.34,135.34,-88.61,True,False,False,false
1788952103054,-2.0471,6.5581,7.797,0.30572,0.22436,-0.62489,26.51,28.44,-32.08,0.0,0.0,0.0,0.0,0.0,10.72,DEAD_RECKONING,1.69,350.04,-598.75,136.59,-87.71,False,False,False,false
1788952103168,-2.0471,6.5581,7.797,0.30572,0.22436,-0.62489,26.51,28.44,-32.08,0.0,0.0,0.0,0.0,0.0,10.72,DEAD_RECKONING,1.69,352.69,-598.19,137.85,-86.99,False,False,False,false
1788952103283,-2.0471,6.5581,7.797,0.30572,0.22436,-0.62489,26.51,28.44,-32.08,0.0,0.0,0.0,0.0,0.0,10.72,DEAD_RECKONING,1.69,355.65,-597.68,139.09,-86.44,False,False,False,false
1788952103399,-2.0471,6.5581,7.797,0.30572,0.22436,-0.62489,26.51,28.44,-32.08,0.0,0.0,0.0,0.0,0.0,10.72,DEAD_RECKONING,1.69,359.03,-597.2,140.23,-86.08,False,False,False,false
1788952103515,-2.0471,6.5581,7.797,0.30572,0.22436,-0.62489,26.51,28.44,-32.08,0.0,0.0,0.0,0.0,0.0,10.72,DEAD_RECKONING,1.69,3.04,-596.78,141.22,-85.88,False,False,False,false
1788952103639,-2.0471,6.5581,7.797,0.30572,0.22436,-0.62489,26.51,28.44,-32.08,0.0,0.0,0.0,0.0,0.0,10.72,DEAD_RECKONING,1.69,7.95,-596.42,141.98,-85.85,False,False,False,false
1788952103759,-2.0471,6.5581,7.797,0.30572,0.22436,-0.62489,26.51,28.44,-32.08,0.0,0.0,0.0,0.0,0.0,10.72,DEAD_RECKONING,1.69,14.27,-596.13,142.42,-86.0,False,False,False,false
1788952103874,-2.0471,6.5581,7.797,0.30572,0.22436,-0.62489,26.51,28.44,-32.08,0.0,0.0,0.0,0.0,0.0,10.72,DEAD_RECKONING,1.69,22.8,-595.94,142.47,-86.35,False,False,False,false
1788952104001,-2.0471,6.5581,7.797,0.30572,0.22436,-0.62489,26.51,28.44,-32.08,0.0,0.0,0.0,0.0,0.0,10.72,DEAD_RECKONING,1.69,34.85,-595.86,142.0,-86.94,False,False,False,false
1788952104126,-2.0471,6.5581,7.797,0.30572,0.22436,-0.62489,26.51,28.44,-32.08,0.0,0.0,0.0,0.0,0.0,10.72,DEAD_RECKONING,1.69,52.07,-595.91,140.9,-87.83,False,False,False,false
1788952104242,-2.0471,6.5581,7.797,0.30572,0.22436,-0.62489,26.51,28.44,-32.08,0.0,0.0,0.0,0.0,0.0,10.72,DEAD_RECKONING,1.69,74.59,-596.1,139.04,-89.07,False,False,False,false
1788952104368,-2.0471,6.5581,7.797,0.30572,0.22436,-0.62489,26.51,28.44,-32.08,0.0,0.0,0.0,0.0,0.0,10.72,DEAD_RECKONING,1.77,97.94,-596.5,136.11,-90.77,False,False,False,false
1788952104495,-2.0471,6.5581,7.797,0.30572,0.22436,-0.62489,26.51,28.44,-32.08,0.0,0.0,0.0,0.0,0.0,10.72,DEAD_RECKONING,1.77,116.7,-596.97,132.43,-92.87,False,False,False,false
1788952104611,-2.0471,6.5581,7.797,0.30572,0.22436,-0.62489,26.51,28.44,-32.08,0.0,0.0,0.0,0.0,0.0,10.72,DEAD_RECKONING,1.77,129.97,-597.48,128.37,-94.99,False,False,False,false
1788952104736,-2.0471,6.5581,7.797,0.30572,0.22436,-0.62489,26.51,28.44,-32.08,0.0,0.0,0.0,0.0,0.0,10.72,DEAD_RECKONING,1.77,139.27,-597.98,124.24,-96.76,False,False,False,false
1788952104867,-2.0471,6.5581,7.797,0.30572,0.22436,-0.62489,26.51,28.44,-32.08,0.0,0.0,0.0,0.0,0.0,10.72,DEAD_RECKONING,1.77,146.08,-598.56,120.1,-97.94,False,False,False,false
1788952104989,-2.0471,6.5581,7.797,0.30572,0.22436,-0.62489,26.51,28.44,-32.08,0.0,0.0,0.0,0.0,0.0,10.72,DEAD_RECKONING,1.77,151.31,-599.31,115.75,-98.49,False,False,False,false
1788952105108,-2.0471,6.5581,7.797,0.30572,0.22436,-0.62489,26.51,28.44,-32.08,0.0,0.0,0.0,0.0,0.0,10.72,DEAD_RECKONING,1.77,155.52,-600.36,110.93,-98.44,False,False,False,false
1788952105228,-2.0471,6.5581,7.797,0.30572,0.22436,-0.62489,26.51,28.44,-32.08,0.0,0.0,0.0,0.0,0.0,10.72,DEAD_RECKONING,1.77,159.04,-601.79,105.51,-97.89,False,False,False,false
1788952105352,-2.0471,6.5581,7.797,0.30572,0.22436,-0.62489,26.51,28.44,-32.08,0.0,0.0,0.0,0.0,0.0,10.72,DEAD_RECKONING,1.77,162.1,-603.67,99.43,-96.95,False,False,False,false
1788952105469,-2.0471,6.5581,7.797,0.30572,0.22436,-0.62489,26.51,28.44,-32.08,0.0,0.0,0.0,0.0,0.0,10.72,DEAD_RECKONING,1.77,169.51,-603.53,93.86,-89.49,False,False,False,true
1788952105590,-2.0471,6.5581,7.797,0.30572,0.22436,-0.62489,26.51,28.44,-32.08,0.0,0.0,0.0,0.0,0.0,10.72,DEAD_RECKONING,1.77,172.03,-616.91,86.03,-95.08,False,False,False,false
1788952105705,-2.0471,6.5581,7.797,0.30572,0.22436,-0.62489,26.51,28.44,-32.08,0.0,0.0,0.0,0.0,0.0,10.72,DEAD_RECKONING,1.77,174.31,-619.3,79.54,-100.25,False,False,False,false
1788952105829,-2.0471,6.5581,7.797,0.30572,0.22436,-0.62489,26.51,28.44,-32.08,0.0,0.0,0.0,0.0,0.0,10.72,DEAD_RECKONING,1.77,176.44,-624.63,71.54,-100.78,False,False,False,false
1788952105944,-2.0471,6.5581,7.797,0.30572,0.22436,-0.62489,26.51,28.44,-32.08,0.0,0.0,0.0,0.0,0.0,10.72,DEAD_RECKONING,1.77,178.45,-629.45,63.75,-99.91,False,False,False,false
1788952106056,-2.0471,6.5581,7.797,0.30572,0.22436,-0.62489,26.51,28.44,-32.08,0.0,0.0,0.0,0.0,0.0,10.72,DEAD_RECKONING,1.77,180.37,-634.39,56.1,-98.04,False,False,False,false
1788952106179,-2.0471,6.5581,7.797,0.30572,0.22436,-0.62489,26.51,28.44,-32.08,0.0,0.0,0.0,0.0,0.0,10.72,DEAD_RECKONING,1.77,182.24,-639.52,48.56,-95.5,False,False,False,false
1788952106295,-2.0471,6.5581,7.797,0.30572,0.22436,-0.62489,26.51,28.44,-32.08,0.0,0.0,0.0,0.0,0.0,10.72,DEAD_RECKONING,1.77,184.08,-644.96,41.12,-92.44,False,False,False,false
1788952106414,-2.0471,6.5581,7.797,0.30572,0.22436,-0.62489,26.51,28.44,-32.08,0.0,0.0,0.0,0.0,0.0,10.72,DEAD_RECKONING,1.77,185.9,-650.76,33.8,-88.97,False,False,False,false
1788952106530,-2.0471,6.5581,7.797,0.30572,0.22436,-0.62489,26.51,28.44,-32.08,0.0,0.0,0.0,0.0,0.0,10.72,DEAD_RECKONING,1.77,187.71,-656.94,26.69,-85.16,False,False,False,false
1788952106644,-2.0471,6.5581,7.797,0.30572,0.22436,-0.62489,26.51,28.44,-32.08,0.0,0.0,0.0,0.0,0.0,10.72,DEAD_RECKONING,1.77,189.53,-663.47,19.92,-81.06,False,False,False,false
1788952106763,-2.0471,6.5581,7.797,0.30572,0.22436,-0.62489,26.51,28.44,-32.08,0.0,0.0,0.0,0.0,0.0,10.72,DEAD_RECKONING,1.77,191.38,-670.29,13.65,-76.73,False,False,False,false
1788952106880,-2.0471,6.5581,7.797,0.30572,0.22436,-0.62489,26.51,28.44,-32.08,0.0,0.0,0.0,0.0,0.0,10.72,DEAD_RECKONING,1.77,193.25,-677.32,8.08,-72.19,False,False,False,false
1788952106996,-2.0471,6.5581,7.797,0.30572,0.22436,-0.62489,26.51,28.44,-32.08,0.0,0.0,0.0,0.0,0.0,10.72,DEAD_RECKONING,1.77,195.17,-684.47,3.34,-67.46,False,False,False,false
1788952107115,-2.0471,6.5581,7.797,0.30572,0.22436,-0.62489,26.51,28.44,-32.08,0.0,0.0,0.0,0.0,0.0,10.72,DEAD_RECKONING,1.77,197.14,-691.69,-0.47,-62.56,False,False,False,false
1788952107237,-2.0471,6.5581,7.797,0.30572,0.22436,-0.62489,26.51,28.44,-32.08,0.0,0.0,0.0,0.0,0.0,10.72,DEAD_RECKONING,1.77,199.18,-698.94,-3.35,-57.52,False,False,False,false
1788952107356,-2.0471,6.5581,7.797,0.30572,0.22436,-0.62489,26.51,28.44,-32.08,0.0,0.0,0.0,0.0,0.0,10.72,DEAD_RECKONING,1.77,201.28,-706.22,-5.37,-52.41,False,False,False,false
1788952107477,-2.0471,6.5581,7.797,0.30572,0.22436,-0.62489,26.51,28.44,-32.08,0.0,0.0,0.0,0.0,0.0,10.72,DEAD_RECKONING,1.77,203.47,-713.56,-6.61,-47.29,False,False,False,false
1788952107598,-2.0471,6.5581,7.797,0.30572,0.22436,-0.62489,26.51,28.44,-32.08,0.0,0.0,0.0,0.0,0.0,10.72,DEAD_RECKONING,2.03,205.76,-720.61,-7.18,-42.51,False,False,False,false
1788952107717,-2.0471,6.5581,7.797,0.30572,0.22436,-0.62489,26.51,28.44,-32.08,0.0,0.0,0.0,0.0,0.0,10.72,DEAD_RECKONING,1.96,208.14,-728.28,-7.13,-37.39,True,False,False,false
1788952107834,-2.0471,6.5581,7.797,0.30572,0.22436,-0.62489,26.51,28.44,-32.08,0.0,0.0,0.0,0.0,0.0,10.72,DEAD_RECKONING,1.96,210.64,-736.04,-6.75,-32.7,True,False,False,false
1788952107955,-2.0471,6.5581,7.797,0.30572,0.22436,-0.62489,26.51,28.44,-32.08,0.0,0.0,0.0,0.0,0.0,10.72,DEAD_RECKONING,1.96,213.27,-743.91,-6.05,-28.37,True,False,False,false
1788952108080,-2.0471,6.5581,7.797,0.30572,0.22436,-0.62489,26.51,28.44,-32.08,0.0,0.0,0.0,0.0,0.0,10.72,DEAD_RECKONING,1.96,216.03,-751.88,-5.04,-24.45,True,False,False,false
1788952108198,-2.0471,6.5581,7.797,0.30572,0.22436,-0.62489,26.51,28.44,-32.08,0.0,0.0,0.0,0.0,0.0,10.72,DEAD_RECKONING,1.96,218.94,-759.93,-3.76,-20.98,True,False,False,false
1788952108313,-2.0471,6.5581,7.797,0.30572,0.22436,-0.62489,26.51,28.44,-32.08,0.0,0.0,0.0,0.0,0.0,10.72,DEAD_RECKONING,1.96,222.01,-768.0,-2.24,-17.97,True,False,False,false
1788952108437,-2.0471,6.5581,7.797,0.30572,0.22436,-0.62489,26.51,28.44,-32.08,0.0,0.0,0.0,0.0,0.0,10.72,DEAD_RECKONING,1.96,225.25,-776.08,-0.51,-15.46,True,False,False,false
1788952108555,-2.0471,6.5581,7.797,0.30572,0.22436,-0.62489,26.51,28.44,-32.08,0.0,0.0,0.0,0.0,0.0,10.72,DEAD_RECKONING,1.96,228.66,-784.11,1.41,-13.47,True,False,False,false
1788952108678,-2.0471,6.5581,7.797,0.30572,0.22436,-0.62489,26.51,28.44,-32.08,0.0,0.0,0.0,0.0,0.0,10.72,DEAD_RECKONING,1.96,232.25,-792.08,3.48,-12.0,True,False,False,false
1788952108797,-2.0471,6.5581,7.797,0.30572,0.22436,-0.62489,26.51,28.44,-32.08,0.0,0.0,0.0,0.0,0.0,10.72,DEAD_RECKONING,1.96,236.01,-799.98,5.69,-11.08,True,False,False,false
1788952108912,-2.0471,6.5581,7.797,0.30572,0.22436,-0.62489,26.51,28.44,-32.08,0.0,0.0,0.0,0.0,0.0,10.72,DEAD_RECKONING,1.96,239.94,-807.78,7.99,-10.69,True,False,False,false
1788952109033,-2.0471,6.5581,7.797,0.30572,0.22436,-0.62489,26.51,28.44,-32.08,0.0,0.0,0.0,0.0,0.0,10.72,DEAD_RECKONING,1.96,244.04,-815.48,10.37,-10.85,True,False,False,false
1788952109154,-2.0471,6.5581,7.797,0.30572,0.22436,-0.62489,26.51,28.44,-32.08,0.0,0.0,0.0,0.0,0.0,10.72,DEAD_RECKONING,1.96,248.28,-823.08,12.79,-11.57,True,False,False,false
1788952109277,-2.0471,6.5581,7.797,0.30572,0.22436,-0.62489,26.51,28.44,-32.08,0.0,0.0,0.0,0.0,0.0,10.72,DEAD_RECKONING,1.96,252.64,-830.58,15.23,-12.84,True,False,False,false
1788952109394,-2.0471,6.5581,7.797,0.30572,0.22436,-0.62489,26.51,28.44,-32.08,0.0,0.0,0.0,0.0,0.0,10.72,DEAD_RECKONING,1.96,257.1,-837.95,17.67,-14.66,True,False,False,false
1788952109544,-2.0471,6.5581,7.797,0.30572,0.22436,-0.62489,26.51,28.44,-32.08,0.0,0.0,0.0,0.0,0.0,10.72,DEAD_RECKONING,1.96,261.61,-845.19,20.07,-17.02,True,False,False,false
1788952109689,-2.0471,6.5581,7.797,0.30572,0.22436,-0.62489,26.51,28.44,-32.08,0.0,0.0,0.0,0.0,0.0,10.72,DEAD_RECKONING,1.96,266.12,-852.34,22.48,-19.88,False,False,False,false
1788952109813,-2.0471,6.5581,7.797,0.30572,0.22436,-0.62489,26.51,28.44,-32.08,0.0,0.0,0.0,0.0,0.0,10.72,DEAD_RECKONING,1.96,270.6,-859.24,24.8,-23.2,False,False,False,false
1788952109931,-2.0471,6.5581,7.797,0.30572,0.22436,-0.62489,26.51,28.44,-32.08,0.0,0.0,0.0,0.0,0.0,10.72,DEAD_RECKONING,1.96,275.03,-865.96,27.06,-26.98,False,False,False,false
1788952110048,-2.0471,6.5581,7.797,0.30572,0.22436,-0.62489,26.51,28.44,-32.08,0.0,0.0,0.0,0.0,0.0,10.72,DEAD_RECKONING,1.96,279.37,-872.39,29.21,-31.12,False,False,False,false
1788952110168,-2.0471,6.5581,7.797,0.30572,0.22436,-0.62489,26.51,28.44,-32.08,0.0,0.0,0.0,0.0,0.0,10.72,DEAD_RECKONING,1.96,291.33,-870.45,23.66,-40.22,False,False,False,true
1788952110285,-2.0471,6.5581,7.797,0.30572,0.22436,-0.62489,26.51,28.44,-32.08,0.0,0.0,0.0,0.0,0.0,10.72,DEAD_RECKONING,1.88,295.46,-879.31,29.36,-41.86,False,False,False,false
1788952110403,-2.0471,6.5581,7.797,0.30572,0.22436,-0.62489,26.51,28.44,-32.08,0.0,0.0,0.0,0.0,0.0,10.72,DEAD_RECKONING,1.88,299.42,-881.27,31.0,-43.09,False,False,False,false
1788952110525,-2.0471,6.5581,7.797,0.30572,0.22436,-0.62489,26.51,28.44,-32.08,0.0,0.0,0.0,0.0,0.0,10.72,DEAD_RECKONING,1.88,303.21,-885.33,32.64,-46.69,False,False,False,false
1788952110640,-2.0471,6.5581,7.797,0.30572,0.22436,-0.62489,26.51,28.44,-32.08,0.0,0.0,0.0,0.0,0.0,10.72,DEAD_RECKONING,1.88,306.8,-888.48,33.48,-50.7,False,False,False,false
1788952110757,-2.0471,6.5581,7.797,0.30572,0.22436,-0.62489,26.51,28.44,-32.08,0.0,0.0,0.0,0.0,0.0,10.72,DEAD_RECKONING,1.88,310.21,-891.9,34.09,-55.5,False,False,False,false
1788952110878,-2.0471,6.5581,7.797,0.30572,0.22436,-0.62489,26.51,28.44,-32.08,0.0,0.0,0.0,0.0,0.0,10.72,DEAD_RECKONING,1.88,313.43,-895.23,34.45,-60.64,False,False,False,false
1788952110996,-2.0471,6.5581,7.797,0.30572,0.22436,-0.62489,26.51,28.44,-32.08,0.0,0.0,0.0,0.0,0.0,10.72,DEAD_RECKONING,1.88,316.48,-898.51,34.72,-65.9,False,False,False,false
1788952111116,-2.0471,6.5581,7.797,0.30572,0.22436,-0.62489,26.51,28.44,-32.08,0.0,0.0,0.0,0.0,0.0,10.72,DEAD_RECKONING,1.88,319.36,-901.61,34.99,-71.0,False,False,False,false
1788952111234,-2.0471,6.5581,7.797,0.30572,0.22436,-0.62489,26.51,28.44,-32.08,0.0,0.0,0.0,0.0,0.0,10.72,DEAD_RECKONING,1.88,322.09,-904.45,35.34,-75.69,False,False,False,false
1788952111360,-2.0471,6.5581,7.797,0.30572,0.22436,-0.62489,26.51,28.44,-32.08,0.0,0.0,0.0,0.0,0.0,10.72,DEAD_RECKONING,1.88,320.42,-915.1,41.84,-82.34,False,False,False,true
1788952111488,-2.0471,6.5581,7.797,0.30572,0.22436,-0.62489,26.51,28.44,-32.08,0.0,0.0,0.0,0.0,0.0,10.72,DEAD_RECKONING,1.88,322.62,-912.24,40.43,-82.14,False,False,False,false
1788952111605,-2.0471,6.5581,7.797,0.30572,0.22436,-0.62489,26.51,28.44,-32.08,0.0,0.0,0.0,0.0,0.0,10.72,DEAD_RECKONING,1.88,324.67,-912.61,40.17,-84.52,False,False,False,false
1788952111727,-2.0471,6.5581,7.797,0.30572,0.22436,-0.62489,26.51,28.44,-32.08,0.0,0.0,0.0,0.0,0.0,10.72,DEAD_RECKONING,1.88,326.59,-913.59,40.4,-87.04,False,False,False,false
1788952111847,-2.0471,6.5581,7.797,0.30572,0.22436,-0.62489,26.51,28.44,-32.08,0.0,0.0,0.0,0.0,0.0,10.72,DEAD_RECKONING,1.88,328.4,-913.99,40.76,-88.55,False,False,False,false
1788952111966,-2.0471,6.5581,7.797,0.30572,0.22436,-0.62489,26.51,28.44,-32.08,0.0,0.0,0.0,0.0,0.0,10.72,DEAD_RECKONING,1.95,330.09,-913.67,41.09,-89.05,False,False,False,false
1788952112085,-2.0471,6.5581,7.797,0.30572,0.22436,-0.62489,26.51,28.44,-32.08,0.0,0.0,0.0,0.0,0.0,10.72,DEAD_RECKONING,1.72,331.69,-911.23,41.13,-86.63,False,False,False,false
1788952112200,-2.0471,6.5581,7.797,0.30572,0.22436,-0.62489,26.51,28.44,-32.08,0.0,0.0,0.0,0.0,0.0,10.72,DEAD_RECKONING,1.69,333.19,-908.1,40.91,-83.29,False,False,False,false
1788952112320,-2.0471,6.5581,7.797,0.30572,0.22436,-0.62489,26.51,28.44,-32.08,0.0,0.0,0.0,0.0,0.0,10.72,DEAD_RECKONING,1.69,334.62,-905.11,40.6,-80.07,False,False,False,false
1788952112436,-2.0471,6.5581,7.797,0.30572,0.22436,-0.62489,26.51,28.44,-32.08,0.0,0.0,0.0,0.0,0.0,10.72,DEAD_RECKONING,1.69,335.98,-902.5,40.31,-77.24,False,False,False,false
1788952112553,-2.0471,6.5581,7.797,0.30572,0.22436,-0.62489,26.51,28.44,-32.08,0.0,0.0,0.0,0.0,0.0,10.72,DEAD_RECKONING,1.69,337.26,-900.17,40.08,-74.66,False,False,False,false
1788952112670,-2.0471,6.5581,7.797,0.30572,0.22436,-0.62489,26.51,28.44,-32.08,0.0,0.0,0.0,0.0,0.0,10.72,DEAD_RECKONING,1.69,338.49,-898.0,39.91,-72.16,False,False,False,false
1788952112792,-2.0471,6.5581,7.797,0.30572,0.22436,-0.62489,26.51,28.44,-32.08,0.0,0.0,0.0,0.0,0.0,10.72,DEAD_RECKONING,1.69,339.68,-895.9,39.79,-69.6,True,False,False,false
1788952112911,-2.0471,6.5581,7.797,0.30572,0.22436,-0.62489,26.51,28.44,-32.08,0.0,0.0,0.0,0.0,0.0,10.72,DEAD_RECKONING,1.69,340.81,-893.83,39.77,-66.97,True,False,False,false
1788952113025,-2.0471,6.5581,7.797,0.30572,0.22436,-0.62489,26.51,28.44,-32.08,0.0,0.0,0.0,0.0,0.0,10.72,DEAD_RECKONING,1.69,341.9,-891.76,39.86,-64.22,True,False,False,false
1788952113145,-2.0471,6.5581,7.797,0.30572,0.22436,-0.62489,26.51,28.44,-32.08,0.0,0.0,0.0,0.0,0.0,10.72,DEAD_RECKONING,1.69,342.93,-889.66,40.11,-61.33,True,False,False,false
1788952113262,-2.0471,6.5581,7.797,0.30572,0.22436,-0.62489,26.51,28.44,-32.08,0.0,0.0,0.0,0.0,0.0,10.72,DEAD_RECKONING,1.69,343.92,-887.49,40.55,-58.31,True,False,False,false
1788952113376,-2.0471,6.5581,7.797,0.30572,0.22436,-0.62489,26.51,28.44,-32.08,0.0,0.0,0.0,0.0,0.0,10.72,DEAD_RECKONING,1.69,344.85,-885.22,41.22,-55.17,True,False,False,false
1788952113493,-2.0471,6.5581,7.797,0.30572,0.22436,-0.62489,26.51,28.44,-32.08,0.0,0.0,0.0,0.0,0.0,10.72,DEAD_RECKONING,1.69,345.74,-882.81,42.18,-51.96,True,False,False,false
1788952113609,-2.0471,6.5581,7.797,0.30572,0.22436,-0.62489,26.51,28.44,-32.08,0.0,0.0,0.0,0.0,0.0,10.72,DEAD_RECKONING,1.69,346.59,-880.22,43.46,-48.76,False,False,False,false
1788952113726,-2.0471,6.5581,7.797,0.30572,0.22436,-0.62489,26.51,28.44,-32.08,0.0,0.0,0.0,0.0,0.0,10.72,DEAD_RECKONING,1.69,347.4,-877.48,45.1,-45.75,False,False,False,false
1788952113846,-2.0471,6.5581,7.797,0.30572,0.22436,-0.62489,26.51,28.44,-32.08,0.0,0.0,0.0,0.0,0.0,10.72,DEAD_RECKONING,1.69,348.16,-874.7,47.08,-43.2,False,False,False,false
1788952113961,-2.0471,6.5581,7.797,0.30572,0.22436,-0.62489,26.51,28.44,-32.08,0.0,0.0,0.0,0.0,0.0,10.72,DEAD_RECKONING,1.69,348.84,-872.13,49.24,-41.43,False,False,False,false
1788952114075,-2.0471,6.5581,7.797,0.30572,0.22436,-0.62489,26.51,28.44,-32.08,0.0,0.0,0.0,0.0,0.0,10.72,DEAD_RECKONING,1.69,349.43,-870.05,51.33,-40.46,False,False,False,false
1788952114199,-2.0471,6.5581,7.797,0.30572,0.22436,-0.62489,26.51,28.44,-32.08,0.0,0.0,0.0,0.0,0.0,10.72,DEAD_RECKONING,1.69,349.86,-868.47,53.26,-40.02,False,False,False,false
1788952114315,-2.0471,6.5581,7.797,0.30572,0.22436,-0.62489,26.51,28.44,-32.08,0.0,0.0,0.0,0.0,0.0,10.72,DEAD_RECKONING,1.69,350.04,-867.2,55.07,-39.8,False,False,False,false
1788952114431,-2.0471,6.5581,7.797,0.30572,0.22436,-0.62489,26.51,28.44,-32.08,0.0,0.0,0.0,0.0,0.0,10.72,DEAD_RECKONING,1.69,349.67,-866.09,56.85,-39.69,False,False,False,false
1788952114547,-2.0471,6.5581,7.797,0.30572,0.22436,-0.62489,26.51,28.44,-32.08,0.0,0.0,0.0,0.0,0.0,10.72,DEAD_RECKONING,1.69,347.77,-865.06,58.65,-39.67,False,False,False,false
1788952114663,-2.0471,6.5581,7.797,0.30572,0.22436,-0.62489,26.51,28.44,-32.08,0.0,0.0,0.0,0.0,0.0,10.72,DEAD_RECKONING,1.69,337.47,-864.08,60.48,-39.76,False,False,False,false
1788952114782,-2.0471,6.5581,7.797,0.30572,0.22436,-0.62489,26.51,28.44,-32.08,0.0,0.0,0.0,0.0,0.0,10.72,DEAD_RECKONING,1.69,180.36,-863.69,62.01,-40.09,False,False,False,true
1788952114902,-2.0471,6.5581,7.797,0.30572,0.22436,-0.62489,26.51,28.44,-32.08,0.0,0.0,0.0,0.0,0.0,10.72,DEAD_RECKONING,1.77,178.64,-863.07,63.77,-40.48,False,False,False,false
1788952115021,-2.0471,6.5581,7.797,0.30572,0.22436,-0.62489,26.51,28.44,-32.08,0.0,0.0,0.0,0.0,0.0,10.72,DEAD_RECKONING,1.77,178.99,-862.42,65.61,-40.94,False,False,False,false
1788952115141,-2.0471,6.5581,7.797,0.30572,0.22436,-0.62489,26.51,28.44,-32.08,0.0,0.0,0.0,0.0,0.0,10.72,DEAD_RECKONING,1.77,179.65,-861.86,67.44,-41.5,False,False,False,false
1788952115254,-2.0471,6.5581,7.797,0.30572,0.22436,-0.62489,26.51,28.44,-32.08,0.0,0.0,0.0,0.0,0.0,10.72,DEAD_RECKONING,1.77,180.42,-861.44,69.22,-42.16,False,False,False,false
1788952115369,-2.0471,6.5581,7.797,0.30572,0.22436,-0.62489,26.51,28.44,-32.08,0.0,0.0,0.0,0.0,0.0,10.72,DEAD_RECKONING,1.77,181.25,-861.21,70.9,-42.95,False,False,False,false
1788952115495,-2.0471,6.5581,7.797,0.30572,0.22436,-0.62489,26.51,28.44,-32.08,0.0,0.0,0.0,0.0,0.0,10.72,DEAD_RECKONING,1.77,182.11,-861.21,72.43,-43.85,False,False,False,false
1788952115611,-2.0471,6.5581,7.797,0.30572,0.22436,-0.62489,26.51,28.44,-32.08,0.0,0.0,0.0,0.0,0.0,10.72,DEAD_RECKONING,1.77,183.0,-861.46,73.79,-44.88,False,False,False,false
1788952115731,-2.0471,6.5581,7.797,0.30572,0.22436,-0.62489,26.51,28.44,-32.08,0.0,0.0,0.0,0.0,0.0,10.72,DEAD_RECKONING,1.77,183.92,-862.04,74.89,-46.04,False,False,False,false
1788952115851,-2.0471,6.5581,7.797,0.30572,0.22436,-0.62489,26.51,28.44,-32.08,0.0,0.0,0.0,0.0,0.0,10.72,DEAD_RECKONING,1.77,184.86,-863.05,75.65,-47.34,False,False,False,false
1788952115969,-2.0471,6.5581,7.797,0.30572,0.22436,-0.62489,26.51,28.44,-32.08,0.0,0.0,0.0,0.0,0.0,10.72,DEAD_RECKONING,1.77,185.83,-864.55,75.98,-48.81,False,False,False,false
1788952116088,-2.0471,6.5581,7.797,0.30572,0.22436,-0.62489,26.51,28.44,-32.08,0.0,0.0,0.0,0.0,0.0,10.72,DEAD_RECKONING,1.77,186.82,-866.61,75.79,-50.46,False,False,False,false
1788952116207,-2.0471,6.5581,7.797,0.30572,0.22436,-0.62489,26.51,28.44,-32.08,0.0,0.0,0.0,0.0,0.0,10.72,DEAD_RECKONING,1.77,187.85,-869.26,75.03,-52.27,False,False,False,false
1788952116326,-2.0471,6.5581,7.797,0.30572,0.22436,-0.62489,26.51,28.44,-32.08,0.0,0.0,0.0,0.0,0.0,10.72,DEAD_RECKONING,1.77,188.9,-872.49,73.66,-54.2,False,False,False,false
1788952116441,-2.0471,6.5581,7.797,0.30572,0.22436,-0.62489,26.51,28.44,-32.08,0.0,0.0,0.0,0.0,0.0,10.72,DEAD_RECKONING,1.77,188.65,-887.23,64.2,-64.39,False,False,False,true
1788952116566,-2.0471,6.5581,7.797,0.30572,0.22436,-0.62489,26.51,28.44,-32.08,0.0,0.0,0.0,0.0,0.0,10.72,DEAD_RECKONING,1.77,189.23,-895.9,59.02,-66.03,False,False,False,false
1788952116682,-2.0471,6.5581,7.797,0.30572,0.22436,-0.62489,26.51,28.44,-32.08,0.0,0.0,0.0,0.0,0.0,10.72,DEAD_RECKONING,1.77,189.91,-902.61,53.75,-67.98,False,False,False,false
1788952116802,-2.0471,6.5581,7.797,0.30572,0.22436,-0.62489,26.51,28.44,-32.08,0.0,0.0,0.0,0.0,0.0,10.72,DEAD_RECKONING,1.77,190.67,-908.64,48.45,-69.36,False,False,False,false
1788952116924,-2.0471,6.5581,7.797,0.30572,0.22436,-0.62489,26.51,28.44,-32.08,0.0,0.0,0.0,0.0,0.0,10.72,DEAD_RECKONING,1.77,191.52,-914.42,43.2,-69.85,False,False,False,false
1788952117039,-2.0471,6.5581,7.797,0.30572,0.22436,-0.62489,26.51,28.44,-32.08,0.0,0.0,0.0,0.0,0.0,10.72,DEAD_RECKONING,1.77,192.47,-920.16,38.04,-69.32,False,False,False,false
1788952117157,-2.0471,6.5581,7.797,0.30572,0.22436,-0.62489,26.51,28.44,-32.08,0.0,0.0,0.0,0.0,0.0,10.72,DEAD_RECKONING,1.77,193.51,-925.96,33.02,-67.73,False,False,False,false
1788952117275,-2.0471,6.5581,7.797,0.30572,0.22436,-0.62489,26.51,28.44,-32.08,0.0,0.0,0.0,0.0,0.0,10.72,DEAD_RECKONING,1.77,194.65,-931.9,28.22,-65.05,False,False,False,false
1788952117398,-2.0471,6.5581,7.797,0.30572,0.22436,-0.62489,26.51,28.44,-32.08,0.0,0.0,0.0,0.0,0.0,10.72,DEAD_RECKONING,1.8,195.9,-938.0,23.73,-61.36,False,False,False,false
1788952117516,-2.0471,6.5581,7.797,0.30572,0.22436,-0.62489,26.51,28.44,-32.08,0.0,0.0,0.0,0.0,0.0,10.72,DEAD_RECKONING,1.96,197.27,-944.24,19.64,-56.77,False,False,False,false
1788952117637,-2.0471,6.5581,7.797,0.30572,0.22436,-0.62489,26.51,28.44,-32.08,0.0,0.0,0.0,0.0,0.0,10.72,DEAD_RECKONING,1.96,198.76,-950.69,15.99,-51.32,False,False,False,false
1788952117760,-2.0471,6.5581,7.797,0.30572,0.22436,-0.62489,26.51,28.44,-32.08,0.0,0.0,0.0,0.0,0.0,10.72,DEAD_RECKONING,1.96,200.39,-957.34,12.85,-45.16,False,False,False,false
1788952117886,-2.0471,6.5581,7.797,0.30572,0.22436,-0.62489,26.51,28.44,-32.08,0.0,0.0,0.0,0.0,0.0,10.72,DEAD_RECKONING,1.96,202.17,-964.15,10.28,-38.46,False,False,False,false
1788952118002,-2.0471,6.5581,7.797,0.30572,0.22436,-0.62489,26.51,28.44,-32.08,0.0,0.0,0.0,0.0,0.0,10.72,DEAD_RECKONING,1.96,204.13,-971.08,8.34,-31.37,False,False,False,false
1788952118117,-2.0471,6.5581,7.797,0.30572,0.22436,-0.62489,26.51,28.44,-32.08,0.0,0.0,0.0,0.0,0.0,10.72,DEAD_RECKONING,1.96,206.27,-978.08,7.06,-24.05,False,False,False,false
1788952118232,-2.0471,6.5581,7.797,0.30572,0.22436,-0.62489,26.51,28.44,-32.08,0.0,0.0,0.0,0.0,0.0,10.72,DEAD_RECKONING,1.96,208.63,-985.11,6.48,-16.61,False,False,False,false
1788952118353,-2.0471,6.5581,7.797,0.30572,0.22436,-0.62489,26.51,28.44,-32.08,0.0,0.0,0.0,0.0,0.0,10.72,DEAD_RECKONING,1.96,211.21,-992.12,6.6,-9.16,False,False,False,false
1788952118477,-2.0471,6.5581,7.797,0.30572,0.22436,-0.62489,26.51,28.44,-32.08,0.0,0.0,0.0,0.0,0.0,10.72,DEAD_RECKONING,1.96,214.06,-999.08,7.4,-1.78,False,False,False,false
1788952118591,-2.0471,6.5581,7.797,0.30572,0.22436,-0.62489,26.51,28.44,-32.08,0.0,0.0,0.0,0.0,0.0,10.72,DEAD_RECKONING,1.96,217.18,-1005.97,8.94,5.53,True,False,False,false
1788952118708,-2.0471,6.5581,7.797,0.30572,0.22436,-0.62489,26.51,28.44,-32.08,0.0,0.0,0.0,0.0,0.0,10.72,DEAD_RECKONING,1.96,220.61,-1012.82,10.92,12.39,True,False,False,false
1788952118836,-2.0471,6.5581,7.797,0.30572,0.22436,-0.62489,26.51,28.44,-32.08,0.0,0.0,0.0,0.0,0.0,10.72,DEAD_RECKONING,1.96,224.38,-1019.54,13.44,18.96,True,False,False,false
1788952118958,-2.0471,6.5581,7.797,0.30572,0.22436,-0.62489,26.51,28.44,-32.08,0.0,0.0,0.0,0.0,0.0,10.72,DEAD_RECKONING,1.96,228.49,-1026.14,16.52,25.24,True,False,False,false
1788952119080,-2.0471,6.5581,7.797,0.30572,0.22436,-0.62489,26.51,28.44,-32.08,0.0,0.0,0.0,0.0,0.0,10.72,DEAD_RECKONING,1.96,232.94,-1032.58,20.22,31.32,False,False,False,false
1788952119202,-2.0471,6.5581,7.797,0.30572,0.22436,-0.62489,26.51,28.44,-32.08,0.0,0.0,0.0,0.0,0.0,10.72,DEAD_RECKONING,1.96,237.73,-1038.92,24.4,37.06,False,False,False,false
1788952119326,-2.0471,6.5581,7.797,0.30572,0.22436,-0.62489,26.51,28.44,-32.08,0.0,0.0,0.0,0.0,0.0,10.72,DEAD_RECKONING,1.96,242.83,-1045.1,29.03,42.44,False,False,False,false
1788952119444,-2.0471,6.5581,7.797,0.30572,0.22436,-0.62489,26.51,28.44,-32.08,0.0,0.0,0.0,0.0,0.0,10.72,DEAD_RECKONING,1.96,248.19,-1051.08,34.08,47.4,False,False,False,false
1788952119565,-2.0471,6.5581,7.797,0.30572,0.22436,-0.62489,26.51,28.44,-32.08,0.0,0.0,0.0,0.0,0.0,10.72,DEAD_RECKONING,1.96,253.73,-1056.77,39.46,51.87,False,False,False,false
1788952119688,-2.0471,6.5581,7.797,0.30572,0.22436,-0.62489,26.51,28.44,-32.08,0.0,0.0,0.0,0.0,0.0,10.72,DEAD_RECKONING,1.96,259.36,-1062.05,45.09,55.79,False,False,False,false
1788952119832,-2.0471,6.5581,7.797,0.30572,0.22436,-0.62489,26.51,28.44,-32.08,0.0,0.0,0.0,0.0,0.0,10.72,DEAD_RECKONING,1.96,264.99,-1066.75,50.82,59.07,False,False,False,false
1788952119949,-2.0471,6.5581,7.797,0.30572,0.22436,-0.62489,26.51,28.44,-32.08,0.0,0.0,0.0,0.0,0.0,10.72,DEAD_RECKONING,1.96,270.51,-1069.51,55.08,60.96,False,False,False,false
1788952120068,-2.0471,6.5581,7.797,0.30572,0.22436,-0.62489,26.51,28.44,-32.08,0.0,0.0,0.0,0.0,0.0,10.72,DEAD_RECKONING,1.96,275.83,-1071.53,59.3,62.73,False,False,False,false
1788952120186,-2.0471,6.5581,7.797,0.30572,0.22436,-0.62489,26.51,28.44,-32.08,0.0,0.0,0.0,0.0,0.0,10.72,DEAD_RECKONING,1.88,280.88,-1073.0,62.88,64.04,False,False,False,false
1788952120307,-2.0471,6.5581,7.797,0.30572,0.22436,-0.62489,26.51,28.44,-32.08,0.0,0.0,0.0,0.0,0.0,10.72,DEAD_RECKONING,1.88,285.61,-1074.28,66.3,65.18,False,False,False,false
1788952120425,-2.0471,6.5581,7.797,0.30572,0.22436,-0.62489,26.51,28.44,-32.08,0.0,0.0,0.0,0.0,0.0,10.72,DEAD_RECKONING,1.88,290.0,-1075.4,69.42,66.07,False,False,False,false
1788952120556,-2.0471,6.5581,7.797,0.30572,0.22436,-0.62489,26.51,28.44,-32.08,0.0,0.0,0.0,0.0,0.0,10.72,DEAD_RECKONING,1.88,294.05,-1076.44,72.26,66.7,False,False,False,false
1788952120677,-2.0471,6.5581,7.797,0.30572,0.22436,-0.62489,26.51,28.44,-32.08,0.0,0.0,0.0,0.0,0.0,10.72,DEAD_RECKONING,1.88,297.75,-1077.45,74.84,67.1,False,False,False,false
1788952120798,-2.0471,6.5581,7.797,0.30572,0.22436,-0.62489,26.51,28.44,-32.08,0.0,0.0,0.0,0.0,0.0,10.72,DEAD_RECKONING,1.88,301.13,-1078.46,77.18,67.25,False,False,False,false
1788952120917,-2.0471,6.5581,7.797,0.30572,0.22436,-0.62489,26.51,28.44,-32.08,0.0,0.0,0.0,0.0,0.0,10.72,DEAD_RECKONING,1.88,304.21,-1079.49,79.27,67.16,False,False,False,false
1788952121033,-2.0471,6.5581,7.797,0.30572,0.22436,-0.62489,26.51,28.44,-32.08,0.0,0.0,0.0,0.0,0.0,10.72,DEAD_RECKONING,1.88,307.01,-1080.53,81.1,66.84,False,False,False,false
1788952121148,-2.0471,6.5581,7.797,0.30572,0.22436,-0.62489,26.51,28.44,-32.08,0.0,0.0,0.0,0.0,0.0,10.72,DEAD_RECKONING,1.88,309.56,-1081.57,82.7,66.31,False,False,False,false
1788952121268,-2.0471,6.5581,7.797,0.30572,0.22436,-0.62489,26.51,28.44,-32.08,0.0,0.0,0.0,0.0,0.0,10.72,DEAD_RECKONING,1.88,311.87,-1082.58,84.06,65.61,False,False,False,false
1788952121389,-2.0471,6.5581,7.797,0.30572,0.22436,-0.62489,26.51,28.44,-32.08,0.0,0.0,0.0,0.0,0.0,10.72,DEAD_RECKONING,1.88,313.98,-1083.5,85.22,64.78,False,False,False,false
1788952121507,-2.0471,6.5581,7.797,0.30572,0.22436,-0.62489,26.51,28.44,-32.08,0.0,0.0,0.0,0.0,0.0,10.72,DEAD_RECKONING,1.88,315.91,-1084.27,86.21,63.89,False,False,False,false
1788952121631,-2.0471,6.5581,7.797,0.30572,0.22436,-0.62489,26.51,28.44,-32.08,0.0,0.0,0.0,0.0,0.0,10.72,DEAD_RECKONING,1.88,317.67,-1084.82,87.08,63.03,False,False,False,false
1788952121781,-2.0471,6.5581,7.797,0.30572,0.22436,-0.62489,26.51,28.44,-32.08,0.0,0.0,0.0,0.0,0.0,10.72,DEAD_RECKONING,1.88,319.28,-1085.06,87.86,62.27,False,False,False,false
1788952121915,-2.0471,6.5581,7.797,0.30572,0.22436,-0.62489,26.51,28.44,-32.08,0.0,0.0,0.0,0.0,0.0,10.72,DEAD_RECKONING,1.88,320.75,-1084.94,88.61,61.7,False,False,False,false
1788952122037,-2.0471,6.5581,7.797,0.30572,0.22436,-0.62489,26.51,28.44,-32.08,0.0,0.0,0.0,0.0,0.0,10.72,DEAD_RECKONING,1.88,322.1,-1084.41,89.38,61.39,False,False,False,false
1788952122153,-2.0471,6.5581,7.797,0.30572,0.22436,-0.62489,26.51,28.44,-32.08,0.0,0.0,0.0,0.0,0.0,10.72,DEAD_RECKONING,1.95,323.33,-1083.77,90.15,61.14,False,False,False,false
1788952122275,-2.0471,6.5581,7.797,0.30572,0.22436,-0.62489,26.51,28.44,-32.08,0.0,0.0,0.0,0.0,0.0,10.72,DEAD_RECKONING,1.72,324.45,-1081.32,91.31,62.42,False,False,False,false
1788952122391,-2.0471,6.5581,7.797,0.30572,0.22436,-0.62489,26.51,28.44,-32.08,0.0,0.0,0.0,0.0,0.0,10.72,DEAD_RECKONING,1.69,325.48,-1078.88,92.45,63.73,False,False,False,false
1788952122508,-2.0471,6.5581,7.797,0.30572,0.22436,-0.62489,26.51,28.44,-32.08,0.0,0.0,0.0,0.0,0.0,10.72,DEAD_RECKONING,1.69,326.41,-1076.56,93.58,65.0,False,False,False,false
1788952122624,-2.0471,6.5581,7.797,0.30572,0.22436,-0.62489,26.51,28.44,-32.08,0.0,0.0,0.0,0.0,0.0,10.72,DEAD_RECKONING,1.69,327.25,-1074.29,94.72,66.29,False,False,False,false
1788952122740,-2.0471,6.5581,7.797,0.30572,0.22436,-0.62489,26.51,28.44,-32.08,0.0,0.0,0.0,0.0,0.0,10.72,DEAD_RECKONING,1.69,328.0,-1072.04,95.89,67.64,False,False,False,false
1788952122867,-2.0471,6.5581,7.797,0.30572,0.22436,-0.62489,26.51,28.44,-32.08,0.0,0.0,0.0,0.0,0.0,10.72,DEAD_RECKONING,1.69,328.66,-1069.84,97.09,69.02,False,False,False,false
1788952122985,-2.0471,6.5581,7.797,0.30572,0.22436,-0.62489,26.51,28.44,-32.08,0.0,0.0,0.0,0.0,0.0,10.72,DEAD_RECKONING,1.69,329.23,-1067.69,98.35,70.43,False,False,False,false
1788952123111,-2.0471,6.5581,7.797,0.30572,0.22436,-0.62489,26.51,28.44,-32.08,0.0,0.0,0.0,0.0,0.0,10.72,DEAD_RECKONING,1.69,329.71,-1065.6,99.65,71.84,False,False,False,false
1788952123231,-2.0471,6.5581,7.797,0.30572,0.22436,-0.62489,26.51,28.44,-32.08,0.0,0.0,0.0,0.0,0.0,10.72,DEAD_RECKONING,1.69,330.08,-1063.6,101.02,73.22,False,False,False,false
1788952123354,-2.0471,6.5581,7.797,0.30572,0.22436,-0.62489,26.51,28.44,-32.08,0.0,0.0,0.0,0.0,0.0,10.72,DEAD_RECKONING,1.69,330.36,-1061.69,102.42,74.56,True,False,False,false
1788952123471,-2.0471,6.5581,7.797,0.30572,0.22436,-0.62489,26.51,28.44,-32.08,0.0,0.0,0.0,0.0,0.0,10.72,DEAD_RECKONING,1.69,330.51,-1059.89,103.88,75.83,True,False,False,false
1788952123590,-2.0471,6.5581,7.797,0.30572,0.22436,-0.62489,26.51,28.44,-32.08,0.0,0.0,0.0,0.0,0.0,10.72,DEAD_RECKONING,1.69,330.49,-1058.2,105.41,76.98,True,False,False,false
1788952123708,-2.0471,6.5581,7.797,0.30572,0.22436,-0.62489,26.51,28.44,-32.08,0.0,0.0,0.0,0.0,0.0,10.72,DEAD_RECKONING,1.69,330.27,-1056.63,107.0,77.98,True,False,False,false
1788952123824,-2.0471,6.5581,7.797,0.30572,0.22436,-0.62489,26.51,28.44,-32.08,0.0,0.0,0.0,0.0,0.0,10.72,DEAD_RECKONING,1.69,329.79,-1055.18,108.65,78.8,True,False,False,false
1788952123942,-2.0471,6.5581,7.797,0.30572,0.22436,-0.62489,26.51,28.44,-32.08,0.0,0.0,0.0,0.0,0.0,10.72,DEAD_RECKONING,1.69,328.97,-1053.83,110.36,79.42,True,False,False,false
1788952124063,-2.0471,6.5581,7.797,0.30572,0.22436,-0.62489,26.51,28.44,-32.08,0.0,0.0,0.0,0.0,0.0,10.72,DEAD_RECKONING,1.69,327.75,-1052.58,112.06,79.83,False,False,False,false
1788952124179,-2.0471,6.5581,7.797,0.30572,0.22436,-0.62489,26.51,28.44,-32.08,0.0,0.0,0.0,0.0,0.0,10.72,DEAD_RECKONING,1.69,325.91,-1051.38,113.76,80.05,False,False,False,false
1788952124297,-2.0471,6.5581,7.797,0.30572,0.22436,-0.62489,26.51,28.44,-32.08,0.0,0.0,0.0,0.0,0.0,10.72,DEAD_RECKONING,1.69,323.12,-1050.21,115.42,80.12,False,False,False,false
1788952124417,-2.0471,6.5581,7.797,0.30572,0.22436,-0.62489,26.51,28.44,-32.08,0.0,0.0,0.0,0.0,0.0,10.72,DEAD_RECKONING,1.69,318.82,-1049.03,117.03,80.16,False,False,False,false
1788952124534,-2.0471,6.5581,7.797,0.30572,0.22436,-0.62489,26.51,28.44,-32.08,0.0,0.0,0.0,0.0,0.0,10.72,DEAD_RECKONING,1.69,311.96,-1047.81,118.63,80.2,False,False,False,false
1788952124649,-2.0471,6.5581,7.797,0.30572,0.22436,-0.62489,26.51,28.44,-32.08,0.0,0.0,0.0,0.0,0.0,10.72,DEAD_RECKONING,1.69,300.53,-1046.55,120.23,80.26,False,False,False,false
1788952124767,-2.0471,6.5581,7.797,0.30572,0.22436,-0.62489,26.51,28.44,-32.08,0.0,0.0,0.0,0.0,0.0,10.72,DEAD_RECKONING,1.69,281.5,-1045.26,121.85,80.35,False,False,False,false
1788952124883,-2.0471,6.5581,7.797,0.30572,0.22436,-0.62489,26.51,28.44,-32.08,0.0,0.0,0.0,0.0,0.0,10.72,DEAD_RECKONING,1.69,250.83,-1044.32,123.04,80.65,False,False,False,true
1788952125004,-2.0471,6.5581,7.797,0.30572,0.22436,-0.62489,26.51,28.44,-32.08,0.0,0.0,0.0,0.0,0.0,10.72,DEAD_RECKONING,1.69,224.58,-1043.6,123.51,80.1,False,False,False,false
1788952125122,-2.0471,6.5581,7.797,0.30572,0.22436,-0.62489,26.51,28.44,-32.08,0.0,0.0,0.0,0.0,0.0,10.72,DEAD_RECKONING,1.77,208.73,-1042.52,124.29,79.49,False,False,False,false
1788952125238,-2.0471,6.5581,7.797,0.30572,0.22436,-0.62489,26.51,28.44,-32.08,0.0,0.0,0.0,0.0,0.0,10.72,DEAD_RECKONING,1.77,199.79,-1041.16,125.2,79.87,False,False,False,false
1788952125358,-2.0471,6.5581,7.797,0.30572,0.22436,-0.62489,26.51,28.44,-32.08,0.0,0.0,0.0,0.0,0.0,10.72,DEAD_RECKONING,1.77,194.51,-1039.85,125.69,80.02,False,False,False,false
1788952125472,-2.0471,6.5581,7.797,0.30572,0.22436,-0.62489,26.51,28.44,-32.08,0.0,0.0,0.0,0.0,0.0,10.72,DEAD_RECKONING,1.77,191.23,-1038.55,125.75,80.37,False,False,False,false
1788952125586,-2.0471,6.5581,7.797,0.30572,0.22436,-0.62489,26.51,28.44,-32.08,0.0,0.0,0.0,0.0,0.0,10.72,DEAD_RECKONING,1.77,189.14,-1037.32,125.18,80.63,False,False,False,false
1788952125708,-2.0471,6.5581,7.797,0.30572,0.22436,-0.62489,26.51,28.44,-32.08,0.0,0.0,0.0,0.0,0.0,10.72,DEAD_RECKONING,1.77,187.79,-1036.2,123.91,80.88,False,False,False,false
1788952125824,-2.0471,6.5581,7.797,0.30572,0.22436,-0.62489,26.51,28.44,-32.08,0.0,0.0,0.0,0.0,0.0,10.72,DEAD_RECKONING,1.77,186.94,-1035.2,121.84,81.1,False,False,False,false
1788952125940,-2.0471,6.5581,7.797,0.30572,0.22436,-0.62489,26.51,28.44,-32.08,0.0,0.0,0.0,0.0,0.0,10.72,DEAD_RECKONING,1.77,186.44,-1034.32,118.93,81.32,False,False,False,false
1788952126059,-2.0471,6.5581,7.797,0.30572,0.22436,-0.62489,26.51,28.44,-32.08,0.0,0.0,0.0,0.0,0.0,10.72,DEAD_RECKONING,1.77,186.21,-1033.58,115.11,81.59,False,False,False,false
1788952126180,-2.0471,6.5581,7.797,0.30572,0.22436,-0.62489,26.51,28.44,-32.08,0.0,0.0,0.0,0.0,0.0,10.72,DEAD_RECKONING,1.77,186.18,-1032.99,110.24,81.98,False,False,False,false
1788952126299,-2.0471,6.5581,7.797,0.30572,0.22436,-0.62489,26.51,28.44,-32.08,0.0,0.0,0.0,0.0,0.0,10.72,DEAD_RECKONING,1.77,186.31,-1032.6,104.08,82.54,False,False,False,false
1788952126418,-2.0471,6.5581,7.797,0.30572,0.22436,-0.62489,26.51,28.44,-32.08,0.0,0.0,0.0,0.0,0.0,10.72,DEAD_RECKONING,1.77,186.58,-1032.48,96.31,83.33,False,False,False,false
1788952126538,-2.0471,6.5581,7.797,0.30572,0.22436,-0.62489,26.51,28.44,-32.08,0.0,0.0,0.0,0.0,0.0,10.72,DEAD_RECKONING,1.77,186.96,-1032.69,86.59,84.36,False,False,False,false
1788952126660,-2.0471,6.5581,7.797,0.30572,0.22436,-0.62489,26.51,28.44,-32.08,0.0,0.0,0.0,0.0,0.0,10.72,DEAD_RECKONING,1.77,187.44,-1033.3,74.88,85.67,False,False,False,false
1788952126779,-2.0471,6.5581,7.797,0.30572,0.22436,-0.62489,26.51,28.44,-32.08,0.0,0.0,0.0,0.0,0.0,10.72,DEAD_RECKONING,1.77,188.02,-1034.21,61.74,87.42,False,False,False,false
1788952126900,-2.0471,6.5581,7.797,0.30572,0.22436,-0.62489,26.51,28.44,-32.08,0.0,0.0,0.0,0.0,0.0,10.72,DEAD_RECKONING,1.77,188.69,-1035.18,48.7,90.1,False,False,False,false
1788952127022,-2.0471,6.5581,7.797,0.30572,0.22436,-0.62489,26.51,28.44,-32.08,0.0,0.0,0.0,0.0,0.0,10.72,DEAD_RECKONING,1.77,189.44,-1035.83,37.72,94.42,False,False,False,false
1788952127139,-2.0471,6.5581,7.797,0.30572,0.22436,-0.62489,26.51,28.44,-32.08,0.0,0.0,0.0,0.0,0.0,10.72,DEAD_RECKONING,1.77,190.28,-1035.98,29.94,100.75,False,False,False,false
1788952127265,-2.0471,6.5581,7.797,0.30572,0.22436,-0.62489,26.51,28.44,-32.08,0.0,0.0,0.0,0.0,0.0,10.72,DEAD_RECKONING,1.77,191.21,-1035.77,25.13,108.85,False,False,False,false
1788952127383,-2.0471,6.5581,7.797,0.30572,0.22436,-0.62489,26.51,28.44,-32.08,0.0,0.0,0.0,0.0,0.0,10.72,DEAD_RECKONING,1.77,192.23,-1035.49,22.43,118.08,False,False,False,false
1788952127497,-2.0471,6.5581,7.797,0.30572,0.22436,-0.62489,26.51,28.44,-32.08,0.0,0.0,0.0,0.0,0.0,10.72,DEAD_RECKONING,1.77,193.34,-1035.33,21.1,128.05,False,False,False,false
1788952127616,-2.0471,6.5581,7.797,0.30572,0.22436,-0.62489,26.51,28.44,-32.08,0.0,0.0,0.0,0.0,0.0,10.72,DEAD_RECKONING,1.77,194.55,-1035.42,20.67,138.53,False,False,False,false
1788952127734,-2.0471,6.5581,7.797,0.30572,0.22436,-0.62489,26.51,28.44,-32.08,0.0,0.0,0.0,0.0,0.0,10.72,DEAD_RECKONING,1.8,195.87,-1035.86,20.87,149.38,False,False,False,false
1788952127856,-2.0471,6.5581,7.797,0.30572,0.22436,-0.62489,26.51,28.44,-32.08,0.0,0.0,0.0,0.0,0.0,10.72,DEAD_RECKONING,1.96,197.32,-1036.62,21.6,160.66,True,False,False,false
1788952127976,-2.0471,6.5581,7.797,0.30572,0.22436,-0.62489,26.51,28.44,-32.08,0.0,0.0,0.0,0.0,0.0,10.72,DEAD_RECKONING,1.96,198.89,-1037.95,22.54,171.83,True,False,False,false
1788952128094,-2.0471,6.5581,7.797,0.30572,0.22436,-0.62489,26.51,28.44,-32.08,0.0,0.0,0.0,0.0,0.0,10.72,DEAD_RECKONING,1.96,200.6,-1039.79,23.76,183.37,True,False,False,false
1788952128213,-2.0471,6.5581,7.797,0.30572,0.22436,-0.62489,26.51,28.44,-32.08,0.0,0.0,0.0,0.0,0.0,10.72,DEAD_RECKONING,1.96,202.46,-1042.16,25.19,195.11,True,False,False,false
1788952128331,-2.0471,6.5581,7.797,0.30572,0.22436,-0.62489,26.51,28.44,-32.08,0.0,0.0,0.0,0.0,0.0,10.72,DEAD_RECKONING,1.96,204.49,-1045.02,26.86,207.02,True,False,False,false
1788952128449,-2.0471,6.5581,7.797,0.30572,0.22436,-0.62489,26.51,28.44,-32.08,0.0,0.0,0.0,0.0,0.0,10.72,DEAD_RECKONING,1.96,206.71,-1048.3,28.96,219.36,False,False,False,false
1788952128567,-2.0471,6.5581,7.797,0.30572,0.22436,-0.62489,26.51,28.44,-32.08,0.0,0.0,0.0,0.0,0.0,10.72,DEAD_RECKONING,1.96,209.15,-1051.98,31.38,231.29,False,False,False,false
1788952128687,-2.0471,6.5581,7.797,0.30572,0.22436,-0.62489,26.51,28.44,-32.08,0.0,0.0,0.0,0.0,0.0,10.72,DEAD_RECKONING,1.96,211.82,-1055.83,34.35,243.25,False,False,False,false
1788952128806,-2.0471,6.5581,7.797,0.30572,0.22436,-0.62489,26.51,28.44,-32.08,0.0,0.0,0.0,0.0,0.0,10.72,DEAD_RECKONING,1.96,214.74,-1059.86,37.94,254.87,False,False,False,false
1788952128924,-2.0471,6.5581,7.797,0.30572,0.22436,-0.62489,26.51,28.44,-32.08,0.0,0.0,0.0,0.0,0.0,10.72,DEAD_RECKONING,1.96,217.95,-1063.93,42.2,266.3,False,False,False,false
1788952129041,-2.0471,6.5581,7.797,0.30572,0.22436,-0.62489,26.51,28.44,-32.08,0.0,0.0,0.0,0.0,0.0,10.72,DEAD_RECKONING,1.96,221.46,-1068.07,47.11,277.26,False,False,False,false
1788952129164,-2.0471,6.5581,7.797,0.30572,0.22436,-0.62489,26.51,28.44,-32.08,0.0,0.0,0.0,0.0,0.0,10.72,DEAD_RECKONING,1.96,225.29,-1072.17,52.59,287.88,False,False,False,false
1788952129283,-2.0471,6.5581,7.797,0.30572,0.22436,-0.62489,26.51,28.44,-32.08,0.0,0.0,0.0,0.0,0.0,10.72,DEAD_RECKONING,1.96,229.46,-1076.3,58.51,297.72,False,False,False,false
1788952129400,-2.0471,6.5581,7.797,0.30572,0.22436,-0.62489,26.51,28.44,-32.08,0.0,0.0,0.0,0.0,0.0,10.72,DEAD_RECKONING,1.96,233.96,-1079.5,63.89,306.04,False,False,False,false
1788952129516,-2.0471,6.5581,7.797,0.30572,0.22436,-0.62489,26.51,28.44,-32.08,0.0,0.0,0.0,0.0,0.0,10.72,DEAD_RECKONING,1.96,238.77,-1082.69,70.01,314.24,False,False,False,false
1788952129634,-2.0471,6.5581,7.797,0.30572,0.22436,-0.62489,26.51,28.44,-32.08,0.0,0.0,0.0,0.0,0.0,10.72,DEAD_RECKONING,1.96,243.88,-1085.53,75.79,321.34,False,False,False,false
1788952129757,-2.0471,6.5581,7.797,0.30572,0.22436,-0.62489,26.51,28.44,-32.08,0.0,0.0,0.0,0.0,0.0,10.72,DEAD_RECKONING,1.96,249.21,-1088.43,81.98,328.48,False,False,False,false
1788952129874,-2.0471,6.5581,7.797,0.30572,0.22436,-0.62489,26.51,28.44,-32.08,0.0,0.0,0.0,0.0,0.0,10.72,DEAD_RECKONING,1.96,254.7,-1091.1,87.66,334.33,False,False,False,false
1788952129990,-2.0471,6.5581,7.797,0.30572,0.22436,-0.62489,26.51,28.44,-32.08,0.0,0.0,0.0,0.0,0.0,10.72,DEAD_RECKONING,1.96,254.4,-1097.99,105.48,353.35,False,False,False,true
1788952130112,-2.0471,6.5581,7.797,0.30572,0.22436,-0.62489,26.51,28.44,-32.08,0.0,0.0,0.0,0.0,0.0,10.72,DEAD_RECKONING,1.96,259.53,-1102.71,104.41,339.02,False,False,False,false
1788952130231,-2.0471,6.5581,7.797,0.30572,0.22436,-0.62489,26.51,28.44,-32.08,0.0,0.0,0.0,0.0,0.0,10.72,DEAD_RECKONING,1.96,264.6,-1103.65,103.57,345.59,False,False,False,false
1788952130347,-2.0471,6.5581,7.797,0.30572,0.22436,-0.62489,26.51,28.44,-32.08,0.0,0.0,0.0,0.0,0.0,10.72,DEAD_RECKONING,1.96,269.54,-1108.14,109.48,342.5,False,False,False,false
1788952130468,-2.0471,6.5581,7.797,0.30572,0.22436,-0.62489,26.51,28.44,-32.08,0.0,0.0,0.0,0.0,0.0,10.72,DEAD_RECKONING,1.96,274.29,-1110.7,111.75,348.37,False,False,False,false
1788952130588,-2.0471,6.5581,7.797,0.30572,0.22436,-0.62489,26.51,28.44,-32.08,0.0,0.0,0.0,0.0,0.0,10.72,DEAD_RECKONING,1.88,278.83,-1115.98,117.64,346.54,False,False,False,false
1788952130711,-2.0471,6.5581,7.797,0.30572,0.22436,-0.62489,26.51,28.44,-32.08,0.0,0.0,0.0,0.0,0.0,10.72,DEAD_RECKONING,1.88,283.11,-1121.52,122.07,348.66,False,False,False,false
1788952130825,-2.0471,6.5581,7.797,0.30572,0.22436,-0.62489,26.51,28.44,-32.08,0.0,0.0,0.0,0.0,0.0,10.72,DEAD_RECKONING,1.88,287.13,-1129.41,128.38,347.79,False,False,False,false
1788952130947,-2.0471,6.5581,7.797,0.30572,0.22436,-0.62489,26.51,28.44,-32.08,0.0,0.0,0.0,0.0,0.0,10.72,DEAD_RECKONING,1.88,290.88,-1139.45,135.21,346.76,False,False,False,false
1788952131064,-2.0471,6.5581,7.797,0.30572,0.22436,-0.62489,26.51,28.44,-32.08,0.0,0.0,0.0,0.0,0.0,10.72,DEAD_RECKONING,1.88,294.36,-1151.09,142.58,344.34,False,False,False,false
1788952131182,-2.0471,6.5581,7.797,0.30572,0.22436,-0.62489,26.51,28.44,-32.08,0.0,0.0,0.0,0.0,0.0,10.72,DEAD_RECKONING,1.88,297.59,-1153.71,145.45,344.15,False,False,False,false
1788952131302,-2.0471,6.5581,7.797,0.30572,0.22436,-0.62489,26.51,28.44,-32.08,0.0,0.0,0.0,0.0,0.0,10.72,DEAD_RECKONING,1.88,300.57,-1156.84,149.37,342.73,False,False,False,false
1788952131424,-2.0471,6.5581,7.797,0.30572,0.22436,-0.62489,26.51,28.44,-32.08,0.0,0.0,0.0,0.0,0.0,10.72,DEAD_RECKONING,1.88,303.34,-1159.54,153.14,341.24,False,False,False,false
1788952131557,-2.0471,6.5581,7.797,0.30572,0.22436,-0.62489,26.51,28.44,-32.08,0.0,0.0,0.0,0.0,0.0,10.72,DEAD_RECKONING,1.88,305.9,-1161.63,156.59,339.75,False,False,False,false
1788952131676,-2.0471,6.5581,7.797,0.30572,0.22436,-0.62489,26.51,28.44,-32.08,0.0,0.0,0.0,0.0,0.0,10.72,DEAD_RECKONING,1.88,308.27,-1163.4,159.91,338.06,False,False,False,false
1788952131797,-2.0471,6.5581,7.797,0.30572,0.22436,-0.62489,26.51,28.44,-32.08,0.0,0.0,0.0,0.0,0.0,10.72,DEAD_RECKONING,1.88,310.47,-1164.83,163.04,336.26,False,False,False,false
1788952131916,-2.0471,6.5581,7.797,0.30572,0.22436,-0.62489,26.51,28.44,-32.08,0.0,0.0,0.0,0.0,0.0,10.72,DEAD_RECKONING,1.88,312.51,-1165.89,165.95,334.44,False,False,False,false
1788952132041,-2.0471,6.5581,7.797,0.30572,0.22436,-0.62489,26.51,28.44,-32.08,0.0,0.0,0.0,0.0,0.0,10.72,DEAD_RECKONING,1.88,314.41,-1166.58,168.62,332.7,False,False,False,false
1788952132163,-2.0471,6.5581,7.797,0.30572,0.22436,-0.62489,26.51,28.44,-32.08,0.0,0.0,0.0,0.0,0.0,10.72,DEAD_RECKONING,1.88,316.19,-1166.9,171.08,331.09,False,False,False,false
1788952132281,-2.0471,6.5581,7.797,0.30572,0.22436,-0.62489,26.51,28.44,-32.08,0.0,0.0,0.0,0.0,0.0,10.72,DEAD_RECKONING,1.88,317.84,-1166.89,173.32,329.7,False,False,False,false
1788952132402,-2.0471,6.5581,7.797,0.30572,0.22436,-0.62489,26.51,28.44,-32.08,0.0,0.0,0.0,0.0,0.0,10.72,DEAD_RECKONING,1.95,319.4,-1166.78,175.54,328.15,False,False,False,false
1788952132520,-2.0471,6.5581,7.797,0.30572,0.22436,-0.62489,26.51,28.44,-32.08,0.0,0.0,0.0,0.0,0.0,10.72,DEAD_RECKONING,1.69,320.85,-1165.48,176.84,328.95,False,False,False,false
1788952132638,-2.0471,6.5581,7.797,0.30572,0.22436,-0.62489,26.51,28.44,-32.08,0.0,0.0,0.0,0.0,0.0,10.72,DEAD_RECKONING,1.69,322.22,-1164.54,178.51,328.7,False,False,False,false
1788952132759,-2.0471,6.5581,7.797,0.30572,0.22436,-0.62489,26.51,28.44,-32.08,0.0,0.0,0.0,0.0,0.0,10.72,DEAD_RECKONING,1.69,323.51,-1163.55,180.15,328.43,False,False,False,false
1788952132875,-2.0471,6.5581,7.797,0.30572,0.22436,-0.62489,26.51,28.44,-32.08,0.0,0.0,0.0,0.0,0.0,10.72,DEAD_RECKONING,1.69,324.72,-1162.47,181.73,328.29,False,False,False,false
1788952132994,-2.0471,6.5581,7.797,0.30572,0.22436,-0.62489,26.51,28.44,-32.08,0.0,0.0,0.0,0.0,0.0,10.72,DEAD_RECKONING,1.69,325.87,-1161.3,183.27,328.31,False,False,False,false
1788952133112,-2.0471,6.5581,7.797,0.30572,0.22436,-0.62489,26.51,28.44,-32.08,0.0,0.0,0.0,0.0,0.0,10.72,DEAD_RECKONING,1.69,326.94,-1160.06,184.77,328.47,False,False,False,false
1788952133228,-2.0471,6.5581,7.797,0.30572,0.22436,-0.62489,26.51,28.44,-32.08,0.0,0.0,0.0,0.0,0.0,10.72,DEAD_RECKONING,1.69,327.96,-1158.77,186.27,328.75,False,False,False,false
1788952133345,-2.0471,6.5581,7.797,0.30572,0.22436,-0.62489,26.51,28.44,-32.08,0.0,0.0,0.0,0.0,0.0,10.72,DEAD_RECKONING,1.69,328.92,-1157.44,187.78,329.1,False,False,False,false
1788952133463,-2.0471,6.5581,7.797,0.30572,0.22436,-0.62489,26.51,28.44,-32.08,0.0,0.0,0.0,0.0,0.0,10.72,DEAD_RECKONING,1.69,329.81,-1156.09,189.32,329.49,False,False,False,false
1788952133582,-2.0471,6.5581,7.797,0.30572,0.22436,-0.62489,26.51,28.44,-32.08,0.0,0.0,0.0,0.0,0.0,10.72,DEAD_RECKONING,1.69,330.72,-1154.76,190.82,329.94,True,False,False,false
1788952133700,-2.0471,6.5581,7.797,0.30572,0.22436,-0.62489,26.51,28.44,-32.08,0.0,0.0,0.0,0.0,0.0,10.72,DEAD_RECKONING,1.69,331.54,-1153.4,192.38,330.3,True,False,False,false
1788952133814,-2.0471,6.5581,7.797,0.30572,0.22436,-0.62489,26.51,28.44,-32.08,0.0,0.0,0.0,0.0,0.0,10.72,DEAD_RECKONING,1.69,332.29,-1152.01,193.97,330.54,True,False,False,false
1788952133934,-2.0471,6.5581,7.797,0.30572,0.22436,-0.62489,26.51,28.44,-32.08,0.0,0.0,0.0,0.0,0.0,10.72,DEAD_RECKONING,1.69,332.93,-1150.58,195.56,330.63,True,False,False,false
1788952134055,-2.0471,6.5581,7.797,0.30572,0.22436,-0.62489,26.51,28.44,-32.08,0.0,0.0,0.0,0.0,0.0,10.72,DEAD_RECKONING,1.69,333.45,-1149.11,197.08,330.56,True,False,False,false
1788952134173,-2.0471,6.5581,7.797,0.30572,0.22436,-0.62489,26.51,28.44,-32.08,0.0,0.0,0.0,0.0,0.0,10.72,DEAD_RECKONING,1.69,333.83,-1147.58,198.39,330.31,True,False,False,false
1788952134295,-2.0471,6.5581,7.797,0.30572,0.22436,-0.62489,26.51,28.44,-32.08,0.0,0.0,0.0,0.0,0.0,10.72,DEAD_RECKONING,1.69,334.0,-1146.02,199.33,329.89,True,False,False,false
1788952134413,-2.0471,6.5581,7.797,0.30572,0.22436,-0.62489,26.51,28.44,-32.08,0.0,0.0,0.0,0.0,0.0,10.72,DEAD_RECKONING,1.69,334.06,-1144.52,199.69,329.41,False,False,False,false
1788952134534,-2.0471,6.5581,7.797,0.30572,0.22436,-0.62489,26.51,28.44,-32.08,0.0,0.0,0.0,0.0,0.0,10.72,DEAD_RECKONING,1.69,333.78,-1143.01,199.54,328.6,False,False,False,false
1788952134651,-2.0471,6.5581,7.797,0.30572,0.22436,-0.62489,26.51,28.44,-32.08,0.0,0.0,0.0,0.0,0.0,10.72,DEAD_RECKONING,1.69,332.93,-1141.54,198.79,327.52,False,False,False,false
1788952134777,-2.0471,6.5581,7.797,0.30572,0.22436,-0.62489,26.51,28.44,-32.08,0.0,0.0,0.0,0.0,0.0,10.72,DEAD_RECKONING,1.69,331.01,-1140.16,197.26,326.16,False,False,False,false
1788952134904,-2.0471,6.5581,7.797,0.30572,0.22436,-0.62489,26.51,28.44,-32.08,0.0,0.0,0.0,0.0,0.0,10.72,DEAD_RECKONING,1.69,326.53,-1138.9,194.75,324.38,False,False,False,false
1788952135029,-2.0471,6.5581,7.797,0.30572,0.22436,-0.62489,26.51,28.44,-32.08,0.0,0.0,0.0,0.0,0.0,10.72,DEAD_RECKONING,1.69,313.67,-1137.8,191.15,322.07,False,False,False,false
1788952135150,-2.0471,6.5581,7.797,0.30572,0.22436,-0.62489,26.51,28.44,-32.08,0.0,0.0,0.0,0.0,0.0,10.72,DEAD_RECKONING,1.69,259.42,-1136.87,186.56,319.32,False,False,False,false
1788952135290,-2.0471,6.5581,7.797,0.30572,0.22436,-0.62489,26.51,28.44,-32.08,0.0,0.0,0.0,0.0,0.0,10.72,DEAD_RECKONING,1.69,152.03,-1144.43,179.19,316.33,False,False,False,true
1788952135440,-2.0471,6.5581,7.797,0.30572,0.22436,-0.62489,26.51,28.44,-32.08,0.0,0.0,0.0,0.0,0.0,10.72,DEAD_RECKONING,1.77,156.87,-1133.39,175.09,304.3,False,False,False,false
1788952135619,-2.0471,6.5581,7.797,0.30572,0.22436,-0.62489,26.51,28.44,-32.08,0.0,0.0,0.0,0.0,0.0,10.72,DEAD_RECKONING,1.77,159.74,-1131.77,179.33,301.54,False,False,False,false
1788952135831,-2.0471,6.5581,7.797,0.30572,0.22436,-0.62489,26.51,28.44,-32.08,0.0,0.0,0.0,0.0,0.0,10.72,DEAD_RECKONING,1.77,161.84,-1129.91,181.8,300.38,False,False,False,false
1788952135985,-2.0471,6.5581,7.797,0.30572,0.22436,-0.62489,26.51,28.44,-32.08,0.0,0.0,0.0,0.0,0.0,10.72,DEAD_RECKONING,1.77,163.56,-1128.05,183.85,299.96,False,False,False,false
1788952136126,-2.0471,6.5581,7.797,0.30572,0.22436,-0.62489,26.51,28.44,-32.08,0.0,0.0,0.0,0.0,0.0,10.72,DEAD_RECKONING,1.77,165.07,-1126.24,185.59,300.05,False,False,False,false
1788952136266,-2.0471,6.5581,7.797,0.30572,0.22436,-0.62489,26.51,28.44,-32.08,0.0,0.0,0.0,0.0,0.0,10.72,DEAD_RECKONING,1.77,166.46,-1124.48,186.92,300.73,False,False,False,false
1788952136393,-2.0471,6.5581,7.797,0.30572,0.22436,-0.62489,26.51,28.44,-32.08,0.0,0.0,0.0,0.0,0.0,10.72,DEAD_RECKONING,1.77,167.78,-1122.82,187.71,302.14,False,False,False,false
1788952136531,-2.0471,6.5581,7.797,0.30572,0.22436,-0.62489,26.51,28.44,-32.08,0.0,0.0,0.0,0.0,0.0,10.72,DEAD_RECKONING,1.77,169.04,-1121.33,187.75,304.42,False,False,False,false
1788952136657,-2.0471,6.5581,7.797,0.30572,0.22436,-0.62489,26.51,28.44,-32.08,0.0,0.0,0.0,0.0,0.0,10.72,DEAD_RECKONING,1.77,170.29,-1120.08,186.75,307.84,False,False,False,false
1788952136816,-2.0471,6.5581,7.797,0.30572,0.22436,-0.62489,26.51,28.44,-32.08,0.0,0.0,0.0,0.0,0.0,10.72,DEAD_RECKONING,1.77,171.52,-1119.21,184.35,312.61,False,False,False,false
1788952136944,-2.0471,6.5581,7.797,0.30572,0.22436,-0.62489,26.51,28.44,-32.08,0.0,0.0,0.0,0.0,0.0,10.72,DEAD_RECKONING,1.77,172.76,-1118.96,179.77,319.31,False,False,False,false
1788952137072,-2.0471,6.5581,7.797,0.30572,0.22436,-0.62489,26.51,28.44,-32.08,0.0,0.0,0.0,0.0,0.0,10.72,DEAD_RECKONING,1.77,174.01,-1119.75,171.68,328.68,False,False,False,false
1788952137212,-2.0471,6.5581,7.797,0.30572,0.22436,-0.62489,26.51,28.44,-32.08,0.0,0.0,0.0,0.0,0.0,10.72,DEAD_RECKONING,1.77,175.27,-1122.25,157.78,341.61,False,False,False,false
1788952137343,-2.0471,6.5581,7.797,0.30572,0.22436,-0.62489,26.51,28.44,-32.08,0.0,0.0,0.0,0.0,0.0,10.72,DEAD_RECKONING,1.77,176.57,-1126.94,136.01,358.0,False,False,False,false
1788952137515,-2.0471,6.5581,7.797,0.30572,0.22436,-0.62489,26.51,28.44,-32.08,0.0,0.0,0.0,0.0,0.0,10.72,DEAD_RECKONING,1.77,177.89,-1133.74,105.58,377.6,False,False,False,false
1788952137646,-2.0471,6.5581,7.797,0.30572,0.22436,-0.62489,26.51,28.44,-32.08,0.0,0.0,0.0,0.0,0.0,10.72,DEAD_RECKONING,1.77,179.24,-1145.82,53.67,407.5,True,False,False,false
1788952137782,-2.0471,6.5581,7.797,0.30572,0.22436,-0.62489,26.51,28.44,-32.08,0.0,0.0,0.0,0.0,0.0,10.72,DEAD_RECKONING,1.77,180.65,-1151.77,21.56,420.88,False,False,False,false
1788952137910,-2.0471,6.5581,7.797,0.30572,0.22436,-0.62489,26.51,28.44,-32.08,0.0,0.0,0.0,0.0,0.0,10.72,DEAD_RECKONING,1.77,182.11,-1149.98,21.22,421.0,True,False,False,false
1788952138029,-2.0471,6.5581,7.797,0.30572,0.22436,-0.62489,26.51,28.44,-32.08,0.0,0.0,0.0,0.0,0.0,10.72,DEAD_RECKONING,1.77,183.64,-1149.3,19.04,427.72,True,False,False,false
1788952138154,-2.0471,6.5581,7.797,0.30572,0.22436,-0.62489,26.51,28.44,-32.08,0.0,0.0,0.0,0.0,0.0,10.72,DEAD_RECKONING,1.77,185.23,-1149.59,16.69,438.76,True,False,False,false
1788952138280,-2.0471,6.5581,7.797,0.30572,0.22436,-0.62489,26.51,28.44,-32.08,0.0,0.0,0.0,0.0,0.0,10.72,DEAD_RECKONING,1.77,186.91,-1150.33,14.76,450.41,True,False,False,false
1788952138405,-2.0471,6.5581,7.797,0.30572,0.22436,-0.62489,26.51,28.44,-32.08,0.0,0.0,0.0,0.0,0.0,10.72,DEAD_RECKONING,1.77,188.67,-1151.27,12.93,461.74,True,False,False,false
1788952138527,-2.0471,6.5581,7.797,0.30572,0.22436,-0.62489,26.51,28.44,-32.08,0.0,0.0,0.0,0.0,0.0,10.72,DEAD_RECKONING,1.8,190.53,-1152.63,11.1,473.05,True,False,False,false
1788952138648,-2.0471,6.5581,7.797,0.30572,0.22436,-0.62489,26.51,28.44,-32.08,0.0,0.0,0.0,0.0,0.0,10.72,DEAD_RECKONING,2.03,192.48,-1154.5,9.54,483.35,False,False,False,false
1788952138774,-2.0471,6.5581,7.797,0.30572,0.22436,-0.62489,26.51,28.44,-32.08,0.0,0.0,0.0,0.0,0.0,10.72,DEAD_RECKONING,1.96,194.55,-1156.78,8.07,493.18,False,False,False,false
1788952138896,-2.0471,6.5581,7.797,0.30572,0.22436,-0.62489,26.51,28.44,-32.08,0.0,0.0,0.0,0.0,0.0,10.72,DEAD_RECKONING,1.96,196.75,-1159.78,7.36,502.16,False,False,False,false
1788952139635,-2.0471,6.5581,7.797,0.30572,0.22436,-0.62489,26.51,28.44,-32.08,0.0,0.0,0.0,0.0,0.0,10.72,DEAD_RECKONING,1.96,199.08,-1163.3,6.66,511.06,False,False,False,false
1788952139753,-2.0471,6.5581,7.797,0.30572,0.22436,-0.62489,26.51,28.44,-32.08,0.0,0.0,0.0,0.0,0.0,10.72,DEAD_RECKONING,1.96,201.58,-1167.64,6.62,519.34,False,False,False,false
1788952143879,-2.0471,6.5581,7.797,0.30572,0.22436,-0.62489,26.51,28.44,-32.08,0.0,0.0,0.0,0.0,0.0,10.72,DEAD_RECKONING,1.96,204.24,-1172.61,6.59,527.63,False,False,False,false
1788952144002,-2.0471,6.5581,7.797,0.30572,0.22436,-0.62489,26.51,28.44,-32.08,0.0,0.0,0.0,0.0,0.0,10.72,DEAD_RECKONING,1.96,207.08,-1178.46,7.1,535.44,False,False,False,false
1788952152033,-2.0471,6.5581,7.797,0.30572,0.22436,-0.62489,26.51,28.44,-32.08,0.0,0.0,0.0,0.0,0.0,10.72,DEAD_RECKONING,1.96,210.12,-1185.1,7.73,543.18,False,False,False,false
1788952152161,-2.0471,6.5581,7.797,0.30572,0.22436,-0.62489,26.51,28.44,-32.08,0.0,0.0,0.0,0.0,0.0,10.72,DEAD_RECKONING,1.96,213.37,-1192.68,8.81,550.54,False,False,False,false
1788952152289,-2.0471,6.5581,7.797,0.30572,0.22436,-0.62489,26.51,28.44,-32.08,0.0,0.0,0.0,0.0,0.0,10.72,DEAD_RECKONING,1.96,216.84,-1201.18,10.13,557.69,False,False,False,false
1788952152407,-2.0471,6.5581,7.797,0.30572,0.22436,-0.62489,26.51,28.44,-32.08,0.0,0.0,0.0,0.0,0.0,10.72,DEAD_RECKONING,1.96,220.53,-1210.7,11.88,564.44,False,False,False,false
1788952152525,-2.0471,6.5581,7.797,0.30572,0.22436,-0.62489,26.51,28.44,-32.08,0.0,0.0,0.0,0.0,0.0,10.72,DEAD_RECKONING,1.96,224.45,-1221.19,13.99,570.85,False,False,False,false
1788952152649,-2.0471,6.5581,7.797,0.30572,0.22436,-0.62489,26.51,28.44,-32.08,0.0,0.0,0.0,0.0,0.0,10.72,DEAD_RECKONING,1.96,228.57,-1232.73,16.67,576.81,True,False,False,false
1788952152764,-2.0471,6.5581,7.797,0.30572,0.22436,-0.62489,26.51,28.44,-32.08,0.0,0.0,0.0,0.0,0.0,10.72,DEAD_RECKONING,1.96,232.9,-1245.09,19.69,582.08,True,False,False,false
1788952152881,-2.0471,6.5581,7.797,0.30572,0.22436,-0.62489,26.51,28.44,-32.08,0.0,0.0,0.0,0.0,0.0,10.72,DEAD_RECKONING,1.96,237.41,-1258.22,23.18,586.75,True,False,False,false
1788952153000,-2.0471,6.5581,7.797,0.30572,0.22436,-0.62489,26.51,28.44,-32.08,0.0,0.0,0.0,0.0,0.0,10.72,DEAD_RECKONING,1.96,242.08,-1272.05,27.33,590.69,True,False,False,false
1788952153115,-2.0471,6.5581,7.797,0.30572,0.22436,-0.62489,26.51,28.44,-32.08,0.0,0.0,0.0,0.0,0.0,10.72,DEAD_RECKONING,1.96,246.87,-1286.35,32.14,593.93,True,False,False,false
1788952153236,-2.0471,6.5581,7.797,0.30572,0.22436,-0.62489,26.51,28.44,-32.08,0.0,0.0,0.0,0.0,0.0,10.72,DEAD_RECKONING,1.96,251.73,-1300.92,37.75,596.3,True,False,False,false
1788952153353,-2.0471,6.5581,7.797,0.30572,0.22436,-0.62489,26.51,28.44,-32.08,0.0,0.0,0.0,0.0,0.0,10.72,DEAD_RECKONING,1.96,256.63,-1315.43,44.07,597.9,True,False,False,false
1788952153480,-2.0471,6.5581,7.797,0.30572,0.22436,-0.62489,26.51,28.44,-32.08,0.0,0.0,0.0,0.0,0.0,10.72,DEAD_RECKONING,1.96,261.41,-1329.73,51.52,598.49,False,False,False,false
1788952153605,-2.0471,6.5581,7.797,0.30572,0.22436,-0.62489,26.51,28.44,-32.08,0.0,0.0,0.0,0.0,0.0,10.72,DEAD_RECKONING,1.96,266.09,-1343.1,59.14,598.64,False,False,False,false
1788952153724,-2.0471,6.5581,7.797,0.30572,0.22436,-0.62489,26.51,28.44,-32.08,0.0,0.0,0.0,0.0,0.0,10.72,DEAD_RECKONING,1.96,270.63,-1355.54,67.99,597.25,False,False,False,false
1788952153842,-2.0471,6.5581,7.797,0.30572,0.22436,-0.62489,26.51,28.44,-32.08,0.0,0.0,0.0,0.0,0.0,10.72,DEAD_RECKONING,1.88,274.98,-1364.55,74.86,596.85,False,False,False,false
1788952153962,-2.0471,6.5581,7.797,0.30572,0.22436,-0.62489,26.51,28.44,-32.08,0.0,0.0,0.0,0.0,0.0,10.72,DEAD_RECKONING,1.88,279.13,-1371.6,83.5,594.16,False,False,False,false
1788952154079,-2.0471,6.5581,7.797,0.30572,0.22436,-0.62489,26.51,28.44,-32.08,0.0,0.0,0.0,0.0,0.0,10.72,DEAD_RECKONING,1.88,283.06,-1378.55,91.86,593.04,False,False,False,false
1788952154206,-2.0471,6.5581,7.797,0.30572,0.22436,-0.62489,26.51,28.44,-32.08,0.0,0.0,0.0,0.0,0.0,10.72,DEAD_RECKONING,1.88,286.77,-1383.42,99.43,590.33,False,False,False,false
1788952154325,-2.0471,6.5581,7.797,0.30572,0.22436,-0.62489,26.51,28.44,-32.08,0.0,0.0,0.0,0.0,0.0,10.72,DEAD_RECKONING,1.88,290.25,-1388.46,107.99,587.26,False,False,False,false
1788952154448,-2.0471,6.5581,7.797,0.30572,0.22436,-0.62489,26.51,28.44,-32.08,0.0,0.0,0.0,0.0,0.0,10.72,DEAD_RECKONING,1.88,293.51,-1392.19,114.99,584.48,False,False,False,false
1788952154567,-2.0471,6.5581,7.797,0.30572,0.22436,-0.62489,26.51,28.44,-32.08,0.0,0.0,0.0,0.0,0.0,10.72,DEAD_RECKONING,1.88,296.56,-1395.29,122.07,581.04,False,False,False,false
1788952154684,-2.0471,6.5581,7.797,0.30572,0.22436,-0.62489,26.51,28.44,-32.08,0.0,0.0,0.0,0.0,0.0,10.72,DEAD_RECKONING,1.88,299.42,-1397.61,128.31,577.79,False,False,False,false
1788952154806,-2.0471,6.5581,7.797,0.30572,0.22436,-0.62489,26.51,28.44,-32.08,0.0,0.0,0.0,0.0,0.0,10.72,DEAD_RECKONING,1.88,302.09,-1399.2,133.85,574.69,False,False,False,false
1788952154923,-2.0471,6.5581,7.797,0.30572,0.22436,-0.62489,26.51,28.44,-32.08,0.0,0.0,0.0,0.0,0.0,10.72,DEAD_RECKONING,1.88,304.59,-1400.13,138.61,571.93,False,False,False,false
1788952155044,-2.0471,6.5581,7.797,0.30572,0.22436,-0.62489,26.51,28.44,-32.08,0.0,0.0,0.0,0.0,0.0,10.72,DEAD_RECKONING,1.88,306.94,-1400.49,142.56,569.69,False,False,False,false
1788952155165,-2.0471,6.5581,7.797,0.30572,0.22436,-0.62489,26.51,28.44,-32.08,0.0,0.0,0.0,0.0,0.0,10.72,DEAD_RECKONING,1.88,309.15,-1400.39,145.75,568.05,False,False,False,false
1788952155282,-2.0471,6.5581,7.797,0.30572,0.22436,-0.62489,26.51,28.44,-32.08,0.0,0.0,0.0,0.0,0.0,10.72,DEAD_RECKONING,1.88,311.22,-1399.96,148.29,567.0,False,False,False,false
1788952155399,-2.0471,6.5581,7.797,0.30572,0.22436,-0.62489,26.51,28.44,-32.08,0.0,0.0,0.0,0.0,0.0,10.72,DEAD_RECKONING,1.88,313.18,-1399.29,150.32,566.47,False,False,False,false
1788952155519,-2.0471,6.5581,7.797,0.30572,0.22436,-0.62489,26.51,28.44,-32.08,0.0,0.0,0.0,0.0,0.0,10.72,DEAD_RECKONING,1.95,315.04,-1398.58,152.38,565.8,False,False,False,false
1788952155638,-2.0471,6.5581,7.797,0.30572,0.22436,-0.62489,26.51,28.44,-32.08,0.0,0.0,0.0,0.0,0.0,10.72,DEAD_RECKONING,1.72,316.8,-1397.35,152.55,567.82,False,False,False,false
1788952155757,-2.0471,6.5581,7.797,0.30572,0.22436,-0.62489,26.51,28.44,-32.08,0.0,0.0,0.0,0.0,0.0,10.72,DEAD_RECKONING,1.69,318.48,-1396.32,153.36,568.86,False,False,False,false
1788952155879,-2.0471,6.5581,7.797,0.30572,0.22436,-0.62489,26.51,28.44,-32.08,0.0,0.0,0.0,0.0,0.0,10.72,DEAD_RECKONING,1.69,320.08,-1395.35,154.54,569.35,False,False,False,false
1788952155993,-2.0471,6.5581,7.797,0.30572,0.22436,-0.62489,26.51,28.44,-32.08,0.0,0.0,0.0,0.0,0.0,10.72,DEAD_RECKONING,1.69,321.61,-1394.36,155.68,569.94,False,False,False,false
1788952156116,-2.0471,6.5581,7.797,0.30572,0.22436,-0.62489,26.51,28.44,-32.08,0.0,0.0,0.0,0.0,0.0,10.72,DEAD_RECKONING,1.69,323.08,-1393.35,156.77,570.67,False,False,False,false
1788952156234,-2.0471,6.5581,7.797,0.30572,0.22436,-0.62489,26.51,28.44,-32.08,0.0,0.0,0.0,0.0,0.0,10.72,DEAD_RECKONING,1.69,324.5,-1392.33,157.85,571.53,False,False,False,false
1788952156352,-2.0471,6.5581,7.797,0.30572,0.22436,-0.62489,26.51,28.44,-32.08,0.0,0.0,0.0,0.0,0.0,10.72,DEAD_RECKONING,1.69,325.88,-1391.3,158.95,572.51,False,False,False,false
1788952156471,-2.0471,6.5581,7.797,0.30572,0.22436,-0.62489,26.51,28.44,-32.08,0.0,0.0,0.0,0.0,0.0,10.72,DEAD_RECKONING,1.69,327.21,-1390.27,160.1,573.56,False,False,False,false
1788952156587,-2.0471,6.5581,7.797,0.30572,0.22436,-0.62489,26.51,28.44,-32.08,0.0,0.0,0.0,0.0,0.0,10.72,DEAD_RECKONING,1.69,328.52,-1389.25,161.31,574.65,False,False,False,false
1788952156708,-2.0471,6.5581,7.797,0.30572,0.22436,-0.62489,26.51,28.44,-32.08,0.0,0.0,0.0,0.0,0.0,10.72,DEAD_RECKONING,1.69,329.87,-1388.26,162.51,575.82,True,False,False,false
1788952156832,-2.0471,6.5581,7.797,0.30572,0.22436,-0.62489,26.51,28.44,-32.08,0.0,0.0,0.0,0.0,0.0,10.72,DEAD_RECKONING,1.69,331.2,-1387.28,163.83,576.92,True,False,False,false
1788952156961,-2.0471,6.5581,7.797,0.30572,0.22436,-0.62489,26.51,28.44,-32.08,0.0,0.0,0.0,0.0,0.0,10.72,DEAD_RECKONING,1.69,332.49,-1386.29,165.26,577.88,True,False,False,false
1788952157084,-2.0471,6.5581,7.797,0.30572,0.22436,-0.62489,26.51,28.44,-32.08,0.0,0.0,0.0,0.0,0.0,10.72,DEAD_RECKONING,1.69,333.75,-1385.29,166.8,578.69,True,False,False,false
1788952157206,-2.0471,6.5581,7.797,0.30572,0.22436,-0.62489,26.51,28.44,-32.08,0.0,0.0,0.0,0.0,0.0,10.72,DEAD_RECKONING,1.69,335.0,-1384.29,168.39,579.3,True,False,False,false
1788952157331,-2.0471,6.5581,7.797,0.30572,0.22436,-0.62489,26.51,28.44,-32.08,0.0,0.0,0.0,0.0,0.0,10.72,DEAD_RECKONING,1.69,336.23,-1383.28,169.94,579.69,True,False,False,false
1788952157450,-2.0471,6.5581,7.797,0.30572,0.22436,-0.62489,26.51,28.44,-32.08,0.0,0.0,0.0,0.0,0.0,10.72,DEAD_RECKONING,1.69,337.58,-1382.36,171.18,579.9,False,False,False,false
1788952157572,-2.0471,6.5581,7.797,0.30572,0.22436,-0.62489,26.51,28.44,-32.08,0.0,0.0,0.0,0.0,0.0,10.72,DEAD_RECKONING,1.69,339.02,-1381.51,171.98,579.84,False,False,False,false
1788952157691,-2.0471,6.5581,7.797,0.30572,0.22436,-0.62489,26.51,28.44,-32.08,0.0,0.0,0.0,0.0,0.0,10.72,DEAD_RECKONING,1.69,340.59,-1380.76,172.24,579.53,False,False,False,false
1788952157814,-2.0471,6.5581,7.797,0.30572,0.22436,-0.62489,26.51,28.44,-32.08,0.0,0.0,0.0,0.0,0.0,10.72,DEAD_RECKONING,1.69,342.39,-1380.11,171.9,578.93,False,False,False,false
1788952157932,-2.0471,6.5581,7.797,0.30572,0.22436,-0.62489,26.51,28.44,-32.08,0.0,0.0,0.0,0.0,0.0,10.72,DEAD_RECKONING,1.69,344.6,-1379.59,170.81,578.0,False,False,False,false
1788952158054,-2.0471,6.5581,7.797,0.30572,0.22436,-0.62489,26.51,28.44,-32.08,0.0,0.0,0.0,0.0,0.0,10.72,DEAD_RECKONING,1.69,347.65,-1379.26,168.64,576.58,False,False,False,false
1788952158175,-2.0471,6.5581,7.797,0.30572,0.22436,-0.62489,26.51,28.44,-32.08,0.0,0.0,0.0,0.0,0.0,10.72,DEAD_RECKONING,1.69,352.75,-1379.19,164.97,574.34,False,False,False,false
1788952158298,-2.0471,6.5581,7.797,0.30572,0.22436,-0.62489,26.51,28.44,-32.08,0.0,0.0,0.0,0.0,0.0,10.72,DEAD_RECKONING,1.69,5.51,-1379.41,159.5,570.94,False,False,False,false
1788952158423,-2.0471,6.5581,7.797,0.30572,0.22436,-0.62489,26.51,28.44,-32.08,0.0,0.0,0.0,0.0,0.0,10.72,DEAD_RECKONING,1.69,76.05,-1379.82,152.9,566.71,False,False,False,false
1788952158548,-2.0471,6.5581,7.797,0.30572,0.22436,-0.62489,26.51,28.44,-32.08,0.0,0.0,0.0,0.0,0.0,10.72,DEAD_RECKONING,1.77,139.8,-1380.12,146.65,563.07,False,False,False,false
1788952158671,-2.0471,6.5581,7.797,0.30572,0.22436,-0.62489,26.51,28.44,-32.08,0.0,0.0,0.0,0.0,0.0,10.72,DEAD_RECKONING,1.77,151.61,-1380.07,142.0,561.1,False,False,False,false
1788952158800,-2.0471,6.5581,7.797,0.30572,0.22436,-0.62489,26.51,28.44,-32.08,0.0,0.0,0.0,0.0,0.0,10.72,DEAD_RECKONING,1.77,156.51,-1380.07,136.94,560.85,False,False,False,false
1788952158923,-2.0471,6.5581,7.797,0.30572,0.22436,-0.62489,26.51,28.44,-32.08,0.0,0.0,0.0,0.0,0.0,10.72,DEAD_RECKONING,1.77,159.48,-1380.05,130.64,561.35,False,False,False,false
1788952159045,-2.0471,6.5581,7.797,0.30572,0.22436,-0.62489,26.51,28.44,-32.08,0.0,0.0,0.0,0.0,0.0,10.72,DEAD_RECKONING,1.77,161.66,-1380.04,123.3,562.28,False,False,False,false
1788952159168,-2.0471,6.5581,7.797,0.30572,0.22436,-0.62489,26.51,28.44,-32.08,0.0,0.0,0.0,0.0,0.0,10.72,DEAD_RECKONING,1.77,163.44,-1380.46,114.29,564.3,False,False,False,false
1788952159294,-2.0471,6.5581,7.797,0.30572,0.22436,-0.62489,26.51,28.44,-32.08,0.0,0.0,0.0,0.0,0.0,10.72,DEAD_RECKONING,1.77,165.0,-1381.14,103.32,566.08,False,False,False,false
1788952159412,-2.0471,6.5581,7.797,0.30572,0.22436,-0.62489,26.51,28.44,-32.08,0.0,0.0,0.0,0.0,0.0,10.72,DEAD_RECKONING,1.77,166.43,-1382.73,90.98,568.86,False,False,False,false
1788952159534,-2.0471,6.5581,7.797,0.30572,0.22436,-0.62489,26.51,28.44,-32.08,0.0,0.0,0.0,0.0,0.0,10.72,DEAD_RECKONING,1.77,167.78,-1384.55,77.03,571.34,False,False,False,false
1788952159659,-2.0471,6.5581,7.797,0.30572,0.22436,-0.62489,26.51,28.44,-32.08,0.0,0.0,0.0,0.0,0.0,10.72,DEAD_RECKONING,1.77,169.08,-1387.93,59.92,576.15,False,False,False,false
1788952159782,-2.0471,6.5581,7.797,0.30572,0.22436,-0.62489,26.51,28.44,-32.08,0.0,0.0,0.0,0.0,0.0,10.72,DEAD_RECKONING,1.77,170.35,-1390.52,42.39,576.64,False,False,False,false
1788952159909,-2.0471,6.5581,7.797,0.30572,0.22436,-0.62489,26.51,28.44,-32.08,0.0,0.0,0.0,0.0,0.0,10.72,DEAD_RECKONING,1.77,171.61,-1394.14,29.44,583.37,False,False,False,false
1788952160031,-2.0471,6.5581,7.797,0.30572,0.22436,-0.62489,26.51,28.44,-32.08,0.0,0.0,0.0,0.0,0.0,10.72,DEAD_RECKONING,1.77,172.87,-1396.58,17.49,589.49,False,False,False,false
1788952160158,-2.0471,6.5581,7.797,0.30572,0.22436,-0.62489,26.51,28.44,-32.08,0.0,0.0,0.0,0.0,0.0,10.72,DEAD_RECKONING,1.77,174.14,-1399.74,7.2,598.19,False,False,False,false
1788952160276,-2.0471,6.5581,7.797,0.30572,0.22436,-0.62489,26.51,28.44,-32.08,0.0,0.0,0.0,0.0,0.0,10.72,DEAD_RECKONING,1.77,175.41,-1402.95,-2.82,607.74,True,False,False,false
1788952160398,-2.0471,6.5581,7.797,0.30572,0.22436,-0.62489,26.51,28.44,-32.08,0.0,0.0,0.0,0.0,0.0,10.72,DEAD_RECKONING,1.77,176.73,-1406.21,-11.43,616.48,True,False,False,false
1788952160523,-2.0471,6.5581,7.797,0.30572,0.22436,-0.62489,26.51,28.44,-32.08,0.0,0.0,0.0,0.0,0.0,10.72,DEAD_RECKONING,1.77,178.08,-1409.78,-19.14,626.5,True,False,False,false
1788952160645,-2.0471,6.5581,7.797,0.30572,0.22436,-0.62489,26.51,28.44,-32.08,0.0,0.0,0.0,0.0,0.0,10.72,DEAD_RECKONING,1.77,179.47,-1413.3,-25.72,636.11,True,False,False,false
1788952160767,-2.0471,6.5581,7.797,0.30572,0.22436,-0.62489,26.51,28.44,-32.08,0.0,0.0,0.0,0.0,0.0,10.72,DEAD_RECKONING,1.77,180.91,-1416.82,-31.24,645.93,True,False,False,false
1788952160886,-2.0471,6.5581,7.797,0.30572,0.22436,-0.62489,26.51,28.44,-32.08,0.0,0.0,0.0,0.0,0.0,10.72,DEAD_RECKONING,1.77,182.38,-1420.31,-35.78,655.59,True,False,False,false
1788952161013,-2.0471,6.5581,7.797,0.30572,0.22436,-0.62489,26.51,28.44,-32.08,0.0,0.0,0.0,0.0,0.0,10.72,DEAD_RECKONING,1.77,183.92,-1423.84,-39.51,665.26,True,False,False,false
1788952161138,-2.0471,6.5581,7.797,0.30572,0.22436,-0.62489,26.51,28.44,-32.08,0.0,0.0,0.0,0.0,0.0,10.72,DEAD_RECKONING,1.77,185.51,-1427.47,-42.54,674.77,True,False,False,false
1788952161261,-2.0471,6.5581,7.797,0.30572,0.22436,-0.62489,26.51,28.44,-32.08,0.0,0.0,0.0,0.0,0.0,10.72,DEAD_RECKONING,1.77,187.17,-1431.25,-44.99,684.21,True,False,False,false
1788952161383,-2.0471,6.5581,7.797,0.30572,0.22436,-0.62489,26.51,28.44,-32.08,0.0,0.0,0.0,0.0,0.0,10.72,DEAD_RECKONING,1.77,188.92,-1435.23,-46.91,693.43,True,False,False,false
1788952161510,-2.0471,6.5581,7.797,0.30572,0.22436,-0.62489,26.51,28.44,-32.08,0.0,0.0,0.0,0.0,0.0,10.72,DEAD_RECKONING,1.8,190.75,-1439.6,-48.44,702.72,True,False,False,false
1788952161637,-2.0471,6.5581,7.797,0.30572,0.22436,-0.62489,26.51,28.44,-32.08,0.0,0.0,0.0,0.0,0.0,10.72,DEAD_RECKONING,2.03,192.68,-1445.16,-49.67,712.81,True,False,False,false
1788952161767,-2.0471,6.5581,7.797,0.30572,0.22436,-0.62489,26.51,28.44,-32.08,0.0,0.0,0.0,0.0,0.0,10.72,DEAD_RECKONING,1.96,194.74,-1449.85,-50.69,720.36,True,False,False,false
1788952161895,-2.0471,6.5581,7.797,0.30572,0.22436,-0.62489,26.51,28.44,-32.08,0.0,0.0,0.0,0.0,0.0,10.72,DEAD_RECKONING,1.96,196.91,-1455.6,-51.52,729.97,True,False,False,false
1788952162022,-2.0471,6.5581,7.797,0.30572,0.22436,-0.62489,26.51,28.44,-32.08,0.0,0.0,0.0,0.0,0.0,10.72,DEAD_RECKONING,1.96,199.24,-1461.24,-50.87,735.67,True,False,False,false
1788952162147,-2.0471,6.5581,7.797,0.30572,0.22436,-0.62489,26.51,28.44,-32.08,0.0,0.0,0.0,0.0,0.0,10.72,DEAD_RECKONING,1.96,201.75,-1468.01,-53.25,749.26,False,False,False,false
1788952162273,-2.0471,6.5581,7.797,0.30572,0.22436,-0.62489,26.51,28.44,-32.08,0.0,0.0,0.0,0.0,0.0,10.72,DEAD_RECKONING,1.96,204.42,-1471.51,-49.85,746.78,True,False,False,false
1788952162399,-2.0471,6.5581,7.797,0.30572,0.22436,-0.62489,26.51,28.44,-32.08,0.0,0.0,0.0,0.0,0.0,10.72,DEAD_RECKONING,1.96,207.27,-1475.19,-53.56,760.8,True,False,False,false
1788952162525,-2.0471,6.5581,7.797,0.30572,0.22436,-0.62489,26.51,28.44,-32.08,0.0,0.0,0.0,0.0,0.0,10.72,DEAD_RECKONING,1.96,210.34,-1480.39,-44.16,751.22,True,False,False,false
1788952162647,-2.0471,6.5581,7.797,0.30572,0.22436,-0.62489,26.51,28.44,-32.08,0.0,0.0,0.0,0.0,0.0,10.72,DEAD_RECKONING,1.96,213.62,-1485.09,-51.72,772.61,True,False,False,false
1788952162773,-2.0471,6.5581,7.797,0.30572,0.22436,-0.62489,26.51,28.44,-32.08,0.0,0.0,0.0,0.0,0.0,10.72,DEAD_RECKONING,1.96,217.12,-1487.44,-41.49,757.22,True,False,False,false
1788952162896,-2.0471,6.5581,7.797,0.30572,0.22436,-0.62489,26.51,28.44,-32.08,0.0,0.0,0.0,0.0,0.0,10.72,DEAD_RECKONING,1.96,220.86,-1495.61,-42.5,770.43,True,False,False,false
1788952163023,-2.0471,6.5581,7.797,0.30572,0.22436,-0.62489,26.51,28.44,-32.08,0.0,0.0,0.0,0.0,0.0,10.72,DEAD_RECKONING,1.96,224.82,-1497.44,-39.19,764.51,True,False,False,false
1788952163151,-2.0471,6.5581,7.797,0.30572,0.22436,-0.62489,26.51,28.44,-32.08,0.0,0.0,0.0,0.0,0.0,10.72,DEAD_RECKONING,1.96,229.02,-1510.29,-35.67,773.71,True,False,False,false
1788952163277,-2.0471,6.5581,7.797,0.30572,0.22436,-0.62489,26.51,28.44,-32.08,0.0,0.0,0.0,0.0,0.0,10.72,DEAD_RECKONING,1.96,233.42,-1517.3,-34.18,772.07,True,False,False,false
1788952163401,-2.0471,6.5581,7.797,0.30572,0.22436,-0.62489,26.51,28.44,-32.08,0.0,0.0,0.0,0.0,0.0,10.72,DEAD_RECKONING,1.96,238.01,-1531.51,-29.9,775.33,True,False,False,false
1788952163526,-2.0471,6.5581,7.797,0.30572,0.22436,-0.62489,26.51,28.44,-32.08,0.0,0.0,0.0,0.0,0.0,10.72,DEAD_RECKONING,1.96,242.74,-1547.19,-26.33,777.12,False,False,False,false
1788952163645,-2.0471,6.5581,7.797,0.30572,0.22436,-0.62489,26.51,28.44,-32.08,0.0,0.0,0.0,0.0,0.0,10.72,DEAD_RECKONING,1.96,247.57,-1568.57,-21.45,778.6,False,False,False,false
1788952163769,-2.0471,6.5581,7.797,0.30572,0.22436,-0.62489,26.51,28.44,-32.08,0.0,0.0,0.0,0.0,0.0,10.72,DEAD_RECKONING,1.96,252.45,-1596.67,-15.85,779.71,False,False,False,false
1788952163894,-2.0471,6.5581,7.797,0.30572,0.22436,-0.62489,26.51,28.44,-32.08,0.0,0.0,0.0,0.0,0.0,10.72,DEAD_RECKONING,1.96,257.32,-1610.68,-12.92,780.31,False,False,False,false
1788952164017,-2.0471,6.5581,7.797,0.30572,0.22436,-0.62489,26.51,28.44,-32.08,0.0,0.0,0.0,0.0,0.0,10.72,DEAD_RECKONING,1.96,262.12,-1615.29,-9.91,781.62,False,False,False,false
1788952164143,-2.0471,6.5581,7.797,0.30572,0.22436,-0.62489,26.51,28.44,-32.08,0.0,0.0,0.0,0.0,0.0,10.72,DEAD_RECKONING,1.96,266.81,-1620.94,-5.14,783.17,False,False,False,false
1788952164262,-2.0471,6.5581,7.797,0.30572,0.22436,-0.62489,26.51,28.44,-32.08,0.0,0.0,0.0,0.0,0.0,10.72,DEAD_RECKONING,1.96,271.34,-1625.52,-0.98,784.56,False,False,False,false
1788952164388,-2.0471,6.5581,7.797,0.30572,0.22436,-0.62489,26.51,28.44,-32.08,0.0,0.0,0.0,0.0,0.0,10.72,DEAD_RECKONING,1.88,275.68,-1629.75,3.28,785.55,False,False,False,false
1788952164513,-2.0471,6.5581,7.797,0.30572,0.22436,-0.62489,26.51,28.44,-32.08,0.0,0.0,0.0,0.0,0.0,10.72,DEAD_RECKONING,1.88,279.8,-1634.39,8.08,786.11,False,False,False,false
1788952164639,-2.0471,6.5581,7.797,0.30572,0.22436,-0.62489,26.51,28.44,-32.08,0.0,0.0,0.0,0.0,0.0,10.72,DEAD_RECKONING,1.88,283.7,-1638.73,12.63,786.27,False,False,False,false
1788952164766,-2.0471,6.5581,7.797,0.30572,0.22436,-0.62489,26.51,28.44,-32.08,0.0,0.0,0.0,0.0,0.0,10.72,DEAD_RECKONING,1.88,287.36,-1642.97,17.25,785.87,False,False,False,false
1788952164891,-2.0471,6.5581,7.797,0.30572,0.22436,-0.62489,26.51,28.44,-32.08,0.0,0.0,0.0,0.0,0.0,10.72,DEAD_RECKONING,1.88,290.8,-1647.06,21.84,784.95,False,False,False,false
1788952165015,-2.0471,6.5581,7.797,0.30572,0.22436,-0.62489,26.51,28.44,-32.08,0.0,0.0,0.0,0.0,0.0,10.72,DEAD_RECKONING,1.88,294.01,-1650.93,26.31,783.5,False,False,False,false
1788952165141,-2.0471,6.5581,7.797,0.30572,0.22436,-0.62489,26.51,28.44,-32.08,0.0,0.0,0.0,0.0,0.0,10.72,DEAD_RECKONING,1.88,297.01,-1654.56,30.67,781.55,False,False,False,false
1788952165268,-2.0471,6.5581,7.797,0.30572,0.22436,-0.62489,26.51,28.44,-32.08,0.0,0.0,0.0,0.0,0.0,10.72,DEAD_RECKONING,1.88,299.81,-1657.88,34.85,779.15,False,False,False,false
1788952165391,-2.0471,6.5581,7.797,0.30572,0.22436,-0.62489,26.51,28.44,-32.08,0.0,0.0,0.0,0.0,0.0,10.72,DEAD_RECKONING,1.88,302.43,-1660.86,38.79,776.38,False,False,False,false
1788952165512,-2.0471,6.5581,7.797,0.30572,0.22436,-0.62489,26.51,28.44,-32.08,0.0,0.0,0.0,0.0,0.0,10.72,DEAD_RECKONING,1.88,304.88,-1663.45,42.47,773.37,False,False,False,false
1788952165640,-2.0471,6.5581,7.797,0.30572,0.22436,-0.62489,26.51,28.44,-32.08,0.0,0.0,0.0,0.0,0.0,10.72,DEAD_RECKONING,1.88,307.18,-1665.6,45.85,770.26,False,False,False,false
1788952165766,-2.0471,6.5581,7.797,0.30572,0.22436,-0.62489,26.51,28.44,-32.08,0.0,0.0,0.0,0.0,0.0,10.72,DEAD_RECKONING,1.88,309.33,-1667.28,48.9,767.2,False,False,False,false
1788952165893,-2.0471,6.5581,7.797,0.30572,0.22436,-0.62489,26.51,28.44,-32.08,0.0,0.0,0.0,0.0,0.0,10.72,DEAD_RECKONING,1.88,311.36,-1668.49,51.62,764.38,False,False,False,false
1788952166013,-2.0471,6.5581,7.797,0.30572,0.22436,-0.62489,26.51,28.44,-32.08,0.0,0.0,0.0,0.0,0.0,10.72,DEAD_RECKONING,1.88,313.27,-1669.23,54.0,761.94,False,False,False,false
1788952166138,-2.0471,6.5581,7.797,0.30572,0.22436,-0.62489,26.51,28.44,-32.08,0.0,0.0,0.0,0.0,0.0,10.72,DEAD_RECKONING,1.95,315.08,-1669.71,56.28,759.57,False,False,False,false
1788952166261,-2.0471,6.5581,7.797,0.30572,0.22436,-0.62489,26.51,28.44,-32.08,0.0,0.0,0.0,0.0,0.0,10.72,DEAD_RECKONING,1.72,316.79,-1669.14,57.22,759.8,False,False,False,false
1788952166384,-2.0471,6.5581,7.797,0.30572,0.22436,-0.62489,26.51,28.44,-32.08,0.0,0.0,0.0,0.0,0.0,10.72,DEAD_RECKONING,1.69,318.42,-1668.62,58.41,759.65,False,False,False,false
1788952166511,-2.0471,6.5581,7.797,0.30572,0.22436,-0.62489,26.51,28.44,-32.08,0.0,0.0,0.0,0.0,0.0,10.72,DEAD_RECKONING,1.69,319.97,-1668.05,59.55,759.57,False,False,False,false
1788952166637,-2.0471,6.5581,7.797,0.30572,0.22436,-0.62489,26.51,28.44,-32.08,0.0,0.0,0.0,0.0,0.0,10.72,DEAD_RECKONING,1.69,321.45,-1667.41,60.56,759.72,False,False,False,false
1788952166760,-2.0471,6.5581,7.797,0.30572,0.22436,-0.62489,26.51,28.44,-32.08,0.0,0.0,0.0,0.0,0.0,10.72,DEAD_RECKONING,1.69,322.87,-1666.73,61.44,760.11,False,False,False,false
1788952166888,-2.0471,6.5581,7.797,0.30572,0.22436,-0.62489,26.51,28.44,-32.08,0.0,0.0,0.0,0.0,0.0,10.72,DEAD_RECKONING,1.69,324.24,-1666.02,62.24,760.73,False,False,False,false
1788952167011,-2.0471,6.5581,7.797,0.30572,0.22436,-0.62489,26.51,28.44,-32.08,0.0,0.0,0.0,0.0,0.0,10.72,DEAD_RECKONING,1.69,325.56,-1665.31,62.99,761.52,False,False,False,false
1788952167142,-2.0471,6.5581,7.797,0.30572,0.22436,-0.62489,26.51,28.44,-32.08,0.0,0.0,0.0,0.0,0.0,10.72,DEAD_RECKONING,1.69,326.96,-1664.66,63.61,762.51,True,False,False,false
1788952167261,-2.0471,6.5581,7.797,0.30572,0.22436,-0.62489,26.51,28.44,-32.08,0.0,0.0,0.0,0.0,0.0,10.72,DEAD_RECKONING,1.69,328.3,-1664.03,64.29,763.56,True,False,False,false
1788952167389,-2.0471,6.5581,7.797,0.30572,0.22436,-0.62489,26.51,28.44,-32.08,0.0,0.0,0.0,0.0,0.0,10.72,DEAD_RECKONING,1.69,329.58,-1663.39,65.1,764.59,True,False,False,false
1788952167514,-2.0471,6.5581,7.797,0.30572,0.22436,-0.62489,26.51,28.44,-32.08,0.0,0.0,0.0,0.0,0.0,10.72,DEAD_RECKONING,1.69,330.8,-1662.74,66.07,765.6,True,False,False,false
1788952167639,-2.0471,6.5581,7.797,0.30572,0.22436,-0.62489,26.51,28.44,-32.08,0.0,0.0,0.0,0.0,0.0,10.72,DEAD_RECKONING,1.69,331.98,-1662.05,67.25,766.62,True,False,False,false
1788952167765,-2.0471,6.5581,7.797,0.30572,0.22436,-0.62489,26.51,28.44,-32.08,0.0,0.0,0.0,0.0,0.0,10.72,DEAD_RECKONING,1.69,333.11,-1661.31,68.7,767.63,True,False,False,false
1788952167887,-2.0471,6.5581,7.797,0.30572,0.22436,-0.62489,26.51,28.44,-32.08,0.0,0.0,0.0,0.0,0.0,10.72,DEAD_RECKONING,1.69,334.18,-1660.5,70.48,768.57,True,False,False,false
1788952168015,-2.0471,6.5581,7.797,0.30572,0.22436,-0.62489,26.51,28.44,-32.08,0.0,0.0,0.0,0.0,0.0,10.72,DEAD_RECKONING,1.69,335.38,-1659.68,72.46,769.39,False,False,False,false
1788952168137,-2.0471,6.5581,7.797,0.30572,0.22436,-0.62489,26.51,28.44,-32.08,0.0,0.0,0.0,0.0,0.0,10.72,DEAD_RECKONING,1.69,336.61,-1658.88,74.47,770.0,False,False,False,false
1788952168262,-2.0471,6.5581,7.797,0.30572,0.22436,-0.62489,26.51,28.44,-32.08,0.0,0.0,0.0,0.0,0.0,10.72,DEAD_RECKONING,1.69,337.89,-1658.14,76.29,770.43,False,False,False,false
1788952168384,-2.0471,6.5581,7.797,0.30572,0.22436,-0.62489,26.51,28.44,-32.08,0.0,0.0,0.0,0.0,0.0,10.72,DEAD_RECKONING,1.69,339.27,-1657.47,77.92,770.79,False,False,False,false
1788952168507,-2.0471,6.5581,7.797,0.30572,0.22436,-0.62489,26.51,28.44,-32.08,0.0,0.0,0.0,0.0,0.0,10.72,DEAD_RECKONING,1.69,340.82,-1656.85,79.41,771.1,False,False,False,false
1788952168629,-2.0471,6.5581,7.797,0.30572,0.22436,-0.62489,26.51,28.44,-32.08,0.0,0.0,0.0,0.0,0.0,10.72,DEAD_RECKONING,1.69,342.68,-1656.3,80.76,771.35,False,False,False,false
1788952168748,-2.0471,6.5581,7.797,0.30572,0.22436,-0.62489,26.51,28.44,-32.08,0.0,0.0,0.0,0.0,0.0,10.72,DEAD_RECKONING,1.69,345.19,-1655.84,81.86,771.56,False,False,False,false
1788952168876,-2.0471,6.5581,7.797,0.30572,0.22436,-0.62489,26.51,28.44,-32.08,0.0,0.0,0.0,0.0,0.0,10.72,DEAD_RECKONING,1.69,349.45,-1655.5,82.62,771.69,False,False,False,false
1788952168998,-2.0471,6.5581,7.797,0.30572,0.22436,-0.62489,26.51,28.44,-32.08,0.0,0.0,0.0,0.0,0.0,10.72,DEAD_RECKONING,1.69,1.68,-1655.32,82.87,771.74,False,False,False,false
1788952169123,-2.0471,6.5581,7.797,0.30572,0.22436,-0.62489,26.51,28.44,-32.08,0.0,0.0,0.0,0.0,0.0,10.72,DEAD_RECKONING,1.69,109.36,-1655.37,82.37,771.64,False,False,False,false
1788952169244,-2.0471,6.5581,7.797,0.30572,0.22436,-0.62489,26.51,28.44,-32.08,0.0,0.0,0.0,0.0,0.0,10.72,DEAD_RECKONING,1.77,149.37,-1655.77,80.63,771.26,False,False,False,false
1788952169362,-2.0471,6.5581,7.797,0.30572,0.22436,-0.62489,26.51,28.44,-32.08,0.0,0.0,0.0,0.0,0.0,10.72,DEAD_RECKONING,1.77,156.24,-1656.65,77.03,770.27,False,False,False,false
1788952169488,-2.0471,6.5581,7.797,0.30572,0.22436,-0.62489,26.51,28.44,-32.08,0.0,0.0,0.0,0.0,0.0,10.72,DEAD_RECKONING,1.77,159.47,-1658.34,70.16,768.05,False,False,False,false
1788952169613,-2.0471,6.5581,7.797,0.30572,0.22436,-0.62489,26.51,28.44,-32.08,0.0,0.0,0.0,0.0,0.0,10.72,DEAD_RECKONING,1.77,161.62,-1661.24,57.24,762.67,False,False,False,false
1788952169731,-2.0471,6.5581,7.797,0.30572,0.22436,-0.62489,26.51,28.44,-32.08,0.0,0.0,0.0,0.0,0.0,10.72,DEAD_RECKONING,1.77,163.31,-1665.6,35.8,751.52,False,False,False,false
1788952169855,-2.0471,6.5581,7.797,0.30572,0.22436,-0.62489,26.51,28.44,-32.08,0.0,0.0,0.0,0.0,0.0,10.72,DEAD_RECKONING,1.77,164.77,-1664.68,37.84,751.19,False,False,False,false
1788952169976,-2.0471,6.5581,7.797,0.30572,0.22436,-0.62489,26.51,28.44,-32.08,0.0,0.0,0.0,0.0,0.0,10.72,DEAD_RECKONING,1.77,166.1,-1665.23,36.11,751.85,False,False,False,false
1788952170096,-2.0471,6.5581,7.797,0.30572,0.22436,-0.62489,26.51,28.44,-32.08,0.0,0.0,0.0,0.0,0.0,10.72,DEAD_RECKONING,1.77,167.36,-1666.5,32.48,753.99,False,False,False,false
1788952170216,-2.0471,6.5581,7.797,0.30572,0.22436,-0.62489,26.51,28.44,-32.08,0.0,0.0,0.0,0.0,0.0,10.72,DEAD_RECKONING,1.77,168.57,-1668.24,26.32,756.37,False,False,False,false
1788952170336,-2.0471,6.5581,7.797,0.30572,0.22436,-0.62489,26.51,28.44,-32.08,0.0,0.0,0.0,0.0,0.0,10.72,DEAD_RECKONING,1.77,169.76,-1671.48,15.2,759.39,False,False,False,false
1788952170463,-2.0471,6.5581,7.797,0.30572,0.22436,-0.62489,26.51,28.44,-32.08,0.0,0.0,0.0,0.0,0.0,10.72,DEAD_RECKONING,1.77,170.94,-1675.47,-2.23,760.32,False,False,False,false
1788952170590,-2.0471,6.5581,7.797,0.30572,0.22436,-0.62489,26.51,28.44,-32.08,0.0,0.0,0.0,0.0,0.0,10.72,DEAD_RECKONING,1.77,172.12,-1676.92,-8.66,760.07,False,False,False,false
1788952170718,-2.0471,6.5581,7.797,0.30572,0.22436,-0.62489,26.51,28.44,-32.08,0.0,0.0,0.0,0.0,0.0,10.72,DEAD_RECKONING,1.77,173.32,-1678.84,-12.41,762.86,False,False,False,false
1788952170845,-2.0471,6.5581,7.797,0.30572,0.22436,-0.62489,26.51,28.44,-32.08,0.0,0.0,0.0,0.0,0.0,10.72,DEAD_RECKONING,1.77,174.53,-1683.54,-19.33,770.98,False,False,False,false
1788952170967,-2.0471,6.5581,7.797,0.30572,0.22436,-0.62489,26.51,28.44,-32.08,0.0,0.0,0.0,0.0,0.0,10.72,DEAD_RECKONING,1.77,175.77,-1688.53,-30.09,776.87,False,False,False,false
1788952171087,-2.0471,6.5581,7.797,0.30572,0.22436,-0.62489,26.51,28.44,-32.08,0.0,0.0,0.0,0.0,0.0,10.72,DEAD_RECKONING,1.77,177.03,-1695.41,-41.56,782.79,False,False,False,false
1788952171214,-2.0471,6.5581,7.797,0.30572,0.22436,-0.62489,26.51,28.44,-32.08,0.0,0.0,0.0,0.0,0.0,10.72,DEAD_RECKONING,1.77,178.34,-1699.66,-49.92,787.21,False,False,False,false
1788952171341,-2.0471,6.5581,7.797,0.30572,0.22436,-0.62489,26.51,28.44,-32.08,0.0,0.0,0.0,0.0,0.0,10.72,DEAD_RECKONING,1.77,179.69,-1705.02,-54.99,793.67,False,False,False,false
1788952171467,-2.0471,6.5581,7.797,0.30572,0.22436,-0.62489,26.51,28.44,-32.08,0.0,0.0,0.0,0.0,0.0,10.72,DEAD_RECKONING,1.77,181.09,-1711.35,-60.46,803.09,False,False,False,false
1788952171594,-2.0471,6.5581,7.797,0.30572,0.22436,-0.62489,26.51,28.44,-32.08,0.0,0.0,0.0,0.0,0.0,10.72,DEAD_RECKONING,1.77,182.54,-1719.37,-66.85,810.0,False,False,False,false
1788952171719,-2.0471,6.5581,7.797,0.30572,0.22436,-0.62489,26.51,28.44,-32.08,0.0,0.0,0.0,0.0,0.0,10.72,DEAD_RECKONING,1.77,184.06,-1725.02,-71.82,818.3,False,False,False,false
1788952171849,-2.0471,6.5581,7.797,0.30572,0.22436,-0.62489,26.51,28.44,-32.08,0.0,0.0,0.0,0.0,0.0,10.72,DEAD_RECKONING,1.77,185.65,-1736.74,-75.83,824.82,False,False,False,false
1788952171976,-2.0471,6.5581,7.797,0.30572,0.22436,-0.62489,26.51,28.44,-32.08,0.0,0.0,0.0,0.0,0.0,10.72,DEAD_RECKONING,1.77,187.31,-1736.91,-78.89,836.16,True,False,False,false
1788952172101,-2.0471,6.5581,7.797,0.30572,0.22436,-0.62489,26.51,28.44,-32.08,0.0,0.0,0.0,0.0,0.0,10.72,DEAD_RECKONING,1.77,189.07,-1751.86,-80.96,835.4,False,False,False,false
1788952172225,-2.0471,6.5581,7.797,0.30572,0.22436,-0.62489,26.51,28.44,-32.08,0.0,0.0,0.0,0.0,0.0,10.72,DEAD_RECKONING,1.8,190.94,-1757.35,-80.65,853.5,True,False,False,false
1788952172352,-2.0471,6.5581,7.797,0.30572,0.22436,-0.62489,26.51,28.44,-32.08,0.0,0.0,0.0,0.0,0.0,10.72,DEAD_RECKONING,1.96,192.88,-1764.9,-83.83,852.97,True,False,False,false
1788952172474,-2.0471,6.5581,7.797,0.30572,0.22436,-0.62489,26.51,28.44,-32.08,0.0,0.0,0.0,0.0,0.0,10.72,DEAD_RECKONING,1.96,194.99,-1778.01,-82.23,865.34,True,False,False,false
1788952172601,-2.0471,6.5581,7.797,0.30572,0.22436,-0.62489,26.51,28.44,-32.08,0.0,0.0,0.0,0.0,0.0,10.72,DEAD_RECKONING,1.96,197.22,-1784.38,-84.98,865.87,True,False,False,false
1788952172727,-2.0471,6.5581,7.797,0.30572,0.22436,-0.62489,26.51,28.44,-32.08,0.0,0.0,0.0,0.0,0.0,10.72,DEAD_RECKONING,1.96,199.59,-1799.42,-82.63,876.84,False,False,False,false
1788952172846,-2.0471,6.5581,7.797,0.30572,0.22436,-0.62489,26.51,28.44,-32.08,0.0,0.0,0.0,0.0,0.0,10.72,DEAD_RECKONING,1.96,202.12,-1807.99,-85.24,876.75,False,False,False,false
1788952172973,-2.0471,6.5581,7.797,0.30572,0.22436,-0.62489,26.51,28.44,-32.08,0.0,0.0,0.0,0.0,0.0,10.72,DEAD_RECKONING,1.96,204.82,-1818.83,-83.19,883.51,False,False,False,false
1788952173091,-2.0471,6.5581,7.797,0.30572,0.22436,-0.62489,26.51,28.44,-32.08,0.0,0.0,0.0,0.0,0.0,10.72,DEAD_RECKONING,1.96,207.71,-1825.45,-82.57,886.72,False,False,False,false
1788952173215,-2.0471,6.5581,7.797,0.30572,0.22436,-0.62489,26.51,28.44,-32.08,0.0,0.0,0.0,0.0,0.0,10.72,DEAD_RECKONING,1.96,210.81,-1831.06,-81.07,890.68,False,False,False,false
1788952173339,-2.0471,6.5581,7.797,0.30572,0.22436,-0.62489,26.51,28.44,-32.08,0.0,0.0,0.0,0.0,0.0,10.72,DEAD_RECKONING,1.96,214.11,-1836.25,-79.32,894.8,False,False,False,false
1788952173466,-2.0471,6.5581,7.797,0.30572,0.22436,-0.62489,26.51,28.44,-32.08,0.0,0.0,0.0,0.0,0.0,10.72,DEAD_RECKONING,1.96,217.65,-1840.98,-77.55,898.57,False,False,False,false
1788952173592,-2.0471,6.5581,7.797,0.30572,0.22436,-0.62489,26.51,28.44,-32.08,0.0,0.0,0.0,0.0,0.0,10.72,DEAD_RECKONING,1.96,221.41,-1845.76,-75.67,902.23,False,False,False,false
1788952173715,-2.0471,6.5581,7.797,0.30572,0.22436,-0.62489,26.51,28.44,-32.08,0.0,0.0,0.0,0.0,0.0,10.72,DEAD_RECKONING,1.96,225.4,-1850.59,-73.8,905.48,False,False,False,false
1788952173838,-2.0471,6.5581,7.797,0.30572,0.22436,-0.62489,26.51,28.44,-32.08,0.0,0.0,0.0,0.0,0.0,10.72,DEAD_RECKONING,1.96,229.62,-1855.59,-71.99,908.26,False,False,False,false
1788952173967,-2.0471,6.5581,7.797,0.30572,0.22436,-0.62489,26.51,28.44,-32.08,0.0,0.0,0.0,0.0,0.0,10.72,DEAD_RECKONING,1.96,234.03,-1860.78,-70.28,910.45,False,False,False,false
1788952174094,-2.0471,6.5581,7.797,0.30572,0.22436,-0.62489,26.51,28.44,-32.08,0.0,0.0,0.0,0.0,0.0,10.72,DEAD_RECKONING,1.96,238.63,-1866.21,-68.68,912.02,False,False,False,false
1788952174219,-2.0471,6.5581,7.797,0.30572,0.22436,-0.62489,26.51,28.44,-32.08,0.0,0.0,0.0,0.0,0.0,10.72,DEAD_RECKONING,1.96,243.36,-1871.86,-67.22,912.92,False,False,False,false
1788952174346,-2.0471,6.5581,7.797,0.30572,0.22436,-0.62489,26.51,28.44,-32.08,0.0,0.0,0.0,0.0,0.0,10.72,DEAD_RECKONING,1.96,248.19,-1877.75,-65.88,913.16,False,False,False,false
1788952174470,-2.0471,6.5581,7.797,0.30572,0.22436,-0.62489,26.51,28.44,-32.08,0.0,0.0,0.0,0.0,0.0,10.72,DEAD_RECKONING,1.96,253.06,-1883.86,-64.66,912.72,False,False,False,false
1788952174589,-2.0471,6.5581,7.797,0.30572,0.22436,-0.62489,26.51,28.44,-32.08,0.0,0.0,0.0,0.0,0.0,10.72,DEAD_RECKONING,1.96,258.03,-1890.1,-63.66,911.5,True,False,False,false
1788952174711,-2.0471,6.5581,7.797,0.30572,0.22436,-0.62489,26.51,28.44,-32.08,0.0,0.0,0.0,0.0,0.0,10.72,DEAD_RECKONING,1.96,262.92,-1896.74,-62.62,909.71,True,False,False,false
1788952174832,-2.0471,6.5581,7.797,0.30572,0.22436,-0.62489,26.51,28.44,-32.08,0.0,0.0,0.0,0.0,0.0,10.72,DEAD_RECKONING,1.96,267.7,-1903.29,-61.86,907.14,True,False,False,false
1788952174958,-2.0471,6.5581,7.797,0.30572,0.22436,-0.62489,26.51,28.44,-32.08,0.0,0.0,0.0,0.0,0.0,10.72,DEAD_RECKONING,1.96,272.19,-1909.98,-60.85,904.35,False,False,False,false
1788952175085,-2.0471,6.5581,7.797,0.30572,0.22436,-0.62489,26.51,28.44,-32.08,0.0,0.0,0.0,0.0,0.0,10.72,DEAD_RECKONING,1.88,276.5,-1915.89,-60.23,901.11,False,False,False,false
1788952175208,-2.0471,6.5581,7.797,0.30572,0.22436,-0.62489,26.51,28.44,-32.08,0.0,0.0,0.0,0.0,0.0,10.72,DEAD_RECKONING,1.88,280.6,-1922.18,-59.12,897.74,False,False,False,false
1788952175335,-2.0471,6.5581,7.797,0.30572,0.22436,-0.62489,26.51,28.44,-32.08,0.0,0.0,0.0,0.0,0.0,10.72,DEAD_RECKONING,1.88,284.47,-1928.23,-58.51,893.39,False,False,False,false
1788952175464,-2.0471,6.5581,7.797,0.30572,0.22436,-0.62489,26.51,28.44,-32.08,0.0,0.0,0.0,0.0,0.0,10.72,DEAD_RECKONING,1.88,288.11,-1934.08,-57.66,889.08,False,False,False,false
1788952175590,-2.0471,6.5581,7.797,0.30572,0.22436,-0.62489,26.51,28.44,-32.08,0.0,0.0,0.0,0.0,0.0,10.72,DEAD_RECKONING,1.88,291.52,-1939.73,-56.84,884.37,False,False,False,false
1788952175716,-2.0471,6.5581,7.797,0.30572,0.22436,-0.62489,26.51,28.44,-32.08,0.0,0.0,0.0,0.0,0.0,10.72,DEAD_RECKONING,1.88,294.72,-1944.77,-56.08,879.74,False,False,False,false
1788952175839,-2.0471,6.5581,7.797,0.30572,0.22436,-0.62489,26.51,28.44,-32.08,0.0,0.0,0.0,0.0,0.0,10.72,DEAD_RECKONING,1.88,297.71,-1949.47,-55.05,875.33,False,False,False,false
1788952175967,-2.0471,6.5581,7.797,0.30572,0.22436,-0.62489,26.51,28.44,-32.08,0.0,0.0,0.0,0.0,0.0,10.72,DEAD_RECKONING,1.88,300.51,-1953.47,-54.12,871.16,False,False,False,false
1788952176098,-2.0471,6.5581,7.797,0.30572,0.22436,-0.62489,26.51,28.44,-32.08,0.0,0.0,0.0,0.0,0.0,10.72,DEAD_RECKONING,1.88,303.12,-1956.85,-52.94,867.6,False,False,False,false
1788952176224,-2.0471,6.5581,7.797,0.30572,0.22436,-0.62489,26.51,28.44,-32.08,0.0,0.0,0.0,0.0,0.0,10.72,DEAD_RECKONING,1.88,305.57,-1959.45,-51.78,864.65,False,False,False,false
1788952176351,-2.0471,6.5581,7.797,0.30572,0.22436,-0.62489,26.51,28.44,-32.08,0.0,0.0,0.0,0.0,0.0,10.72,DEAD_RECKONING,1.88,307.87,-1961.28,-50.56,862.48,False,False,False,false
1788952176478,-2.0471,6.5581,7.797,0.30572,0.22436,-0.62489,26.51,28.44,-32.08,0.0,0.0,0.0,0.0,0.0,10.72,DEAD_RECKONING,1.88,310.03,-1962.27,-49.46,861.1,False,False,False,false
1788952176613,-2.0471,6.5581,7.797,0.30572,0.22436,-0.62489,26.51,28.44,-32.08,0.0,0.0,0.0,0.0,0.0,10.72,DEAD_RECKONING,1.88,312.06,-1962.5,-48.6,860.42,False,False,False,false
1788952176733,-2.0471,6.5581,7.797,0.30572,0.22436,-0.62489,26.51,28.44,-32.08,0.0,0.0,0.0,0.0,0.0,10.72,DEAD_RECKONING,1.88,313.98,-1962.17,-48.07,860.2,False,False,False,false
1788952176855,-2.0471,6.5581,7.797,0.30572,0.22436,-0.62489,26.51,28.44,-32.08,0.0,0.0,0.0,0.0,0.0,10.72,DEAD_RECKONING,1.95,315.8,-1961.79,-47.62,860.0,False,False,False,false
1788952176984,-2.0471,6.5581,7.797,0.30572,0.22436,-0.62489,26.51,28.44,-32.08,0.0,0.0,0.0,0.0,0.0,10.72,DEAD_RECKONING,1.69,317.52,-1960.13,-48.6,860.76,False,False,False,false
1788952177109,-2.0471,6.5581,7.797,0.30572,0.22436,-0.62489,26.51,28.44,-32.08,0.0,0.0,0.0,0.0,0.0,10.72,DEAD_RECKONING,1.69,319.16,-1959.23,-49.31,860.83,False,False,False,false
1788952177232,-2.0471,6.5581,7.797,0.30572,0.22436,-0.62489,26.51,28.44,-32.08,0.0,0.0,0.0,0.0,0.0,10.72,DEAD_RECKONING,1.69,320.73,-1958.67,-49.53,860.81,False,False,False,false
1788952177358,-2.0471,6.5581,7.797,0.30572,0.22436,-0.62489,26.51,28.44,-32.08,0.0,0.0,0.0,0.0,0.0,10.72,DEAD_RECKONING,1.69,322.23,-1958.0,-49.73,861.04,False,False,False,false
1788952177485,-2.0471,6.5581,7.797,0.30572,0.22436,-0.62489,26.51,28.44,-32.08,0.0,0.0,0.0,0.0,0.0,10.72,DEAD_RECKONING,1.69,323.67,-1957.13,-49.91,861.7,False,False,False,false
1788952177607,-2.0471,6.5581,7.797,0.30572,0.22436,-0.62489,26.51,28.44,-32.08,0.0,0.0,0.0,0.0,0.0,10.72,DEAD_RECKONING,1.69,325.17,-1956.07,-50.09,862.83,True,False,False,false
1788952177733,-2.0471,6.5581,7.797,0.30572,0.22436,-0.62489,26.51,28.44,-32.08,0.0,0.0,0.0,0.0,0.0,10.72,DEAD_RECKONING,1.69,326.59,-1954.93,-50.15,864.29,True,False,False,false
1788952177856,-2.0471,6.5581,7.797,0.30572,0.22436,-0.62489,26.51,28.44,-32.08,0.0,0.0,0.0,0.0,0.0,10.72,DEAD_RECKONING,1.69,327.95,-1953.73,-49.96,866.03,True,False,False,false
1788952177983,-2.0471,6.5581,7.797,0.30572,0.22436,-0.62489,26.51,28.44,-32.08,0.0,0.0,0.0,0.0,0.0,10.72,DEAD_RECKONING,1.69,329.26,-1952.36,-49.33,868.18,True,False,False,false
1788952178110,-2.0471,6.5581,7.797,0.30572,0.22436,-0.62489,26.51,28.44,-32.08,0.0,0.0,0.0,0.0,0.0,10.72,DEAD_RECKONING,1.69,330.52,-1950.61,-48.0,871.02,True,False,False,false
1788952178237,-2.0471,6.5581,7.797,0.30572,0.22436,-0.62489,26.51,28.44,-32.08,0.0,0.0,0.0,0.0,0.0,10.72,DEAD_RECKONING,1.69,331.73,-1948.15,-45.44,874.86,True,False,False,false
1788952178363,-2.0471,6.5581,7.797,0.30572,0.22436,-0.62489,26.51,28.44,-32.08,0.0,0.0,0.0,0.0,0.0,10.72,DEAD_RECKONING,1.69,332.89,-1944.89,-41.27,879.41,True,False,False,false
1788952178489,-2.0471,6.5581,7.797,0.30572,0.22436,-0.62489,26.51,28.44,-32.08,0.0,0.0,0.0,0.0,0.0,10.72,DEAD_RECKONING,1.69,334.14,-1942.41,-37.34,882.26,False,False,False,false
1788952178614,-2.0471,6.5581,7.797,0.30572,0.22436,-0.62489,26.51,28.44,-32.08,0.0,0.0,0.0,0.0,0.0,10.72,DEAD_RECKONING,1.69,335.39,-1941.28,-35.04,883.26,False,False,False,false
1788952178737,-2.0471,6.5581,7.797,0.30572,0.22436,-0.62489,26.51,28.44,-32.08,0.0,0.0,0.0,0.0,0.0,10.72,DEAD_RECKONING,1.69,336.68,-1940.54,-33.29,883.87,False,False,False,false
1788952178859,-2.0471,6.5581,7.797,0.30572,0.22436,-0.62489,26.51,28.44,-32.08,0.0,0.0,0.0,0.0,0.0,10.72,DEAD_RECKONING,1.69,338.03,-1939.84,-31.6,884.43,False,False,False,false
1788952178984,-2.0471,6.5581,7.797,0.30572,0.22436,-0.62489,26.51,28.44,-32.08,0.0,0.0,0.0,0.0,0.0,10.72,DEAD_RECKONING,1.69,339.46,-1939.15,-29.83,884.94,False,False,False,false
1788952179111,-2.0471,6.5581,7.797,0.30572,0.22436,-0.62489,26.51,28.44,-32.08,0.0,0.0,0.0,0.0,0.0,10.72,DEAD_RECKONING,1.69,341.03,-1938.45,-27.99,885.39,False,False,False,false
1788952179237,-2.0471,6.5581,7.797,0.30572,0.22436,-0.62489,26.51,28.44,-32.08,0.0,0.0,0.0,0.0,0.0,10.72,DEAD_RECKONING,1.69,342.86,-1937.76,-26.07,885.78,False,False,False,false
1788952179363,-2.0471,6.5581,7.797,0.30572,0.22436,-0.62489,26.51,28.44,-32.08,0.0,0.0,0.0,0.0,0.0,10.72,DEAD_RECKONING,1.69,345.14,-1937.09,-24.09,886.08,False,False,False,false
1788952179488,-2.0471,6.5581,7.797,0.30572,0.22436,-0.62489,26.51,28.44,-32.08,0.0,0.0,0.0,0.0,0.0,10.72,DEAD_RECKONING,1.69,348.41,-1936.45,-22.06,886.29,False,False,False,false
1788952179618,-2.0471,6.5581,7.797,0.30572,0.22436,-0.62489,26.51,28.44,-32.08,0.0,0.0,0.0,0.0,0.0,10.72,DEAD_RECKONING,1.69,354.33,-1935.85,-20.01,886.39,False,False,False,false
1788952179742,-2.0471,6.5581,7.797,0.30572,0.22436,-0.62489,26.51,28.44,-32.08,0.0,0.0,0.0,0.0,0.0,10.72,DEAD_RECKONING,1.69,12.5,-1935.32,-17.95,886.38,False,False,False,false
1788952179868,-2.0471,6.5581,7.797,0.30572,0.22436,-0.62489,26.51,28.44,-32.08,0.0,0.0,0.0,0.0,0.0,10.72,DEAD_RECKONING,1.69,110.26,-1934.89,-15.92,886.22,False,False,False,false
1788952179991,-2.0471,6.5581,7.797,0.30572,0.22436,-0.62489,26.51,28.44,-32.08,0.0,0.0,0.0,0.0,0.0,10.72,DEAD_RECKONING,1.77,146.17,-1934.62,-14.0,885.89,False,False,False,false
1788952180117,-2.0471,6.5581,7.797,0.30572,0.22436,-0.62489,26.51,28.44,-32.08,0.0,0.0,0.0,0.0,0.0,10.72,DEAD_RECKONING,1.77,154.35,-1934.53,-12.23,885.34,False,False,False,false
1788952180241,-2.0471,6.5581,7.797,0.30572,0.22436,-0.62489,26.51,28.44,-32.08,0.0,0.0,0.0,0.0,0.0,10.72,DEAD_RECKONING,1.77,158.26,-1934.7,-10.71,884.54,False,False,False,false
1788952180369,-2.0471,6.5581,7.797,0.30572,0.22436,-0.62489,26.51,28.44,-32.08,0.0,0.0,0.0,0.0,0.0,10.72,DEAD_RECKONING,1.77,160.81,-1935.22,-9.57,883.39,False,False,False,false
1788952180496,-2.0471,6.5581,7.797,0.30572,0.22436,-0.62489,26.51,28.44,-32.08,0.0,0.0,0.0,0.0,0.0,10.72,DEAD_RECKONING,1.77,162.77,-1936.23,-9.0,881.73,False,False,False,false
1788952180623,-2.0471,6.5581,7.797,0.30572,0.22436,-0.62489,26.51,28.44,-32.08,0.0,0.0,0.0,0.0,0.0,10.72,DEAD_RECKONING,1.77,164.43,-1937.87,-9.3,879.31,False,False,False,false
1788952180749,-2.0471,6.5581,7.797,0.30572,0.22436,-0.62489,26.51,28.44,-32.08,0.0,0.0,0.0,0.0,0.0,10.72,DEAD_RECKONING,1.77,165.9,-1940.38,-10.9,875.73,False,False,False,false
1788952180877,-2.0471,6.5581,7.797,0.30572,0.22436,-0.62489,26.51,28.44,-32.08,0.0,0.0,0.0,0.0,0.0,10.72,DEAD_RECKONING,1.77,167.27,-1943.9,-14.36,870.42,False,False,False,false
1788952181000,-2.0471,6.5581,7.797,0.30572,0.22436,-0.62489,26.51,28.44,-32.08,0.0,0.0,0.0,0.0,0.0,10.72,DEAD_RECKONING,1.77,168.58,-1948.3,-20.03,863.05,False,False,False,false
1788952181127,-2.0471,6.5581,7.797,0.30572,0.22436,-0.62489,26.51,28.44,-32.08,0.0,0.0,0.0,0.0,0.0,10.72,DEAD_RECKONING,1.77,169.85,-1953.0,-27.47,854.59,False,False,False,false
1788952181253,-2.0471,6.5581,7.797,0.30572,0.22436,-0.62489,26.51,28.44,-32.08,0.0,0.0,0.0,0.0,0.0,10.72,DEAD_RECKONING,1.77,171.09,-1957.58,-35.66,847.09,False,False,False,false
1788952181375,-2.0471,6.5581,7.797,0.30572,0.22436,-0.62489,26.51,28.44,-32.08,0.0,0.0,0.0,0.0,0.0,10.72,DEAD_RECKONING,1.77,172.34,-1962.77,-45.59,840.34,False,False,False,false
1788952181500,-2.0471,6.5581,7.797,0.30572,0.22436,-0.62489,26.51,28.44,-32.08,0.0,0.0,0.0,0.0,0.0,10.72,DEAD_RECKONING,1.77,173.58,-1968.96,-58.57,832.74,False,False,False,false
1788952181634,-2.0471,6.5581,7.797,0.30572,0.22436,-0.62489,26.51,28.44,-32.08,0.0,0.0,0.0,0.0,0.0,10.72,DEAD_RECKONING,1.77,174.84,-1976.07,-72.3,825.98,False,False,False,false
1788952181759,-2.0471,6.5581,7.797,0.30572,0.22436,-0.62489,26.51,28.44,-32.08,0.0,0.0,0.0,0.0,0.0,10.72,DEAD_RECKONING,1.77,176.12,-1980.14,-80.34,821.34,False,False,False,false
1788952181887,-2.0471,6.5581,7.797,0.30572,0.22436,-0.62489,26.51,28.44,-32.08,0.0,0.0,0.0,0.0,0.0,10.72,DEAD_RECKONING,1.77,177.43,-1987.78,-86.26,827.64,False,False,False,false
1788952182014,-2.0471,6.5581,7.797,0.30572,0.22436,-0.62489,26.51,28.44,-32.08,0.0,0.0,0.0,0.0,0.0,10.72,DEAD_RECKONING,1.77,178.78,-1996.82,-106.28,808.43,False,False,False,false
1788952182137,-2.0471,6.5581,7.797,0.30572,0.22436,-0.62489,26.51,28.44,-32.08,0.0,0.0,0.0,0.0,0.0,10.72,DEAD_RECKONING,1.77,180.16,-1996.51,-103.42,815.58,False,False,False,false
1788952182262,-2.0471,6.5581,7.797,0.30572,0.22436,-0.62489,26.51,28.44,-32.08,0.0,0.0,0.0,0.0,0.0,10.72,DEAD_RECKONING,1.77,181.6,-2005.94,-108.25,815.07,False,False,False,false
1788952182391,-2.0471,6.5581,7.797,0.30572,0.22436,-0.62489,26.51,28.44,-32.08,0.0,0.0,0.0,0.0,0.0,10.72,DEAD_RECKONING,1.77,183.09,-1991.59,-98.75,821.73,False,False,False,false
1788952182518,-2.0471,6.5581,7.797,0.30572,0.22436,-0.62489,26.51,28.44,-32.08,0.0,0.0,0.0,0.0,0.0,10.72,DEAD_RECKONING,1.77,184.64,-2036.65,-120.47,816.76,False,False,False,false
1788952182643,-2.0471,6.5581,7.797,0.30572,0.22436,-0.62489,26.51,28.44,-32.08,0.0,0.0,0.0,0.0,0.0,10.72,DEAD_RECKONING,1.77,186.26,-2004.64,-103.01,824.25,False,False,False,false
1788952182762,-2.0471,6.5581,7.797,0.30572,0.22436,-0.62489,26.51,28.44,-32.08,0.0,0.0,0.0,0.0,0.0,10.72,DEAD_RECKONING,1.77,187.96,-2020.58,-109.1,830.31,False,False,False,false
1788952182885,-2.0471,6.5581,7.797,0.30572,0.22436,-0.62489,26.51,28.44,-32.08,0.0,0.0,0.0,0.0,0.0,10.72,DEAD_RECKONING,1.77,189.75,-2029.66,-121.14,820.72,False,False,False,false
1788952183014,-2.0471,6.5581,7.797,0.30572,0.22436,-0.62489,26.51,28.44,-32.08,0.0,0.0,0.0,0.0,0.0,10.72,DEAD_RECKONING,1.8,191.64,-2032.05,-113.9,836.7,False,False,False,false
1788952183142,-2.0471,6.5581,7.797,0.30572,0.22436,-0.62489,26.51,28.44,-32.08,0.0,0.0,0.0,0.0,0.0,10.72,DEAD_RECKONING,1.96,193.64,-2055.63,-139.0,824.02,False,False,False,false
1788952183268,-2.0471,6.5581,7.797,0.30572,0.22436,-0.62489,26.51,28.44,-32.08,0.0,0.0,0.0,0.0,0.0,10.72,DEAD_RECKONING,1.96,195.76,-2053.38,-129.75,838.71,False,False,False,false
1788952183390,-2.0471,6.5581,7.797,0.30572,0.22436,-0.62489,26.51,28.44,-32.08,0.0,0.0,0.0,0.0,0.0,10.72,DEAD_RECKONING,1.96,198.01,-2080.53,-152.5,836.19,False,False,False,false
1788952183518,-2.0471,6.5581,7.797,0.30572,0.22436,-0.62489,26.51,28.44,-32.08,0.0,0.0,0.0,0.0,0.0,10.72,DEAD_RECKONING,1.96,200.4,-2079.11,-148.22,842.65,False,False,False,false
1788952183644,-2.0471,6.5581,7.797,0.30572,0.22436,-0.62489,26.51,28.44,-32.08,0.0,0.0,0.0,0.0,0.0,10.72,DEAD_RECKONING,1.96,202.96,-2093.6,-150.46,858.84,False,False,False,false
1788952183768,-2.0471,6.5581,7.797,0.30572,0.22436,-0.62489,26.51,28.44,-32.08,0.0,0.0,0.0,0.0,0.0,10.72,DEAD_RECKONING,1.96,205.7,-2105.92,-163.83,852.28,False,False,False,false
1788952183897,-2.0471,6.5581,7.797,0.30572,0.22436,-0.62489,26.51,28.44,-32.08,0.0,0.0,0.0,0.0,0.0,10.72,DEAD_RECKONING,1.96,208.62,-2099.66,-150.04,867.54,False,False,False,false
1788952184023,-2.0471,6.5581,7.797,0.30572,0.22436,-0.62489,26.51,28.44,-32.08,0.0,0.0,0.0,0.0,0.0,10.72,DEAD_RECKONING,1.96,211.8,-2111.28,-147.6,886.63,True,False,False,false
1788952184151,-2.0471,6.5581,7.797,0.30572,0.22436,-0.62489,26.51,28.44,-32.08,0.0,0.0,0.0,0.0,0.0,10.72,DEAD_RECKONING,1.96,215.1,-2119.89,-152.6,887.95,True,False,False,false
1788952184277,-2.0471,6.5581,7.797,0.30572,0.22436,-0.62489,26.51,28.44,-32.08,0.0,0.0,0.0,0.0,0.0,10.72,DEAD_RECKONING,1.96,218.66,-2116.96,-145.94,894.1,True,False,False,false
1788952184399,-2.0471,6.5581,7.797,0.30572,0.22436,-0.62489,26.51,28.44,-32.08,0.0,0.0,0.0,0.0,0.0,10.72,DEAD_RECKONING,1.96,222.44,-2123.4,-134.44,918.62,False,False,False,false
1788952184526,-2.0471,6.5581,7.797,0.30572,0.22436,-0.62489,26.51,28.44,-32.08,0.0,0.0,0.0,0.0,0.0,10.72,DEAD_RECKONING,1.96,226.45,-2128.29,-133.14,924.9,False,False,False,false
1788952184654,-2.0471,6.5581,7.797,0.30572,0.22436,-0.62489,26.51,28.44,-32.08,0.0,0.0,0.0,0.0,0.0,10.72,DEAD_RECKONING,1.96,230.68,-2128.6,-127.37,931.64,False,False,False,false
1788952184783,-2.0471,6.5581,7.797,0.30572,0.22436,-0.62489,26.51,28.44,-32.08,0.0,0.0,0.0,0.0,0.0,10.72,DEAD_RECKONING,1.96,235.1,-2130.29,-119.44,942.91,False,False,False,false
1788952184912,-2.0471,6.5581,7.797,0.30572,0.22436,-0.62489,26.51,28.44,-32.08,0.0,0.0,0.0,0.0,0.0,10.72,DEAD_RECKONING,1.96,239.69,-2131.69,-114.34,949.26,False,False,False,false
1788952185039,-2.0471,6.5581,7.797,0.30572,0.22436,-0.62489,26.51,28.44,-32.08,0.0,0.0,0.0,0.0,0.0,10.72,DEAD_RECKONING,1.96,244.42,-2132.13,-106.39,956.58,False,False,False,false
1788952185165,-2.0471,6.5581,7.797,0.30572,0.22436,-0.62489,26.51,28.44,-32.08,0.0,0.0,0.0,0.0,0.0,10.72,DEAD_RECKONING,1.96,249.23,-2133.65,-100.28,961.99,False,False,False,false
1788952185285,-2.0471,6.5581,7.797,0.30572,0.22436,-0.62489,26.51,28.44,-32.08,0.0,0.0,0.0,0.0,0.0,10.72,DEAD_RECKONING,1.96,254.08,-2134.52,-93.58,965.76,False,False,False,false
1788952185408,-2.0471,6.5581,7.797,0.30572,0.22436,-0.62489,26.51,28.44,-32.08,0.0,0.0,0.0,0.0,0.0,10.72,DEAD_RECKONING,1.96,258.9,-2136.93,-87.44,970.56,False,False,False,false
1788952185535,-2.0471,6.5581,7.797,0.30572,0.22436,-0.62489,26.51,28.44,-32.08,0.0,0.0,0.0,0.0,0.0,10.72,DEAD_RECKONING,1.96,263.65,-2138.9,-83.58,972.24,False,False,False,false
1788952185664,-2.0471,6.5581,7.797,0.30572,0.22436,-0.62489,26.51,28.44,-32.08,0.0,0.0,0.0,0.0,0.0,10.72,DEAD_RECKONING,1.96,268.28,-2140.94,-80.23,974.75,False,False,False,false
1788952185789,-2.0471,6.5581,7.797,0.30572,0.22436,-0.62489,26.51,28.44,-32.08,0.0,0.0,0.0,0.0,0.0,10.72,DEAD_RECKONING,1.88,272.75,-2142.18,-78.48,976.13,False,False,False,false
1788952185915,-2.0471,6.5581,7.797,0.30572,0.22436,-0.62489,26.51,28.44,-32.08,0.0,0.0,0.0,0.0,0.0,10.72,DEAD_RECKONING,1.88,277.03,-2144.41,-76.29,978.04,False,False,False,false
1788952186039,-2.0471,6.5581,7.797,0.30572,0.22436,-0.62489,26.51,28.44,-32.08,0.0,0.0,0.0,0.0,0.0,10.72,DEAD_RECKONING,1.88,281.09,-2146.41,-74.89,978.9,False,False,False,false
1788952186166,-2.0471,6.5581,7.797,0.30572,0.22436,-0.62489,26.51,28.44,-32.08,0.0,0.0,0.0,0.0,0.0,10.72,DEAD_RECKONING,1.88,284.93,-2149.11,-73.73,979.42,False,False,False,false
1788952186294,-2.0471,6.5581,7.797,0.30572,0.22436,-0.62489,26.51,28.44,-32.08,0.0,0.0,0.0,0.0,0.0,10.72,DEAD_RECKONING,1.88,288.54,-2151.61,-72.97,979.45,False,False,False,false
1788952186416,-2.0471,6.5581,7.797,0.30572,0.22436,-0.62489,26.51,28.44,-32.08,0.0,0.0,0.0,0.0,0.0,10.72,DEAD_RECKONING,1.88,291.93,-2154.58,-72.53,979.01,False,False,False,false
1788952186539,-2.0471,6.5581,7.797,0.30572,0.22436,-0.62489,26.51,28.44,-32.08,0.0,0.0,0.0,0.0,0.0,10.72,DEAD_RECKONING,1.88,295.1,-2157.62,-72.39,978.06,False,False,False,false
1788952186669,-2.0471,6.5581,7.797,0.30572,0.22436,-0.62489,26.51,28.44,-32.08,0.0,0.0,0.0,0.0,0.0,10.72,DEAD_RECKONING,1.88,298.22,-2160.94,-72.73,976.34,True,False,False,false
1788952186796,-2.0471,6.5581,7.797,0.30572,0.22436,-0.62489,26.51,28.44,-32.08,0.0,0.0,0.0,0.0,0.0,10.72,DEAD_RECKONING,1.88,301.14,-2164.37,-73.06,974.57,True,False,False,false
1788952186919,-2.0471,6.5581,7.797,0.30572,0.22436,-0.62489,26.51,28.44,-32.08,0.0,0.0,0.0,0.0,0.0,10.72,DEAD_RECKONING,1.88,303.87,-2167.78,-73.75,972.04,True,False,False,false
1788952187045,-2.0471,6.5581,7.797,0.30572,0.22436,-0.62489,26.51,28.44,-32.08,0.0,0.0,0.0,0.0,0.0,10.72,DEAD_RECKONING,1.88,306.45,-2171.48,-74.7,968.97,True,False,False,false
1788952187172,-2.0471,6.5581,7.797,0.30572,0.22436,-0.62489,26.51,28.44,-32.08,0.0,0.0,0.0,0.0,0.0,10.72,DEAD_RECKONING,1.88,308.87,-2174.86,-75.78,965.6,True,False,False,false
1788952187296,-2.0471,6.5581,7.797,0.30572,0.22436,-0.62489,26.51,28.44,-32.08,0.0,0.0,0.0,0.0,0.0,10.72,DEAD_RECKONING,1.88,311.17,-2178.19,-76.89,962.05,True,False,False,false
1788952187426,-2.0471,6.5581,7.797,0.30572,0.22436,-0.62489,26.51,28.44,-32.08,0.0,0.0,0.0,0.0,0.0,10.72,DEAD_RECKONING,1.88,313.36,-2181.14,-78.06,958.37,True,False,False,false
1788952187550,-2.0471,6.5581,7.797,0.30572,0.22436,-0.62489,26.51,28.44,-32.08,0.0,0.0,0.0,0.0,0.0,10.72,DEAD_RECKONING,1.88,315.46,-2183.81,-79.06,954.88,True,False,False,false
1788952187677,-2.0471,6.5581,7.797,0.30572,0.22436,-0.62489,26.51,28.44,-32.08,0.0,0.0,0.0,0.0,0.0,10.72,DEAD_RECKONING,1.89,317.48,-2186.0,-79.99,951.59,True,False,False,false
1788952187798,-2.0471,6.5581,7.797,0.30572,0.22436,-0.62489,26.51,28.44,-32.08,0.0,0.0,0.0,0.0,0.0,10.72,DEAD_RECKONING,1.69,319.41,-2186.65,-80.09,950.45,True,False,False,false
1788952187926,-2.0471,6.5581,7.797,0.30572,0.22436,-0.62489,26.51,28.44,-32.08,0.0,0.0,0.0,0.0,0.0,10.72,DEAD_RECKONING,1.69,321.28,-2187.43,-80.13,949.09,True,False,False,false
1788952188048,-2.0471,6.5581,7.797,0.30572,0.22436,-0.62489,26.51,28.44,-32.08,0.0,0.0,0.0,0.0,0.0,10.72,DEAD_RECKONING,1.69,323.09,-2187.96,-80.11,947.96,True,False,False,false
1788952188171,-2.0471,6.5581,7.797,0.30572,0.22436,-0.62489,26.51,28.44,-32.08,0.0,0.0,0.0,0.0,0.0,10.72,DEAD_RECKONING,1.69,324.84,-2188.17,-79.95,947.31,True,False,False,false
1788952188291,-2.0471,6.5581,7.797,0.30572,0.22436,-0.62489,26.51,28.44,-32.08,0.0,0.0,0.0,0.0,0.0,10.72,DEAD_RECKONING,1.69,326.53,-2188.04,-79.63,947.24,True,False,False,false
1788952188418,-2.0471,6.5581,7.797,0.30572,0.22436,-0.62489,26.51,28.44,-32.08,0.0,0.0,0.0,0.0,0.0,10.72,DEAD_RECKONING,1.69,328.16,-2187.64,-79.17,947.71,True,False,False,false
1788952188543,-2.0471,6.5581,7.797,0.30572,0.22436,-0.62489,26.51,28.44,-32.08,0.0,0.0,0.0,0.0,0.0,10.72,DEAD_RECKONING,1.69,329.74,-2187.05,-78.58,948.63,True,False,False,false
1788952188670,-2.0471,6.5581,7.797,0.30572,0.22436,-0.62489,26.51,28.44,-32.08,0.0,0.0,0.0,0.0,0.0,10.72,DEAD_RECKONING,1.69,331.26,-2186.32,-77.81,949.94,True,False,False,false
1788952188795,-2.0471,6.5581,7.797,0.30572,0.22436,-0.62489,26.51,28.44,-32.08,0.0,0.0,0.0,0.0,0.0,10.72,DEAD_RECKONING,1.69,332.72,-2185.39,-76.7,951.67,True,False,False,false
1788952188926,-2.0471,6.5581,7.797,0.30572,0.22436,-0.62489,26.51,28.44,-32.08,0.0,0.0,0.0,0.0,0.0,10.72,DEAD_RECKONING,1.69,334.13,-2184.16,-74.97,953.94,True,False,False,false
1788952189054,-2.0471,6.5581,7.797,0.30572,0.22436,-0.62489,26.51,28.44,-32.08,0.0,0.0,0.0,0.0,0.0,10.72,DEAD_RECKONING,1.69,335.48,-2182.58,-72.39,956.56,True,False,False,false
1788952189177,-2.0471,6.5581,7.797,0.30572,0.22436,-0.62489,26.51,28.44,-32.08,0.0,0.0,0.0,0.0,0.0,10.72,DEAD_RECKONING,1.69,337.0,-2181.2,-69.83,958.46,False,False,False,false
1788952189302,-2.0471,6.5581,7.797,0.30572,0.22436,-0.62489,26.51,28.44,-32.08,0.0,0.0,0.0,0.0,0.0,10.72,DEAD_RECKONING,1.69,338.57,-2180.28,-67.88,959.55,False,False,False,false
1788952189430,-2.0471,6.5581,7.797,0.30572,0.22436,-0.62489,26.51,28.44,-32.08,0.0,0.0,0.0,0.0,0.0,10.72,DEAD_RECKONING,1.69,340.21,-2179.57,-66.23,960.33,False,False,False,false
1788952189555,-2.0471,6.5581,7.797,0.30572,0.22436,-0.62489,26.51,28.44,-32.08,0.0,0.0,0.0,0.0,0.0,10.72,DEAD_RECKONING,1.69,341.95,-2178.93,-64.61,961.02,False,False,False,false
1788952189680,-2.0471,6.5581,7.797,0.30572,0.22436,-0.62489,26.51,28.44,-32.08,0.0,0.0,0.0,0.0,0.0,10.72,DEAD_RECKONING,1.69,343.84,-2178.3,-62.94,961.64,False,False,False,false
1788952189808,-2.0471,6.5581,7.797,0.30572,0.22436,-0.62489,26.51,28.44,-32.08,0.0,0.0,0.0,0.0,0.0,10.72,DEAD_RECKONING,1.69,345.97,-2177.67,-61.21,962.22,False,False,False,false
1788952189934,-2.0471,6.5581,7.797,0.30572,0.22436,-0.62489,26.51,28.44,-32.08,0.0,0.0,0.0,0.0,0.0,10.72,DEAD_RECKONING,1.69,348.47,-2177.06,-59.41,962.72,False,False,False,false
1788952190060,-2.0471,6.5581,7.797,0.30572,0.22436,-0.62489,26.51,28.44,-32.08,0.0,0.0,0.0,0.0,0.0,10.72,DEAD_RECKONING,1.69,351.57,-2176.47,-57.58,963.14,False,False,False,false
1788952190183,-2.0471,6.5581,7.797,0.30572,0.22436,-0.62489,26.51,28.44,-32.08,0.0,0.0,0.0,0.0,0.0,10.72,DEAD_RECKONING,1.69,355.76,-2175.92,-55.72,963.47,False,False,False,false
1788952190309,-2.0471,6.5581,7.797,0.30572,0.22436,-0.62489,26.51,28.44,-32.08,0.0,0.0,0.0,0.0,0.0,10.72,DEAD_RECKONING,1.69,2.13,-2175.43,-53.87,963.68,False,False,False,false
1788952190439,-2.0471,6.5581,7.797,0.30572,0.22436,-0.62489,26.51,28.44,-32.08,0.0,0.0,0.0,0.0,0.0,10.72,DEAD_RECKONING,1.69,13.78,-2175.04,-52.06,963.76,False,False,False,false
1788952190558,-2.0471,6.5581,7.797,0.30572,0.22436,-0.62489,26.51,28.44,-32.08,0.0,0.0,0.0,0.0,0.0,10.72,DEAD_RECKONING,1.69,41.01,-2174.76,-50.36,963.67,False,False,False,false
1788952190685,-2.0471,6.5581,7.797,0.30572,0.22436,-0.62489,26.51,28.44,-32.08,0.0,0.0,0.0,0.0,0.0,10.72,DEAD_RECKONING,1.69,94.78,-2174.67,-48.84,963.35,False,False,False,false
1788952190803,-2.0471,6.5581,7.797,0.30572,0.22436,-0.62489,26.51,28.44,-32.08,0.0,0.0,0.0,0.0,0.0,10.72,DEAD_RECKONING,1.77,129.38,-2174.86,-47.66,962.71,False,False,False,false
1788952190927,-2.0471,6.5581,7.797,0.30572,0.22436,-0.62489,26.51,28.44,-32.08,0.0,0.0,0.0,0.0,0.0,10.72,DEAD_RECKONING,1.77,143.57,-2175.43,-47.01,961.59,False,False,False,false
1788952191052,-2.0471,6.5581,7.797,0.30572,0.22436,-0.62489,26.51,28.44,-32.08,0.0,0.0,0.0,0.0,0.0,10.72,DEAD_RECKONING,1.77,150.87,-2176.56,-47.23,959.73,False,False,False,false
1788952191174,-2.0471,6.5581,7.797,0.30572,0.22436,-0.62489,26.51,28.44,-32.08,0.0,0.0,0.0,0.0,0.0,10.72,DEAD_RECKONING,1.77,155.47,-2178.6,-49.03,956.5,False,False,False,false
1788952191304,-2.0471,6.5581,7.797,0.30572,0.22436,-0.62489,26.51,28.44,-32.08,0.0,0.0,0.0,0.0,0.0,10.72,DEAD_RECKONING,1.77,158.8,-2182.24,-54.07,950.31,False,False,False,false
1788952191431,-2.0471,6.5581,7.797,0.30572,0.22436,-0.62489,26.51,28.44,-32.08,0.0,0.0,0.0,0.0,0.0,10.72,DEAD_RECKONING,1.77,161.43,-2189.01,-67.05,936.21,False,False,False,false
1788952191557,-2.0471,6.5581,7.797,0.30572,0.22436,-0.62489,26.51,28.44,-32.08,0.0,0.0,0.0,0.0,0.0,10.72,DEAD_RECKONING,1.77,163.64,-2192.15,-74.83,925.34,False,False,False,false
1788952191683,-2.0471,6.5581,7.797,0.30572,0.22436,-0.62489,26.51,28.44,-32.08,0.0,0.0,0.0,0.0,0.0,10.72,DEAD_RECKONING,1.77,165.58,-2191.05,-71.84,924.57,False,False,False,false
1788952191809,-2.0471,6.5581,7.797,0.30572,0.22436,-0.62489,26.51,28.44,-32.08,0.0,0.0,0.0,0.0,0.0,10.72,DEAD_RECKONING,1.77,167.36,-2191.08,-70.18,923.54,False,False,False,false
1788952191934,-2.0471,6.5581,7.797,0.30572,0.22436,-0.62489,26.51,28.44,-32.08,0.0,0.0,0.0,0.0,0.0,10.72,DEAD_RECKONING,1.77,169.02,-2191.83,-69.13,922.84,False,False,False,false
1788952192062,-2.0471,6.5581,7.797,0.30572,0.22436,-0.62489,26.51,28.44,-32.08,0.0,0.0,0.0,0.0,0.0,10.72,DEAD_RECKONING,1.77,170.6,-2193.31,-68.98,922.01,False,False,False,false
1788952192179,-2.0471,6.5581,7.797,0.30572,0.22436,-0.62489,26.51,28.44,-32.08,0.0,0.0,0.0,0.0,0.0,10.72,DEAD_RECKONING,1.77,172.13,-2195.98,-70.28,920.89,False,False,False,false
1788952192306,-2.0471,6.5581,7.797,0.30572,0.22436,-0.62489,26.51,28.44,-32.08,0.0,0.0,0.0,0.0,0.0,10.72,DEAD_RECKONING,1.77,173.63,-2200.4,-74.14,918.86,False,False,False,false
1788952192434,-2.0471,6.5581,7.797,0.30572,0.22436,-0.62489,26.51,28.44,-32.08,0.0,0.0,0.0,0.0,0.0,10.72,DEAD_RECKONING,1.77,175.12,-2207.83,-82.62,914.76,False,False,False,false
1788952192559,-2.0471,6.5581,7.797,0.30572,0.22436,-0.62489,26.51,28.44,-32.08,0.0,0.0,0.0,0.0,0.0,10.72,DEAD_RECKONING,1.77,176.61,-2219.68,-99.57,906.18,False,False,False,false
1788952192684,-2.0471,6.5581,7.797,0.30572,0.22436,-0.62489,26.51,28.44,-32.08,0.0,0.0,0.0,0.0,0.0,10.72,DEAD_RECKONING,1.77,178.11,-2239.1,-129.77,890.16,False,False,False,false
1788952192807,-2.0471,6.5581,7.797,0.30572,0.22436,-0.62489,26.51,28.44,-32.08,0.0,0.0,0.0,0.0,0.0,10.72,DEAD_RECKONING,1.77,179.63,-2251.92,-158.94,872.88,False,False,False,false
1788952192934,-2.0471,6.5581,7.797,0.30572,0.22436,-0.62489,26.51,28.44,-32.08,0.0,0.0,0.0,0.0,0.0,10.72,DEAD_RECKONING,1.77,181.18,-2247.37,-155.17,871.11,False,False,False,false
1788952193060,-2.0471,6.5581,7.797,0.30572,0.22436,-0.62489,26.51,28.44,-32.08,0.0,0.0,0.0,0.0,0.0,10.72,DEAD_RECKONING,1.77,182.77,-2255.85,-152.02,882.01,False,False,False,false
1788952193182,-2.0471,6.5581,7.797,0.30572,0.22436,-0.62489,26.51,28.44,-32.08,0.0,0.0,0.0,0.0,0.0,10.72,DEAD_RECKONING,1.77,184.4,-2262.74,-157.48,882.36,False,False,False,false
1788952193309,-2.0471,6.5581,7.797,0.30572,0.22436,-0.62489,26.51,28.44,-32.08,0.0,0.0,0.0,0.0,0.0,10.72,DEAD_RECKONING,1.77,186.09,-2277.45,-167.34,879.85,False,False,False,false
1788952193432,-2.0471,6.5581,7.797,0.30572,0.22436,-0.62489,26.51,28.44,-32.08,0.0,0.0,0.0,0.0,0.0,10.72,DEAD_RECKONING,1.77,187.84,-2264.88,-160.15,890.09,False,False,False,false
1788952193559,-2.0471,6.5581,7.797,0.30572,0.22436,-0.62489,26.51,28.44,-32.08,0.0,0.0,0.0,0.0,0.0,10.72,DEAD_RECKONING,1.77,189.67,-2336.33,-206.56,864.84,False,False,False,false
1788952193684,-2.0471,6.5581,7.797,0.30572,0.22436,-0.62489,26.51,28.44,-32.08,0.0,0.0,0.0,0.0,0.0,10.72,DEAD_RECKONING,1.77,191.58,-2339.1,-207.4,861.84,False,False,False,false
1788952193808,-2.0471,6.5581,7.797,0.30572,0.22436,-0.62489,26.51,28.44,-32.08,0.0,0.0,0.0,0.0,0.0,10.72,DEAD_RECKONING,1.8,193.58,-2340.66,-207.57,859.26,False,False,False,false
1788952193935,-2.0471,6.5581,7.797,0.30572,0.22436,-0.62489,26.51,28.44,-32.08,0.0,0.0,0.0,0.0,0.0,10.72,DEAD_RECKONING,2.03,195.69,-2342.08,-207.56,856.66,False,False,False,false
1788952194067,-2.0471,6.5581,7.797,0.30572,0.22436,-0.62489,26.51,28.44,-32.08,0.0,0.0,0.0,0.0,0.0,10.72,DEAD_RECKONING,1.96,197.91,-2343.39,-207.43,854.01,False,False,False,false
1788952194193,-2.0471,6.5581,7.797,0.30572,0.22436,-0.62489,26.51,28.44,-32.08,0.0,0.0,0.0,0.0,0.0,10.72,DEAD_RECKONING,1.96,200.26,-2344.58,-207.21,851.31,False,False,False,false
1788952194318,-2.0471,6.5581,7.797,0.30572,0.22436,-0.62489,26.51,28.44,-32.08,0.0,0.0,0.0,0.0,0.0,10.72,DEAD_RECKONING,1.96,202.74,-2345.66,-206.9,848.54,False,False,False,false
1788952194445,-2.0471,6.5581,7.797,0.30572,0.22436,-0.62489,26.51,28.44,-32.08,0.0,0.0,0.0,0.0,0.0,10.72,DEAD_RECKONING,1.96,205.38,-2346.64,-206.52,845.71,False,False,False,false
1788952194571,-2.0471,6.5581,7.797,0.30572,0.22436,-0.62489,26.51,28.44,-32.08,0.0,0.0,0.0,0.0,0.0,10.72,DEAD_RECKONING,1.96,208.19,-2347.52,-206.09,842.82,False,False,False,false
1788952194693,-2.0471,6.5581,7.797,0.30572,0.22436,-0.62489,26.51,28.44,-32.08,0.0,0.0,0.0,0.0,0.0,10.72,DEAD_RECKONING,1.96,211.17,-2348.29,-205.6,839.88,False,False,False,false
1788952194812,-2.0471,6.5581,7.797,0.30572,0.22436,-0.62489,26.51,28.44,-32.08,0.0,0.0,0.0,0.0,0.0,10.72,DEAD_RECKONING,1.96,214.34,-2348.98,-205.08,836.89,False,False,False,false
1788952194937,-2.0471,6.5581,7.797,0.30572,0.22436,-0.62489,26.51,28.44,-32.08,0.0,0.0,0.0,0.0,0.0,10.72,DEAD_RECKONING,1.96,217.7,-2349.57,-204.53,833.87,False,False,False,false
1788952195063,-2.0471,6.5581,7.797,0.30572,0.22436,-0.62489,26.51,28.44,-32.08,0.0,0.0,0.0,0.0,0.0,10.72,DEAD_RECKONING,1.96,221.27,-2350.09,-203.95,830.83,False,False,False,false
1788952195191,-2.0471,6.5581,7.797,0.30572,0.22436,-0.62489,26.51,28.44,-32.08,0.0,0.0,0.0,0.0,0.0,10.72,DEAD_RECKONING,1.96,225.05,-2350.52,-203.34,827.77,False,False,False,false
1788952195311,-2.0471,6.5581,7.797,0.30572,0.22436,-0.62489,26.51,28.44,-32.08,0.0,0.0,0.0,0.0,0.0,10.72,DEAD_RECKONING,1.96,229.03,-2350.89,-202.7,824.71,False,False,False,false
1788952195437,-2.0471,6.5581,7.797,0.30572,0.22436,-0.62489,26.51,28.44,-32.08,0.0,0.0,0.0,0.0,0.0,10.72,DEAD_RECKONING,1.96,233.2,-2351.2,-202.04,821.65,False,False,False,false
1788952195563,-2.0471,6.5581,7.797,0.30572,0.22436,-0.62489,26.51,28.44,-32.08,0.0,0.0,0.0,0.0,0.0,10.72,DEAD_RECKONING,1.96,237.54,-2351.47,-201.36,818.63,False,False,False,false
1788952195688,-2.0471,6.5581,7.797,0.30572,0.22436,-0.62489,26.51,28.44,-32.08,0.0,0.0,0.0,0.0,0.0,10.72,DEAD_RECKONING,1.96,242.04,-2351.69,-200.65,815.63,False,False,False,false
1788952195814,-2.0471,6.5581,7.797,0.30572,0.22436,-0.62489,26.51,28.44,-32.08,0.0,0.0,0.0,0.0,0.0,10.72,DEAD_RECKONING,1.96,246.64,-2351.9,-199.92,812.69,False,False,False,false
1788952195940,-2.0471,6.5581,7.797,0.30572,0.22436,-0.62489,26.51,28.44,-32.08,0.0,0.0,0.0,0.0,0.0,10.72,DEAD_RECKONING,1.96,251.33,-2352.1,-199.17,809.8,False,False,False,false
1788952196065,-2.0471,6.5581,7.797,0.30572,0.22436,-0.62489,26.51,28.44,-32.08,0.0,0.0,0.0,0.0,0.0,10.72,DEAD_RECKONING,1.96,256.03,-2352.32,-198.4,806.98,False,False,False,false
1788952196190,-2.0471,6.5581,7.797,0.30572,0.22436,-0.62489,26.51,28.44,-32.08,0.0,0.0,0.0,0.0,0.0,10.72,DEAD_RECKONING,1.96,260.72,-2352.59,-197.61,804.22,False,False,False,false
1788952196318,-2.0471,6.5581,7.797,0.30572,0.22436,-0.62489,26.51,28.44,-32.08,0.0,0.0,0.0,0.0,0.0,10.72,DEAD_RECKONING,1.96,265.34,-2352.92,-196.81,801.52,False,False,False,false
1788952196435,-2.0471,6.5581,7.797,0.30572,0.22436,-0.62489,26.51,28.44,-32.08,0.0,0.0,0.0,0.0,0.0,10.72,DEAD_RECKONING,1.96,269.85,-2353.35,-196.01,798.87,False,False,False,false
1788952196554,-2.0471,6.5581,7.797,0.30572,0.22436,-0.62489,26.51,28.44,-32.08,0.0,0.0,0.0,0.0,0.0,10.72,DEAD_RECKONING,1.96,274.22,-2353.9,-195.23,796.25,False,False,False,false
1788952196671,-2.0471,6.5581,7.797,0.30572,0.22436,-0.62489,26.51,28.44,-32.08,0.0,0.0,0.0,0.0,0.0,10.72,DEAD_RECKONING,1.88,278.23,-2354.55,-194.04,794.02,True,False,False,false
1788952196789,-2.0471,6.5581,7.797,0.30572,0.22436,-0.62489,26.51,28.44,-32.08,0.0,0.0,0.0,0.0,0.0,10.72,DEAD_RECKONING,1.88,282.27,-2355.86,-192.68,792.34,True,False,False,false
1788952196906,-2.0471,6.5581,7.797,0.30572,0.22436,-0.62489,26.51,28.44,-32.08,0.0,0.0,0.0,0.0,0.0,10.72,DEAD_RECKONING,1.88,286.06,-2358.57,-192.3,789.78,False,False,False,false
1788952197025,-2.0471,6.5581,7.797,0.30572,0.22436,-0.62489,26.51,28.44,-32.08,0.0,0.0,0.0,0.0,0.0,10.72,DEAD_RECKONING,1.88,289.65,-2360.92,-193.08,785.69,False,False,False,false
1788952197142,-2.0471,6.5581,7.797,0.30572,0.22436,-0.62489,26.51,28.44,-32.08,0.0,0.0,0.0,0.0,0.0,10.72,DEAD_RECKONING,1.88,293.03,-2361.31,-192.46,782.07,False,False,False,false
1788952197272,-2.0471,6.5581,7.797,0.30572,0.22436,-0.62489,26.51,28.44,-32.08,0.0,0.0,0.0,0.0,0.0,10.72,DEAD_RECKONING,1.88,296.2,-2362.72,-193.14,777.32,False,False,False,false
1788952197395,-2.0471,6.5581,7.797,0.30572,0.22436,-0.62489,26.51,28.44,-32.08,0.0,0.0,0.0,0.0,0.0,10.72,DEAD_RECKONING,1.88,299.19,-2362.84,-192.69,773.2,False,False,False,false
1788952197518,-2.0471,6.5581,7.797,0.30572,0.22436,-0.62489,26.51,28.44,-32.08,0.0,0.0,0.0,0.0,0.0,10.72,DEAD_RECKONING,1.88,302.0,-2363.73,-193.4,768.02,False,False,False,false
1788952197644,-2.0471,6.5581,7.797,0.30572,0.22436,-0.62489,26.51,28.44,-32.08,0.0,0.0,0.0,0.0,0.0,10.72,DEAD_RECKONING,1.88,304.64,-2363.23,-192.83,763.83,False,False,False,false
1788952197770,-2.0471,6.5581,7.797,0.30572,0.22436,-0.62489,26.51,28.44,-32.08,0.0,0.0,0.0,0.0,0.0,10.72,DEAD_RECKONING,1.88,307.12,-2363.62,-193.59,758.52,False,False,False,false
1788952197894,-2.0471,6.5581,7.797,0.30572,0.22436,-0.62489,26.51,28.44,-32.08,0.0,0.0,0.0,0.0,0.0,10.72,DEAD_RECKONING,1.88,309.47,-2362.58,-192.78,754.76,False,False,False,false
1788952198022,-2.0471,6.5581,7.797,0.30572,0.22436,-0.62489,26.51,28.44,-32.08,0.0,0.0,0.0,0.0,0.0,10.72,DEAD_RECKONING,1.88,311.68,-2362.73,-193.6,749.66,False,False,False,false
1788952198148,-2.0471,6.5581,7.797,0.30572,0.22436,-0.62489,26.51,28.44,-32.08,0.0,0.0,0.0,0.0,0.0,10.72,DEAD_RECKONING,1.88,313.78,-2361.52,-192.67,746.54,False,False,False,false
1788952198272,-2.0471,6.5581,7.797,0.30572,0.22436,-0.62489,26.51,28.44,-32.08,0.0,0.0,0.0,0.0,0.0,10.72,DEAD_RECKONING,1.88,315.77,-2361.51,-193.44,741.97,False,False,False,false
1788952198399,-2.0471,6.5581,7.797,0.30572,0.22436,-0.62489,26.51,28.44,-32.08,0.0,0.0,0.0,0.0,0.0,10.72,DEAD_RECKONING,1.72,317.67,-2360.54,-192.84,739.17,False,False,False,false
1788952198525,-2.0471,6.5581,7.797,0.30572,0.22436,-0.62489,26.51,28.44,-32.08,0.0,0.0,0.0,0.0,0.0,10.72,DEAD_RECKONING,1.69,319.48,-2360.23,-193.28,735.59,False,False,False,false
1788952198651,-2.0471,6.5581,7.797,0.30572,0.22436,-0.62489,26.51,28.44,-32.08,0.0,0.0,0.0,0.0,0.0,10.72,DEAD_RECKONING,1.69,321.22,-2359.56,-193.26,732.85,False,False,False,false
1788952198776,-2.0471,6.5581,7.797,0.30572,0.22436,-0.62489,26.51,28.44,-32.08,0.0,0.0,0.0,0.0,0.0,10.72,DEAD_RECKONING,1.69,322.9,-2358.9,-193.42,730.25,False,False,False,false
1788952198906,-2.0471,6.5581,7.797,0.30572,0.22436,-0.62489,26.51,28.44,-32.08,0.0,0.0,0.0,0.0,0.0,10.72,DEAD_RECKONING,1.69,324.51,-2358.01,-193.46,728.13,False,False,False,false
1788952199030,-2.0471,6.5581,7.797,0.30572,0.22436,-0.62489,26.51,28.44,-32.08,0.0,0.0,0.0,0.0,0.0,10.72,DEAD_RECKONING,1.69,326.08,-2356.71,-193.14,726.77,False,False,False,false
1788952199156,-2.0471,6.5581,7.797,0.30572,0.22436,-0.62489,26.51,28.44,-32.08,0.0,0.0,0.0,0.0,0.0,10.72,DEAD_RECKONING,1.69,327.6,-2354.58,-191.78,726.91,False,False,False,false
1788952199282,-2.0471,6.5581,7.797,0.30572,0.22436,-0.62489,26.51,28.44,-32.08,0.0,0.0,0.0,0.0,0.0,10.72,DEAD_RECKONING,1.69,329.1,-2350.64,-187.36,730.7,False,False,False,false
1788952199407,-2.0471,6.5581,7.797,0.30572,0.22436,-0.62489,26.51,28.44,-32.08,0.0,0.0,0.0,0.0,0.0,10.72,DEAD_RECKONING,1.69,330.57,-2341.9,-172.94,745.27,False,False,False,false
1788952199531,-2.0471,6.5581,7.797,0.30572,0.22436,-0.62489,26.51,28.44,-32.08,0.0,0.0,0.0,0.0,0.0,10.72,DEAD_RECKONING,1.69,332.03,-2327.54,-143.23,774.41,False,False,False,false
1788952199656,-2.0471,6.5581,7.797,0.30572,0.22436,-0.62489,26.51,28.44,-32.08,0.0,0.0,0.0,0.0,0.0,10.72,DEAD_RECKONING,1.69,333.48,-2321.62,-130.96,783.69,False,False,False,false
1788952199786,-2.0471,6.5581,7.797,0.30572,0.22436,-0.62489,26.51,28.44,-32.08,0.0,0.0,0.0,0.0,0.0,10.72,DEAD_RECKONING,1.69,334.94,-2319.6,-128.5,782.86,False,False,False,false
1788952199911,-2.0471,6.5581,7.797,0.30572,0.22436,-0.62489,26.51,28.44,-32.08,0.0,0.0,0.0,0.0,0.0,10.72,DEAD_RECKONING,1.69,336.43,-2318.02,-127.32,780.72,False,False,False,false
1788952200037,-2.0471,6.5581,7.797,0.30572,0.22436,-0.62489,26.51,28.44,-32.08,0.0,0.0,0.0,0.0,0.0,10.72,DEAD_RECKONING,1.69,337.95,-2316.44,-126.17,778.46,False,False,False,false
1788952200157,-2.0471,6.5581,7.797,0.30572,0.22436,-0.62489,26.51,28.44,-32.08,0.0,0.0,0.0,0.0,0.0,10.72,DEAD_RECKONING,1.69,339.54,-2314.79,-124.9,776.22,False,False,False,false
1788952200279,-2.0471,6.5581,7.797,0.30572,0.22436,-0.62489,26.51,28.44,-32.08,0.0,0.0,0.0,0.0,0.0,10.72,DEAD_RECKONING,1.69,341.24,-2313.05,-123.48,774.01,False,False,False,false
1788952200397,-2.0471,6.5581,7.797,0.30572,0.22436,-0.62489,26.51,28.44,-32.08,0.0,0.0,0.0,0.0,0.0,10.72,DEAD_RECKONING,1.69,343.08,-2311.21,-121.9,771.83,False,False,False,false
1788952200523,-2.0471,6.5581,7.797,0.30572,0.22436,-0.62489,26.51,28.44,-32.08,0.0,0.0,0.0,0.0,0.0,10.72,DEAD_RECKONING,1.69,345.15,-2309.26,-120.13,769.69,False,False,False,false
1788952200638,-2.0471,6.5581,7.797,0.30572,0.22436,-0.62489,26.51,28.44,-32.08,0.0,0.0,0.0,0.0,0.0,10.72,DEAD_RECKONING,1.69,347.6,-2307.2,-118.18,767.59,False,False,False,false
1788952200756,-2.0471,6.5581,7.797,0.30572,0.22436,-0.62489,26.51,28.44,-32.08,0.0,0.0,0.0,0.0,0.0,10.72,DEAD_RECKONING,1.69,350.65,-2305.02,-116.02,765.52,False,False,False,false
1788952200880,-2.0471,6.5581,7.797,0.30572,0.22436,-0.62489,26.51,28.44,-32.08,0.0,0.0,0.0,0.0,0.0,10.72,DEAD_RECKONING,1.69,355.26,-2302.81,-113.84,763.38,True,False,False,false
1788952201007,-2.0471,6.5581,7.797,0.30572,0.22436,-0.62489,26.51,28.44,-32.08,0.0,0.0,0.0,0.0,0.0,10.72,DEAD_RECKONING,1.69,0.51,-2300.69,-111.89,761.08,True,False,False,false
1788952201128,-2.0471,6.5581,7.797,0.30572,0.22436,-0.62489,26.51,28.44,-32.08,0.0,0.0,0.0,0.0,0.0,10.72,DEAD_RECKONING,1.69,12.95,-2298.68,-110.02,758.45,False,False,False,false
1788952201250,-2.0471,6.5581,7.797,0.30572,0.22436,-0.62489,26.51,28.44,-32.08,0.0,0.0,0.0,0.0,0.0,10.72,DEAD_RECKONING,1.69,45.99,-2296.0,-106.94,756.42,False,False,False,false
1788952201374,-2.0471,6.5581,7.797,0.30572,0.22436,-0.62489,26.51,28.44,-32.08,0.0,0.0,0.0,0.0,0.0,10.72,DEAD_RECKONING,1.69,106.86,-2293.16,-103.6,754.47,False,False,False,false
1788952201503,-2.0471,6.5581,7.797,0.30572,0.22436,-0.62489,26.51,28.44,-32.08,0.0,0.0,0.0,0.0,0.0,10.72,DEAD_RECKONING,1.77,135.87,-2290.21,-100.05,752.5,False,False,False,false
1788952201620,-2.0471,6.5581,7.797,0.30572,0.22436,-0.62489,26.51,28.44,-32.08,0.0,0.0,0.0,0.0,0.0,10.72,DEAD_RECKONING,1.77,147.16,-2287.17,-96.29,750.5,False,False,False,false
1788952201745,-2.0471,6.5581,7.797,0.30572,0.22436,-0.62489,26.51,28.44,-32.08,0.0,0.0,0.0,0.0,0.0,10.72,DEAD_RECKONING,1.77,153.14,-2284.05,-92.35,748.45,False,False,False,false
1788952201871,-2.0471,6.5581,7.797,0.30572,0.22436,-0.62489,26.51,28.44,-32.08,0.0,0.0,0.0,0.0,0.0,10.72,DEAD_RECKONING,1.77,157.04,-2280.87,-88.26,746.34,False,False,False,false
1788952201996,-2.0471,6.5581,7.797,0.30572,0.22436,-0.62489,26.51,28.44,-32.08,0.0,0.0,0.0,0.0,0.0,10.72,DEAD_RECKONING,1.77,159.92,-2277.65,-84.02,744.13,False,False,False,false
1788952202118,-2.0471,6.5581,7.797,0.30572,0.22436,-0.62489,26.51,28.44,-32.08,0.0,0.0,0.0,0.0,0.0,10.72,DEAD_RECKONING,1.77,162.25,-2274.4,-79.68,741.82,False,False,False,false
1788952202245,-2.0471,6.5581,7.797,0.30572,0.22436,-0.62489,26.51,28.44,-32.08,0.0,0.0,0.0,0.0,0.0,10.72,DEAD_RECKONING,1.77,164.25,-2271.14,-75.28,739.38,False,False,False,false
1788952202368,-2.0471,6.5581,7.797,0.30572,0.22436,-0.62489,26.51,28.44,-32.08,0.0,0.0,0.0,0.0,0.0,10.72,DEAD_RECKONING,1.77,166.04,-2267.9,-70.84,736.78,False,False,False,false
1788952202493,-2.0471,6.5581,7.797,0.30572,0.22436,-0.62489,26.51,28.44,-32.08,0.0,0.0,0.0,0.0,0.0,10.72,DEAD_RECKONING,1.77,167.69,-2264.68,-66.43,734.03,False,False,False,false
1788952202616,-2.0471,6.5581,7.797,0.30572,0.22436,-0.62489,26.51,28.44,-32.08,0.0,0.0,0.0,0.0,0.0,10.72,DEAD_RECKONING,1.77,169.24,-2261.5,-62.08,731.09,False,False,False,false
1788952202743,-2.0471,6.5581,7.797,0.30572,0.22436,-0.62489,26.51,28.44,-32.08,0.0,0.0,0.0,0.0,0.0,10.72,DEAD_RECKONING,1.77,170.74,-2258.39,-57.85,727.97,False,False,False,false
1788952202872,-2.0471,6.5581,7.797,0.30572,0.22436,-0.62489,26.51,28.44,-32.08,0.0,0.0,0.0,0.0,0.0,10.72,DEAD_RECKONING,1.77,172.21,-2255.37,-53.82,724.64,False,False,False,false
1788952203000,-2.0471,6.5581,7.797,0.30572,0.22436,-0.62489,26.51,28.44,-32.08,0.0,0.0,0.0,0.0,0.0,10.72,DEAD_RECKONING,1.77,173.65,-2252.47,-50.07,721.1,False,False,False,false
1788952203130,-2.0471,6.5581,7.797,0.30572,0.22436,-0.62489,26.51,28.44,-32.08,0.0,0.0,0.0,0.0,0.0,10.72,DEAD_RECKONING,1.77,175.09,-2249.71,-46.7,717.32,False,False,False,false
1788952203253,-2.0471,6.5581,7.797,0.30572,0.22436,-0.62489,26.51,28.44,-32.08,0.0,0.0,0.0,0.0,0.0,10.72,DEAD_RECKONING,1.77,176.54,-2247.15,-43.84,713.27,False,False,False,false
1788952203376,-2.0471,6.5581,7.797,0.30572,0.22436,-0.62489,26.51,28.44,-32.08,0.0,0.0,0.0,0.0,0.0,10.72,DEAD_RECKONING,1.77,178.0,-2244.84,-41.68,708.93,False,False,False,false
1788952203496,-2.0471,6.5581,7.797,0.30572,0.22436,-0.62489,26.51,28.44,-32.08,0.0,0.0,0.0,0.0,0.0,10.72,DEAD_RECKONING,1.77,179.48,-2242.83,-40.41,704.24,False,False,False,false
1788952203623,-2.0471,6.5581,7.797,0.30572,0.22436,-0.62489,26.51,28.44,-32.08,0.0,0.0,0.0,0.0,0.0,10.72,DEAD_RECKONING,1.77,181.0,-2241.17,-40.26,699.19,False,False,False,false
1788952203746,-2.0471,6.5581,7.797,0.30572,0.22436,-0.62489,26.51,28.44,-32.08,0.0,0.0,0.0,0.0,0.0,10.72,DEAD_RECKONING,1.77,182.57,-2239.84,-41.4,693.83,False,False,False,false
1788952203874,-2.0471,6.5581,7.797,0.30572,0.22436,-0.62489,26.51,28.44,-32.08,0.0,0.0,0.0,0.0,0.0,10.72,DEAD_RECKONING,1.77,184.18,-2238.73,-43.89,688.36,False,False,False,false
1788952203999,-2.0471,6.5581,7.797,0.30572,0.22436,-0.62489,26.51,28.44,-32.08,0.0,0.0,0.0,0.0,0.0,10.72,DEAD_RECKONING,1.77,185.85,-2237.6,-47.56,683.25,False,False,False,false
1788952204123,-2.0471,6.5581,7.797,0.30572,0.22436,-0.62489,26.51,28.44,-32.08,0.0,0.0,0.0,0.0,0.0,10.72,DEAD_RECKONING,1.77,187.59,-2236.16,-52.13,679.18,False,False,False,false
1788952204246,-2.0471,6.5581,7.797,0.30572,0.22436,-0.62489,26.51,28.44,-32.08,0.0,0.0,0.0,0.0,0.0,10.72,DEAD_RECKONING,1.77,189.41,-2234.21,-57.57,676.91,False,False,False,false
1788952204373,-2.0471,6.5581,7.797,0.30572,0.22436,-0.62489,26.51,28.44,-32.08,0.0,0.0,0.0,0.0,0.0,10.72,DEAD_RECKONING,1.77,191.31,-2231.76,-64.35,677.05,False,False,False,false
1788952204499,-2.0471,6.5581,7.797,0.30572,0.22436,-0.62489,26.51,28.44,-32.08,0.0,0.0,0.0,0.0,0.0,10.72,DEAD_RECKONING,1.8,193.31,-2228.9,-73.33,680.41,False,False,False,false
1788952204625,-2.0471,6.5581,7.797,0.30572,0.22436,-0.62489,26.51,28.44,-32.08,0.0,0.0,0.0,0.0,0.0,10.72,DEAD_RECKONING,1.96,195.41,-2225.79,-85.73,688.14,False,False,False,false
1788952204751,-2.0471,6.5581,7.797,0.30572,0.22436,-0.62489,26.51,28.44,-32.08,0.0,0.0,0.0,0.0,0.0,10.72,DEAD_RECKONING,1.96,197.64,-2222.68,-103.42,701.57,False,False,False,false
1788952204880,-2.0471,6.5581,7.797,0.30572,0.22436,-0.62489,26.51,28.44,-32.08,0.0,0.0,0.0,0.0,0.0,10.72,DEAD_RECKONING,1.96,199.99,-2219.5,-126.75,723.77,False,False,False,false
1788952205007,-2.0471,6.5581,7.797,0.30572,0.22436,-0.62489,26.51,28.44,-32.08,0.0,0.0,0.0,0.0,0.0,10.72,DEAD_RECKONING,1.96,202.49,-2217.94,-162.12,753.66,False,False,False,false
1788952205125,-2.0471,6.5581,7.797,0.30572,0.22436,-0.62489,26.51,28.44,-32.08,0.0,0.0,0.0,0.0,0.0,10.72,DEAD_RECKONING,1.96,205.14,-2210.12,-185.2,805.56,False,False,False,false
1788952205243,-2.0471,6.5581,7.797,0.30572,0.22436,-0.62489,26.51,28.44,-32.08,0.0,0.0,0.0,0.0,0.0,10.72,DEAD_RECKONING,1.96,207.97,-2242.03,-297.33,828.62,False,False,False,false
1788952205359,-2.0471,6.5581,7.797,0.30572,0.22436,-0.62489,26.51,28.44,-32.08,0.0,0.0,0.0,0.0,0.0,10.72,DEAD_RECKONING,1.96,211.19,-2125.83,-132.53,956.17,True,False,False,false
1788952205476,-2.0471,6.5581,7.797,0.30572,0.22436,-0.62489,26.51,28.44,-32.08,0.0,0.0,0.0,0.0,0.0,10.72,DEAD_RECKONING,1.96,214.39,-2163.22,-196.05,981.17,False,False,False,false
1788952205599,-2.0471,6.5581,7.797,0.30572,0.22436,-0.62489,26.51,28.44,-32.08,0.0,0.0,0.0,0.0,0.0,10.72,DEAD_RECKONING,1.96,217.79,-2189.81,-367.99,973.61,False,False,False,false
1788952205731,-2.0471,6.5581,7.797,0.30572,0.22436,-0.62489,26.51,28.44,-32.08,0.0,0.0,0.0,0.0,0.0,10.72,DEAD_RECKONING,1.96,221.39,-2164.04,-135.24,1174.19,False,False,False,false
1788952205855,-2.0471,6.5581,7.797,0.30572,0.22436,-0.62489,26.51,28.44,-32.08,0.0,0.0,0.0,0.0,0.0,10.72,DEAD_RECKONING,1.96,225.19,-2165.67,-229.04,1184.76,False,False,False,false
1788952205982,-2.0471,6.5581,7.797,0.30572,0.22436,-0.62489,26.51,28.44,-32.08,0.0,0.0,0.0,0.0,0.0,10.72,DEAD_RECKONING,1.96,229.2,-2144.13,-128.85,1225.08,False,False,False,false
1788952206110,-2.0471,6.5581,7.797,0.30572,0.22436,-0.62489,26.51,28.44,-32.08,0.0,0.0,0.0,0.0,0.0,10.72,DEAD_RECKONING,1.96,233.39,-2143.46,-111.06,1216.76,False,False,False,false
1788952206236,-2.0471,6.5581,7.797,0.30572,0.22436,-0.62489,26.51,28.44,-32.08,0.0,0.0,0.0,0.0,0.0,10.72,DEAD_RECKONING,1.96,237.75,-2139.87,-108.85,1227.92,False,False,False,false
1788952206360,-2.0471,6.5581,7.797,0.30572,0.22436,-0.62489,26.51,28.44,-32.08,0.0,0.0,0.0,0.0,0.0,10.72,DEAD_RECKONING,1.96,242.25,-2137.39,-98.8,1231.5,False,False,False,false
1788952206485,-2.0471,6.5581,7.797,0.30572,0.22436,-0.62489,26.51,28.44,-32.08,0.0,0.0,0.0,0.0,0.0,10.72,DEAD_RECKONING,1.96,246.87,-2134.79,-92.74,1237.08,False,False,False,false
1788952206621,-2.0471,6.5581,7.797,0.30572,0.22436,-0.62489,26.51,28.44,-32.08,0.0,0.0,0.0,0.0,0.0,10.72,DEAD_RECKONING,1.96,251.54,-2132.52,-86.09,1241.26,False,False,False,false
1788952206737,-2.0471,6.5581,7.797,0.30572,0.22436,-0.62489,26.51,28.44,-32.08,0.0,0.0,0.0,0.0,0.0,10.72,DEAD_RECKONING,1.96,256.24,-2130.3,-80.26,1245.56,False,False,False,false
1788952206863,-2.0471,6.5581,7.797,0.30572,0.22436,-0.62489,26.51,28.44,-32.08,0.0,0.0,0.0,0.0,0.0,10.72,DEAD_RECKONING,1.96,260.91,-2128.28,-74.68,1249.33,False,False,False,false
1788952206989,-2.0471,6.5581,7.797,0.30572,0.22436,-0.62489,26.51,28.44,-32.08,0.0,0.0,0.0,0.0,0.0,10.72,DEAD_RECKONING,1.96,265.51,-2126.34,-69.48,1253.02,False,False,False,false
1788952207111,-2.0471,6.5581,7.797,0.30572,0.22436,-0.62489,26.51,28.44,-32.08,0.0,0.0,0.0,0.0,0.0,10.72,DEAD_RECKONING,1.96,269.99,-2124.55,-64.57,1256.39,False,False,False,false
1788952207237,-2.0471,6.5581,7.797,0.30572,0.22436,-0.62489,26.51,28.44,-32.08,0.0,0.0,0.0,0.0,0.0,10.72,DEAD_RECKONING,1.88,274.33,-2122.87,-59.94,1259.64,False,False,False,false
1788952207360,-2.0471,6.5581,7.797,0.30572,0.22436,-0.62489,26.51,28.44,-32.08,0.0,0.0,0.0,0.0,0.0,10.72,DEAD_RECKONING,1.88,278.49,-2121.31,-55.55,1262.66,False,False,False,false
1788952207485,-2.0471,6.5581,7.797,0.30572,0.22436,-0.62489,26.51,28.44,-32.08,0.0,0.0,0.0,0.0,0.0,10.72,DEAD_RECKONING,1.88,282.46,-2119.87,-51.39,1265.57,False,False,False,false
1788952207614,-2.0471,6.5581,7.797,0.30572,0.22436,-0.62489,26.51,28.44,-32.08,0.0,0.0,0.0,0.0,0.0,10.72,DEAD_RECKONING,1.88,286.23,-2118.57,-47.44,1268.27,False,False,False,false
1788952207741,-2.0471,6.5581,7.797,0.30572,0.22436,-0.62489,26.51,28.44,-32.08,0.0,0.0,0.0,0.0,0.0,10.72,DEAD_RECKONING,1.88,289.8,-2117.38,-43.69,1270.83,False,False,False,false
1788952207864,-2.0471,6.5581,7.797,0.30572,0.22436,-0.62489,26.51,28.44,-32.08,0.0,0.0,0.0,0.0,0.0,10.72,DEAD_RECKONING,1.88,293.17,-2116.33,-40.15,1273.16,False,False,False,false
1788952207989,-2.0471,6.5581,7.797,0.30572,0.22436,-0.62489,26.51,28.44,-32.08,0.0,0.0,0.0,0.0,0.0,10.72,DEAD_RECKONING,1.88,296.34,-2115.39,-36.8,1275.3,False,False,False,false
1788952208111,-2.0471,6.5581,7.797,0.30572,0.22436,-0.62489,26.51,28.44,-32.08,0.0,0.0,0.0,0.0,0.0,10.72,DEAD_RECKONING,1.88,299.32,-2114.57,-33.67,1277.13,False,False,False,false
1788952208236,-2.0471,6.5581,7.797,0.30572,0.22436,-0.62489,26.51,28.44,-32.08,0.0,0.0,0.0,0.0,0.0,10.72,DEAD_RECKONING,1.88,302.12,-2113.83,-30.76,1278.69,False,False,False,false
1788952208359,-2.0471,6.5581,7.797,0.30572,0.22436,-0.62489,26.51,28.44,-32.08,0.0,0.0,0.0,0.0,0.0,10.72,DEAD_RECKONING,1.88,304.77,-2113.19,-28.11,1279.86,False,False,False,false
1788952208487,-2.0471,6.5581,7.797,0.30572,0.22436,-0.62489,26.51,28.44,-32.08,0.0,0.0,0.0,0.0,0.0,10.72,DEAD_RECKONING,1.88,307.26,-2112.58,-25.72,1280.69,False,False,False,false
1788952208614,-2.0471,6.5581,7.797,0.30572,0.22436,-0.62489,26.51,28.44,-32.08,0.0,0.0,0.0,0.0,0.0,10.72,DEAD_RECKONING,1.88,309.61,-2112.0,-23.63,1281.09,False,False,False,false
1788952208741,-2.0471,6.5581,7.797,0.30572,0.22436,-0.62489,26.51,28.44,-32.08,0.0,0.0,0.0,0.0,0.0,10.72,DEAD_RECKONING,1.88,311.84,-2111.4,-21.82,1281.13,False,False,False,false
1788952208867,-2.0471,6.5581,7.797,0.30572,0.22436,-0.62489,26.51,28.44,-32.08,0.0,0.0,0.0,0.0,0.0,10.72,DEAD_RECKONING,1.88,313.96,-2110.76,-20.28,1280.82,False,False,False,false
1788952208992,-2.0471,6.5581,7.797,0.30572,0.22436,-0.62489,26.51,28.44,-32.08,0.0,0.0,0.0,0.0,0.0,10.72,DEAD_RECKONING,1.95,315.97,-2110.05,-18.98,1280.21,False,False,False,false
1788952209116,-2.0471,6.5581,7.797,0.30572,0.22436,-0.62489,26.51,28.44,-32.08,0.0,0.0,0.0,0.0,0.0,10.72,DEAD_RECKONING,1.72,317.88,-2109.15,-17.82,1279.51,False,False,False,false
1788952209239,-2.0471,6.5581,7.797,0.30572,0.22436,-0.62489,26.51,28.44,-32.08,0.0,0.0,0.0,0.0,0.0,10.72,DEAD_RECKONING,1.69,319.72,-2108.1,-16.79,1278.72,False,False,False,false
1788952209366,-2.0471,6.5581,7.797,0.30572,0.22436,-0.62489,26.51,28.44,-32.08,0.0,0.0,0.0,0.0,0.0,10.72,DEAD_RECKONING,1.69,321.48,-2106.89,-15.76,1278.02,False,False,False,false
1788952209499,-2.0471,6.5581,7.797,0.30572,0.22436,-0.62489,26.51,28.44,-32.08,0.0,0.0,0.0,0.0,0.0,10.72,DEAD_RECKONING,1.69,323.18,-2105.5,-14.65,1277.53,False,False,False,false
1788952209617,-2.0471,6.5581,7.797,0.30572,0.22436,-0.62489,26.51,28.44,-32.08,0.0,0.0,0.0,0.0,0.0,10.72,DEAD_RECKONING,1.69,324.83,-2103.9,-13.36,1277.38,False,False,False,false
1788952209739,-2.0471,6.5581,7.797,0.30572,0.22436,-0.62489,26.51,28.44,-32.08,0.0,0.0,0.0,0.0,0.0,10.72,DEAD_RECKONING,1.69,326.43,-2102.1,-11.81,1277.69,False,False,False,false
1788952209857,-2.0471,6.5581,7.797,0.30572,0.22436,-0.62489,26.51,28.44,-32.08,0.0,0.0,0.0,0.0,0.0,10.72,DEAD_RECKONING,1.69,327.99,-2100.06,-9.9,1278.56,False,False,False,false
1788952209978,-2.0471,6.5581,7.797,0.30572,0.22436,-0.62489,26.51,28.44,-32.08,0.0,0.0,0.0,0.0,0.0,10.72,DEAD_RECKONING,1.69,329.53,-2097.79,-7.56,1280.05,False,False,False,false
1788952210103,-2.0471,6.5581,7.797,0.30572,0.22436,-0.62489,26.51,28.44,-32.08,0.0,0.0,0.0,0.0,0.0,10.72,DEAD_RECKONING,1.69,331.04,-2095.29,-4.74,1282.2,False,False,False,false
1788952210222,-2.0471,6.5581,7.797,0.30572,0.22436,-0.62489,26.51,28.44,-32.08,0.0,0.0,0.0,0.0,0.0,10.72,DEAD_RECKONING,1.69,332.55,-2092.57,-1.39,1285.0,False,False,False,false
1788952210351,-2.0471,6.5581,7.797,0.30572,0.22436,-0.62489,26.51,28.44,-32.08,0.0,0.0,0.0,0.0,0.0,10.72,DEAD_RECKONING,1.69,334.06,-2089.63,2.48,1288.4,False,False,False,false
1788952210478,-2.0471,6.5581,7.797,0.30572,0.22436,-0.62489,26.51,28.44,-32.08,0.0,0.0,0.0,0.0,0.0,10.72,DEAD_RECKONING,1.69,335.58,-2086.5,6.86,1292.33,False,False,False,false
1788952210606,-2.0471,6.5581,7.797,0.30572,0.22436,-0.62489,26.51,28.44,-32.08,0.0,0.0,0.0,0.0,0.0,10.72,DEAD_RECKONING,1.69,337.14,-2083.2,11.73,1296.67,False,False,False,false
1788952210734,-2.0471,6.5581,7.797,0.30572,0.22436,-0.62489,26.51,28.44,-32.08,0.0,0.0,0.0,0.0,0.0,10.72,DEAD_RECKONING,1.69,338.75,-2079.76,17.03,1301.32,False,False,False,false
1788952210855,-2.0471,6.5581,7.797,0.30572,0.22436,-0.62489,26.51,28.44,-32.08,0.0,0.0,0.0,0.0,0.0,10.72,DEAD_RECKONING,1.69,341.31,-2075.58,23.62,1308.3,True,False,False,false
1788952210982,-2.0471,6.5581,7.797,0.30572,0.22436,-0.62489,26.51,28.44,-32.08,0.0,0.0,0.0,0.0,0.0,10.72,DEAD_RECKONING,1.69,343.04,-2071.85,29.77,1314.7,True,False,False,false
1788952211105,-2.0471,6.5581,7.797,0.30572,0.22436,-0.62489,26.51,28.44,-32.08,0.0,0.0,0.0,0.0,0.0,10.72,DEAD_RECKONING,1.69,345.12,-2067.66,36.82,1321.2,False,False,False,false
1788952211231,-2.0471,6.5581,7.797,0.30572,0.22436,-0.62489,26.51,28.44,-32.08,0.0,0.0,0.0,0.0,0.0,10.72,DEAD_RECKONING,1.69,347.51,-2064.24,42.8,1324.85,False,False,False,false
1788952211359,-2.0471,6.5581,7.797,0.30572,0.22436,-0.62489,26.51,28.44,-32.08,0.0,0.0,0.0,0.0,0.0,10.72,DEAD_RECKONING,1.69,350.36,-2060.88,48.67,1328.12,False,False,False,false
1788952211487,-2.0471,6.5581,7.797,0.30572,0.22436,-0.62489,26.51,28.44,-32.08,0.0,0.0,0.0,0.0,0.0,10.72,DEAD_RECKONING,1.69,354.0,-2057.78,54.05,1330.75,False,False,False,false
1788952211613,-2.0471,6.5581,7.797,0.30572,0.22436,-0.62489,26.51,28.44,-32.08,0.0,0.0,0.0,0.0,0.0,10.72,DEAD_RECKONING,1.69,359.05,-2055.21,58.5,1332.45,False,False,False,false
1788952211741,-2.0471,6.5581,7.797,0.30572,0.22436,-0.62489,26.51,28.44,-32.08,0.0,0.0,0.0,0.0,0.0,10.72,DEAD_RECKONING,1.69,7.02,-2053.6,61.24,1332.47,False,False,False,false
1788952211860,-2.0471,6.5581,7.797,0.30572,0.22436,-0.62489,26.51,28.44,-32.08,0.0,0.0,0.0,0.0,0.0,10.72,DEAD_RECKONING,1.69,22.02,-2053.9,60.45,1328.64,False,False,False,false
1788952211984,-2.0471,6.5581,7.797,0.30572,0.22436,-0.62489,26.51,28.44,-32.08,0.0,0.0,0.0,0.0,0.0,10.72,DEAD_RECKONING,1.69,55.19,-2059.22,49.3,1311.18,False,False,False,false
1788952212108,-2.0471,6.5581,7.797,0.30572,0.22436,-0.62489,26.51,28.44,-32.08,0.0,0.0,0.0,0.0,0.0,10.72,DEAD_RECKONING,1.69,103.22,-2062.54,40.21,1292.0,False,False,False,false
1788952212231,-2.0471,6.5581,7.797,0.30572,0.22436,-0.62489,26.51,28.44,-32.08,0.0,0.0,0.0,0.0,0.0,10.72,DEAD_RECKONING,1.77,130.4,-2060.29,44.2,1292.41,False,False,False,false
1788952212356,-2.0471,6.5581,7.797,0.30572,0.22436,-0.62489,26.51,28.44,-32.08,0.0,0.0,0.0,0.0,0.0,10.72,DEAD_RECKONING,1.77,142.95,-2058.51,47.32,1292.0,False,False,False,false
1788952212479,-2.0471,6.5581,7.797,0.30572,0.22436,-0.62489,26.51,28.44,-32.08,0.0,0.0,0.0,0.0,0.0,10.72,DEAD_RECKONING,1.77,149.94,-2057.13,49.76,1291.43,False,False,False,false
1788952212602,-2.0471,6.5581,7.797,0.30572,0.22436,-0.62489,26.51,28.44,-32.08,0.0,0.0,0.0,0.0,0.0,10.72,DEAD_RECKONING,1.77,154.55,-2056.14,51.4,1290.52,False,False,False,false
1788952212726,-2.0471,6.5581,7.797,0.30572,0.22436,-0.62489,26.51,28.44,-32.08,0.0,0.0,0.0,0.0,0.0,10.72,DEAD_RECKONING,1.77,157.95,-2055.53,51.99,1289.11,False,False,False,false
1788952212846,-2.0471,6.5581,7.797,0.30572,0.22436,-0.62489,26.51,28.44,-32.08,0.0,0.0,0.0,0.0,0.0,10.72,DEAD_RECKONING,1.77,160.66,-2055.27,51.12,1287.02,False,False,False,false
1788952212973,-2.0471,6.5581,7.797,0.30572,0.22436,-0.62489,26.51,28.44,-32.08,0.0,0.0,0.0,0.0,0.0,10.72,DEAD_RECKONING,1.77,162.96,-2055.33,48.09,1283.99,False,False,False,false
1788952213095,-2.0471,6.5581,7.797,0.30572,0.22436,-0.62489,26.51,28.44,-32.08,0.0,0.0,0.0,0.0,0.0,10.72,DEAD_RECKONING,1.77,164.98,-2055.64,41.55,1279.55,False,False,False,false
1788952213408,-2.0471,6.5581,7.797,0.30572,0.22436,-0.62489,26.51,28.44,-32.08,0.0,0.0,0.0,0.0,0.0,10.72,DEAD_RECKONING,1.77,166.83,-2056.12,28.65,1272.69,False,False,False,false
1788952213532,-2.0471,6.5581,7.797,0.30572,0.22436,-0.62489,26.51,28.44,-32.08,0.0,0.0,0.0,0.0,0.0,10.72,DEAD_RECKONING,1.77,168.56,-2056.62,2.23,1260.41,False,False,False,false
1788952213658,-2.0471,6.5581,7.797,0.30572,0.22436,-0.62489,26.51,28.44,-32.08,0.0,0.0,0.0,0.0,0.0,10.72,DEAD_RECKONING,1.77,170.2,-2057.02,-59.91,1232.13,False,False,False,false
1788952213783,-2.0471,6.5581,7.797,0.30572,0.22436,-0.62489,26.51,28.44,-32.08,0.0,0.0,0.0,0.0,0.0,10.72,DEAD_RECKONING,1.77,171.79,-2054.37,-173.57,1172.13,False,False,False,false
1788952213906,-2.0471,6.5581,7.797,0.30572,0.22436,-0.62489,26.51,28.44,-32.08,0.0,0.0,0.0,0.0,0.0,10.72,DEAD_RECKONING,1.77,173.35,-2045.47,-153.85,1163.68,False,False,False,false
1788952214030,-2.0471,6.5581,7.797,0.30572,0.22436,-0.62489,26.51,28.44,-32.08,0.0,0.0,0.0,0.0,0.0,10.72,DEAD_RECKONING,1.77,174.89,-2027.89,-153.75,1125.81,False,False,False,false
1788952214153,-2.0471,6.5581,7.797,0.30572,0.22436,-0.62489,26.51,28.44,-32.08,0.0,0.0,0.0,0.0,0.0,10.72,DEAD_RECKONING,1.77,176.43,-2018.29,-154.2,1109.12,False,False,False,false
1788952214280,-2.0471,6.5581,7.797,0.30572,0.22436,-0.62489,26.51,28.44,-32.08,0.0,0.0,0.0,0.0,0.0,10.72,DEAD_RECKONING,1.77,177.98,-2013.68,-152.64,1101.6,False,False,False,false
1788952214436,-2.0471,6.5581,7.797,0.30572,0.22436,-0.62489,26.51,28.44,-32.08,0.0,0.0,0.0,0.0,0.0,10.72,DEAD_RECKONING,1.77,179.55,-2010.19,-150.85,1096.1,False,False,False,false
1788952214562,-2.0471,6.5581,7.797,0.30572,0.22436,-0.62489,26.51,28.44,-32.08,0.0,0.0,0.0,0.0,0.0,10.72,DEAD_RECKONING,1.77,181.15,-2007.1,-149.17,1091.79,False,False,False,false
1788952214687,-2.0471,6.5581,7.797,0.30572,0.22436,-0.62489,26.51,28.44,-32.08,0.0,0.0,0.0,0.0,0.0,10.72,DEAD_RECKONING,1.77,182.78,-2004.49,-147.75,1088.7,False,False,False,false
1788952214813,-2.0471,6.5581,7.797,0.30572,0.22436,-0.62489,26.51,28.44,-32.08,0.0,0.0,0.0,0.0,0.0,10.72,DEAD_RECKONING,1.77,184.46,-2002.58,-146.72,1087.0,False,False,False,false
1788952214937,-2.0471,6.5581,7.797,0.30572,0.22436,-0.62489,26.51,28.44,-32.08,0.0,0.0,0.0,0.0,0.0,10.72,DEAD_RECKONING,1.77,186.2,-2001.65,-146.29,1086.99,False,False,False,false
1788952215062,-2.0471,6.5581,7.797,0.30572,0.22436,-0.62489,26.51,28.44,-32.08,0.0,0.0,0.0,0.0,0.0,10.72,DEAD_RECKONING,1.77,188.0,-2002.13,-146.79,1089.15,False,False,False,false
1788952215189,-2.0471,6.5581,7.797,0.30572,0.22436,-0.62489,26.51,28.44,-32.08,0.0,0.0,0.0,0.0,0.0,10.72,DEAD_RECKONING,1.77,189.87,-2004.66,-148.76,1094.31,False,False,False,false
1788952215409,-2.0471,6.5581,7.797,0.30572,0.22436,-0.62489,26.51,28.44,-32.08,0.0,0.0,0.0,0.0,0.0,10.72,DEAD_RECKONING,1.77,191.83,-2010.41,-153.22,1103.97,False,False,False,false
1788952215532,-2.0471,6.5581,7.797,0.30572,0.22436,-0.62489,26.51,28.44,-32.08,0.0,0.0,0.0,0.0,0.0,10.72,DEAD_RECKONING,1.8,193.89,-2021.63,-162.36,1121.32,False,False,False,false
1788952215653,-2.0471,6.5581,7.797,0.30572,0.22436,-0.62489,26.51,28.44,-32.08,0.0,0.0,0.0,0.0,0.0,10.72,DEAD_RECKONING,1.96,196.05,-2043.9,-182.08,1154.39,False,False,False,false
1788952215772,-2.0471,6.5581,7.797,0.30572,0.22436,-0.62489,26.51,28.44,-32.08,0.0,0.0,0.0,0.0,0.0,10.72,DEAD_RECKONING,1.96,198.32,-2094.54,-233.16,1229.25,False,False,False,false
1788952215897,-2.0471,6.5581,7.797,0.30572,0.22436,-0.62489,26.51,28.44,-32.08,0.0,0.0,0.0,0.0,0.0,10.72,DEAD_RECKONING,1.96,200.72,-2203.74,-366.74,1396.74,False,False,False,false
1788952216025,-2.0471,6.5581,7.797,0.30572,0.22436,-0.62489,26.51,28.44,-32.08,0.0,0.0,0.0,0.0,0.0,10.72,DEAD_RECKONING,1.96,203.27,-2163.99,-300.69,1325.62,False,False,False,false
1788952216156,-2.0471,6.5581,7.797,0.30572,0.22436,-0.62489,26.51,28.44,-32.08,0.0,0.0,0.0,0.0,0.0,10.72,DEAD_RECKONING,1.96,205.96,-2174.49,-288.97,1337.4,False,False,False,false
1788952216275,-2.0471,6.5581,7.797,0.30572,0.22436,-0.62489,26.51,28.44,-32.08,0.0,0.0,0.0,0.0,0.0,10.72,DEAD_RECKONING,1.96,208.83,-2183.09,-278.01,1353.65,False,False,False,false
1788952216399,-2.0471,6.5581,7.797,0.30572,0.22436,-0.62489,26.51,28.44,-32.08,0.0,0.0,0.0,0.0,0.0,10.72,DEAD_RECKONING,1.96,211.86,-2224.11,-253.41,1383.3,False,False,False,false
1788952216526,-2.0471,6.5581,7.797,0.30572,0.22436,-0.62489,26.51,28.44,-32.08,0.0,0.0,0.0,0.0,0.0,10.72,DEAD_RECKONING,1.96,215.09,-2185.03,-228.55,1457.59,False,False,False,false
1788952216644,-2.0471,6.5581,7.797,0.30572,0.22436,-0.62489,26.51,28.44,-32.08,0.0,0.0,0.0,0.0,0.0,10.72,DEAD_RECKONING,1.96,218.51,-2216.35,-215.8,1468.88,False,False,False,false
1788952216767,-2.0471,6.5581,7.797,0.30572,0.22436,-0.62489,26.51,28.44,-32.08,0.0,0.0,0.0,0.0,0.0,10.72,DEAD_RECKONING,1.96,222.13,-2213.12,-211.02,1479.32,False,False,False,false
1788952216895,-2.0471,6.5581,7.797,0.30572,0.22436,-0.62489,26.51,28.44,-32.08,0.0,0.0,0.0,0.0,0.0,10.72,DEAD_RECKONING,1.96,225.95,-2214.85,-206.61,1483.87,False,False,False,false
1788952217021,-2.0471,6.5581,7.797,0.30572,0.22436,-0.62489,26.51,28.44,-32.08,0.0,0.0,0.0,0.0,0.0,10.72,DEAD_RECKONING,1.96,229.97,-2219.41,-199.38,1491.47,False,False,False,false
1788952217142,-2.0471,6.5581,7.797,0.30572,0.22436,-0.62489,26.51,28.44,-32.08,0.0,0.0,0.0,0.0,0.0,10.72,DEAD_RECKONING,1.96,234.17,-2225.13,-191.45,1500.04,False,False,False,false
1788952217265,-2.0471,6.5581,7.797,0.30572,0.22436,-0.62489,26.51,28.44,-32.08,0.0,0.0,0.0,0.0,0.0,10.72,DEAD_RECKONING,1.96,238.54,-2233.6,-182.99,1508.28,False,False,False,false
1788952217390,-2.0471,6.5581,7.797,0.30572,0.22436,-0.62489,26.51,28.44,-32.08,0.0,0.0,0.0,0.0,0.0,10.72,DEAD_RECKONING,1.96,243.04,-2244.85,-175.31,1514.83,False,False,False,false
1788952217516,-2.0471,6.5581,7.797,0.30572,0.22436,-0.62489,26.51,28.44,-32.08,0.0,0.0,0.0,0.0,0.0,10.72,DEAD_RECKONING,1.96,247.64,-2251.71,-172.11,1516.88,False,False,False,false
1788952217640,-2.0471,6.5581,7.797,0.30572,0.22436,-0.62489,26.51,28.44,-32.08,0.0,0.0,0.0,0.0,0.0,10.72,DEAD_RECKONING,1.96,252.3,-2257.38,-169.95,1517.5,False,False,False,false
1788952217767,-2.0471,6.5581,7.797,0.30572,0.22436,-0.62489,26.51,28.44,-32.08,0.0,0.0,0.0,0.0,0.0,10.72,DEAD_RECKONING,1.96,256.98,-2264.13,-168.11,1517.05,False,False,False,false
1788952217894,-2.0471,6.5581,7.797,0.30572,0.22436,-0.62489,26.51,28.44,-32.08,0.0,0.0,0.0,0.0,0.0,10.72,DEAD_RECKONING,1.96,261.62,-2271.53,-167.0,1515.28,False,False,False,false
1788952218019,-2.0471,6.5581,7.797,0.30572,0.22436,-0.62489,26.51,28.44,-32.08,0.0,0.0,0.0,0.0,0.0,10.72,DEAD_RECKONING,1.96,266.41,-2278.15,-166.86,1512.63,True,False,False,false
1788952218144,-2.0471,6.5581,7.797,0.30572,0.22436,-0.62489,26.51,28.44,-32.08,0.0,0.0,0.0,0.0,0.0,10.72,DEAD_RECKONING,1.96,271.06,-2285.97,-166.91,1508.84,True,False,False,false
1788952218268,-2.0471,6.5581,7.797,0.30572,0.22436,-0.62489,26.51,28.44,-32.08,0.0,0.0,0.0,0.0,0.0,10.72,DEAD_RECKONING,1.88,275.52,-2291.49,-167.55,1505.41,True,False,False,false
1788952218386,-2.0471,6.5581,7.797,0.30572,0.22436,-0.62489,26.51,28.44,-32.08,0.0,0.0,0.0,0.0,0.0,10.72,DEAD_RECKONING,1.88,279.8,-2300.2,-168.69,1499.29,True,False,False,false
1788952218505,-2.0471,6.5581,7.797,0.30572,0.22436,-0.62489,26.51,28.44,-32.08,0.0,0.0,0.0,0.0,0.0,10.72,DEAD_RECKONING,1.88,283.85,-2306.17,-170.46,1493.99,True,False,False,false
1788952218633,-2.0471,6.5581,7.797,0.30572,0.22436,-0.62489,26.51,28.44,-32.08,0.0,0.0,0.0,0.0,0.0,10.72,DEAD_RECKONING,1.88,287.71,-2314.3,-172.53,1486.63,True,False,False,false
1788952218759,-2.0471,6.5581,7.797,0.30572,0.22436,-0.62489,26.51,28.44,-32.08,0.0,0.0,0.0,0.0,0.0,10.72,DEAD_RECKONING,1.88,291.35,-2319.82,-174.74,1480.68,True,False,False,false
1788952218887,-2.0471,6.5581,7.797,0.30572,0.22436,-0.62489,26.51,28.44,-32.08,0.0,0.0,0.0,0.0,0.0,10.72,DEAD_RECKONING,1.88,294.8,-2327.04,-177.23,1472.85,True,False,False,false
1788952219015,-2.0471,6.5581,7.797,0.30572,0.22436,-0.62489,26.51,28.44,-32.08,0.0,0.0,0.0,0.0,0.0,10.72,DEAD_RECKONING,1.88,298.05,-2332.14,-179.73,1466.43,True,False,False,false
1788952219145,-2.0471,6.5581,7.797,0.30572,0.22436,-0.62489,26.51,28.44,-32.08,0.0,0.0,0.0,0.0,0.0,10.72,DEAD_RECKONING,1.88,301.13,-2337.97,-182.19,1459.13,True,False,False,false
1788952219262,-2.0471,6.5581,7.797,0.30572,0.22436,-0.62489,26.51,28.44,-32.08,0.0,0.0,0.0,0.0,0.0,10.72,DEAD_RECKONING,1.88,304.03,-2342.32,-184.49,1453.07,True,False,False,false
1788952219388,-2.0471,6.5581,7.797,0.30572,0.22436,-0.62489,26.51,28.44,-32.08,0.0,0.0,0.0,0.0,0.0,10.72,DEAD_RECKONING,1.88,306.79,-2346.75,-186.57,1446.87,True,False,False,false
1788952219513,-2.0471,6.5581,7.797,0.30572,0.22436,-0.62489,26.51,28.44,-32.08,0.0,0.0,0.0,0.0,0.0,10.72,DEAD_RECKONING,1.88,309.41,-2350.14,-188.37,1441.76,True,False,False,false
1788952219640,-2.0471,6.5581,7.797,0.30572,0.22436,-0.62489,26.51,28.44,-32.08,0.0,0.0,0.0,0.0,0.0,10.72,DEAD_RECKONING,1.88,311.9,-2353.22,-189.82,1437.08,True,False,False,false
1788952219760,-2.0471,6.5581,7.797,0.30572,0.22436,-0.62489,26.51,28.44,-32.08,0.0,0.0,0.0,0.0,0.0,10.72,DEAD_RECKONING,1.88,314.29,-2355.57,-190.96,1433.35,True,False,False,false
1788952219887,-2.0471,6.5581,7.797,0.30572,0.22436,-0.62489,26.51,28.44,-32.08,0.0,0.0,0.0,0.0,0.0,10.72,DEAD_RECKONING,1.88,316.57,-2357.48,-191.75,1430.25,True,False,False,false
1788952220014,-2.0471,6.5581,7.797,0.30572,0.22436,-0.62489,26.51,28.44,-32.08,0.0,0.0,0.0,0.0,0.0,10.72,DEAD_RECKONING,1.95,318.77,-2359.2,-192.43,1427.35,True,False,False,false
1788952220140,-2.0471,6.5581,7.797,0.30572,0.22436,-0.62489,26.51,28.44,-32.08,0.0,0.0,0.0,0.0,0.0,10.72,DEAD_RECKONING,1.69,320.89,-2358.79,-192.08,1427.93,True,False,False,false
1788952220265,-2.0471,6.5581,7.797,0.30572,0.22436,-0.62489,26.51,28.44,-32.08,0.0,0.0,0.0,0.0,0.0,10.72,DEAD_RECKONING,1.69,322.92,-2359.12,-191.9,1427.34,True,False,False,false
1788952220390,-2.0471,6.5581,7.797,0.30572,0.22436,-0.62489,26.51,28.44,-32.08,0.0,0.0,0.0,0.0,0.0,10.72,DEAD_RECKONING,1.69,324.9,-2359.35,-191.75,1426.88,True,False,False,false
1788952220513,-2.0471,6.5581,7.797,0.30572,0.22436,-0.62489,26.51,28.44,-32.08,0.0,0.0,0.0,0.0,0.0,10.72,DEAD_RECKONING,1.69,326.84,-2359.4,-191.56,1426.69,True,False,False,false
1788952220639,-2.0471,6.5581,7.797,0.30572,0.22436,-0.62489,26.51,28.44,-32.08,0.0,0.0,0.0,0.0,0.0,10.72,DEAD_RECKONING,1.69,328.73,-2359.22,-191.26,1426.93,True,False,False,false
1788952220764,-2.0471,6.5581,7.797,0.30572,0.22436,-0.62489,26.51,28.44,-32.08,0.0,0.0,0.0,0.0,0.0,10.72,DEAD_RECKONING,1.69,330.6,-2358.82,-190.84,1427.61,True,False,False,false
1788952220887,-2.0471,6.5581,7.797,0.30572,0.22436,-0.62489,26.51,28.44,-32.08,0.0,0.0,0.0,0.0,0.0,10.72,DEAD_RECKONING,1.69,332.43,-2358.25,-190.31,1428.7,True,False,False,false
1788952221214,-2.0471,6.5581,7.797,0.30572,0.22436,-0.62489,26.51,28.44,-32.08,0.0,0.0,0.0,0.0,0.0,10.72,DEAD_RECKONING,1.69,334.26,-2357.55,-189.66,1430.15,True,False,False,false
1788952221334,-2.0471,6.5581,7.797,0.30572,0.22436,-0.62489,26.51,28.44,-32.08,0.0,0.0,0.0,0.0,0.0,10.72,DEAD_RECKONING,1.69,336.07,-2356.75,-188.89,1431.91,True,False,False,false
1788952221456,-2.0471,6.5581,7.797,0.30572,0.22436,-0.62489,26.51,28.44,-32.08,0.0,0.0,0.0,0.0,0.0,10.72,DEAD_RECKONING,1.69,337.9,-2355.91,-188.02,1433.94,True,False,False,false
1788952221584,-2.0471,6.5581,7.797,0.30572,0.22436,-0.62489,26.51,28.44,-32.08,0.0,0.0,0.0,0.0,0.0,10.72,DEAD_RECKONING,1.69,339.76,-2355.05,-187.04,1436.32,False,False,False,false
1788952221713,-2.0471,6.5581,7.797,0.30572,0.22436,-0.62489,26.51,28.44,-32.08,0.0,0.0,0.0,0.0,0.0,10.72,DEAD_RECKONING,1.69,341.67,-2354.21,-185.92,1438.87,False,False,False,false
1788952221839,-2.0471,6.5581,7.797,0.30572,0.22436,-0.62489,26.51,28.44,-32.08,0.0,0.0,0.0,0.0,0.0,10.72,DEAD_RECKONING,1.69,343.66,-2353.46,-184.68,1441.4,False,False,False,false
1788952221957,-2.0471,6.5581,7.797,0.30572,0.22436,-0.62489,26.51,28.44,-32.08,0.0,0.0,0.0,0.0,0.0,10.72,DEAD_RECKONING,1.69,345.76,-2352.85,-183.32,1443.69,False,False,False,false
1788952222082,-2.0471,6.5581,7.797,0.30572,0.22436,-0.62489,26.51,28.44,-32.08,0.0,0.0,0.0,0.0,0.0,10.72,DEAD_RECKONING,1.69,348.03,-2352.38,-181.86,1445.62,False,False,False,false
1788952222207,-2.0471,6.5581,7.797,0.30572,0.22436,-0.62489,26.51,28.44,-32.08,0.0,0.0,0.0,0.0,0.0,10.72,DEAD_RECKONING,1.69,350.52,-2352.0,-180.32,1447.18,False,False,False,false
1788952222333,-2.0471,6.5581,7.797,0.30572,0.22436,-0.62489,26.51,28.44,-32.08,0.0,0.0,0.0,0.0,0.0,10.72,DEAD_RECKONING,1.69,353.34,-2351.73,-178.78,1448.42,False,False,False,false
1788952222460,-2.0471,6.5581,7.797,0.30572,0.22436,-0.62489,26.51,28.44,-32.08,0.0,0.0,0.0,0.0,0.0,10.72,DEAD_RECKONING,1.69,356.63,-2351.6,-177.28,1449.37,False,False,False,false
1788952222585,-2.0471,6.5581,7.797,0.30572,0.22436,-0.62489,26.51,28.44,-32.08,0.0,0.0,0.0,0.0,0.0,10.72,DEAD_RECKONING,1.69,0.62,-2351.61,-175.85,1450.07,False,False,False,false
1788952222711,-2.0471,6.5581,7.797,0.30572,0.22436,-0.62489,26.51,28.44,-32.08,0.0,0.0,0.0,0.0,0.0,10.72,DEAD_RECKONING,1.69,5.74,-2351.75,-174.47,1450.52,False,False,False,false
1788952222832,-2.0471,6.5581,7.797,0.30572,0.22436,-0.62489,26.51,28.44,-32.08,0.0,0.0,0.0,0.0,0.0,10.72,DEAD_RECKONING,1.69,12.71,-2352.03,-173.16,1450.74,False,False,False,false
1788952222960,-2.0471,6.5581,7.797,0.30572,0.22436,-0.62489,26.51,28.44,-32.08,0.0,0.0,0.0,0.0,0.0,10.72,DEAD_RECKONING,1.69,22.94,-2352.43,-171.92,1450.75,False,False,False,false
1788952223077,-2.0471,6.5581,7.797,0.30572,0.22436,-0.62489,26.51,28.44,-32.08,0.0,0.0,0.0,0.0,0.0,10.72,DEAD_RECKONING,1.69,39.05,-2352.96,-170.76,1450.54,False,False,False,false
1788952223201,-2.0471,6.5581,7.797,0.30572,0.22436,-0.62489,26.51,28.44,-32.08,0.0,0.0,0.0,0.0,0.0,10.72,DEAD_RECKONING,1.69,63.88,-2353.63,-169.7,1450.12,False,False,False,false
1788952223328,-2.0471,6.5581,7.797,0.30572,0.22436,-0.62489,26.51,28.44,-32.08,0.0,0.0,0.0,0.0,0.0,10.72,DEAD_RECKONING,1.77,93.49,-2354.48,-168.8,1449.45,False,False,False,false
1788952223456,-2.0471,6.5581,7.797,0.30572,0.22436,-0.62489,26.51,28.44,-32.08,0.0,0.0,0.0,0.0,0.0,10.72,DEAD_RECKONING,1.77,116.96,-2355.5,-168.05,1448.57,False,False,False,false
1788952224228,-2.0471,6.5581,7.797,0.30572,0.22436,-0.62489,26.51,28.44,-32.08,0.0,0.0,0.0,0.0,0.0,10.72,DEAD_RECKONING,1.77,131.96,-2356.7,-167.47,1447.47,False,False,False,false
1788952224348,-2.0471,6.5581,7.797,0.30572,0.22436,-0.62489,26.51,28.44,-32.08,0.0,0.0,0.0,0.0,0.0,10.72,DEAD_RECKONING,1.77,141.57,-2358.1,-167.08,1446.16,False,False,False,false
1788952224471,-2.0471,6.5581,7.797,0.30572,0.22436,-0.62489,26.51,28.44,-32.08,0.0,0.0,0.0,0.0,0.0,10.72,DEAD_RECKONING,1.77,148.18,-2359.73,-166.93,1444.63,False,False,False,false
1788952224595,-2.0471,6.5581,7.797,0.30572,0.22436,-0.62489,26.51,28.44,-32.08,0.0,0.0,0.0,0.0,0.0,10.72,DEAD_RECKONING,1.77,153.09,-2361.62,-167.06,1442.86,False,False,False,false
1788952224725,-2.0471,6.5581,7.797,0.30572,0.22436,-0.62489,26.51,28.44,-32.08,0.0,0.0,0.0,0.0,0.0,10.72,DEAD_RECKONING,1.77,156.96,-2363.82,-167.52,1440.83,False,False,False,false
1788952224843,-2.0471,6.5581,7.797,0.30572,0.22436,-0.62489,26.51,28.44,-32.08,0.0,0.0,0.0,0.0,0.0,10.72,DEAD_RECKONING,1.77,160.16,-2366.38,-168.38,1438.51,False,False,False,false
1788952224963,-2.0471,6.5581,7.797,0.30572,0.22436,-0.62489,26.51,28.44,-32.08,0.0,0.0,0.0,0.0,0.0,10.72,DEAD_RECKONING,1.77,162.92,-2369.37,-169.74,1435.85,False,False,False,false
1788952225093,-2.0471,6.5581,7.797,0.30572,0.22436,-0.62489,26.51,28.44,-32.08,0.0,0.0,0.0,0.0,0.0,10.72,DEAD_RECKONING,1.77,165.38,-2372.88,-171.7,1432.78,False,False,False,false
1788952225217,-2.0471,6.5581,7.797,0.30572,0.22436,-0.62489,26.51,28.44,-32.08,0.0,0.0,0.0,0.0,0.0,10.72,DEAD_RECKONING,1.77,167.62,-2377.02,-174.41,1429.21,False,False,False,false
1788952225347,-2.0471,6.5581,7.797,0.30572,0.22436,-0.62489,26.51,28.44,-32.08,0.0,0.0,0.0,0.0,0.0,10.72,DEAD_RECKONING,1.77,169.7,-2381.86,-177.97,1425.07,False,False,False,false
1788952225472,-2.0471,6.5581,7.797,0.30572,0.22436,-0.62489,26.51,28.44,-32.08,0.0,0.0,0.0,0.0,0.0,10.72,DEAD_RECKONING,1.77,171.68,-2387.5,-182.46,1420.33,False,False,False,false
1788952225598,-2.0471,6.5581,7.797,0.30572,0.22436,-0.62489,26.51,28.44,-32.08,0.0,0.0,0.0,0.0,0.0,10.72,DEAD_RECKONING,1.77,173.58,-2393.99,-187.97,1414.96,False,False,False,false
1788952225721,-2.0471,6.5581,7.797,0.30572,0.22436,-0.62489,26.51,28.44,-32.08,0.0,0.0,0.0,0.0,0.0,10.72,DEAD_RECKONING,1.77,175.42,-2401.48,-194.45,1409.07,False,False,False,false
1788952225847,-2.0471,6.5581,7.797,0.30572,0.22436,-0.62489,26.51,28.44,-32.08,0.0,0.0,0.0,0.0,0.0,10.72,DEAD_RECKONING,1.77,177.24,-2409.38,-201.53,1402.83,False,False,False,false
1788952225970,-2.0471,6.5581,7.797,0.30572,0.22436,-0.62489,26.51,28.44,-32.08,0.0,0.0,0.0,0.0,0.0,10.72,DEAD_RECKONING,1.77,179.04,-2420.5,-209.84,1396.93,False,False,False,false
1788952226096,-2.0471,6.5581,7.797,0.30572,0.22436,-0.62489,26.51,28.44,-32.08,0.0,0.0,0.0,0.0,0.0,10.72,DEAD_RECKONING,1.77,180.84,-2418.19,-214.12,1388.51,False,False,False,false
1788952226221,-2.0471,6.5581,7.797,0.30572,0.22436,-0.62489,26.51,28.44,-32.08,0.0,0.0,0.0,0.0,0.0,10.72,DEAD_RECKONING,1.77,182.66,-2478.07,-234.62,1395.03,False,False,False,false
1788952226347,-2.0471,6.5581,7.797,0.30572,0.22436,-0.62489,26.51,28.44,-32.08,0.0,0.0,0.0,0.0,0.0,10.72,DEAD_RECKONING,1.77,184.49,-2460.55,-229.9,1388.27,False,False,False,false
1788952226471,-2.0471,6.5581,7.797,0.30572,0.22436,-0.62489,26.51,28.44,-32.08,0.0,0.0,0.0,0.0,0.0,10.72,DEAD_RECKONING,1.77,186.36,-2456.07,-222.97,1392.45,False,False,False,false
1788952226591,-2.0471,6.5581,7.797,0.30572,0.22436,-0.62489,26.51,28.44,-32.08,0.0,0.0,0.0,0.0,0.0,10.72,DEAD_RECKONING,1.77,188.28,-2461.39,-225.55,1389.13,False,False,False,false
1788952226711,-2.0471,6.5581,7.797,0.30572,0.22436,-0.62489,26.51,28.44,-32.08,0.0,0.0,0.0,0.0,0.0,10.72,DEAD_RECKONING,1.77,190.25,-2454.09,-213.52,1398.4,False,False,False,false
1788952226835,-2.0471,6.5581,7.797,0.30572,0.22436,-0.62489,26.51,28.44,-32.08,0.0,0.0,0.0,0.0,0.0,10.72,DEAD_RECKONING,1.77,192.28,-2474.25,-229.22,1385.01,False,False,False,false
1788952226961,-2.0471,6.5581,7.797,0.30572,0.22436,-0.62489,26.51,28.44,-32.08,0.0,0.0,0.0,0.0,0.0,10.72,DEAD_RECKONING,1.77,194.39,-2446.8,-199.32,1407.43,False,False,False,false
1788952227083,-2.0471,6.5581,7.797,0.30572,0.22436,-0.62489,26.51,28.44,-32.08,0.0,0.0,0.0,0.0,0.0,10.72,DEAD_RECKONING,1.8,196.58,-2500.95,-240.97,1376.16,False,False,False,false
1788952227210,-2.0471,6.5581,7.797,0.30572,0.22436,-0.62489,26.51,28.44,-32.08,0.0,0.0,0.0,0.0,0.0,10.72,DEAD_RECKONING,2.03,198.87,-2477.88,-220.64,1388.6,False,False,False,false
1788952227332,-2.0471,6.5581,7.797,0.30572,0.22436,-0.62489,26.51,28.44,-32.08,0.0,0.0,0.0,0.0,0.0,10.72,DEAD_RECKONING,1.96,201.26,-2480.74,-219.91,1388.02,False,False,False,false
1788952227458,-2.0471,6.5581,7.797,0.30572,0.22436,-0.62489,26.51,28.44,-32.08,0.0,0.0,0.0,0.0,0.0,10.72,DEAD_RECKONING,1.96,203.77,-2480.96,-218.06,1387.55,False,False,False,false
1788952227583,-2.0471,6.5581,7.797,0.30572,0.22436,-0.62489,26.51,28.44,-32.08,0.0,0.0,0.0,0.0,0.0,10.72,DEAD_RECKONING,1.96,206.41,-2481.22,-215.71,1387.74,False,False,False,false
1788952227734,-2.0471,6.5581,7.797,0.30572,0.22436,-0.62489,26.51,28.44,-32.08,0.0,0.0,0.0,0.0,0.0,10.72,DEAD_RECKONING,1.96,209.19,-2483.03,-214.37,1387.08,False,False,False,false
1788952227853,-2.0471,6.5581,7.797,0.30572,0.22436,-0.62489,26.51,28.44,-32.08,0.0,0.0,0.0,0.0,0.0,10.72,DEAD_RECKONING,1.96,212.12,-2484.73,-212.94,1386.32,False,False,False,false
1788952227977,-2.0471,6.5581,7.797,0.30572,0.22436,-0.62489,26.51,28.44,-32.08,0.0,0.0,0.0,0.0,0.0,10.72,DEAD_RECKONING,1.96,215.2,-2488.06,-212.18,1385.03,False,False,False,false
1788952228103,-2.0471,6.5581,7.797,0.30572,0.22436,-0.62489,26.51,28.44,-32.08,0.0,0.0,0.0,0.0,0.0,10.72,DEAD_RECKONING,1.96,218.46,-2491.95,-211.95,1382.94,False,False,False,false
1788952228228,-2.0471,6.5581,7.797,0.30572,0.22436,-0.62489,26.51,28.44,-32.08,0.0,0.0,0.0,0.0,0.0,10.72,DEAD_RECKONING,1.96,221.89,-2497.04,-212.12,1380.36,False,False,False,false
1788952228352,-2.0471,6.5581,7.797,0.30572,0.22436,-0.62489,26.51,28.44,-32.08,0.0,0.0,0.0,0.0,0.0,10.72,DEAD_RECKONING,1.96,225.49,-2504.41,-213.65,1376.12,False,False,False,false
1788952228474,-2.0471,6.5581,7.797,0.30572,0.22436,-0.62489,26.51,28.44,-32.08,0.0,0.0,0.0,0.0,0.0,10.72,DEAD_RECKONING,1.96,229.27,-2509.11,-214.45,1371.89,False,False,False,false
1788952228600,-2.0471,6.5581,7.797,0.30572,0.22436,-0.62489,26.51,28.44,-32.08,0.0,0.0,0.0,0.0,0.0,10.72,DEAD_RECKONING,1.96,233.22,-2530.57,-220.87,1362.72,False,False,False,false
1788952228726,-2.0471,6.5581,7.797,0.30572,0.22436,-0.62489,26.51,28.44,-32.08,0.0,0.0,0.0,0.0,0.0,10.72,DEAD_RECKONING,1.96,237.29,-2502.83,-213.61,1363.95,True,False,False,false
1788952228849,-2.0471,6.5581,7.797,0.30572,0.22436,-0.62489,26.51,28.44,-32.08,0.0,0.0,0.0,0.0,0.0,10.72,DEAD_RECKONING,1.96,241.54,-2664.52,-260.61,1315.95,False,False,False,false
1788952228975,-2.0471,6.5581,7.797,0.30572,0.22436,-0.62489,26.51,28.44,-32.08,0.0,0.0,0.0,0.0,0.0,10.72,DEAD_RECKONING,1.96,245.9,-2665.3,-260.17,1312.95,False,False,False,false
1788952229098,-2.0471,6.5581,7.797,0.30572,0.22436,-0.62489,26.51,28.44,-32.08,0.0,0.0,0.0,0.0,0.0,10.72,DEAD_RECKONING,1.96,250.35,-2667.65,-260.29,1309.42,False,False,False,false
1788952229227,-2.0471,6.5581,7.797,0.30572,0.22436,-0.62489,26.51,28.44,-32.08,0.0,0.0,0.0,0.0,0.0,10.72,DEAD_RECKONING,1.96,254.85,-2669.93,-260.48,1305.83,False,False,False,false
1788952229353,-2.0471,6.5581,7.797,0.30572,0.22436,-0.62489,26.51,28.44,-32.08,0.0,0.0,0.0,0.0,0.0,10.72,DEAD_RECKONING,1.96,259.37,-2672.16,-260.73,1302.18,False,False,False,false
1788952229480,-2.0471,6.5581,7.797,0.30572,0.22436,-0.62489,26.51,28.44,-32.08,0.0,0.0,0.0,0.0,0.0,10.72,DEAD_RECKONING,1.96,263.86,-2674.31,-261.05,1298.48,False,False,False,false
1788952229604,-2.0471,6.5581,7.797,0.30572,0.22436,-0.62489,26.51,28.44,-32.08,0.0,0.0,0.0,0.0,0.0,10.72,DEAD_RECKONING,1.96,268.28,-2676.41,-261.44,1294.74,False,False,False,false
1788952229731,-2.0471,6.5581,7.797,0.30572,0.22436,-0.62489,26.51,28.44,-32.08,0.0,0.0,0.0,0.0,0.0,10.72,DEAD_RECKONING,1.96,272.62,-2678.44,-261.88,1290.96,False,False,False,false
1788952229860,-2.0471,6.5581,7.797,0.30572,0.22436,-0.62489,26.51,28.44,-32.08,0.0,0.0,0.0,0.0,0.0,10.72,DEAD_RECKONING,1.96,276.83,-2680.42,-262.39,1287.15,False,False,False,false
1788952229984,-2.0471,6.5581,7.797,0.30572,0.22436,-0.62489,26.51,28.44,-32.08,0.0,0.0,0.0,0.0,0.0,10.72,DEAD_RECKONING,1.88,280.89,-2682.33,-262.96,1283.3,False,False,False,false
1788952230105,-2.0471,6.5581,7.797,0.30572,0.22436,-0.62489,26.51,28.44,-32.08,0.0,0.0,0.0,0.0,0.0,10.72,DEAD_RECKONING,1.88,284.79,-2684.19,-263.58,1279.44,False,False,False,false
1788952230233,-2.0471,6.5581,7.797,0.30572,0.22436,-0.62489,26.51,28.44,-32.08,0.0,0.0,0.0,0.0,0.0,10.72,DEAD_RECKONING,1.88,288.52,-2685.99,-264.26,1275.56,False,False,False,false
1788952230361,-2.0471,6.5581,7.797,0.30572,0.22436,-0.62489,26.51,28.44,-32.08,0.0,0.0,0.0,0.0,0.0,10.72,DEAD_RECKONING,1.88,292.08,-2687.73,-264.99,1271.67,False,False,False,false
1788952230487,-2.0471,6.5581,7.797,0.30572,0.22436,-0.62489,26.51,28.44,-32.08,0.0,0.0,0.0,0.0,0.0,10.72,DEAD_RECKONING,1.88,295.46,-2689.42,-265.76,1267.76,False,False,False,false
1788952230610,-2.0471,6.5581,7.797,0.30572,0.22436,-0.62489,26.51,28.44,-32.08,0.0,0.0,0.0,0.0,0.0,10.72,DEAD_RECKONING,1.88,298.51,-2691.2,-266.41,1264.14,True,False,False,false
1788952230731,-2.0471,6.5581,7.797,0.30572,0.22436,-0.62489,26.51,28.44,-32.08,0.0,0.0,0.0,0.0,0.0,10.72,DEAD_RECKONING,1.88,301.53,-2692.78,-267.33,1260.16,True,False,False,false
1788952230856,-2.0471,6.5581,7.797,0.30572,0.22436,-0.62489,26.51,28.44,-32.08,0.0,0.0,0.0,0.0,0.0,10.72,DEAD_RECKONING,1.88,304.39,-2694.26,-268.31,1256.12,True,False,False,false
1788952230980,-2.0471,6.5581,7.797,0.30572,0.22436,-0.62489,26.51,28.44,-32.08,0.0,0.0,0.0,0.0,0.0,10.72,DEAD_RECKONING,1.88,307.04,-2695.67,-269.36,1252.05,True,False,False,false
1788952231105,-2.0471,6.5581,7.797,0.30572,0.22436,-0.62489,26.51,28.44,-32.08,0.0,0.0,0.0,0.0,0.0,10.72,DEAD_RECKONING,1.88,309.65,-2697.15,-270.36,1248.1,False,False,False,false
1788952231227,-2.0471,6.5581,7.797,0.30572,0.22436,-0.62489,26.51,28.44,-32.08,0.0,0.0,0.0,0.0,0.0,10.72,DEAD_RECKONING,1.88,312.14,-2698.58,-271.43,1244.12,False,False,False,false
1788952231352,-2.0471,6.5581,7.797,0.30572,0.22436,-0.62489,26.51,28.44,-32.08,0.0,0.0,0.0,0.0,0.0,10.72,DEAD_RECKONING,1.88,314.51,-2700.0,-272.53,1240.15,False,False,False,false
1788952231473,-2.0471,6.5581,7.797,0.30572,0.22436,-0.62489,26.51,28.44,-32.08,0.0,0.0,0.0,0.0,0.0,10.72,DEAD_RECKONING,1.88,316.78,-2701.38,-273.65,1236.19,False,False,False,false
1788952231601,-2.0471,6.5581,7.797,0.30572,0.22436,-0.62489,26.51,28.44,-32.08,0.0,0.0,0.0,0.0,0.0,10.72,DEAD_RECKONING,1.72,318.97,-2702.74,-274.78,1232.27,False,False,False,false
1788952231727,-2.0471,6.5581,7.797,0.30572,0.22436,-0.62489,26.51,28.44,-32.08,0.0,0.0,0.0,0.0,0.0,10.72,DEAD_RECKONING,1.69,321.07,-2704.06,-275.92,1228.37,False,False,False,false
1788952231852,-2.0471,6.5581,7.797,0.30572,0.22436,-0.62489,26.51,28.44,-32.08,0.0,0.0,0.0,0.0,0.0,10.72,DEAD_RECKONING,1.69,323.1,-2705.34,-277.05,1224.52,False,False,False,false
1788952231978,-2.0471,6.5581,7.797,0.30572,0.22436,-0.62489,26.51,28.44,-32.08,0.0,0.0,0.0,0.0,0.0,10.72,DEAD_RECKONING,1.69,325.07,-2706.57,-278.18,1220.73,False,False,False,false
1788952232093,-2.0471,6.5581,7.797,0.30572,0.22436,-0.62489,26.51,28.44,-32.08,0.0,0.0,0.0,0.0,0.0,10.72,DEAD_RECKONING,1.69,326.99,-2707.74,-279.28,1217.02,False,False,False,false
1788952232218,-2.0471,6.5581,7.797,0.30572,0.22436,-0.62489,26.51,28.44,-32.08,0.0,0.0,0.0,0.0,0.0,10.72,DEAD_RECKONING,1.69,328.87,-2708.83,-280.34,1213.4,False,False,False,false
1788952232351,-2.0471,6.5581,7.797,0.30572,0.22436,-0.62489,26.51,28.44,-32.08,0.0,0.0,0.0,0.0,0.0,10.72,DEAD_RECKONING,1.69,330.72,-2709.8,-281.34,1209.92,False,False,False,false
1788952232475,-2.0471,6.5581,7.797,0.30572,0.22436,-0.62489,26.51,28.44,-32.08,0.0,0.0,0.0,0.0,0.0,10.72,DEAD_RECKONING,1.69,332.56,-2710.63,-282.26,1206.63,False,False,False,false
1788952232602,-2.0471,6.5581,7.797,0.30572,0.22436,-0.62489,26.51,28.44,-32.08,0.0,0.0,0.0,0.0,0.0,10.72,DEAD_RECKONING,1.69,334.39,-2711.27,-283.06,1203.59,False,False,False,false
1788952232729,-2.0471,6.5581,7.797,0.30572,0.22436,-0.62489,26.51,28.44,-32.08,0.0,0.0,0.0,0.0,0.0,10.72,DEAD_RECKONING,1.69,336.22,-2711.64,-283.7,1200.89,False,False,False,false
1788952232859,-2.0471,6.5581,7.797,0.30572,0.22436,-0.62489,26.51,28.44,-32.08,0.0,0.0,0.0,0.0,0.0,10.72,DEAD_RECKONING,1.69,338.08,-2711.66,-284.11,1198.68,False,False,False,false
1788952232989,-2.0471,6.5581,7.797,0.30572,0.22436,-0.62489,26.51,28.44,-32.08,0.0,0.0,0.0,0.0,0.0,10.72,DEAD_RECKONING,1.69,339.98,-2711.2,-284.22,1197.13,False,False,False,false
1788952233115,-2.0471,6.5581,7.797,0.30572,0.22436,-0.62489,26.51,28.44,-32.08,0.0,0.0,0.0,0.0,0.0,10.72,DEAD_RECKONING,1.69,341.94,-2710.09,-283.91,1196.5,False,False,False,false
1788952233240,-2.0471,6.5581,7.797,0.30572,0.22436,-0.62489,26.51,28.44,-32.08,0.0,0.0,0.0,0.0,0.0,10.72,DEAD_RECKONING,1.69,343.99,-2708.11,-283.04,1197.13,False,False,False,false
1788952233366,-2.0471,6.5581,7.797,0.30572,0.22436,-0.62489,26.51,28.44,-32.08,0.0,0.0,0.0,0.0,0.0,10.72,DEAD_RECKONING,1.69,346.17,-2704.96,-281.45,1199.47,False,False,False,false
1788952233492,-2.0471,6.5581,7.797,0.30572,0.22436,-0.62489,26.51,28.44,-32.08,0.0,0.0,0.0,0.0,0.0,10.72,DEAD_RECKONING,1.69,348.53,-2700.35,-279.04,1204.0,False,False,False,false
1788952233619,-2.0471,6.5581,7.797,0.30572,0.22436,-0.62489,26.51,28.44,-32.08,0.0,0.0,0.0,0.0,0.0,10.72,DEAD_RECKONING,1.69,351.15,-2694.05,-275.93,1211.1,False,False,False,false
1788952233747,-2.0471,6.5581,7.797,0.30572,0.22436,-0.62489,26.51,28.44,-32.08,0.0,0.0,0.0,0.0,0.0,10.72,DEAD_RECKONING,1.69,354.12,-2686.59,-273.1,1220.3,False,False,False,false
1788952233872,-2.0471,6.5581,7.797,0.30572,0.22436,-0.62489,26.51,28.44,-32.08,0.0,0.0,0.0,0.0,0.0,10.72,DEAD_RECKONING,1.69,357.61,-2680.75,-273.35,1228.54,False,False,False,false
1788952234001,-2.0471,6.5581,7.797,0.30572,0.22436,-0.62489,26.51,28.44,-32.08,0.0,0.0,0.0,0.0,0.0,10.72,DEAD_RECKONING,1.69,1.89,-2680.97,-278.75,1230.75,False,False,False,false
1788952234535,-2.0471,6.5581,7.797,0.30572,0.22436,-0.62489,26.51,28.44,-32.08,0.0,0.0,0.0,0.0,0.0,10.72,DEAD_RECKONING,1.69,7.29,-2683.77,-283.54,1230.47,True,False,False,false
1788952234655,-2.0471,6.5581,7.797,0.30572,0.22436,-0.62489,26.51,28.44,-32.08,0.0,0.0,0.0,0.0,0.0,10.72,DEAD_RECKONING,1.69,14.88,-2696.59,-294.3,1210.28,True,False,False,false
1788952235046,-2.0471,6.5581,7.797,0.30572,0.22436,-0.62489,26.51,28.44,-32.08,0.0,0.0,0.0,0.0,0.0,10.72,DEAD_RECKONING,1.69,25.4,-2699.11,-295.04,1206.72,True,False,False,false
1788952236527,-2.0471,6.5581,7.797,0.30572,0.22436,-0.62489,26.51,28.44,-32.08,0.0,0.0,0.0,0.0,0.0,10.72,DEAD_RECKONING,1.69,41.16,-2699.05,-294.7,1206.32,True,False,False,false
1788952236645,-2.0471,6.5581,7.797,0.30572,0.22436,-0.62489,26.51,28.44,-32.08,0.0,0.0,0.0,0.0,0.0,10.72,DEAD_RECKONING,1.69,66.62,-2697.44,-293.39,1207.96,False,False,False,false
1788952237313,-2.0471,6.5581,7.797,0.30572,0.22436,-0.62489,26.51,28.44,-32.08,0.0,0.0,0.0,0.0,0.0,10.72,DEAD_RECKONING,1.77,95.93,-2693.96,-291.69,1211.83,False,False,False,false
1788952238316,-2.0471,6.5581,7.797,0.30572,0.22436,-0.62489,26.51,28.44,-32.08,0.0,0.0,0.0,0.0,0.0,10.72,DEAD_RECKONING,1.77,118.55,-2689.97,-290.06,1216.02,False,False,False,false
1788952242414,-2.0471,6.5581,7.797,0.30572,0.22436,-0.62489,26.51,28.44,-32.08,0.0,0.0,0.0,0.0,0.0,10.72,DEAD_RECKONING,1.77,132.96,-2684.89,-287.8,1221.39,False,False,False,false
1788952246887,-2.0471,6.5581,7.797,0.30572,0.22436,-0.62489,26.51,28.44,-32.08,0.0,0.0,0.0,0.0,0.0,10.72,DEAD_RECKONING,1.77,142.27,-2678.2,-284.63,1228.46,False,False,False,false
1788952251023,-2.0471,6.5581,7.797,0.30572,0.22436,-0.62489,26.51,28.44,-32.08,0.0,0.0,0.0,0.0,0.0,10.72,DEAD_RECKONING,1.77,148.72,-2669.31,-280.28,1237.78,False,False,False,false
1788952253543,-2.0471,6.5581,7.797,0.30572,0.22436,-0.62489,26.51,28.44,-32.08,0.0,0.0,0.0,0.0,0.0,10.72,DEAD_RECKONING,1.77,153.54,-2657.52,-274.45,1249.98,False,False,False,false
1788952253660,-2.0471,6.5581,7.797,0.30572,0.22436,-0.62489,26.51,28.44,-32.08,0.0,0.0,0.0,0.0,0.0,10.72,DEAD_RECKONING,1.77,157.36,-2641.85,-266.77,1265.89,False,False,False,false
1788952258371,-2.0471,6.5581,7.797,0.30572,0.22436,-0.62489,26.51,28.44,-32.08,0.0,0.0,0.0,0.0,0.0,10.72,DEAD_RECKONING,1.77,160.53,-2621.04,-256.8,1286.52,False,False,False,false
1788952261791,-2.0471,6.5581,7.797,0.30572,0.22436,-0.62489,26.51,28.44,-32.08,0.0,0.0,0.0,0.0,0.0,10.72,DEAD_RECKONING,1.77,163.27,-2593.68,-244.17,1312.84,False,False,False,false
1788952261912,-2.0471,6.5581,7.797,0.30572,0.22436,-0.62489,26.51,28.44,-32.08,0.0,0.0,0.0,0.0,0.0,10.72,DEAD_RECKONING,1.77,165.71,-2559.22,-228.97,1344.8,False,False,False,false
1788952262776,-2.0471,6.5581,7.797,0.30572,0.22436,-0.62489,26.51,28.44,-32.08,0.0,0.0,0.0,0.0,0.0,10.72,DEAD_RECKONING,1.77,167.94,-2521.31,-212.86,1378.49,False,False,False,false
1788952262896,-2.0471,6.5581,7.797,0.30572,0.22436,-0.62489,26.51,28.44,-32.08,0.0,0.0,0.0,0.0,0.0,10.72,DEAD_RECKONING,1.77,170.02,-2490.84,-199.59,1404.2,False,False,False,false
1788952263029,-2.0471,6.5581,7.797,0.30572,0.22436,-0.62489,26.51,28.44,-32.08,0.0,0.0,0.0,0.0,0.0,10.72,DEAD_RECKONING,1.77,171.99,-2476.24,-191.52,1415.44,False,False,False,false
1788952263152,-2.0471,6.5581,7.797,0.30572,0.22436,-0.62489,26.51,28.44,-32.08,0.0,0.0,0.0,0.0,0.0,10.72,DEAD_RECKONING,1.77,173.89,-2472.67,-186.95,1417.01,False,False,False,false
1788952263270,-2.0471,6.5581,7.797,0.30572,0.22436,-0.62489,26.51,28.44,-32.08,0.0,0.0,0.0,0.0,0.0,10.72,DEAD_RECKONING,1.77,175.74,-2472.85,-183.95,1414.94,False,False,False,false
1788952263394,-2.0471,6.5581,7.797,0.30572,0.22436,-0.62489,26.51,28.44,-32.08,0.0,0.0,0.0,0.0,0.0,10.72,DEAD_RECKONING,1.77,177.56,-2473.76,-181.72,1411.61,False,False,False,false
1788952263523,-2.0471,6.5581,7.797,0.30572,0.22436,-0.62489,26.51,28.44,-32.08,0.0,0.0,0.0,0.0,0.0,10.72,DEAD_RECKONING,1.77,179.36,-2474.95,-180.08,1407.48,False,False,False,false
1788952263643,-2.0471,6.5581,7.797,0.30572,0.22436,-0.62489,26.51,28.44,-32.08,0.0,0.0,0.0,0.0,0.0,10.72,DEAD_RECKONING,1.77,181.17,-2476.44,-178.95,1402.61,False,False,False,false
1788952263762,-2.0471,6.5581,7.797,0.30572,0.22436,-0.62489,26.51,28.44,-32.08,0.0,0.0,0.0,0.0,0.0,10.72,DEAD_RECKONING,1.77,182.99,-2478.22,-178.26,1397.08,False,False,False,false
1788952263886,-2.0471,6.5581,7.797,0.30572,0.22436,-0.62489,26.51,28.44,-32.08,0.0,0.0,0.0,0.0,0.0,10.72,DEAD_RECKONING,1.77,184.83,-2480.27,-177.96,1390.95,False,False,False,false
1788952264019,-2.0471,6.5581,7.797,0.30572,0.22436,-0.62489,26.51,28.44,-32.08,0.0,0.0,0.0,0.0,0.0,10.72,DEAD_RECKONING,1.77,186.71,-2482.6,-178.03,1384.27,False,False,False,false
1788952264140,-2.0471,6.5581,7.797,0.30572,0.22436,-0.62489,26.51,28.44,-32.08,0.0,0.0,0.0,0.0,0.0,10.72,DEAD_RECKONING,1.77,188.63,-2485.19,-178.41,1377.08,False,False,False,false
1788952264266,-2.0471,6.5581,7.797,0.30572,0.22436,-0.62489,26.51,28.44,-32.08,0.0,0.0,0.0,0.0,0.0,10.72,DEAD_RECKONING,1.77,190.6,-2488.04,-179.1,1369.42,False,False,False,false
1788952264392,-2.0471,6.5581,7.797,0.30572,0.22436,-0.62489,26.51,28.44,-32.08,0.0,0.0,0.0,0.0,0.0,10.72,DEAD_RECKONING,1.77,192.64,-2491.13,-180.06,1361.31,False,False,False,false
1788952264513,-2.0471,6.5581,7.797,0.30572,0.22436,-0.62489,26.51,28.44,-32.08,0.0,0.0,0.0,0.0,0.0,10.72,DEAD_RECKONING,1.77,194.76,-2494.46,-181.27,1352.8,False,False,False,false
1788952264633,-2.0471,6.5581,7.797,0.30572,0.22436,-0.62489,26.51,28.44,-32.08,0.0,0.0,0.0,0.0,0.0,10.72,DEAD_RECKONING,1.8,196.96,-2498.02,-182.73,1343.9,False,False,False,false
1788952264753,-2.0471,6.5581,7.797,0.30572,0.22436,-0.62489,26.51,28.44,-32.08,0.0,0.0,0.0,0.0,0.0,10.72,DEAD_RECKONING,2.03,199.26,-2501.84,-184.44,1334.61,False,False,False,false
1788952264886,-2.0471,6.5581,7.797,0.30572,0.22436,-0.62489,26.51,28.44,-32.08,0.0,0.0,0.0,0.0,0.0,10.72,DEAD_RECKONING,1.96,201.67,-2505.86,-186.35,1325.01,False,False,False,false
1788952265009,-2.0471,6.5581,7.797,0.30572,0.22436,-0.62489,26.51,28.44,-32.08,0.0,0.0,0.0,0.0,0.0,10.72,DEAD_RECKONING,1.96,204.19,-2510.08,-188.44,1315.13,False,False,False,false
1788952265130,-2.0471,6.5581,7.797,0.30572,0.22436,-0.62489,26.51,28.44,-32.08,0.0,0.0,0.0,0.0,0.0,10.72,DEAD_RECKONING,1.96,206.84,-2514.47,-190.69,1304.99,False,False,False,false
1788952265258,-2.0471,6.5581,7.797,0.30572,0.22436,-0.62489,26.51,28.44,-32.08,0.0,0.0,0.0,0.0,0.0,10.72,DEAD_RECKONING,1.96,209.63,-2519.04,-193.08,1294.63,False,False,False,false
1788952265378,-2.0471,6.5581,7.797,0.30572,0.22436,-0.62489,26.51,28.44,-32.08,0.0,0.0,0.0,0.0,0.0,10.72,DEAD_RECKONING,1.96,212.58,-2523.76,-195.61,1284.08,False,False,False,false
1788952265505,-2.0471,6.5581,7.797,0.30572,0.22436,-0.62489,26.51,28.44,-32.08,0.0,0.0,0.0,0.0,0.0,10.72,DEAD_RECKONING,1.96,215.68,-2528.62,-198.25,1273.36,False,False,False,false
1788952265633,-2.0471,6.5581,7.797,0.30572,0.22436,-0.62489,26.51,28.44,-32.08,0.0,0.0,0.0,0.0,0.0,10.72,DEAD_RECKONING,1.96,218.95,-2533.6,-200.98,1262.51,False,False,False,false
1788952265762,-2.0471,6.5581,7.797,0.30572,0.22436,-0.62489,26.51,28.44,-32.08,0.0,0.0,0.0,0.0,0.0,10.72,DEAD_RECKONING,1.96,222.39,-2538.69,-203.8,1251.54,False,False,False,false
1788952265888,-2.0471,6.5581,7.797,0.30572,0.22436,-0.62489,26.51,28.44,-32.08,0.0,0.0,0.0,0.0,0.0,10.72,DEAD_RECKONING,1.96,226.01,-2543.88,-206.7,1240.49,False,False,False,false
1788952266007,-2.0471,6.5581,7.797,0.30572,0.22436,-0.62489,26.51,28.44,-32.08,0.0,0.0,0.0,0.0,0.0,10.72,DEAD_RECKONING,1.96,229.8,-2549.14,-209.66,1229.37,False,False,False,false
1788952266126,-2.0471,6.5581,7.797,0.30572,0.22436,-0.62489,26.51,28.44,-32.08,0.0,0.0,0.0,0.0,0.0,10.72,DEAD_RECKONING,1.96,233.77,-2554.48,-212.67,1218.2,False,False,False,false
1788952266253,-2.0471,6.5581,7.797,0.30572,0.22436,-0.62489,26.51,28.44,-32.08,0.0,0.0,0.0,0.0,0.0,10.72,DEAD_RECKONING,1.96,237.89,-2559.87,-215.73,1207.01,False,False,False,false
1788952266377,-2.0471,6.5581,7.797,0.30572,0.22436,-0.62489,26.51,28.44,-32.08,0.0,0.0,0.0,0.0,0.0,10.72,DEAD_RECKONING,1.96,242.14,-2565.3,-218.83,1195.8,False,False,False,false
1788952266500,-2.0471,6.5581,7.797,0.30572,0.22436,-0.62489,26.51,28.44,-32.08,0.0,0.0,0.0,0.0,0.0,10.72,DEAD_RECKONING,1.96,246.51,-2570.77,-221.96,1184.6,False,False,False,false
1788952266621,-2.0471,6.5581,7.797,0.30572,0.22436,-0.62489,26.51,28.44,-32.08,0.0,0.0,0.0,0.0,0.0,10.72,DEAD_RECKONING,1.96,250.96,-2576.26,-225.13,1173.41,False,False,False,false
1788952266760,-2.0471,6.5581,7.797,0.30572,0.22436,-0.62489,26.51,28.44,-32.08,0.0,0.0,0.0,0.0,0.0,10.72,DEAD_RECKONING,1.96,255.47,-2581.77,-228.32,1162.25,False,False,False,false
1788952266893,-2.0471,6.5581,7.797,0.30572,0.22436,-0.62489,26.51,28.44,-32.08,0.0,0.0,0.0,0.0,0.0,10.72,DEAD_RECKONING,1.96,259.98,-2587.27,-231.54,1151.12,False,False,False,false
1788952267039,-2.0471,6.5581,7.797,0.30572,0.22436,-0.62489,26.51,28.44,-32.08,0.0,0.0,0.0,0.0,0.0,10.72,DEAD_RECKONING,1.96,264.46,-2592.77,-234.79,1140.03,False,False,False,false
1788952267187,-2.0471,6.5581,7.797,0.30572,0.22436,-0.62489,26.51,28.44,-32.08,0.0,0.0,0.0,0.0,0.0,10.72,DEAD_RECKONING,1.96,268.88,-2598.25,-238.05,1129.0,False,False,False,false
1788952267335,-2.0471,6.5581,7.797,0.30572,0.22436,-0.62489,26.51,28.44,-32.08,0.0,0.0,0.0,0.0,0.0,10.72,DEAD_RECKONING,1.96,273.23,-2604.55,-241.98,1117.29,True,False,False,false
1788952267482,-2.0471,6.5581,7.797,0.30572,0.22436,-0.62489,26.51,28.44,-32.08,0.0,0.0,0.0,0.0,0.0,10.72,DEAD_RECKONING,1.96,277.4,-2611.77,-246.99,1104.61,True,False,False,false
1788952267638,-2.0471,6.5581,7.797,0.30572,0.22436,-0.62489,26.51,28.44,-32.08,0.0,0.0,0.0,0.0,0.0,10.72,DEAD_RECKONING,1.88,281.45,-2619.27,-251.11,1092.38,False,False,False,false
1788952267781,-2.0471,6.5581,7.797,0.30572,0.22436,-0.62489,26.51,28.44,-32.08,0.0,0.0,0.0,0.0,0.0,10.72,DEAD_RECKONING,1.88,285.34,-2623.56,-253.69,1082.51,False,False,False,false
1788952267903,-2.0471,6.5581,7.797,0.30572,0.22436,-0.62489,26.51,28.44,-32.08,0.0,0.0,0.0,0.0,0.0,10.72,DEAD_RECKONING,1.88,289.06,-2627.8,-256.45,1072.61,False,False,False,false
1788952268022,-2.0471,6.5581,7.797,0.30572,0.22436,-0.62489,26.51,28.44,-32.08,0.0,0.0,0.0,0.0,0.0,10.72,DEAD_RECKONING,1.88,292.6,-2631.9,-259.13,1062.88,False,False,False,false
1788952268148,-2.0471,6.5581,7.797,0.30572,0.22436,-0.62489,26.51,28.44,-32.08,0.0,0.0,0.0,0.0,0.0,10.72,DEAD_RECKONING,1.88,295.96,-2635.81,-261.79,1053.29,False,False,False,false
1788952268285,-2.0471,6.5581,7.797,0.30572,0.22436,-0.62489,26.51,28.44,-32.08,0.0,0.0,0.0,0.0,0.0,10.72,DEAD_RECKONING,1.88,299.16,-2639.51,-264.37,1043.87,False,False,False,false
1788952268403,-2.0471,6.5581,7.797,0.30572,0.22436,-0.62489,26.51,28.44,-32.08,0.0,0.0,0.0,0.0,0.0,10.72,DEAD_RECKONING,1.88,302.19,-2642.97,-266.88,1034.66,False,False,False,false
1788952268529,-2.0471,6.5581,7.797,0.30572,0.22436,-0.62489,26.51,28.44,-32.08,0.0,0.0,0.0,0.0,0.0,10.72,DEAD_RECKONING,1.88,305.06,-2646.13,-269.27,1025.67,False,False,False,false
1788952268644,-2.0471,6.5581,7.797,0.30572,0.22436,-0.62489,26.51,28.44,-32.08,0.0,0.0,0.0,0.0,0.0,10.72,DEAD_RECKONING,1.88,307.79,-2648.97,-271.51,1016.94,False,False,False,false
1788952268760,-2.0471,6.5581,7.797,0.30572,0.22436,-0.62489,26.51,28.44,-32.08,0.0,0.0,0.0,0.0,0.0,10.72,DEAD_RECKONING,1.88,310.39,-2651.41,-273.58,1008.52,False,False,False,false
1788952268879,-2.0471,6.5581,7.797,0.30572,0.22436,-0.62489,26.51,28.44,-32.08,0.0,0.0,0.0,0.0,0.0,10.72,DEAD_RECKONING,1.88,312.86,-2653.41,-275.41,1000.45,False,False,False,false
1788952268999,-2.0471,6.5581,7.797,0.30572,0.22436,-0.62489,26.51,28.44,-32.08,0.0,0.0,0.0,0.0,0.0,10.72,DEAD_RECKONING,1.88,315.21,-2654.9,-276.95,992.77,False,False,False,false
1788952269116,-2.0471,6.5581,7.797,0.30572,0.22436,-0.62489,26.51,28.44,-32.08,0.0,0.0,0.0,0.0,0.0,10.72,DEAD_RECKONING,1.88,317.47,-2655.82,-278.15,985.54,False,False,False,false
1788952269235,-2.0471,6.5581,7.797,0.30572,0.22436,-0.62489,26.51,28.44,-32.08,0.0,0.0,0.0,0.0,0.0,10.72,DEAD_RECKONING,1.72,319.63,-2656.06,-278.93,978.84,False,False,False,false
1788952269350,-2.0471,6.5581,7.797,0.30572,0.22436,-0.62489,26.51,28.44,-32.08,0.0,0.0,0.0,0.0,0.0,10.72,DEAD_RECKONING,1.69,321.71,-2655.59,-279.21,972.72,False,False,False,false
1788952269463,-2.0471,6.5581,7.797,0.30572,0.22436,-0.62489,26.51,28.44,-32.08,0.0,0.0,0.0,0.0,0.0,10.72,DEAD_RECKONING,1.69,323.73,-2654.34,-278.95,967.21,False,False,False,false
1788952269579,-2.0471,6.5581,7.797,0.30572,0.22436,-0.62489,26.51,28.44,-32.08,0.0,0.0,0.0,0.0,0.0,10.72,DEAD_RECKONING,1.69,325.68,-2652.26,-278.07,962.39,False,False,False,false
1788952269694,-2.0471,6.5581,7.797,0.30572,0.22436,-0.62489,26.51,28.44,-32.08,0.0,0.0,0.0,0.0,0.0,10.72,DEAD_RECKONING,1.69,327.58,-2649.29,-276.51,958.3,False,False,False,false
1788952269811,-2.0471,6.5581,7.797,0.30572,0.22436,-0.62489,26.51,28.44,-32.08,0.0,0.0,0.0,0.0,0.0,10.72,DEAD_RECKONING,1.69,329.44,-2645.38,-274.19,954.99,False,False,False,false
1788952269928,-2.0471,6.5581,7.797,0.30572,0.22436,-0.62489,26.51,28.44,-32.08,0.0,0.0,0.0,0.0,0.0,10.72,DEAD_RECKONING,1.69,331.27,-2640.48,-271.06,952.5,False,False,False,false
1788952270044,-2.0471,6.5581,7.797,0.30572,0.22436,-0.62489,26.51,28.44,-32.08,0.0,0.0,0.0,0.0,0.0,10.72,DEAD_RECKONING,1.69,333.08,-2634.54,-267.08,950.89,False,False,False,false
1788952270165,-2.0471,6.5581,7.797,0.30572,0.22436,-0.62489,26.51,28.44,-32.08,0.0,0.0,0.0,0.0,0.0,10.72,DEAD_RECKONING,1.69,334.89,-2627.53,-262.21,950.19,False,False,False,false
1788952270283,-2.0471,6.5581,7.797,0.30572,0.22436,-0.62489,26.51,28.44,-32.08,0.0,0.0,0.0,0.0,0.0,10.72,DEAD_RECKONING,1.69,336.7,-2619.36,-256.43,950.44,False,False,False,false
1788952270400,-2.0471,6.5581,7.797,0.30572,0.22436,-0.62489,26.51,28.44,-32.08,0.0,0.0,0.0,0.0,0.0,10.72,DEAD_RECKONING,1.69,338.53,-2609.98,-249.72,951.71,False,False,False,false
1788952270516,-2.0471,6.5581,7.797,0.30572,0.22436,-0.62489,26.51,28.44,-32.08,0.0,0.0,0.0,0.0,0.0,10.72,DEAD_RECKONING,1.69,340.4,-2599.26,-242.06,954.06,False,False,False,false
1788952270632,-2.0471,6.5581,7.797,0.30572,0.22436,-0.62489,26.51,28.44,-32.08,0.0,0.0,0.0,0.0,0.0,10.72,DEAD_RECKONING,1.69,342.33,-2587.07,-233.44,957.57,False,False,False,false
1788952270747,-2.0471,6.5581,7.797,0.30572,0.22436,-0.62489,26.51,28.44,-32.08,0.0,0.0,0.0,0.0,0.0,10.72,DEAD_RECKONING,1.69,344.35,-2573.24,-223.88,962.35,False,False,False,false
1788952270872,-2.0471,6.5581,7.797,0.30572,0.22436,-0.62489,26.51,28.44,-32.08,0.0,0.0,0.0,0.0,0.0,10.72,DEAD_RECKONING,1.69,346.49,-2557.61,-213.42,968.49,False,False,False,false
1788952270989,-2.0471,6.5581,7.797,0.30572,0.22436,-0.62489,26.51,28.44,-32.08,0.0,0.0,0.0,0.0,0.0,10.72,DEAD_RECKONING,1.69,348.81,-2540.09,-202.25,975.98,False,False,False,false
1788952271103,-2.0471,6.5581,7.797,0.30572,0.22436,-0.62489,26.51,28.44,-32.08,0.0,0.0,0.0,0.0,0.0,10.72,DEAD_RECKONING,1.69,351.38,-2520.96,-190.91,984.46,False,False,False,false
1788952271217,-2.0471,6.5581,7.797,0.30572,0.22436,-0.62489,26.51,28.44,-32.08,0.0,0.0,0.0,0.0,0.0,10.72,DEAD_RECKONING,1.69,354.29,-2501.78,-181.03,992.46,False,False,False,false
1788952271333,-2.0471,6.5581,7.797,0.30572,0.22436,-0.62489,26.51,28.44,-32.08,0.0,0.0,0.0,0.0,0.0,10.72,DEAD_RECKONING,1.69,357.72,-2488.35,-177.49,994.91,False,False,False,false
1788952271447,-2.0471,6.5581,7.797,0.30572,0.22436,-0.62489,26.51,28.44,-32.08,0.0,0.0,0.0,0.0,0.0,10.72,DEAD_RECKONING,1.69,1.93,-2499.41,-194.61,975.82,False,False,False,false
1788952271572,-2.0471,6.5581,7.797,0.30572,0.22436,-0.62489,26.51,28.44,-32.08,0.0,0.0,0.0,0.0,0.0,10.72,DEAD_RECKONING,1.69,7.38,-2580.67,-265.71,896.62,False,False,False,false
1788952271715,-2.0471,6.5581,7.797,0.30572,0.22436,-0.62489,26.51,28.44,-32.08,0.0,0.0,0.0,0.0,0.0,10.72,DEAD_RECKONING,1.69,14.91,-2845.9,-478.11,658.61,False,False,False,false
1788952271828,-2.0471,6.5581,7.797,0.30572,0.22436,-0.62489,26.51,28.44,-32.08,0.0,0.0,0.0,0.0,0.0,10.72,DEAD_RECKONING,1.69,26.13,-3107.04,-683.11,424.08,False,False,False,false
1788952271950,-2.0471,6.5581,7.797,0.30572,0.22436,-0.62489,26.51,28.44,-32.08,0.0,0.0,0.0,0.0,0.0,10.72,DEAD_RECKONING,1.69,43.85,-3125.9,-709.6,394.23,False,False,False,false
1788952272070,-2.0471,6.5581,7.797,0.30572,0.22436,-0.62489,26.51,28.44,-32.08,0.0,0.0,0.0,0.0,0.0,10.72,DEAD_RECKONING,1.69,70.24,-3119.47,-723.46,383.12,False,False,False,false
1788952272192,-2.0471,6.5581,7.797,0.30572,0.22436,-0.62489,26.51,28.44,-32.08,0.0,0.0,0.0,0.0,0.0,10.72,DEAD_RECKONING,1.77,99.13,-3112.28,-736.65,372.47,False,False,False,false
1788952272307,-2.0471,6.5581,7.797,0.30572,0.22436,-0.62489,26.51,28.44,-32.08,0.0,0.0,0.0,0.0,0.0,10.72,DEAD_RECKONING,1.77,120.86,-3104.5,-750.92,361.49,True,False,False,false
1788952272422,-2.0471,6.5581,7.797,0.30572,0.22436,-0.62489,26.51,28.44,-32.08,0.0,0.0,0.0,0.0,0.0,10.72,DEAD_RECKONING,1.77,134.14,-3093.2,-775.94,348.02,False,False,False,false
1788952272538,-2.0471,6.5581,7.797,0.30572,0.22436,-0.62489,26.51,28.44,-32.08,0.0,0.0,0.0,0.0,0.0,10.72,DEAD_RECKONING,1.77,142.9,-3086.89,-783.91,338.15,False,False,False,false
1788952272652,-2.0471,6.5581,7.797,0.30572,0.22436,-0.62489,26.51,28.44,-32.08,0.0,0.0,0.0,0.0,0.0,10.72,DEAD_RECKONING,1.77,149.08,-3079.88,-792.2,328.23,False,False,False,false
1788952272768,-2.0471,6.5581,7.797,0.30572,0.22436,-0.62489,26.51,28.44,-32.08,0.0,0.0,0.0,0.0,0.0,10.72,DEAD_RECKONING,1.77,153.77,-3072.93,-799.43,318.41,False,False,False,false
1788952272885,-2.0471,6.5581,7.797,0.30572,0.22436,-0.62489,26.51,28.44,-32.08,0.0,0.0,0.0,0.0,0.0,10.72,DEAD_RECKONING,1.77,157.51,-3066.02,-805.58,308.71,False,False,False,false
1788952273010,-2.0471,6.5581,7.797,0.30572,0.22436,-0.62489,26.51,28.44,-32.08,0.0,0.0,0.0,0.0,0.0,10.72,DEAD_RECKONING,1.77,160.65,-3059.18,-810.64,299.12,False,False,False,false
1788952273126,-2.0471,6.5581,7.797,0.30572,0.22436,-0.62489,26.51,28.44,-32.08,0.0,0.0,0.0,0.0,0.0,10.72,DEAD_RECKONING,1.77,163.38,-3052.42,-814.61,289.64,False,False,False,false
1788952273241,-2.0471,6.5581,7.797,0.30572,0.22436,-0.62489,26.51,28.44,-32.08,0.0,0.0,0.0,0.0,0.0,10.72,DEAD_RECKONING,1.77,165.82,-3045.76,-817.55,280.25,False,False,False,false
1788952273358,-2.0471,6.5581,7.797,0.30572,0.22436,-0.62489,26.51,28.44,-32.08,0.0,0.0,0.0,0.0,0.0,10.72,DEAD_RECKONING,1.77,168.05,-3039.18,-819.53,270.94,False,False,False,false
1788952273474,-2.0471,6.5581,7.797,0.30572,0.22436,-0.62489,26.51,28.44,-32.08,0.0,0.0,0.0,0.0,0.0,10.72,DEAD_RECKONING,1.77,170.14,-3032.68,-820.62,261.68,False,False,False,false
1788952273588,-2.0471,6.5581,7.797,0.30572,0.22436,-0.62489,26.51,28.44,-32.08,0.0,0.0,0.0,0.0,0.0,10.72,DEAD_RECKONING,1.77,172.13,-3026.24,-820.93,252.45,False,False,False,false
1788952273715,-2.0471,6.5581,7.797,0.30572,0.22436,-0.62489,26.51,28.44,-32.08,0.0,0.0,0.0,0.0,0.0,10.72,DEAD_RECKONING,1.77,174.04,-3019.85,-820.57,243.24,False,False,False,false
1788952273831,-2.0471,6.5581,7.797,0.30572,0.22436,-0.62489,26.51,28.44,-32.08,0.0,0.0,0.0,0.0,0.0,10.72,DEAD_RECKONING,1.77,175.9,-3013.48,-819.62,234.02,False,False,False,false
1788952273950,-2.0471,6.5581,7.797,0.30572,0.22436,-0.62489,26.51,28.44,-32.08,0.0,0.0,0.0,0.0,0.0,10.72,DEAD_RECKONING,1.77,177.74,-3007.1,-818.19,224.78,False,False,False,false
1788952274067,-2.0471,6.5581,7.797,0.30572,0.22436,-0.62489,26.51,28.44,-32.08,0.0,0.0,0.0,0.0,0.0,10.72,DEAD_RECKONING,1.77,179.56,-3000.69,-816.37,215.5,False,False,False,false
1788952274184,-2.0471,6.5581,7.797,0.30572,0.22436,-0.62489,26.51,28.44,-32.08,0.0,0.0,0.0,0.0,0.0,10.72,DEAD_RECKONING,1.77,181.38,-2994.22,-814.24,206.17,False,False,False,false
1788952274307,-2.0471,6.5581,7.797,0.30572,0.22436,-0.62489,26.51,28.44,-32.08,0.0,0.0,0.0,0.0,0.0,10.72,DEAD_RECKONING,1.77,183.22,-2987.67,-811.88,196.78,False,False,False,false
1788952274428,-2.0471,6.5581,7.797,0.30572,0.22436,-0.62489,26.51,28.44,-32.08,0.0,0.0,0.0,0.0,0.0,10.72,DEAD_RECKONING,1.77,185.09,-2981.02,-809.36,187.32,False,False,False,false
1788952274544,-2.0471,6.5581,7.797,0.30572,0.22436,-0.62489,26.51,28.44,-32.08,0.0,0.0,0.0,0.0,0.0,10.72,DEAD_RECKONING,1.77,186.98,-2974.22,-806.74,177.79,False,False,False,false
1788952274663,-2.0471,6.5581,7.797,0.30572,0.22436,-0.62489,26.51,28.44,-32.08,0.0,0.0,0.0,0.0,0.0,10.72,DEAD_RECKONING,1.77,188.93,-2967.26,-804.09,168.18,False,False,False,false
1788952274788,-2.0471,6.5581,7.797,0.30572,0.22436,-0.62489,26.51,28.44,-32.08,0.0,0.0,0.0,0.0,0.0,10.72,DEAD_RECKONING,1.77,190.93,-2960.11,-801.47,158.5,False,False,False,false
1788952274906,-2.0471,6.5581,7.797,0.30572,0.22436,-0.62489,26.51,28.44,-32.08,0.0,0.0,0.0,0.0,0.0,10.72,DEAD_RECKONING,1.77,193.0,-2952.74,-798.92,148.75,False,False,False,false
1788952275026,-2.0471,6.5581,7.797,0.30572,0.22436,-0.62489,26.51,28.44,-32.08,0.0,0.0,0.0,0.0,0.0,10.72,DEAD_RECKONING,1.77,195.14,-2945.1,-796.52,138.93,False,False,False,false
1788952275143,-2.0471,6.5581,7.797,0.30572,0.22436,-0.62489,26.51,28.44,-32.08,0.0,0.0,0.0,0.0,0.0,10.72,DEAD_RECKONING,1.8,197.37,-2937.16,-794.31,129.04,False,False,False,false
1788952275263,-2.0471,6.5581,7.797,0.30572,0.22436,-0.62489,26.51,28.44,-32.08,0.0,0.0,0.0,0.0,0.0,10.72,DEAD_RECKONING,2.03,199.7,-2928.88,-792.37,119.11,False,False,False,false
1788952275384,-2.0471,6.5581,7.797,0.30572,0.22436,-0.62489,26.51,28.44,-32.08,0.0,0.0,0.0,0.0,0.0,10.72,DEAD_RECKONING,1.96,202.13,-2920.19,-790.77,109.15,False,False,False,false
1788952275503,-2.0471,6.5581,7.797,0.30572,0.22436,-0.62489,26.51,28.44,-32.08,0.0,0.0,0.0,0.0,0.0,10.72,DEAD_RECKONING,1.96,204.69,-2911.05,-789.6,99.17,False,False,False,false
1788952275619,-2.0471,6.5581,7.797,0.30572,0.22436,-0.62489,26.51,28.44,-32.08,0.0,0.0,0.0,0.0,0.0,10.72,DEAD_RECKONING,1.96,207.37,-2901.36,-788.94,89.21,False,False,False,false
1788952275733,-2.0471,6.5581,7.797,0.30572,0.22436,-0.62489,26.51,28.44,-32.08,0.0,0.0,0.0,0.0,0.0,10.72,DEAD_RECKONING,1.96,210.2,-2891.05,-788.92,79.3,False,False,False,false
1788952275863,-2.0471,6.5581,7.797,0.30572,0.22436,-0.62489,26.51,28.44,-32.08,0.0,0.0,0.0,0.0,0.0,10.72,DEAD_RECKONING,1.96,213.18,-2879.98,-789.67,69.5,False,False,False,false
1788952275986,-2.0471,6.5581,7.797,0.30572,0.22436,-0.62489,26.51,28.44,-32.08,0.0,0.0,0.0,0.0,0.0,10.72,DEAD_RECKONING,1.96,216.31,-2868.01,-791.35,59.87,False,False,False,false
1788952276102,-2.0471,6.5581,7.797,0.30572,0.22436,-0.62489,26.51,28.44,-32.08,0.0,0.0,0.0,0.0,0.0,10.72,DEAD_RECKONING,1.96,219.62,-2854.95,-794.18,50.53,False,False,False,false
1788952276228,-2.0471,6.5581,7.797,0.30572,0.22436,-0.62489,26.51,28.44,-32.08,0.0,0.0,0.0,0.0,0.0,10.72,DEAD_RECKONING,1.96,223.09,-2840.53,-798.4,41.62,False,False,False,false
1788952276355,-2.0471,6.5581,7.797,0.30572,0.22436,-0.62489,26.51,28.44,-32.08,0.0,0.0,0.0,0.0,0.0,10.72,DEAD_RECKONING,1.96,226.75,-2824.39,-804.32,33.37,False,False,False,false
1788952276472,-2.0471,6.5581,7.797,0.30572,0.22436,-0.62489,26.51,28.44,-32.08,0.0,0.0,0.0,0.0,0.0,10.72,DEAD_RECKONING,1.96,230.57,-2806.02,-812.37,26.14,False,False,False,false
1788952276593,-2.0471,6.5581,7.797,0.30572,0.22436,-0.62489,26.51,28.44,-32.08,0.0,0.0,0.0,0.0,0.0,10.72,DEAD_RECKONING,1.96,234.56,-2784.58,-823.05,20.55,False,False,False,false
1788952276711,-2.0471,6.5581,7.797,0.30572,0.22436,-0.62489,26.51,28.44,-32.08,0.0,0.0,0.0,0.0,0.0,10.72,DEAD_RECKONING,1.96,238.7,-2758.66,-837.04,17.83,False,False,False,false
1788952276828,-2.0471,6.5581,7.797,0.30572,0.22436,-0.62489,26.51,28.44,-32.08,0.0,0.0,0.0,0.0,0.0,10.72,DEAD_RECKONING,1.96,242.97,-2725.37,-855.07,20.72,False,False,False,false
1788952276946,-2.0471,6.5581,7.797,0.30572,0.22436,-0.62489,26.51,28.44,-32.08,0.0,0.0,0.0,0.0,0.0,10.72,DEAD_RECKONING,1.96,247.35,-2677.73,-877.12,36.96,False,False,False,false
1788952277061,-2.0471,6.5581,7.797,0.30572,0.22436,-0.62489,26.51,28.44,-32.08,0.0,0.0,0.0,0.0,0.0,10.72,DEAD_RECKONING,1.96,251.8,-2598.82,-895.29,90.11,False,False,False,false
1788952277177,-2.0471,6.5581,7.797,0.30572,0.22436,-0.62489,26.51,28.44,-32.08,0.0,0.0,0.0,0.0,0.0,10.72,DEAD_RECKONING,1.96,256.29,-2537.36,-893.12,139.22,False,False,False,false
1788952277293,-2.0471,6.5581,7.797,0.30572,0.22436,-0.62489,26.51,28.44,-32.08,0.0,0.0,0.0,0.0,0.0,10.72,DEAD_RECKONING,1.96,260.53,-2444.81,-926.7,206.68,True,False,False,false
1788952277410,-2.0471,6.5581,7.797,0.30572,0.22436,-0.62489,26.51,28.44,-32.08,0.0,0.0,0.0,0.0,0.0,10.72,DEAD_RECKONING,1.96,264.98,-2375.76,-792.75,339.18,False,False,False,false
1788952277527,-2.0471,6.5581,7.797,0.30572,0.22436,-0.62489,26.51,28.44,-32.08,0.0,0.0,0.0,0.0,0.0,10.72,DEAD_RECKONING,1.96,269.36,-2135.95,-1074.2,467.25,False,False,False,false
1788952277646,-2.0471,6.5581,7.797,0.30572,0.22436,-0.62489,26.51,28.44,-32.08,0.0,0.0,0.0,0.0,0.0,10.72,DEAD_RECKONING,1.96,273.65,-2351.69,-321.99,589.85,False,False,False,false
1788952277763,-2.0471,6.5581,7.797,0.30572,0.22436,-0.62489,26.51,28.44,-32.08,0.0,0.0,0.0,0.0,0.0,10.72,DEAD_RECKONING,1.96,277.81,-2211.7,-590.51,602.18,False,False,False,false
1788952277882,-2.0471,6.5581,7.797,0.30572,0.22436,-0.62489,26.51,28.44,-32.08,0.0,0.0,0.0,0.0,0.0,10.72,DEAD_RECKONING,1.88,281.82,-2170.28,-668.48,597.96,False,False,False,false
1788952277998,-2.0471,6.5581,7.797,0.30572,0.22436,-0.62489,26.51,28.44,-32.08,0.0,0.0,0.0,0.0,0.0,10.72,DEAD_RECKONING,1.88,285.67,-2164.36,-651.04,598.39,False,False,False,false
1788952278111,-2.0471,6.5581,7.797,0.30572,0.22436,-0.62489,26.51,28.44,-32.08,0.0,0.0,0.0,0.0,0.0,10.72,DEAD_RECKONING,1.88,289.36,-2171.34,-634.92,583.86,False,False,False,false
1788952278228,-2.0471,6.5581,7.797,0.30572,0.22436,-0.62489,26.51,28.44,-32.08,0.0,0.0,0.0,0.0,0.0,10.72,DEAD_RECKONING,1.88,292.88,-2182.79,-570.91,585.23,False,False,False,false
1788952278345,-2.0471,6.5581,7.797,0.30572,0.22436,-0.62489,26.51,28.44,-32.08,0.0,0.0,0.0,0.0,0.0,10.72,DEAD_RECKONING,1.88,296.22,-2181.43,-570.19,573.04,False,False,False,false
1788952278466,-2.0471,6.5581,7.797,0.30572,0.22436,-0.62489,26.51,28.44,-32.08,0.0,0.0,0.0,0.0,0.0,10.72,DEAD_RECKONING,1.88,299.4,-2182.19,-534.91,573.82,False,False,False,false
1788952278594,-2.0471,6.5581,7.797,0.30572,0.22436,-0.62489,26.51,28.44,-32.08,0.0,0.0,0.0,0.0,0.0,10.72,DEAD_RECKONING,1.88,302.41,-2177.74,-532.36,566.28,False,False,False,false
1788952278710,-2.0471,6.5581,7.797,0.30572,0.22436,-0.62489,26.51,28.44,-32.08,0.0,0.0,0.0,0.0,0.0,10.72,DEAD_RECKONING,1.88,305.28,-2174.53,-514.57,564.06,False,False,False,false
1788952278841,-2.0471,6.5581,7.797,0.30572,0.22436,-0.62489,26.51,28.44,-32.08,0.0,0.0,0.0,0.0,0.0,10.72,DEAD_RECKONING,1.88,308.01,-2169.63,-507.67,559.13,False,False,False,false
1788952278985,-2.0471,6.5581,7.797,0.30572,0.22436,-0.62489,26.51,28.44,-32.08,0.0,0.0,0.0,0.0,0.0,10.72,DEAD_RECKONING,1.88,310.6,-2164.71,-498.06,555.46,False,False,False,false
1788952279103,-2.0471,6.5581,7.797,0.30572,0.22436,-0.62489,26.51,28.44,-32.08,0.0,0.0,0.0,0.0,0.0,10.72,DEAD_RECKONING,1.88,313.07,-2159.26,-491.25,551.25,False,False,False,false
1788952279226,-2.0471,6.5581,7.797,0.30572,0.22436,-0.62489,26.51,28.44,-32.08,0.0,0.0,0.0,0.0,0.0,10.72,DEAD_RECKONING,1.88,315.44,-2153.55,-484.89,547.18,False,False,False,false
1788952279343,-2.0471,6.5581,7.797,0.30572,0.22436,-0.62489,26.51,28.44,-32.08,0.0,0.0,0.0,0.0,0.0,10.72,DEAD_RECKONING,1.95,317.7,-2147.58,-479.52,543.03,False,False,False,false
1788952279463,-2.0471,6.5581,7.797,0.30572,0.22436,-0.62489,26.51,28.44,-32.08,0.0,0.0,0.0,0.0,0.0,10.72,DEAD_RECKONING,1.72,319.88,-2141.37,-474.86,538.87,False,False,False,false
1788952279579,-2.0471,6.5581,7.797,0.30572,0.22436,-0.62489,26.51,28.44,-32.08,0.0,0.0,0.0,0.0,0.0,10.72,DEAD_RECKONING,1.69,321.98,-2134.96,-470.81,534.68,False,False,False,false
1788952279698,-2.0471,6.5581,7.797,0.30572,0.22436,-0.62489,26.51,28.44,-32.08,0.0,0.0,0.0,0.0,0.0,10.72,DEAD_RECKONING,1.69,324.01,-2128.36,-467.26,530.5,False,False,False,false
1788952279822,-2.0471,6.5581,7.797,0.30572,0.22436,-0.62489,26.51,28.44,-32.08,0.0,0.0,0.0,0.0,0.0,10.72,DEAD_RECKONING,1.69,325.99,-2121.59,-464.09,526.33,False,False,False,false
1788952279944,-2.0471,6.5581,7.797,0.30572,0.22436,-0.62489,26.51,28.44,-32.08,0.0,0.0,0.0,0.0,0.0,10.72,DEAD_RECKONING,1.69,327.92,-2114.65,-461.22,522.19,False,False,False,false
1788952280072,-2.0471,6.5581,7.797,0.30572,0.22436,-0.62489,26.51,28.44,-32.08,0.0,0.0,0.0,0.0,0.0,10.72,DEAD_RECKONING,1.69,329.81,-2107.55,-458.55,518.11,False,False,False,false
1788952280190,-2.0471,6.5581,7.797,0.30572,0.22436,-0.62489,26.51,28.44,-32.08,0.0,0.0,0.0,0.0,0.0,10.72,DEAD_RECKONING,1.69,331.68,-2100.29,-456.01,514.1,False,False,False,false
1788952280314,-2.0471,6.5581,7.797,0.30572,0.22436,-0.62489,26.51,28.44,-32.08,0.0,0.0,0.0,0.0,0.0,10.72,DEAD_RECKONING,1.69,333.53,-2092.86,-453.51,510.17,False,False,False,false
1788952280438,-2.0471,6.5581,7.797,0.30572,0.22436,-0.62489,26.51,28.44,-32.08,0.0,0.0,0.0,0.0,0.0,10.72,DEAD_RECKONING,1.69,335.38,-2085.26,-451.0,506.35,False,False,False,false
1788952280567,-2.0471,6.5581,7.797,0.30572,0.22436,-0.62489,26.51,28.44,-32.08,0.0,0.0,0.0,0.0,0.0,10.72,DEAD_RECKONING,1.69,337.24,-2077.49,-448.43,502.64,False,False,False,false
1788952280688,-2.0471,6.5581,7.797,0.30572,0.22436,-0.62489,26.51,28.44,-32.08,0.0,0.0,0.0,0.0,0.0,10.72,DEAD_RECKONING,1.69,339.13,-2069.54,-445.76,499.04,False,False,False,false
1788952280809,-2.0471,6.5581,7.797,0.30572,0.22436,-0.62489,26.51,28.44,-32.08,0.0,0.0,0.0,0.0,0.0,10.72,DEAD_RECKONING,1.69,341.07,-2061.39,-442.98,495.56,False,False,False,false
1788952281249,-2.0471,6.5581,7.797,0.30572,0.22436,-0.62489,26.51,28.44,-32.08,0.0,0.0,0.0,0.0,0.0,10.72,DEAD_RECKONING,1.69,343.07,-2053.06,-440.06,492.18,False,False,False,false
1788952281368,-2.0471,6.5581,7.797,0.30572,0.22436,-0.62489,26.51,28.44,-32.08,0.0,0.0,0.0,0.0,0.0,10.72,DEAD_RECKONING,1.69,345.18,-2044.51,-437.01,488.89,False,False,False,false
1788952281489,-2.0471,6.5581,7.797,0.30572,0.22436,-0.62489,26.51,28.44,-32.08,0.0,0.0,0.0,0.0,0.0,10.72,DEAD_RECKONING,1.69,347.44,-2035.77,-433.83,485.67,False,False,False,false
1788952281608,-2.0471,6.5581,7.797,0.30572,0.22436,-0.62489,26.51,28.44,-32.08,0.0,0.0,0.0,0.0,0.0,10.72,DEAD_RECKONING,1.69,349.89,-2026.81,-430.54,482.52,False,False,False,false
1788952281722,-2.0471,6.5581,7.797,0.30572,0.22436,-0.62489,26.51,28.44,-32.08,0.0,0.0,0.0,0.0,0.0,10.72,DEAD_RECKONING,1.69,352.61,-2017.65,-427.15,479.39,False,False,False,false
1788952281842,-2.0471,6.5581,7.797,0.30572,0.22436,-0.62489,26.51,28.44,-32.08,0.0,0.0,0.0,0.0,0.0,10.72,DEAD_RECKONING,1.69,355.74,-2008.28,-423.67,476.28,False,False,False,false
1788952281968,-2.0471,6.5581,7.797,0.30572,0.22436,-0.62489,26.51,28.44,-32.08,0.0,0.0,0.0,0.0,0.0,10.72,DEAD_RECKONING,1.69,359.44,-1998.71,-420.1,473.17,False,False,False,false
1788952282093,-2.0471,6.5581,7.797,0.30572,0.22436,-0.62489,26.51,28.44,-32.08,0.0,0.0,0.0,0.0,0.0,10.72,DEAD_RECKONING,1.69,4.01,-1988.94,-416.44,470.03,False,False,False,false
1788952282217,-2.0471,6.5581,7.797,0.30572,0.22436,-0.62489,26.51,28.44,-32.08,0.0,0.0,0.0,0.0,0.0,10.72,DEAD_RECKONING,1.69,9.96,-1978.99,-412.68,466.85,False,False,False,false
1788952282344,-2.0471,6.5581,7.797,0.30572,0.22436,-0.62489,26.51,28.44,-32.08,0.0,0.0,0.0,0.0,0.0,10.72,DEAD_RECKONING,1.69,18.21,-1968.85,-408.81,463.63,False,False,False,false
1788952282468,-2.0471,6.5581,7.797,0.30572,0.22436,-0.62489,26.51,28.44,-32.08,0.0,0.0,0.0,0.0,0.0,10.72,DEAD_RECKONING,1.69,30.4,-1958.53,-404.81,460.34,False,False,False,false
1788952282596,-2.0471,6.5581,7.797,0.30572,0.22436,-0.62489,26.51,28.44,-32.08,0.0,0.0,0.0,0.0,0.0,10.72,DEAD_RECKONING,1.69,49.03,-1948.07,-400.66,456.98,False,False,False,false
1788952282722,-2.0471,6.5581,7.797,0.30572,0.22436,-0.62489,26.51,28.44,-32.08,0.0,0.0,0.0,0.0,0.0,10.72,DEAD_RECKONING,1.69,74.89,-1937.46,-396.35,453.53,False,False,False,false
1788952282851,-2.0471,6.5581,7.797,0.30572,0.22436,-0.62489,26.51,28.44,-32.08,0.0,0.0,0.0,0.0,0.0,10.72,DEAD_RECKONING,1.77,101.15,-1927.65,-391.65,449.6,True,False,False,false
1788952282971,-2.0471,6.5581,7.797,0.30572,0.22436,-0.62489,26.51,28.44,-32.08,0.0,0.0,0.0,0.0,0.0,10.72,DEAD_RECKONING,1.77,121.61,-1907.73,-389.92,449.26,False,False,False,false
1788952284065,-2.0471,6.5581,7.797,0.30572,0.22436,-0.62489,26.51,28.44,-32.08,0.0,0.0,0.0,0.0,0.0,10.72,DEAD_RECKONING,1.77,134.66,-1897.68,-385.84,444.48,False,False,False,false
1788952284186,-2.0471,6.5581,7.797,0.30572,0.22436,-0.62489,26.51,28.44,-32.08,0.0,0.0,0.0,0.0,0.0,10.72,DEAD_RECKONING,1.77,143.25,-1887.45,-380.72,440.16,False,False,False,false
1788952284308,-2.0471,6.5581,7.797,0.30572,0.22436,-0.62489,26.51,28.44,-32.08,0.0,0.0,0.0,0.0,0.0,10.72,DEAD_RECKONING,1.77,149.32,-1877.21,-375.29,435.76,False,False,False,false
1788952284430,-2.0471,6.5581,7.797,0.30572,0.22436,-0.62489,26.51,28.44,-32.08,0.0,0.0,0.0,0.0,0.0,10.72,DEAD_RECKONING,1.77,153.93,-1867.01,-369.65,431.22,False,False,False,false
1788952284558,-2.0471,6.5581,7.797,0.30572,0.22436,-0.62489,26.51,28.44,-32.08,0.0,0.0,0.0,0.0,0.0,10.72,DEAD_RECKONING,1.77,157.62,-1856.85,-363.8,426.52,False,False,False,false
1788952285334,-2.0471,6.5581,7.797,0.30572,0.22436,-0.62489,26.51,28.44,-32.08,0.0,0.0,0.0,0.0,0.0,10.72,DEAD_RECKONING,1.77,160.71,-1846.78,-357.77,421.66,False,False,False,false
1788952285454,-2.0471,6.5581,7.797,0.30572,0.22436,-0.62489,26.51,28.44,-32.08,0.0,0.0,0.0,0.0,0.0,10.72,DEAD_RECKONING,1.77,163.41,-1836.8,-351.6,416.63,False,False,False,false
1788952285579,-2.0471,6.5581,7.797,0.30572,0.22436,-0.62489,26.51,28.44,-32.08,0.0,0.0,0.0,0.0,0.0,10.72,DEAD_RECKONING,1.77,165.82,-1826.94,-345.3,411.41,False,False,False,false
1788952285703,-2.0471,6.5581,7.797,0.30572,0.22436,-0.62489,26.51,28.44,-32.08,0.0,0.0,0.0,0.0,0.0,10.72,DEAD_RECKONING,1.77,168.03,-1817.23,-338.94,405.99,False,False,False,false
1788952285827,-2.0471,6.5581,7.797,0.30572,0.22436,-0.62489,26.51,28.44,-32.08,0.0,0.0,0.0,0.0,0.0,10.72,DEAD_RECKONING,1.77,170.1,-1807.68,-332.54,400.37,False,False,False,false
1788952285956,-2.0471,6.5581,7.797,0.30572,0.22436,-0.62489,26.51,28.44,-32.08,0.0,0.0,0.0,0.0,0.0,10.72,DEAD_RECKONING,1.77,172.08,-1798.32,-326.15,394.53,False,False,False,false
1788952286080,-2.0471,6.5581,7.797,0.30572,0.22436,-0.62489,26.51,28.44,-32.08,0.0,0.0,0.0,0.0,0.0,10.72,DEAD_RECKONING,1.77,173.98,-1789.17,-319.84,388.47,False,False,False,false
1788952286205,-2.0471,6.5581,7.797,0.30572,0.22436,-0.62489,26.51,28.44,-32.08,0.0,0.0,0.0,0.0,0.0,10.72,DEAD_RECKONING,1.77,175.83,-1780.25,-313.65,382.18,False,False,False,false
1788952286330,-2.0471,6.5581,7.797,0.30572,0.22436,-0.62489,26.51,28.44,-32.08,0.0,0.0,0.0,0.0,0.0,10.72,DEAD_RECKONING,1.77,177.65,-1771.59,-307.67,375.65,False,False,False,false
1788952286462,-2.0471,6.5581,7.797,0.30572,0.22436,-0.62489,26.51,28.44,-32.08,0.0,0.0,0.0,0.0,0.0,10.72,DEAD_RECKONING,1.77,179.47,-1763.21,-301.99,368.87,False,False,False,false
1788952287423,-2.0471,6.5581,7.797,0.30572,0.22436,-0.62489,26.51,28.44,-32.08,0.0,0.0,0.0,0.0,0.0,10.72,DEAD_RECKONING,1.77,181.29,-1755.14,-296.74,361.82,False,False,False,false
1788952287547,-2.0471,6.5581,7.797,0.30572,0.22436,-0.62489,26.51,28.44,-32.08,0.0,0.0,0.0,0.0,0.0,10.72,DEAD_RECKONING,1.77,183.12,-1747.4,-292.05,354.48,False,False,False,false
1788952287673,-2.0471,6.5581,7.797,0.30572,0.22436,-0.62489,26.51,28.44,-32.08,0.0,0.0,0.0,0.0,0.0,10.72,DEAD_RECKONING,1.77,184.98,-1740.0,-288.14,346.81,False,False,False,false
1788952287798,-2.0471,6.5581,7.797,0.30572,0.22436,-0.62489,26.51,28.44,-32.08,0.0,0.0,0.0,0.0,0.0,10.72,DEAD_RECKONING,1.77,186.87,-1732.92,-285.22,338.82,False,False,False,false
1788952287924,-2.0471,6.5581,7.797,0.30572,0.22436,-0.62489,26.51,28.44,-32.08,0.0,0.0,0.0,0.0,0.0,10.72,DEAD_RECKONING,1.77,188.81,-1726.12,-283.56,330.47,False,False,False,false
1788952290317,-2.0471,6.5581,7.797,0.30572,0.22436,-0.62489,26.51,28.44,-32.08,0.0,0.0,0.0,0.0,0.0,10.72,DEAD_RECKONING,1.77,190.81,-1719.5,-283.41,321.81,False,False,False,false
1788952290437,-2.0471,6.5581,7.797,0.30572,0.22436,-0.62489,26.51,28.44,-32.08,0.0,0.0,0.0,0.0,0.0,10.72,DEAD_RECKONING,1.77,192.87,-1712.93,-284.92,312.92,False,False,False,false
1788952290613,-2.0471,6.5581,7.797,0.30572,0.22436,-0.62489,26.51,28.44,-32.08,0.0,0.0,0.0,0.0,0.0,10.72,DEAD_RECKONING,1.77,195.01,-1706.17,-288.08,304.03,False,False,False,false
1788952290737,-2.0471,6.5581,7.797,0.30572,0.22436,-0.62489,26.51,28.44,-32.08,0.0,0.0,0.0,0.0,0.0,10.72,DEAD_RECKONING,1.8,197.24,-1698.95,-292.62,295.5,False,False,False,false
1788952290996,-2.0471,6.5581,7.797,0.30572,0.22436,-0.62489,26.51,28.44,-32.08,0.0,0.0,0.0,0.0,0.0,10.72,DEAD_RECKONING,2.03,199.57,-1690.96,-297.96,287.89,False,False,False,false
1788952291115,-2.0471,6.5581,7.797,0.30572,0.22436,-0.62489,26.51,28.44,-32.08,0.0,0.0,0.0,0.0,0.0,10.72,DEAD_RECKONING,1.96,202.01,-1681.86,-303.37,281.9,False,False,False,false
1788952291238,-2.0471,6.5581,7.797,0.30572,0.22436,-0.62489,26.51,28.44,-32.08,0.0,0.0,0.0,0.0,0.0,10.72,DEAD_RECKONING,1.96,204.56,-1671.35,-308.22,278.37,False,False,False,false
1788952291368,-2.0471,6.5581,7.797,0.30572,0.22436,-0.62489,26.51,28.44,-32.08,0.0,0.0,0.0,0.0,0.0,10.72,DEAD_RECKONING,1.96,207.25,-1659.06,-312.53,278.3,False,False,False,false
1788952291494,-2.0471,6.5581,7.797,0.30572,0.22436,-0.62489,26.51,28.44,-32.08,0.0,0.0,0.0,0.0,0.0,10.72,DEAD_RECKONING,1.96,210.08,-1644.62,-316.5,283.09,False,False,False,false
1788952291621,-2.0471,6.5581,7.797,0.30572,0.22436,-0.62489,26.51,28.44,-32.08,0.0,0.0,0.0,0.0,0.0,10.72,DEAD_RECKONING,1.96,213.06,-1627.0,-322.51,294.59,False,False,False,false
1788952291744,-2.0471,6.5581,7.797,0.30572,0.22436,-0.62489,26.51,28.44,-32.08,0.0,0.0,0.0,0.0,0.0,10.72,DEAD_RECKONING,1.96,216.2,-1606.7,-329.27,316.86,False,False,False,false
1788952291872,-2.0471,6.5581,7.797,0.30572,0.22436,-0.62489,26.51,28.44,-32.08,0.0,0.0,0.0,0.0,0.0,10.72,DEAD_RECKONING,1.96,219.51,-1574.62,-359.03,352.25,False,False,False,false
1788952291999,-2.0471,6.5581,7.797,0.30572,0.22436,-0.62489,26.51,28.44,-32.08,0.0,0.0,0.0,0.0,0.0,10.72,DEAD_RECKONING,1.96,222.99,-1576.62,-311.17,422.46,False,False,False,false
1788952292122,-2.0471,6.5581,7.797,0.30572,0.22436,-0.62489,26.51,28.44,-32.08,0.0,0.0,0.0,0.0,0.0,10.72,DEAD_RECKONING,1.96,226.65,-1322.66,-788.39,455.21,False,False,False,false
1788952292246,-2.0471,6.5581,7.797,0.30572,0.22436,-0.62489,26.51,28.44,-32.08,0.0,0.0,0.0,0.0,0.0,10.72,DEAD_RECKONING,1.96,230.48,-1790.58,93.36,575.99,False,False,False,false
1788952292374,-2.0471,6.5581,7.797,0.30572,0.22436,-0.62489,26.51,28.44,-32.08,0.0,0.0,0.0,0.0,0.0,10.72,DEAD_RECKONING,1.96,234.47,-1627.45,-16.66,680.12,False,False,False,false
1788952292501,-2.0471,6.5581,7.797,0.30572,0.22436,-0.62489,26.51,28.44,-32.08,0.0,0.0,0.0,0.0,0.0,10.72,DEAD_RECKONING,1.96,238.62,-1706.88,-231.54,652.47,False,False,False,false
1788952292630,-2.0471,6.5581,7.797,0.30572,0.22436,-0.62489,26.51,28.44,-32.08,0.0,0.0,0.0,0.0,0.0,10.72,DEAD_RECKONING,1.96,242.9,-1610.65,226.64,816.65,False,False,False,false
1788952292759,-2.0471,6.5581,7.797,0.30572,0.22436,-0.62489,26.51,28.44,-32.08,0.0,0.0,0.0,0.0,0.0,10.72,DEAD_RECKONING,1.96,247.29,-1677.4,88.93,741.08,False,False,False,false
1788952292888,-2.0471,6.5581,7.797,0.30572,0.22436,-0.62489,26.51,28.44,-32.08,0.0,0.0,0.0,0.0,0.0,10.72,DEAD_RECKONING,1.96,251.75,-1671.74,191.3,772.87,False,False,False,false
1788952295287,-2.0471,6.5581,7.797,0.30572,0.22436,-0.62489,26.51,28.44,-32.08,0.0,0.0,0.0,0.0,0.0,10.72,DEAD_RECKONING,1.96,256.25,-1674.81,205.68,764.72,False,False,False,false
1788952295414,-2.0471,6.5581,7.797,0.30572,0.22436,-0.62489,26.51,28.44,-32.08,0.0,0.0,0.0,0.0,0.0,10.72,DEAD_RECKONING,1.96,260.75,-1674.72,237.94,767.32,False,False,False,false
1788952295819,-2.0471,6.5581,7.797,0.30572,0.22436,-0.62489,26.51,28.44,-32.08,0.0,0.0,0.0,0.0,0.0,10.72,DEAD_RECKONING,1.96,265.22,-1674.04,260.28,764.99,False,False,False,false
1788952295942,-2.0471,6.5581,7.797,0.30572,0.22436,-0.62489,26.51,28.44,-32.08,0.0,0.0,0.0,0.0,0.0,10.72,DEAD_RECKONING,1.96,269.61,-1672.71,281.57,762.6,False,False,False,false
1788952296436,-2.0471,6.5581,7.797,0.30572,0.22436,-0.62489,26.51,28.44,-32.08,0.0,0.0,0.0,0.0,0.0,10.72,DEAD_RECKONING,1.96,273.9,-1670.88,300.27,759.15,False,False,False,false
1788952296562,-2.0471,6.5581,7.797,0.30572,0.22436,-0.62489,26.51,28.44,-32.08,0.0,0.0,0.0,0.0,0.0,10.72,DEAD_RECKONING,1.88,278.06,-1668.65,317.27,755.1,False,False,False,false
1788952296680,-2.0471,6.5581,7.797,0.30572,0.22436,-0.62489,26.51,28.44,-32.08,0.0,0.0,0.0,0.0,0.0,10.72,DEAD_RECKONING,1.88,282.08,-1666.08,332.78,750.54,False,False,False,false
1788952296799,-2.0471,6.5581,7.797,0.30572,0.22436,-0.62489,26.51,28.44,-32.08,0.0,0.0,0.0,0.0,0.0,10.72,DEAD_RECKONING,1.88,285.93,-1663.21,347.05,745.58,False,False,False,false
1788952296916,-2.0471,6.5581,7.797,0.30572,0.22436,-0.62489,26.51,28.44,-32.08,0.0,0.0,0.0,0.0,0.0,10.72,DEAD_RECKONING,1.88,289.6,-1660.07,360.25,740.32,False,False,False,false
1788952297033,-2.0471,6.5581,7.797,0.30572,0.22436,-0.62489,26.51,28.44,-32.08,0.0,0.0,0.0,0.0,0.0,10.72,DEAD_RECKONING,1.88,293.11,-1656.7,372.52,734.85,False,False,False,false
1788952297152,-2.0471,6.5581,7.797,0.30572,0.22436,-0.62489,26.51,28.44,-32.08,0.0,0.0,0.0,0.0,0.0,10.72,DEAD_RECKONING,1.88,296.43,-1653.11,384.02,729.25,False,False,False,false
1788952297271,-2.0471,6.5581,7.797,0.30572,0.22436,-0.62489,26.51,28.44,-32.08,0.0,0.0,0.0,0.0,0.0,10.72,DEAD_RECKONING,1.88,299.59,-1649.31,394.86,723.62,False,False,False,false
1788952297394,-2.0471,6.5581,7.797,0.30572,0.22436,-0.62489,26.51,28.44,-32.08,0.0,0.0,0.0,0.0,0.0,10.72,DEAD_RECKONING,1.88,302.59,-1645.32,405.21,718.06,False,False,False,false
1788952297516,-2.0471,6.5581,7.797,0.30572,0.22436,-0.62489,26.51,28.44,-32.08,0.0,0.0,0.0,0.0,0.0,10.72,DEAD_RECKONING,1.88,305.44,-1641.15,415.26,712.7,False,False,False,false
1788952297643,-2.0471,6.5581,7.797,0.30572,0.22436,-0.62489,26.51,28.44,-32.08,0.0,0.0,0.0,0.0,0.0,10.72,DEAD_RECKONING,1.88,308.14,-1636.82,425.24,707.71,False,False,False,false
1788952297769,-2.0471,6.5581,7.797,0.30572,0.22436,-0.62489,26.51,28.44,-32.08,0.0,0.0,0.0,0.0,0.0,10.72,DEAD_RECKONING,1.88,310.71,-1632.36,435.5,703.32,False,False,False,false
1788952297897,-2.0471,6.5581,7.797,0.30572,0.22436,-0.62489,26.51,28.44,-32.08,0.0,0.0,0.0,0.0,0.0,10.72,DEAD_RECKONING,1.88,313.15,-1627.81,446.5,699.83,False,False,False,false
1788952298022,-2.0471,6.5581,7.797,0.30572,0.22436,-0.62489,26.51,28.44,-32.08,0.0,0.0,0.0,0.0,0.0,10.72,DEAD_RECKONING,1.88,315.49,-1623.22,458.84,697.65,False,False,False,false
1788952298150,-2.0471,6.5581,7.797,0.30572,0.22436,-0.62489,26.51,28.44,-32.08,0.0,0.0,0.0,0.0,0.0,10.72,DEAD_RECKONING,1.95,317.73,-1618.69,473.34,697.29,False,False,False,false
1788952298276,-2.0471,6.5581,7.797,0.30572,0.22436,-0.62489,26.51,28.44,-32.08,0.0,0.0,0.0,0.0,0.0,10.72,DEAD_RECKONING,1.72,319.88,-1614.3,491.03,699.44,False,False,False,false
1788952298402,-2.0471,6.5581,7.797,0.30572,0.22436,-0.62489,26.51,28.44,-32.08,0.0,0.0,0.0,0.0,0.0,10.72,DEAD_RECKONING,1.69,321.95,-1610.21,513.04,704.78,False,False,False,false
1788952299723,-2.0471,6.5581,7.797,0.30572,0.22436,-0.62489,26.51,28.44,-32.08,0.0,0.0,0.0,0.0,0.0,10.72,DEAD_RECKONING,1.69,323.96,-1606.54,540.38,713.93,False,False,False,false
1788952299842,-2.0471,6.5581,7.797,0.30572,0.22436,-0.62489,26.51,28.44,-32.08,0.0,0.0,0.0,0.0,0.0,10.72,DEAD_RECKONING,1.69,325.91,-1603.36,573.53,727.1,False,False,False,false
1788952299969,-2.0471,6.5581,7.797,0.30572,0.22436,-0.62489,26.51,28.44,-32.08,0.0,0.0,0.0,0.0,0.0,10.72,DEAD_RECKONING,1.69,327.8,-1600.63,611.85,743.7,False,False,False,false
1788952300090,-2.0471,6.5581,7.797,0.30572,0.22436,-0.62489,26.51,28.44,-32.08,0.0,0.0,0.0,0.0,0.0,10.72,DEAD_RECKONING,1.69,329.67,-1598.15,653.35,762.21,False,False,False,false
1788952300216,-2.0471,6.5581,7.797,0.30572,0.22436,-0.62489,26.51,28.44,-32.08,0.0,0.0,0.0,0.0,0.0,10.72,DEAD_RECKONING,1.69,331.5,-1595.63,695.16,780.54,False,False,False,false
1788952300339,-2.0471,6.5581,7.797,0.30572,0.22436,-0.62489,26.51,28.44,-32.08,0.0,0.0,0.0,0.0,0.0,10.72,DEAD_RECKONING,1.69,333.32,-1592.78,734.76,796.88,False,False,False,false
1788952300858,-2.0471,6.5581,7.797,0.30572,0.22436,-0.62489,26.51,28.44,-32.08,0.0,0.0,0.0,0.0,0.0,10.72,DEAD_RECKONING,1.69,335.13,-1589.47,770.87,810.33,False,False,False,false
1788952300976,-2.0471,6.5581,7.797,0.30572,0.22436,-0.62489,26.51,28.44,-32.08,0.0,0.0,0.0,0.0,0.0,10.72,DEAD_RECKONING,1.69,336.96,-1585.67,803.51,820.93,False,False,False,false
1788952301095,-2.0471,6.5581,7.797,0.30572,0.22436,-0.62489,26.51,28.44,-32.08,0.0,0.0,0.0,0.0,0.0,10.72,DEAD_RECKONING,1.69,338.81,-1581.46,833.33,829.17,False,False,False,false
1788952302450,-2.0471,6.5581,7.797,0.30572,0.22436,-0.62489,26.51,28.44,-32.08,0.0,0.0,0.0,0.0,0.0,10.72,DEAD_RECKONING,1.69,340.7,-1576.93,861.12,835.63,False,False,False,false
1788952302571,-2.0471,6.5581,7.797,0.30572,0.22436,-0.62489,26.51,28.44,-32.08,0.0,0.0,0.0,0.0,0.0,10.72,DEAD_RECKONING,1.69,342.66,-1572.16,887.51,840.76,False,False,False,false
1788952303042,-2.0471,6.5581,7.797,0.30572,0.22436,-0.62489,26.51,28.44,-32.08,0.0,0.0,0.0,0.0,0.0,10.72,DEAD_RECKONING,1.69,344.82,-1567.13,913.14,845.18,True,False,False,false
1788952303200,-2.0471,6.5581,7.797,0.30572,0.22436,-0.62489,26.51,28.44,-32.08,0.0,0.0,0.0,0.0,0.0,10.72,DEAD_RECKONING,1.69,347.02,-1559.62,947.66,860.54,False,False,False,false
1788952303317,-2.0471,6.5581,7.797,0.30572,0.22436,-0.62489,26.51,28.44,-32.08,0.0,0.0,0.0,0.0,0.0,10.72,DEAD_RECKONING,1.69,349.41,-1555.22,970.53,860.39,False,False,False,false
1788952303445,-2.0471,6.5581,7.797,0.30572,0.22436,-0.62489,26.51,28.44,-32.08,0.0,0.0,0.0,0.0,0.0,10.72,DEAD_RECKONING,1.69,352.07,-1550.27,991.94,859.83,False,False,False,false
1788952303567,-2.0471,6.5581,7.797,0.30572,0.22436,-0.62489,26.51,28.44,-32.08,0.0,0.0,0.0,0.0,0.0,10.72,DEAD_RECKONING,1.69,355.12,-1545.28,1013.24,859.04,False,False,False,false
1788952304853,-2.0471,6.5581,7.797,0.30572,0.22436,-0.62489,26.51,28.44,-32.08,0.0,0.0,0.0,0.0,0.0,10.72,DEAD_RECKONING,1.69,358.73,-1540.26,1034.55,858.09,False,False,False,false
1788952304974,-2.0471,6.5581,7.797,0.30572,0.22436,-0.62489,26.51,28.44,-32.08,0.0,0.0,0.0,0.0,0.0,10.72,DEAD_RECKONING,1.69,3.22,-1535.23,1055.86,856.98,False,False,False,false
1788952305098,-2.0471,6.5581,7.797,0.30572,0.22436,-0.62489,26.51,28.44,-32.08,0.0,0.0,0.0,0.0,0.0,10.72,DEAD_RECKONING,1.69,9.11,-1530.19,1077.14,855.7,False,False,False,false
1788952305218,-2.0471,6.5581,7.797,0.30572,0.22436,-0.62489,26.51,28.44,-32.08,0.0,0.0,0.0,0.0,0.0,10.72,DEAD_RECKONING,1.69,17.38,-1525.14,1098.35,854.2,False,False,False,false
1788952305345,-2.0471,6.5581,7.797,0.30572,0.22436,-0.62489,26.51,28.44,-32.08,0.0,0.0,0.0,0.0,0.0,10.72,DEAD_RECKONING,1.69,29.84,-1520.07,1119.43,852.46,False,False,False,false
1788952305477,-2.0471,6.5581,7.797,0.30572,0.22436,-0.62489,26.51,28.44,-32.08,0.0,0.0,0.0,0.0,0.0,10.72,DEAD_RECKONING,1.69,49.41,-1514.96,1140.31,850.45,False,False,False,false
1788952305598,-2.0471,6.5581,7.797,0.30572,0.22436,-0.62489,26.51,28.44,-32.08,0.0,0.0,0.0,0.0,0.0,10.72,DEAD_RECKONING,1.69,76.97,-1509.81,1160.93,848.13,False,False,False,false
1788952305721,-2.0471,6.5581,7.797,0.30572,0.22436,-0.62489,26.51,28.44,-32.08,0.0,0.0,0.0,0.0,0.0,10.72,DEAD_RECKONING,1.77,104.37,-1504.6,1181.2,845.46,False,False,False,false
1788952305849,-2.0471,6.5581,7.797,0.30572,0.22436,-0.62489,26.51,28.44,-32.08,0.0,0.0,0.0,0.0,0.0,10.72,DEAD_RECKONING,1.77,123.72,-1499.32,1201.05,842.41,False,False,False,false
1788952305973,-2.0471,6.5581,7.797,0.30572,0.22436,-0.62489,26.51,28.44,-32.08,0.0,0.0,0.0,0.0,0.0,10.72,DEAD_RECKONING,1.77,136.04,-1493.93,1220.39,838.94,False,False,False,false
1788952306123,-2.0471,6.5581,7.797,0.30572,0.22436,-0.62489,26.51,28.44,-32.08,0.0,0.0,0.0,0.0,0.0,10.72,DEAD_RECKONING,1.77,144.22,-1488.41,1239.12,835.02,False,False,False,false
1788952306246,-2.0471,6.5581,7.797,0.30572,0.22436,-0.62489,26.51,28.44,-32.08,0.0,0.0,0.0,0.0,0.0,10.72,DEAD_RECKONING,1.77,150.06,-1482.73,1257.16,830.63,False,False,False,false
1788952306372,-2.0471,6.5581,7.797,0.30572,0.22436,-0.62489,26.51,28.44,-32.08,0.0,0.0,0.0,0.0,0.0,10.72,DEAD_RECKONING,1.77,154.53,-1476.87,1274.4,825.72,False,False,False,false
1788952306498,-2.0471,6.5581,7.797,0.30572,0.22436,-0.62489,26.51,28.44,-32.08,0.0,0.0,0.0,0.0,0.0,10.72,DEAD_RECKONING,1.77,158.13,-1470.78,1290.72,820.28,False,False,False,false
1788952306623,-2.0471,6.5581,7.797,0.30572,0.22436,-0.62489,26.51,28.44,-32.08,0.0,0.0,0.0,0.0,0.0,10.72,DEAD_RECKONING,1.77,161.16,-1464.42,1305.99,814.28,False,False,False,false
1788952306746,-2.0471,6.5581,7.797,0.30572,0.22436,-0.62489,26.51,28.44,-32.08,0.0,0.0,0.0,0.0,0.0,10.72,DEAD_RECKONING,1.77,163.81,-1457.76,1320.04,807.69,False,False,False,false
1788952306869,-2.0471,6.5581,7.797,0.30572,0.22436,-0.62489,26.51,28.44,-32.08,0.0,0.0,0.0,0.0,0.0,10.72,DEAD_RECKONING,1.77,166.2,-1450.73,1332.7,800.45,False,False,False,false
1788952306997,-2.0471,6.5581,7.797,0.30572,0.22436,-0.62489,26.51,28.44,-32.08,0.0,0.0,0.0,0.0,0.0,10.72,DEAD_RECKONING,1.77,168.39,-1443.27,1343.7,792.54,False,False,False,false
1788952307121,-2.0471,6.5581,7.797,0.30572,0.22436,-0.62489,26.51,28.44,-32.08,0.0,0.0,0.0,0.0,0.0,10.72,DEAD_RECKONING,1.77,170.45,-1435.31,1352.75,783.87,False,False,False,false
1788952307249,-2.0471,6.5581,7.797,0.30572,0.22436,-0.62489,26.51,28.44,-32.08,0.0,0.0,0.0,0.0,0.0,10.72,DEAD_RECKONING,1.77,172.41,-1426.75,1359.45,774.36,False,False,False,false
1788952307378,-2.0471,6.5581,7.797,0.30572,0.22436,-0.62489,26.51,28.44,-32.08,0.0,0.0,0.0,0.0,0.0,10.72,DEAD_RECKONING,1.77,174.3,-1417.46,1363.26,763.9,False,False,False,false
1788952307501,-2.0471,6.5581,7.797,0.30572,0.22436,-0.62489,26.51,28.44,-32.08,0.0,0.0,0.0,0.0,0.0,10.72,DEAD_RECKONING,1.77,176.15,-1407.3,1363.52,752.35,False,False,False,false
1788952307617,-2.0471,6.5581,7.797,0.30572,0.22436,-0.62489,26.51,28.44,-32.08,0.0,0.0,0.0,0.0,0.0,10.72,DEAD_RECKONING,1.77,177.97,-1396.06,1359.37,739.53,False,False,False,false
1788952307741,-2.0471,6.5581,7.797,0.30572,0.22436,-0.62489,26.51,28.44,-32.08,0.0,0.0,0.0,0.0,0.0,10.72,DEAD_RECKONING,1.77,179.79,-1383.52,1349.77,725.28,False,False,False,false
1788952307870,-2.0471,6.5581,7.797,0.30572,0.22436,-0.62489,26.51,28.44,-32.08,0.0,0.0,0.0,0.0,0.0,10.72,DEAD_RECKONING,1.77,181.61,-1369.4,1333.51,709.5,False,False,False,false
1788952307994,-2.0471,6.5581,7.797,0.30572,0.22436,-0.62489,26.51,28.44,-32.08,0.0,0.0,0.0,0.0,0.0,10.72,DEAD_RECKONING,1.77,183.44,-1353.41,1309.37,692.25,False,False,False,false
1788952308118,-2.0471,6.5581,7.797,0.30572,0.22436,-0.62489,26.51,28.44,-32.08,0.0,0.0,0.0,0.0,0.0,10.72,DEAD_RECKONING,1.77,185.3,-1335.28,1276.35,673.99,False,False,False,false
1788952308244,-2.0471,6.5581,7.797,0.30572,0.22436,-0.62489,26.51,28.44,-32.08,0.0,0.0,0.0,0.0,0.0,10.72,DEAD_RECKONING,1.77,187.2,-1314.84,1234.06,655.83,False,False,False,false
1788952308372,-2.0471,6.5581,7.797,0.30572,0.22436,-0.62489,26.51,28.44,-32.08,0.0,0.0,0.0,0.0,0.0,10.72,DEAD_RECKONING,1.77,189.15,-1291.96,1182.81,639.68,False,False,False,false
1788952308497,-2.0471,6.5581,7.797,0.30572,0.22436,-0.62489,26.51,28.44,-32.08,0.0,0.0,0.0,0.0,0.0,10.72,DEAD_RECKONING,1.77,191.16,-1266.35,1122.7,628.0,False,False,False,false
1788952308619,-2.0471,6.5581,7.797,0.30572,0.22436,-0.62489,26.51,28.44,-32.08,0.0,0.0,0.0,0.0,0.0,10.72,DEAD_RECKONING,1.77,193.23,-1237.26,1051.46,623.31,False,False,False,false
1788952308751,-2.0471,6.5581,7.797,0.30572,0.22436,-0.62489,26.51,28.44,-32.08,0.0,0.0,0.0,0.0,0.0,10.72,DEAD_RECKONING,1.77,187.68,-1168.39,798.9,550.07,False,False,False,true
1788952308873,-2.0471,6.5581,7.797,0.30572,0.22436,-0.62489,26.51,28.44,-32.08,0.0,0.0,0.0,0.0,0.0,10.72,DEAD_RECKONING,1.96,189.24,-1398.08,779.7,936.05,False,False,False,false
1788952308995,-2.0471,6.5581,7.797,0.30572,0.22436,-0.62489,26.51,28.44,-32.08,0.0,0.0,0.0,0.0,0.0,10.72,DEAD_RECKONING,1.96,190.99,-1000.34,-171.14,675.23,False,False,False,false
1788952309120,-2.0471,6.5581,7.797,0.30572,0.22436,-0.62489,26.51,28.44,-32.08,0.0,0.0,0.0,0.0,0.0,10.72,DEAD_RECKONING,1.96,192.94,-704.79,-657.98,934.28,False,False,False,false
1788952309242,-2.0471,6.5581,7.797,0.30572,0.22436,-0.62489,26.51,28.44,-32.08,0.0,0.0,0.0,0.0,0.0,10.72,DEAD_RECKONING,1.96,195.12,-623.87,-852.1,833.88,False,False,False,false
1788952309370,-2.0471,6.5581,7.797,0.30572,0.22436,-0.62489,26.51,28.44,-32.08,0.0,0.0,0.0,0.0,0.0,10.72,DEAD_RECKONING,1.96,197.57,-643.01,-775.87,861.04,False,False,False,false
1788952309494,-2.0471,6.5581,7.797,0.30572,0.22436,-0.62489,26.51,28.44,-32.08,0.0,0.0,0.0,0.0,0.0,10.72,DEAD_RECKONING,1.96,200.31,-621.05,-764.31,916.75,False,False,False,false
1788952309611,-2.0471,6.5581,7.797,0.30572,0.22436,-0.62489,26.51,28.44,-32.08,0.0,0.0,0.0,0.0,0.0,10.72,DEAD_RECKONING,1.96,203.38,-588.19,-784.4,944.16,False,False,False,false
1788952309735,-2.0471,6.5581,7.797,0.30572,0.22436,-0.62489,26.51,28.44,-32.08,0.0,0.0,0.0,0.0,0.0,10.72,DEAD_RECKONING,1.96,206.82,-559.86,-792.73,970.09,False,False,False,false
1788952309856,-2.0471,6.5581,7.797,0.30572,0.22436,-0.62489,26.51,28.44,-32.08,0.0,0.0,0.0,0.0,0.0,10.72,DEAD_RECKONING,1.96,210.67,-518.55,-812.14,1010.3,False,False,False,false
1788952309980,-2.0471,6.5581,7.797,0.30572,0.22436,-0.62489,26.51,28.44,-32.08,0.0,0.0,0.0,0.0,0.0,10.72,DEAD_RECKONING,1.96,214.95,-461.65,-865.02,1027.79,False,False,False,false
1788952310130,-2.0471,6.5581,7.797,0.30572,0.22436,-0.62489,26.51,28.44,-32.08,0.0,0.0,0.0,0.0,0.0,10.72,DEAD_RECKONING,1.96,219.69,-428.69,-851.65,1081.94,False,False,False,false
1788952310270,-2.0471,6.5581,7.797,0.30572,0.22436,-0.62489,26.51,28.44,-32.08,0.0,0.0,0.0,0.0,0.0,10.72,DEAD_RECKONING,1.96,224.87,-358.94,-886.06,1164.33,False,False,False,false
1788952310389,-2.0471,6.5581,7.797,0.30572,0.22436,-0.62489,26.51,28.44,-32.08,0.0,0.0,0.0,0.0,0.0,10.72,DEAD_RECKONING,1.96,230.48,-295.53,-899.32,1261.78,False,False,False,false
1788952310506,-2.0471,6.5581,7.797,0.30572,0.22436,-0.62489,26.51,28.44,-32.08,0.0,0.0,0.0,0.0,0.0,10.72,DEAD_RECKONING,1.96,236.43,-227.35,-883.15,1425.28,False,False,False,false
1788952310626,-2.0471,6.5581,7.797,0.30572,0.22436,-0.62489,26.51,28.44,-32.08,0.0,0.0,0.0,0.0,0.0,10.72,DEAD_RECKONING,1.96,242.62,-121.84,-877.94,1674.54,False,False,False,false
1788952310742,-2.0471,6.5581,7.797,0.30572,0.22436,-0.62489,26.51,28.44,-32.08,0.0,0.0,0.0,0.0,0.0,10.72,DEAD_RECKONING,1.96,248.84,-73.18,-752.65,1984.49,True,False,False,false
1788952310859,-2.0471,6.5581,7.797,0.30572,0.22436,-0.62489,26.51,28.44,-32.08,0.0,0.0,0.0,0.0,0.0,10.72,DEAD_RECKONING,1.96,255.09,11.57,-858.43,2026.75,False,False,False,false
1788952310974,-2.0471,6.5581,7.797,0.30572,0.22436,-0.62489,26.51,28.44,-32.08,0.0,0.0,0.0,0.0,0.0,10.72,DEAD_RECKONING,1.96,254.37,-155.89,-31.22,3014.0,False,False,False,true
1788952311089,-2.0471,6.5581,7.797,0.30572,0.22436,-0.62489,26.51,28.44,-32.08,0.0,0.0,0.0,0.0,0.0,10.72,DEAD_RECKONING,1.88,259.56,-149.08,-11.67,3059.5,False,False,False,false
1788952311208,-2.0471,6.5581,7.797,0.30572,0.22436,-0.62489,26.51,28.44,-32.08,0.0,0.0,0.0,0.0,0.0,10.72,DEAD_RECKONING,1.88,264.43,-144.19,-5.08,3069.41,False,False,False,false
1788952311341,-2.0471,6.5581,7.797,0.30572,0.22436,-0.62489,26.51,28.44,-32.08,0.0,0.0,0.0,0.0,0.0,10.72,DEAD_RECKONING,1.88,268.94,-139.2,1.28,3078.72,False,False,False,false
1788952311476,-2.0471,6.5581,7.797,0.30572,0.22436,-0.62489,26.51,28.44,-32.08,0.0,0.0,0.0,0.0,0.0,10.72,DEAD_RECKONING,1.88,273.1,-134.15,7.69,3088.03,False,False,False,false
1788952311618,-2.0471,6.5581,7.797,0.30572,0.22436,-0.62489,26.51,28.44,-32.08,0.0,0.0,0.0,0.0,0.0,10.72,DEAD_RECKONING,1.88,276.9,-129.06,14.15,3097.32,False,False,False,false
1788952311758,-2.0471,6.5581,7.797,0.30572,0.22436,-0.62489,26.51,28.44,-32.08,0.0,0.0,0.0,0.0,0.0,10.72,DEAD_RECKONING,1.88,280.36,-123.94,20.66,3106.62,False,False,False,false
1788952311884,-2.0471,6.5581,7.797,0.30572,0.22436,-0.62489,26.51,28.44,-32.08,0.0,0.0,0.0,0.0,0.0,10.72,DEAD_RECKONING,1.88,283.5,-118.78,27.23,3115.9,False,False,False,false
1788952312002,-2.0471,6.5581,7.797,0.30572,0.22436,-0.62489,26.51,28.44,-32.08,0.0,0.0,0.0,0.0,0.0,10.72,DEAD_RECKONING,1.88,286.36,-113.59,33.83,3125.17,False,False,False,false
1788952312124,-2.0471,6.5581,7.797,0.30572,0.22436,-0.62489,26.51,28.44,-32.08,0.0,0.0,0.0,0.0,0.0,10.72,DEAD_RECKONING,1.88,288.94,-108.38,40.49,3134.42,False,False,False,false
1788952312242,-2.0471,6.5581,7.797,0.30572,0.22436,-0.62489,26.51,28.44,-32.08,0.0,0.0,0.0,0.0,0.0,10.72,DEAD_RECKONING,1.88,293.79,-101.72,52.68,3171.31,False,False,False,true
1788952312362,-2.0471,6.5581,7.797,0.30572,0.22436,-0.62489,26.51,28.44,-32.08,0.0,0.0,0.0,0.0,0.0,10.72,DEAD_RECKONING,1.88,296.08,-96.55,59.4,3180.68,False,False,False,false
1788952312475,-2.0471,6.5581,7.797,0.30572,0.22436,-0.62489,26.51,28.44,-32.08,0.0,0.0,0.0,0.0,0.0,10.72,DEAD_RECKONING,1.88,298.21,-91.49,66.2,3190.23,False,False,False,false
1788952312590,-2.0471,6.5581,7.797,0.30572,0.22436,-0.62489,26.51,28.44,-32.08,0.0,0.0,0.0,0.0,0.0,10.72,DEAD_RECKONING,1.88,300.19,-86.44,73.02,3199.72,False,False,False,false
1788952312706,-2.0471,6.5581,7.797,0.30572,0.22436,-0.62489,26.51,28.44,-32.08,0.0,0.0,0.0,0.0,0.0,10.72,DEAD_RECKONING,1.88,302.07,-80.95,79.27,3209.48,True,False,False,false
1788952312820,-2.0471,6.5581,7.797,0.30572,0.22436,-0.62489,26.51,28.44,-32.08,0.0,0.0,0.0,0.0,0.0,10.72,DEAD_RECKONING,1.88,303.77,-76.07,86.28,3218.71,False,False,False,false
1788952312943,-2.0471,6.5581,7.797,0.30572,0.22436,-0.62489,26.51,28.44,-32.08,0.0,0.0,0.0,0.0,0.0,10.72,DEAD_RECKONING,1.88,305.36,-71.11,93.14,3227.91,False,False,False,false
1788952313060,-2.0471,6.5581,7.797,0.30572,0.22436,-0.62489,26.51,28.44,-32.08,0.0,0.0,0.0,0.0,0.0,10.72,DEAD_RECKONING,1.72,306.84,-66.2,100.0,3236.95,False,False,False,false
1788952313177,-2.0471,6.5581,7.797,0.30572,0.22436,-0.62489,26.51,28.44,-32.08,0.0,0.0,0.0,0.0,0.0,10.72,DEAD_RECKONING,1.69,308.22,-61.36,106.85,3245.81,False,False,False,false
1788952313293,-2.0471,6.5581,7.797,0.30572,0.22436,-0.62489,26.51,28.44,-32.08,0.0,0.0,0.0,0.0,0.0,10.72,DEAD_RECKONING,1.69,309.52,-56.63,113.69,3254.41,False,False,False,false
1788952313409,-2.0471,6.5581,7.797,0.30572,0.22436,-0.62489,26.51,28.44,-32.08,0.0,0.0,0.0,0.0,0.0,10.72,DEAD_RECKONING,1.69,310.4,-67.0,140.72,3290.02,False,False,False,true
1788952313527,-2.0471,6.5581,7.797,0.30572,0.22436,-0.62489,26.51,28.44,-32.08,0.0,0.0,0.0,0.0,0.0,10.72,DEAD_RECKONING,1.69,312.59,-75.45,148.63,3292.49,False,False,False,false
1788952313644,-2.0471,6.5581,7.797,0.30572,0.22436,-0.62489,26.51,28.44,-32.08,0.0,0.0,0.0,0.0,0.0,10.72,DEAD_RECKONING,1.69,314.83,-73.01,154.48,3295.78,False,False,False,false
1788952313758,-2.0471,6.5581,7.797,0.30572,0.22436,-0.62489,26.51,28.44,-32.08,0.0,0.0,0.0,0.0,0.0,10.72,DEAD_RECKONING,1.69,317.15,-70.84,159.98,3298.18,False,False,False,false
1788952313880,-2.0471,6.5581,7.797,0.30572,0.22436,-0.62489,26.51,28.44,-32.08,0.0,0.0,0.0,0.0,0.0,10.72,DEAD_RECKONING,1.69,319.58,-69.22,164.98,3298.66,False,False,False,false
1788952314000,-2.0471,6.5581,7.797,0.30572,0.22436,-0.62489,26.51,28.44,-32.08,0.0,0.0,0.0,0.0,0.0,10.72,DEAD_RECKONING,1.69,322.14,-68.36,169.29,3296.59,False,False,False,false
1788952314126,-2.0471,6.5581,7.797,0.30572,0.22436,-0.62489,26.51,28.44,-32.08,0.0,0.0,0.0,0.0,0.0,10.72,DEAD_RECKONING,1.69,324.9,-68.52,172.64,3291.03,False,False,False,false
1788952314245,-2.0471,6.5581,7.797,0.30572,0.22436,-0.62489,26.51,28.44,-32.08,0.0,0.0,0.0,0.0,0.0,10.72,DEAD_RECKONING,1.69,327.92,-70.05,174.61,3280.64,False,False,False,false
1788952314364,-2.0471,6.5581,7.797,0.30572,0.22436,-0.62489,26.51,28.44,-32.08,0.0,0.0,0.0,0.0,0.0,10.72,DEAD_RECKONING,1.69,331.27,-73.46,174.54,3263.4,False,False,False,false
1788952314539,-2.0471,6.5581,7.797,0.30572,0.22436,-0.62489,26.51,28.44,-32.08,0.0,0.0,0.0,0.0,0.0,10.72,DEAD_RECKONING,1.69,335.1,-79.5,171.38,3236.21,False,False,False,false
1788952314663,-2.0471,6.5581,7.797,0.30572,0.22436,-0.62489,26.51,28.44,-32.08,0.0,0.0,0.0,0.0,0.0,10.72,DEAD_RECKONING,1.69,333.19,-68.28,159.46,3218.24,False,False,False,true
1788952314784,-2.0471,6.5581,7.797,0.30572,0.22436,-0.62489,26.51,28.44,-32.08,0.0,0.0,0.0,0.0,0.0,10.72,DEAD_RECKONING,1.69,335.83,-89.61,185.94,3215.92,False,False,False,false
1788952314905,-2.0471,6.5581,7.797,0.30572,0.22436,-0.62489,26.51,28.44,-32.08,0.0,0.0,0.0,0.0,0.0,10.72,DEAD_RECKONING,1.69,338.87,-89.22,169.67,3176.12,False,False,False,false
1788952315022,-2.0471,6.5581,7.797,0.30572,0.22436,-0.62489,26.51,28.44,-32.08,0.0,0.0,0.0,0.0,0.0,10.72,DEAD_RECKONING,1.69,342.53,-95.28,142.75,3106.01,False,False,False,false
1788952315143,-2.0471,6.5581,7.797,0.30572,0.22436,-0.62489,26.51,28.44,-32.08,0.0,0.0,0.0,0.0,0.0,10.72,DEAD_RECKONING,1.69,347.15,-107.39,97.42,2991.86,False,False,False,false
1788952315259,-2.0471,6.5581,7.797,0.30572,0.22436,-0.62489,26.51,28.44,-32.08,0.0,0.0,0.0,0.0,0.0,10.72,DEAD_RECKONING,1.69,353.4,-129.28,18.6,2799.77,True,False,False,false
1788952315381,-2.0471,6.5581,7.797,0.30572,0.22436,-0.62489,26.51,28.44,-32.08,0.0,0.0,0.0,0.0,0.0,10.72,DEAD_RECKONING,1.69,2.5,-171.48,-92.14,2517.78,False,False,False,false
1788952315505,-2.0471,6.5581,7.797,0.30572,0.22436,-0.62489,26.51,28.44,-32.08,0.0,0.0,0.0,0.0,0.0,10.72,DEAD_RECKONING,1.69,16.92,-175.52,-109.32,2470.07,True,False,False,false
1788952315623,-2.0471,6.5581,7.797,0.30572,0.22436,-0.62489,26.51,28.44,-32.08,0.0,0.0,0.0,0.0,0.0,10.72,DEAD_RECKONING,1.69,40.21,-175.7,-100.58,2473.75,True,False,False,false
1788952315740,-2.0471,6.5581,7.797,0.30572,0.22436,-0.62489,26.51,28.44,-32.08,0.0,0.0,0.0,0.0,0.0,10.72,DEAD_RECKONING,1.69,71.17,-176.58,-92.77,2473.89,False,False,False,false
1788952315858,-2.0471,6.5581,7.797,0.30572,0.22436,-0.62489,26.51,28.44,-32.08,0.0,0.0,0.0,0.0,0.0,10.72,DEAD_RECKONING,1.77,97.61,-175.57,-87.2,2473.96,False,False,False,false
1788952315982,-2.0471,6.5581,7.797,0.30572,0.22436,-0.62489,26.51,28.44,-32.08,0.0,0.0,0.0,0.0,0.0,10.72,DEAD_RECKONING,1.77,114.39,-172.08,-84.91,2474.02,False,False,False,false
1788952316102,-2.0471,6.5581,7.797,0.30572,0.22436,-0.62489,26.51,28.44,-32.08,0.0,0.0,0.0,0.0,0.0,10.72,DEAD_RECKONING,1.77,124.8,-164.46,-88.54,2473.98,False,False,False,false
1788952316221,-2.0471,6.5581,7.797,0.30572,0.22436,-0.62489,26.51,28.44,-32.08,0.0,0.0,0.0,0.0,0.0,10.72,DEAD_RECKONING,1.77,131.77,-149.62,-103.47,2473.42,False,False,False,false
1788952316344,-2.0471,6.5581,7.797,0.30572,0.22436,-0.62489,26.51,28.44,-32.08,0.0,0.0,0.0,0.0,0.0,10.72,DEAD_RECKONING,1.77,136.83,-123.6,-138.35,2470.06,False,False,False,false
1788952316479,-2.0471,6.5581,7.797,0.30572,0.22436,-0.62489,26.51,28.44,-32.08,0.0,0.0,0.0,0.0,0.0,10.72,DEAD_RECKONING,1.77,140.77,-106.75,-160.84,2464.68,False,False,False,false
1788952316605,-2.0471,6.5581,7.797,0.30572,0.22436,-0.62489,26.51,28.44,-32.08,0.0,0.0,0.0,0.0,0.0,10.72,DEAD_RECKONING,1.77,143.99,-100.15,-164.19,2463.07,False,False,False,false
1788952316725,-2.0471,6.5581,7.797,0.30572,0.22436,-0.62489,26.51,28.44,-32.08,0.0,0.0,0.0,0.0,0.0,10.72,DEAD_RECKONING,1.77,146.75,-81.52,-185.82,2464.74,False,False,False,false
1788952316844,-2.0471,6.5581,7.797,0.30572,0.22436,-0.62489,26.51,28.44,-32.08,0.0,0.0,0.0,0.0,0.0,10.72,DEAD_RECKONING,1.77,149.19,-63.84,-208.85,2466.93,False,False,False,false
1788952316965,-2.0471,6.5581,7.797,0.30572,0.22436,-0.62489,26.51,28.44,-32.08,0.0,0.0,0.0,0.0,0.0,10.72,DEAD_RECKONING,1.77,151.41,-46.13,-233.96,2466.66,False,False,False,false
1788952317085,-2.0471,6.5581,7.797,0.30572,0.22436,-0.62489,26.51,28.44,-32.08,0.0,0.0,0.0,0.0,0.0,10.72,DEAD_RECKONING,1.77,153.48,-32.41,-252.58,2467.78,False,False,False,false
1788952317204,-2.0471,6.5581,7.797,0.30572,0.22436,-0.62489,26.51,28.44,-32.08,0.0,0.0,0.0,0.0,0.0,10.72,DEAD_RECKONING,1.77,152.66,-26.65,-268.12,2467.79,False,False,False,true
1788952317319,-2.0471,6.5581,7.797,0.30572,0.22436,-0.62489,26.51,28.44,-32.08,0.0,0.0,0.0,0.0,0.0,10.72,DEAD_RECKONING,1.77,154.4,37.95,-311.77,2496.6,False,False,False,false
1788952317439,-2.0471,6.5581,7.797,0.30572,0.22436,-0.62489,26.51,28.44,-32.08,0.0,0.0,0.0,0.0,0.0,10.72,DEAD_RECKONING,1.77,156.12,47.23,-301.59,2528.16,False,False,False,false
1788952317559,-2.0471,6.5581,7.797,0.30572,0.22436,-0.62489,26.51,28.44,-32.08,0.0,0.0,0.0,0.0,0.0,10.72,DEAD_RECKONING,1.77,157.84,53.95,-306.75,2531.83,False,False,False,false
1788952317679,-2.0471,6.5581,7.797,0.30572,0.22436,-0.62489,26.51,28.44,-32.08,0.0,0.0,0.0,0.0,0.0,10.72,DEAD_RECKONING,1.77,159.55,56.08,-309.23,2536.15,False,False,False,false
1788952317799,-2.0471,6.5581,7.797,0.30572,0.22436,-0.62489,26.51,28.44,-32.08,0.0,0.0,0.0,0.0,0.0,10.72,DEAD_RECKONING,1.77,161.29,56.5,-312.88,2541.32,False,False,False,false
1788952317916,-2.0471,6.5581,7.797,0.30572,0.22436,-0.62489,26.51,28.44,-32.08,0.0,0.0,0.0,0.0,0.0,10.72,DEAD_RECKONING,1.77,163.05,55.46,-318.44,2547.24,False,False,False,false
1788952318039,-2.0471,6.5581,7.797,0.30572,0.22436,-0.62489,26.51,28.44,-32.08,0.0,0.0,0.0,0.0,0.0,10.72,DEAD_RECKONING,1.77,164.85,52.92,-326.29,2553.91,False,False,False,false
1788952318155,-2.0471,6.5581,7.797,0.30572,0.22436,-0.62489,26.51,28.44,-32.08,0.0,0.0,0.0,0.0,0.0,10.72,DEAD_RECKONING,1.77,166.69,48.78,-336.54,2561.38,False,False,False,false
1788952318272,-2.0471,6.5581,7.797,0.30572,0.22436,-0.62489,26.51,28.44,-32.08,0.0,0.0,0.0,0.0,0.0,10.72,DEAD_RECKONING,1.77,168.6,42.93,-349.14,2569.71,False,False,False,false
1788952318387,-2.0471,6.5581,7.797,0.30572,0.22436,-0.62489,26.51,28.44,-32.08,0.0,0.0,0.0,0.0,0.0,10.72,DEAD_RECKONING,1.77,170.56,35.28,-363.92,2579.03,False,False,False,false
1788952318507,-2.0471,6.5581,7.797,0.30572,0.22436,-0.62489,26.51,28.44,-32.08,0.0,0.0,0.0,0.0,0.0,10.72,DEAD_RECKONING,1.77,172.61,25.68,-380.67,2589.5,False,False,False,false
1788952318623,-2.0471,6.5581,7.797,0.30572,0.22436,-0.62489,26.51,28.44,-32.08,0.0,0.0,0.0,0.0,0.0,10.72,DEAD_RECKONING,1.8,174.74,13.92,-399.31,2601.36,False,False,False,false
1788952318742,-2.0471,6.5581,7.797,0.30572,0.22436,-0.62489,26.51,28.44,-32.08,0.0,0.0,0.0,0.0,0.0,10.72,DEAD_RECKONING,2.03,176.97,-0.34,-419.88,2614.89,False,False,False,false
1788952318863,-2.0471,6.5581,7.797,0.30572,0.22436,-0.62489,26.51,28.44,-32.08,0.0,0.0,0.0,0.0,0.0,10.72,DEAD_RECKONING,1.96,179.31,-17.97,-443.1,2630.78,False,False,False,false
1788952318983,-2.0471,6.5581,7.797,0.30572,0.22436,-0.62489,26.51,28.44,-32.08,0.0,0.0,0.0,0.0,0.0,10.72,DEAD_RECKONING,1.96,181.76,-39.84,-469.8,2649.56,False,False,False,false
1788952319107,-2.0471,6.5581,7.797,0.30572,0.22436,-0.62489,26.51,28.44,-32.08,0.0,0.0,0.0,0.0,0.0,10.72,DEAD_RECKONING,1.96,184.35,-67.15,-501.08,2671.92,False,False,False,false
1788952319231,-2.0471,6.5581,7.797,0.30572,0.22436,-0.62489,26.51,28.44,-32.08,0.0,0.0,0.0,0.0,0.0,10.72,DEAD_RECKONING,1.96,187.08,-101.18,-537.98,2698.48,False,False,False,false
1788952319351,-2.0471,6.5581,7.797,0.30572,0.22436,-0.62489,26.51,28.44,-32.08,0.0,0.0,0.0,0.0,0.0,10.72,DEAD_RECKONING,1.96,189.96,-142.87,-580.77,2729.61,False,False,False,false
1788952319473,-2.0471,6.5581,7.797,0.30572,0.22436,-0.62489,26.51,28.44,-32.08,0.0,0.0,0.0,0.0,0.0,10.72,DEAD_RECKONING,1.96,193.01,-192.05,-627.69,2764.97,False,False,False,false
1788952319598,-2.0471,6.5581,7.797,0.30572,0.22436,-0.62489,26.51,28.44,-32.08,0.0,0.0,0.0,0.0,0.0,10.72,DEAD_RECKONING,1.96,196.23,-246.4,-673.35,2803.04,False,False,False,false
1788952319720,-2.0471,6.5581,7.797,0.30572,0.22436,-0.62489,26.51,28.44,-32.08,0.0,0.0,0.0,0.0,0.0,10.72,DEAD_RECKONING,1.96,199.63,-301.0,-709.02,2840.75,False,False,False,false
1788952319839,-2.0471,6.5581,7.797,0.30572,0.22436,-0.62489,26.51,28.44,-32.08,0.0,0.0,0.0,0.0,0.0,10.72,DEAD_RECKONING,1.96,203.2,-349.91,-726.62,2874.42,True,False,False,false
1788952319963,-2.0471,6.5581,7.797,0.30572,0.22436,-0.62489,26.51,28.44,-32.08,0.0,0.0,0.0,0.0,0.0,10.72,DEAD_RECKONING,1.96,206.98,-388.59,-727.7,2899.01,True,False,False,false
1788952320088,-2.0471,6.5581,7.797,0.30572,0.22436,-0.62489,26.51,28.44,-32.08,0.0,0.0,0.0,0.0,0.0,10.72,DEAD_RECKONING,1.96,210.97,-418.35,-714.31,2918.43,True,False,False,false
1788952320213,-2.0471,6.5581,7.797,0.30572,0.22436,-0.62489,26.51,28.44,-32.08,0.0,0.0,0.0,0.0,0.0,10.72,DEAD_RECKONING,1.96,215.08,-439.08,-697.51,2931.1,False,False,False,false
1788952320346,-2.0471,6.5581,7.797,0.30572,0.22436,-0.62489,26.51,28.44,-32.08,0.0,0.0,0.0,0.0,0.0,10.72,DEAD_RECKONING,1.96,219.35,-462.41,-673.5,2944.93,False,False,False,false
1788952320469,-2.0471,6.5581,7.797,0.30572,0.22436,-0.62489,26.51,28.44,-32.08,0.0,0.0,0.0,0.0,0.0,10.72,DEAD_RECKONING,1.96,223.75,-482.61,-653.58,2953.69,False,False,False,false
1788952320591,-2.0471,6.5581,7.797,0.30572,0.22436,-0.62489,26.51,28.44,-32.08,0.0,0.0,0.0,0.0,0.0,10.72,DEAD_RECKONING,1.96,228.24,-501.5,-632.91,2962.55,False,False,False,false
1788952320704,-2.0471,6.5581,7.797,0.30572,0.22436,-0.62489,26.51,28.44,-32.08,0.0,0.0,0.0,0.0,0.0,10.72,DEAD_RECKONING,1.96,232.79,-517.11,-616.12,2968.44,False,False,False,false
1788952320821,-2.0471,6.5581,7.797,0.30572,0.22436,-0.62489,26.51,28.44,-32.08,0.0,0.0,0.0,0.0,0.0,10.72,DEAD_RECKONING,1.96,237.37,-531.66,-599.63,2973.92,False,False,False,false
1788952320937,-2.0471,6.5581,7.797,0.30572,0.22436,-0.62489,26.51,28.44,-32.08,0.0,0.0,0.0,0.0,0.0,10.72,DEAD_RECKONING,1.96,241.92,-544.25,-585.69,2977.67,False,False,False,false
1788952321052,-2.0471,6.5581,7.797,0.30572,0.22436,-0.62489,26.51,28.44,-32.08,0.0,0.0,0.0,0.0,0.0,10.72,DEAD_RECKONING,1.96,246.41,-556.01,-572.68,2980.66,False,False,False,false
1788952321170,-2.0471,6.5581,7.797,0.30572,0.22436,-0.62489,26.51,28.44,-32.08,0.0,0.0,0.0,0.0,0.0,10.72,DEAD_RECKONING,1.96,250.8,-566.68,-561.34,2982.51,False,False,False,false
1788952321294,-2.0471,6.5581,7.797,0.30572,0.22436,-0.62489,26.51,28.44,-32.08,0.0,0.0,0.0,0.0,0.0,10.72,DEAD_RECKONING,1.96,255.07,-576.73,-551.07,2983.49,False,False,False,false
1788952321406,-2.0471,6.5581,7.797,0.30572,0.22436,-0.62489,26.51,28.44,-32.08,0.0,0.0,0.0,0.0,0.0,10.72,DEAD_RECKONING,1.88,259.18,-585.23,-542.78,2983.64,False,False,False,false
1788952321526,-2.0471,6.5581,7.797,0.30572,0.22436,-0.62489,26.51,28.44,-32.08,0.0,0.0,0.0,0.0,0.0,10.72,DEAD_RECKONING,1.88,263.12,-594.09,-534.67,2982.97,False,False,False,false
1788952321652,-2.0471,6.5581,7.797,0.30572,0.22436,-0.62489,26.51,28.44,-32.08,0.0,0.0,0.0,0.0,0.0,10.72,DEAD_RECKONING,1.88,266.89,-602.57,-527.64,2981.35,False,False,False,false
1788952321767,-2.0471,6.5581,7.797,0.30572,0.22436,-0.62489,26.51,28.44,-32.08,0.0,0.0,0.0,0.0,0.0,10.72,DEAD_RECKONING,1.88,270.47,-610.87,-521.43,2978.84,False,False,False,false
1788952321887,-2.0471,6.5581,7.797,0.30572,0.22436,-0.62489,26.51,28.44,-32.08,0.0,0.0,0.0,0.0,0.0,10.72,DEAD_RECKONING,1.88,273.86,-618.85,-516.12,2975.53,False,False,False,false
1788952322003,-2.0471,6.5581,7.797,0.30572,0.22436,-0.62489,26.51,28.44,-32.08,0.0,0.0,0.0,0.0,0.0,10.72,DEAD_RECKONING,1.88,277.07,-626.44,-511.65,2971.53,False,False,False,false
1788952322135,-2.0471,6.5581,7.797,0.30572,0.22436,-0.62489,26.51,28.44,-32.08,0.0,0.0,0.0,0.0,0.0,10.72,DEAD_RECKONING,1.88,280.12,-633.57,-507.99,2966.96,False,False,False,false
1788952322261,-2.0471,6.5581,7.797,0.30572,0.22436,-0.62489,26.51,28.44,-32.08,0.0,0.0,0.0,0.0,0.0,10.72,DEAD_RECKONING,1.88,282.99,-640.2,-505.08,2961.95,False,False,False,false
1788952322384,-2.0471,6.5581,7.797,0.30572,0.22436,-0.62489,26.51,28.44,-32.08,0.0,0.0,0.0,0.0,0.0,10.72,DEAD_RECKONING,1.88,285.72,-646.25,-502.86,2956.65,False,False,False,false
1788952322514,-2.0471,6.5581,7.797,0.30572,0.22436,-0.62489,26.51,28.44,-32.08,0.0,0.0,0.0,0.0,0.0,10.72,DEAD_RECKONING,1.88,288.3,-651.69,-501.24,2951.21,False,False,False,false
1788952322634,-2.0471,6.5581,7.797,0.30572,0.22436,-0.62489,26.51,28.44,-32.08,0.0,0.0,0.0,0.0,0.0,10.72,DEAD_RECKONING,1.88,290.75,-656.46,-500.15,2945.81,False,False,False,false
1788952322752,-2.0471,6.5581,7.797,0.30572,0.22436,-0.62489,26.51,28.44,-32.08,0.0,0.0,0.0,0.0,0.0,10.72,DEAD_RECKONING,1.88,293.08,-660.52,-499.48,2940.65,False,False,False,false
1788952322873,-2.0471,6.5581,7.797,0.30572,0.22436,-0.62489,26.51,28.44,-32.08,0.0,0.0,0.0,0.0,0.0,10.72,DEAD_RECKONING,1.88,295.3,-663.85,-499.12,2935.91,False,False,False,false
1788952322998,-2.0471,6.5581,7.797,0.30572,0.22436,-0.62489,26.51,28.44,-32.08,0.0,0.0,0.0,0.0,0.0,10.72,DEAD_RECKONING,1.95,297.42,-667.13,-499.16,2930.69,False,False,False,false
1788952323146,-2.0471,6.5581,7.797,0.30572,0.22436,-0.62489,26.51,28.44,-32.08,0.0,0.0,0.0,0.0,0.0,10.72,DEAD_RECKONING,1.72,299.46,-666.8,-498.09,2931.15,False,False,False,false
1788952323266,-2.0471,6.5581,7.797,0.30572,0.22436,-0.62489,26.51,28.44,-32.08,0.0,0.0,0.0,0.0,0.0,10.72,DEAD_RECKONING,1.69,301.43,-666.81,-497.26,2930.92,False,False,False,false
1788952323383,-2.0471,6.5581,7.797,0.30572,0.22436,-0.62489,26.51,28.44,-32.08,0.0,0.0,0.0,0.0,0.0,10.72,DEAD_RECKONING,1.69,303.32,-667.03,-496.65,2930.18,False,False,False,false
1788952323507,-2.0471,6.5581,7.797,0.30572,0.22436,-0.62489,26.51,28.44,-32.08,0.0,0.0,0.0,0.0,0.0,10.72,DEAD_RECKONING,1.69,305.16,-667.08,-495.98,2929.69,False,False,False,false
1788952323628,-2.0471,6.5581,7.797,0.30572,0.22436,-0.62489,26.51,28.44,-32.08,0.0,0.0,0.0,0.0,0.0,10.72,DEAD_RECKONING,1.69,306.95,-666.82,-495.05,2929.9,False,False,False,false
1788952323750,-2.0471,6.5581,7.797,0.30572,0.22436,-0.62489,26.51,28.44,-32.08,0.0,0.0,0.0,0.0,0.0,10.72,DEAD_RECKONING,1.69,308.71,-666.25,-493.73,2930.92,False,False,False,false
1788952323866,-2.0471,6.5581,7.797,0.30572,0.22436,-0.62489,26.51,28.44,-32.08,0.0,0.0,0.0,0.0,0.0,10.72,DEAD_RECKONING,1.69,310.44,-665.43,-491.97,2932.7,False,False,False,false
1788952323982,-2.0471,6.5581,7.797,0.30572,0.22436,-0.62489,26.51,28.44,-32.08,0.0,0.0,0.0,0.0,0.0,10.72,DEAD_RECKONING,1.69,312.16,-664.49,-489.81,2935.11,True,False,False,false
1788952324105,-2.0471,6.5581,7.797,0.30572,0.22436,-0.62489,26.51,28.44,-32.08,0.0,0.0,0.0,0.0,0.0,10.72,DEAD_RECKONING,1.69,313.88,-663.51,-487.28,2937.88,True,False,False,false
1788952324230,-2.0471,6.5581,7.797,0.30572,0.22436,-0.62489,26.51,28.44,-32.08,0.0,0.0,0.0,0.0,0.0,10.72,DEAD_RECKONING,1.69,315.6,-662.55,-484.47,2940.81,True,False,False,false
1788952324353,-2.0471,6.5581,7.797,0.30572,0.22436,-0.62489,26.51,28.44,-32.08,0.0,0.0,0.0,0.0,0.0,10.72,DEAD_RECKONING,1.69,317.35,-661.67,-481.5,2943.68,True,False,False,false
1788952324480,-2.0471,6.5581,7.797,0.30572,0.22436,-0.62489,26.51,28.44,-32.08,0.0,0.0,0.0,0.0,0.0,10.72,DEAD_RECKONING,1.69,319.13,-660.9,-478.51,2946.3,True,False,False,false
1788952324600,-2.0471,6.5581,7.797,0.30572,0.22436,-0.62489,26.51,28.44,-32.08,0.0,0.0,0.0,0.0,0.0,10.72,DEAD_RECKONING,1.69,320.96,-660.27,-475.65,2948.54,True,False,False,false
1788952324731,-2.0471,6.5581,7.797,0.30572,0.22436,-0.62489,26.51,28.44,-32.08,0.0,0.0,0.0,0.0,0.0,10.72,DEAD_RECKONING,1.69,322.91,-659.8,-473.09,2950.31,False,False,False,false
1788952324857,-2.0471,6.5581,7.797,0.30572,0.22436,-0.62489,26.51,28.44,-32.08,0.0,0.0,0.0,0.0,0.0,10.72,DEAD_RECKONING,1.69,324.99,-659.48,-470.91,2951.58,False,False,False,false
1788952324986,-2.0471,6.5581,7.797,0.30572,0.22436,-0.62489,26.51,28.44,-32.08,0.0,0.0,0.0,0.0,0.0,10.72,DEAD_RECKONING,1.69,327.27,-659.31,-469.19,2952.32,False,False,False,false
1788952325108,-2.0471,6.5581,7.797,0.30572,0.22436,-0.62489,26.51,28.44,-32.08,0.0,0.0,0.0,0.0,0.0,10.72,DEAD_RECKONING,1.69,329.82,-659.3,-468.06,2952.47,False,False,False,false
1788952325228,-2.0471,6.5581,7.797,0.30572,0.22436,-0.62489,26.51,28.44,-32.08,0.0,0.0,0.0,0.0,0.0,10.72,DEAD_RECKONING,1.69,332.79,-659.46,-467.65,2951.93,False,False,False,false
1788952325356,-2.0471,6.5581,7.797,0.30572,0.22436,-0.62489,26.51,28.44,-32.08,0.0,0.0,0.0,0.0,0.0,10.72,DEAD_RECKONING,1.69,336.39,-659.83,-468.19,2950.53,False,False,False,false
1788952325479,-2.0471,6.5581,7.797,0.30572,0.22436,-0.62489,26.51,28.44,-32.08,0.0,0.0,0.0,0.0,0.0,10.72,DEAD_RECKONING,1.69,341.0,-660.44,-469.88,2948.09,False,False,False,false
1788952325608,-2.0471,6.5581,7.797,0.30572,0.22436,-0.62489,26.51,28.44,-32.08,0.0,0.0,0.0,0.0,0.0,10.72,DEAD_RECKONING,1.69,347.36,-661.25,-472.85,2944.49,False,False,False,false
1788952325732,-2.0471,6.5581,7.797,0.30572,0.22436,-0.62489,26.51,28.44,-32.08,0.0,0.0,0.0,0.0,0.0,10.72,DEAD_RECKONING,1.69,356.95,-662.19,-476.83,2939.94,False,False,False,false
1788952325859,-2.0471,6.5581,7.797,0.30572,0.22436,-0.62489,26.51,28.44,-32.08,0.0,0.0,0.0,0.0,0.0,10.72,DEAD_RECKONING,1.69,12.99,-663.07,-481.08,2935.2,False,False,False,false
1788952325977,-2.0471,6.5581,7.797,0.30572,0.22436,-0.62489,26.51,28.44,-32.08,0.0,0.0,0.0,0.0,0.0,10.72,DEAD_RECKONING,1.69,40.36,-663.78,-485.01,2930.94,False,False,False,false
1788952326101,-2.0471,6.5581,7.797,0.30572,0.22436,-0.62489,26.51,28.44,-32.08,0.0,0.0,0.0,0.0,0.0,10.72,DEAD_RECKONING,1.77,74.84,-664.45,-489.58,2926.74,False,False,False,false
1788952328207,-2.0471,6.5581,7.797,0.30572,0.22436,-0.62489,26.51,28.44,-32.08,0.0,0.0,0.0,0.0,0.0,10.72,DEAD_RECKONING,1.77,100.2,-665.02,-494.43,2922.92,False,False,False,false
1788952328328,-2.0471,6.5581,7.797,0.30572,0.22436,-0.62489,26.51,28.44,-32.08,0.0,0.0,0.0,0.0,0.0,10.72,DEAD_RECKONING,1.77,114.9,-665.56,-500.06,2919.39,False,False,False,false
1788952328447,-2.0471,6.5581,7.797,0.30572,0.22436,-0.62489,26.51,28.44,-32.08,0.0,0.0,0.0,0.0,0.0,10.72,DEAD_RECKONING,1.77,123.82,-666.15,-506.92,2916.03,False,False,False,false
1788952328570,-2.0471,6.5581,7.797,0.30572,0.22436,-0.62489,26.51,28.44,-32.08,0.0,0.0,0.0,0.0,0.0,10.72,DEAD_RECKONING,1.77,129.83,-666.87,-515.32,2912.62,False,False,False,false
1788952328693,-2.0471,6.5581,7.797,0.30572,0.22436,-0.62489,26.51,28.44,-32.08,0.0,0.0,0.0,0.0,0.0,10.72,DEAD_RECKONING,1.77,134.24,-667.82,-525.39,2908.99,False,False,False,false
1788952328814,-2.0471,6.5581,7.797,0.30572,0.22436,-0.62489,26.51,28.44,-32.08,0.0,0.0,0.0,0.0,0.0,10.72,DEAD_RECKONING,1.77,137.72,-669.07,-537.06,2905.11,False,False,False,false
1788952328934,-2.0471,6.5581,7.797,0.30572,0.22436,-0.62489,26.51,28.44,-32.08,0.0,0.0,0.0,0.0,0.0,10.72,DEAD_RECKONING,1.77,140.61,-670.57,-549.46,2901.31,False,False,False,false
1788952331112,-2.0471,6.5581,7.797,0.30572,0.22436,-0.62489,26.51,28.44,-32.08,0.0,0.0,0.0,0.0,0.0,10.72,DEAD_RECKONING,1.77,143.12,-672.29,-561.81,2898.31,False,False,False,false
1788952331239,-2.0471,6.5581,7.797,0.30572,0.22436,-0.62489,26.51,28.44,-32.08,0.0,0.0,0.0,0.0,0.0,10.72,DEAD_RECKONING,1.77,145.36,-674.26,-574.02,2896.37,False,False,False,false
1788952331367,-2.0471,6.5581,7.797,0.30572,0.22436,-0.62489,26.51,28.44,-32.08,0.0,0.0,0.0,0.0,0.0,10.72,DEAD_RECKONING,1.77,147.42,-676.53,-586.04,2895.36,False,False,False,false
1788952331488,-2.0471,6.5581,7.797,0.30572,0.22436,-0.62489,26.51,28.44,-32.08,0.0,0.0,0.0,0.0,0.0,10.72,DEAD_RECKONING,1.77,149.34,-679.12,-597.85,2895.24,False,False,False,false
1788952331604,-2.0471,6.5581,7.797,0.30572,0.22436,-0.62489,26.51,28.44,-32.08,0.0,0.0,0.0,0.0,0.0,10.72,DEAD_RECKONING,1.77,151.18,-682.06,-609.46,2895.92,False,False,False,false
1788952331724,-2.0471,6.5581,7.797,0.30572,0.22436,-0.62489,26.51,28.44,-32.08,0.0,0.0,0.0,0.0,0.0,10.72,DEAD_RECKONING,1.77,152.96,-685.41,-620.91,2897.33,False,False,False,false
1788952331849,-2.0471,6.5581,7.797,0.30572,0.22436,-0.62489,26.51,28.44,-32.08,0.0,0.0,0.0,0.0,0.0,10.72,DEAD_RECKONING,1.77,154.69,-689.19,-632.22,2899.4,False,False,False,false
1788952331975,-2.0471,6.5581,7.797,0.30572,0.22436,-0.62489,26.51,28.44,-32.08,0.0,0.0,0.0,0.0,0.0,10.72,DEAD_RECKONING,1.77,156.41,-693.44,-643.41,2902.08,False,False,False,false
1788952332102,-2.0471,6.5581,7.797,0.30572,0.22436,-0.62489,26.51,28.44,-32.08,0.0,0.0,0.0,0.0,0.0,10.72,DEAD_RECKONING,1.77,158.12,-698.19,-654.46,2905.31,False,False,False,false
1788952332223,-2.0471,6.5581,7.797,0.30572,0.22436,-0.62489,26.51,28.44,-32.08,0.0,0.0,0.0,0.0,0.0,10.72,DEAD_RECKONING,1.77,159.84,-703.47,-665.33,2909.07,False,False,False,false
1788952332352,-2.0471,6.5581,7.797,0.30572,0.22436,-0.62489,26.51,28.44,-32.08,0.0,0.0,0.0,0.0,0.0,10.72,DEAD_RECKONING,1.77,161.57,-709.29,-675.97,2913.33,False,False,False,false
1788952332479,-2.0471,6.5581,7.797,0.30572,0.22436,-0.62489,26.51,28.44,-32.08,0.0,0.0,0.0,0.0,0.0,10.72,DEAD_RECKONING,1.77,163.33,-715.66,-686.27,2918.08,False,False,False,false
1788952332605,-2.0471,6.5581,7.797,0.30572,0.22436,-0.62489,26.51,28.44,-32.08,0.0,0.0,0.0,0.0,0.0,10.72,DEAD_RECKONING,1.77,165.13,-722.57,-696.1,2923.3,False,False,False,false
1788952332734,-2.0471,6.5581,7.797,0.30572,0.22436,-0.62489,26.51,28.44,-32.08,0.0,0.0,0.0,0.0,0.0,10.72,DEAD_RECKONING,1.77,166.98,-729.99,-705.33,2928.99,False,False,False,false
1788952332855,-2.0471,6.5581,7.797,0.30572,0.22436,-0.62489,26.51,28.44,-32.08,0.0,0.0,0.0,0.0,0.0,10.72,DEAD_RECKONING,1.77,168.89,-737.92,-713.81,2935.12,False,False,False,false
1788952332982,-2.0471,6.5581,7.797,0.30572,0.22436,-0.62489,26.51,28.44,-32.08,0.0,0.0,0.0,0.0,0.0,10.72,DEAD_RECKONING,1.77,170.87,-746.3,-721.42,2941.64,False,False,False,false
1788952333254,-2.0471,6.5581,7.797,0.30572,0.22436,-0.62489,26.51,28.44,-32.08,0.0,0.0,0.0,0.0,0.0,10.72,DEAD_RECKONING,1.77,172.91,-755.13,-727.99,2948.7,True,False,False,false
1788952333376,-2.0471,6.5581,7.797,0.30572,0.22436,-0.62489,26.51,28.44,-32.08,0.0,0.0,0.0,0.0,0.0,10.72,DEAD_RECKONING,1.8,175.04,-764.27,-733.78,2955.36,True,False,False,false
1788952333496,-2.0471,6.5581,7.797,0.30572,0.22436,-0.62489,26.51,28.44,-32.08,0.0,0.0,0.0,0.0,0.0,10.72,DEAD_RECKONING,2.03,177.28,-773.58,-738.4,2962.09,True,False,False,false
1788952333626,-2.0471,6.5581,7.797,0.30572,0.22436,-0.62489,26.51,28.44,-32.08,0.0,0.0,0.0,0.0,0.0,10.72,DEAD_RECKONING,1.96,179.64,-783.87,-742.19,2969.31,True,False,False,false
1788952333751,-2.0471,6.5581,7.797,0.30572,0.22436,-0.62489,26.51,28.44,-32.08,0.0,0.0,0.0,0.0,0.0,10.72,DEAD_RECKONING,1.96,182.12,-794.4,-745.53,2975.78,True,False,False,false
1788952333876,-2.0471,6.5581,7.797,0.30572,0.22436,-0.62489,26.51,28.44,-32.08,0.0,0.0,0.0,0.0,0.0,10.72,DEAD_RECKONING,1.96,184.75,-805.37,-748.14,2981.95,True,False,False,false
1788952333991,-2.0471,6.5581,7.797,0.30572,0.22436,-0.62489,26.51,28.44,-32.08,0.0,0.0,0.0,0.0,0.0,10.72,DEAD_RECKONING,1.96,187.49,-816.25,-749.94,2987.58,False,False,False,false
1788952334107,-2.0471,6.5581,7.797,0.30572,0.22436,-0.62489,26.51,28.44,-32.08,0.0,0.0,0.0,0.0,0.0,10.72,DEAD_RECKONING,1.96,190.39,-825.57,-750.87,2991.99,False,False,False,false
1788952334227,-2.0471,6.5581,7.797,0.30572,0.22436,-0.62489,26.51,28.44,-32.08,0.0,0.0,0.0,0.0,0.0,10.72,DEAD_RECKONING,1.96,193.46,-835.22,-750.57,2996.92,False,False,False,false
1788952334341,-2.0471,6.5581,7.797,0.30572,0.22436,-0.62489,26.51,28.44,-32.08,0.0,0.0,0.0,0.0,0.0,10.72,DEAD_RECKONING,1.96,196.7,-844.64,-750.06,3001.05,False,False,False,false
1788952334458,-2.0471,6.5581,7.797,0.30572,0.22436,-0.62489,26.51,28.44,-32.08,0.0,0.0,0.0,0.0,0.0,10.72,DEAD_RECKONING,1.96,200.12,-853.98,-749.38,3004.52,False,False,False,false
1788952334573,-2.0471,6.5581,7.797,0.30572,0.22436,-0.62489,26.51,28.44,-32.08,0.0,0.0,0.0,0.0,0.0,10.72,DEAD_RECKONING,1.96,203.73,-863.16,-748.67,3007.23,False,False,False,false
1788952334691,-2.0471,6.5581,7.797,0.30572,0.22436,-0.62489,26.51,28.44,-32.08,0.0,0.0,0.0,0.0,0.0,10.72,DEAD_RECKONING,1.96,207.52,-872.21,-748.0,3009.19,False,False,False,false
1788952334810,-2.0471,6.5581,7.797,0.30572,0.22436,-0.62489,26.51,28.44,-32.08,0.0,0.0,0.0,0.0,0.0,10.72,DEAD_RECKONING,1.96,211.49,-881.15,-747.41,3010.41,False,False,False,false
1788952334931,-2.0471,6.5581,7.797,0.30572,0.22436,-0.62489,26.51,28.44,-32.08,0.0,0.0,0.0,0.0,0.0,10.72,DEAD_RECKONING,1.96,215.63,-889.99,-746.95,3010.87,False,False,False,false
1788952335052,-2.0471,6.5581,7.797,0.30572,0.22436,-0.62489,26.51,28.44,-32.08,0.0,0.0,0.0,0.0,0.0,10.72,DEAD_RECKONING,1.96,219.92,-898.73,-746.64,3010.59,False,False,False,false
1788952335172,-2.0471,6.5581,7.797,0.30572,0.22436,-0.62489,26.51,28.44,-32.08,0.0,0.0,0.0,0.0,0.0,10.72,DEAD_RECKONING,1.96,224.33,-907.36,-746.51,3009.58,False,False,False,false
1788952335292,-2.0471,6.5581,7.797,0.30572,0.22436,-0.62489,26.51,28.44,-32.08,0.0,0.0,0.0,0.0,0.0,10.72,DEAD_RECKONING,1.96,228.83,-915.87,-746.54,3007.88,False,False,False,false
1788952335406,-2.0471,6.5581,7.797,0.30572,0.22436,-0.62489,26.51,28.44,-32.08,0.0,0.0,0.0,0.0,0.0,10.72,DEAD_RECKONING,1.96,233.39,-924.2,-746.72,3005.55,False,False,False,false
1788952335522,-2.0471,6.5581,7.797,0.30572,0.22436,-0.62489,26.51,28.44,-32.08,0.0,0.0,0.0,0.0,0.0,10.72,DEAD_RECKONING,1.96,237.96,-932.33,-747.02,3002.66,False,False,False,false
1788952335635,-2.0471,6.5581,7.797,0.30572,0.22436,-0.62489,26.51,28.44,-32.08,0.0,0.0,0.0,0.0,0.0,10.72,DEAD_RECKONING,1.96,242.5,-940.19,-747.41,2999.3,False,False,False,false
1788952335752,-2.0471,6.5581,7.797,0.30572,0.22436,-0.62489,26.51,28.44,-32.08,0.0,0.0,0.0,0.0,0.0,10.72,DEAD_RECKONING,1.96,246.98,-947.75,-747.84,2995.58,False,False,False,false
1788952335870,-2.0471,6.5581,7.797,0.30572,0.22436,-0.62489,26.51,28.44,-32.08,0.0,0.0,0.0,0.0,0.0,10.72,DEAD_RECKONING,1.96,251.36,-954.94,-748.28,2991.59,False,False,False,false
1788952335989,-2.0471,6.5581,7.797,0.30572,0.22436,-0.62489,26.51,28.44,-32.08,0.0,0.0,0.0,0.0,0.0,10.72,DEAD_RECKONING,1.96,255.61,-961.72,-748.7,2987.44,False,False,False,false
1788952336114,-2.0471,6.5581,7.797,0.30572,0.22436,-0.62489,26.51,28.44,-32.08,0.0,0.0,0.0,0.0,0.0,10.72,DEAD_RECKONING,1.88,259.7,-967.46,-748.96,2983.66,False,False,False,false
1788952336230,-2.0471,6.5581,7.797,0.30572,0.22436,-0.62489,26.51,28.44,-32.08,0.0,0.0,0.0,0.0,0.0,10.72,DEAD_RECKONING,1.88,263.62,-973.16,-749.08,2979.76,False,False,False,false
1788952336348,-2.0471,6.5581,7.797,0.30572,0.22436,-0.62489,26.51,28.44,-32.08,0.0,0.0,0.0,0.0,0.0,10.72,DEAD_RECKONING,1.88,267.36,-978.4,-749.17,2975.85,False,False,False,false
1788952336466,-2.0471,6.5581,7.797,0.30572,0.22436,-0.62489,26.51,28.44,-32.08,0.0,0.0,0.0,0.0,0.0,10.72,DEAD_RECKONING,1.88,270.92,-983.17,-749.2,2972.04,False,False,False,false
1788952336579,-2.0471,6.5581,7.797,0.30572,0.22436,-0.62489,26.51,28.44,-32.08,0.0,0.0,0.0,0.0,0.0,10.72,DEAD_RECKONING,1.88,274.29,-987.43,-749.16,2968.4,False,False,False,false
1788952336702,-2.0471,6.5581,7.797,0.30572,0.22436,-0.62489,26.51,28.44,-32.08,0.0,0.0,0.0,0.0,0.0,10.72,DEAD_RECKONING,1.88,277.48,-991.16,-749.02,2965.02,False,False,False,false
1788952336819,-2.0471,6.5581,7.797,0.30572,0.22436,-0.62489,26.51,28.44,-32.08,0.0,0.0,0.0,0.0,0.0,10.72,DEAD_RECKONING,1.88,280.5,-994.35,-748.79,2961.97,False,False,False,false
1788952336942,-2.0471,6.5581,7.797,0.30572,0.22436,-0.62489,26.51,28.44,-32.08,0.0,0.0,0.0,0.0,0.0,10.72,DEAD_RECKONING,1.88,283.36,-996.99,-748.46,2959.29,False,False,False,false
1788952337060,-2.0471,6.5581,7.797,0.30572,0.22436,-0.62489,26.51,28.44,-32.08,0.0,0.0,0.0,0.0,0.0,10.72,DEAD_RECKONING,1.88,286.07,-999.12,-748.05,2957.01,False,False,False,false
1788952337181,-2.0471,6.5581,7.797,0.30572,0.22436,-0.62489,26.51,28.44,-32.08,0.0,0.0,0.0,0.0,0.0,10.72,DEAD_RECKONING,1.88,288.63,-1000.73,-747.57,2955.17,False,False,False,false
1788952337296,-2.0471,6.5581,7.797,0.30572,0.22436,-0.62489,26.51,28.44,-32.08,0.0,0.0,0.0,0.0,0.0,10.72,DEAD_RECKONING,1.88,291.06,-1001.86,-747.03,2953.76,False,False,False,false
1788952337418,-2.0471,6.5581,7.797,0.30572,0.22436,-0.62489,26.51,28.44,-32.08,0.0,0.0,0.0,0.0,0.0,10.72,DEAD_RECKONING,1.88,293.38,-1002.54,-746.44,2952.8,False,False,False,false
1788952337532,-2.0471,6.5581,7.797,0.30572,0.22436,-0.62489,26.51,28.44,-32.08,0.0,0.0,0.0,0.0,0.0,10.72,DEAD_RECKONING,1.88,295.59,-1002.8,-745.83,2952.27,False,False,False,false
1788952337646,-2.0471,6.5581,7.797,0.30572,0.22436,-0.62489,26.51,28.44,-32.08,0.0,0.0,0.0,0.0,0.0,10.72,DEAD_RECKONING,1.95,297.7,-1003.0,-745.24,2951.77,False,False,False,false
1788952337771,-2.0471,6.5581,7.797,0.30572,0.22436,-0.62489,26.51,28.44,-32.08,0.0,0.0,0.0,0.0,0.0,10.72,DEAD_RECKONING,1.69,299.73,-1001.34,-744.46,2953.61,False,False,False,false
1788952337886,-2.0471,6.5581,7.797,0.30572,0.22436,-0.62489,26.51,28.44,-32.08,0.0,0.0,0.0,0.0,0.0,10.72,DEAD_RECKONING,1.69,301.69,-1000.01,-743.88,2954.95,False,False,False,false
1788952338004,-2.0471,6.5581,7.797,0.30572,0.22436,-0.62489,26.51,28.44,-32.08,0.0,0.0,0.0,0.0,0.0,10.72,DEAD_RECKONING,1.69,303.58,-998.79,-743.34,2956.18,False,False,False,false
1788952338133,-2.0471,6.5581,7.797,0.30572,0.22436,-0.62489,26.51,28.44,-32.08,0.0,0.0,0.0,0.0,0.0,10.72,DEAD_RECKONING,1.69,305.41,-997.57,-742.79,2957.54,False,False,False,false
1788952338258,-2.0471,6.5581,7.797,0.30572,0.22436,-0.62489,26.51,28.44,-32.08,0.0,0.0,0.0,0.0,0.0,10.72,DEAD_RECKONING,1.69,307.2,-996.26,-742.18,2959.15,False,False,False,false
1788952338378,-2.0471,6.5581,7.797,0.30572,0.22436,-0.62489,26.51,28.44,-32.08,0.0,0.0,0.0,0.0,0.0,10.72,DEAD_RECKONING,1.69,308.96,-994.85,-741.54,2961.06,True,False,False,false
1788952338509,-2.0471,6.5581,7.797,0.30572,0.22436,-0.62489,26.51,28.44,-32.08,0.0,0.0,0.0,0.0,0.0,10.72,DEAD_RECKONING,1.69,310.7,-993.35,-740.78,2963.28,True,False,False,false
1788952338629,-2.0471,6.5581,7.797,0.30572,0.22436,-0.62489,26.51,28.44,-32.08,0.0,0.0,0.0,0.0,0.0,10.72,DEAD_RECKONING,1.69,312.42,-991.81,-739.9,2965.8,True,False,False,false
1788952338755,-2.0471,6.5581,7.797,0.30572,0.22436,-0.62489,26.51,28.44,-32.08,0.0,0.0,0.0,0.0,0.0,10.72,DEAD_RECKONING,1.69,314.14,-990.24,-738.87,2968.54,True,False,False,false
1788952338883,-2.0471,6.5581,7.797,0.30572,0.22436,-0.62489,26.51,28.44,-32.08,0.0,0.0,0.0,0.0,0.0,10.72,DEAD_RECKONING,1.69,315.86,-988.71,-737.7,2971.42,True,False,False,false
1788952339830,-2.0471,6.5581,7.797,0.30572,0.22436,-0.62489,26.51,28.44,-32.08,0.0,0.0,0.0,0.0,0.0,10.72,DEAD_RECKONING,1.69,317.61,-987.25,-736.38,2974.36,True,False,False,false
1788952339953,-2.0471,6.5581,7.797,0.30572,0.22436,-0.62489,26.51,28.44,-32.08,0.0,0.0,0.0,0.0,0.0,10.72,DEAD_RECKONING,1.69,319.41,-985.93,-734.97,2977.22,False,False,False,false
1788952340113,-2.0471,6.5581,7.797,0.30572,0.22436,-0.62489,26.51,28.44,-32.08,0.0,0.0,0.0,0.0,0.0,10.72,DEAD_RECKONING,1.69,321.27,-984.81,-733.44,2979.89,False,False,False,false
1788952340231,-2.0471,6.5581,7.797,0.30572,0.22436,-0.62489,26.51,28.44,-32.08,0.0,0.0,0.0,0.0,0.0,10.72,DEAD_RECKONING,1.69,323.24,-983.92,-731.84,2982.27,False,False,False,false
1788952340356,-2.0471,6.5581,7.797,0.30572,0.22436,-0.62489,26.51,28.44,-32.08,0.0,0.0,0.0,0.0,0.0,10.72,DEAD_RECKONING,1.69,325.35,-983.3,-730.16,2984.3,False,False,False,false
1788952340479,-2.0471,6.5581,7.797,0.30572,0.22436,-0.62489,26.51,28.44,-32.08,0.0,0.0,0.0,0.0,0.0,10.72,DEAD_RECKONING,1.69,327.67,-982.93,-728.46,2985.95,False,False,False,false
1788952340609,-2.0471,6.5581,7.797,0.30572,0.22436,-0.62489,26.51,28.44,-32.08,0.0,0.0,0.0,0.0,0.0,10.72,DEAD_RECKONING,1.69,330.29,-982.8,-726.78,2987.22,False,False,False,false
1788952340734,-2.0471,6.5581,7.797,0.30572,0.22436,-0.62489,26.51,28.44,-32.08,0.0,0.0,0.0,0.0,0.0,10.72,DEAD_RECKONING,1.69,333.34,-982.89,-725.18,2988.14,False,False,False,false
1788952340861,-2.0471,6.5581,7.797,0.30572,0.22436,-0.62489,26.51,28.44,-32.08,0.0,0.0,0.0,0.0,0.0,10.72,DEAD_RECKONING,1.69,337.06,-983.18,-723.73,2988.71,False,False,False,false
1788952340987,-2.0471,6.5581,7.797,0.30572,0.22436,-0.62489,26.51,28.44,-32.08,0.0,0.0,0.0,0.0,0.0,10.72,DEAD_RECKONING,1.69,341.88,-983.67,-722.5,2988.9,False,False,False,false
1788952341112,-2.0471,6.5581,7.797,0.30572,0.22436,-0.62489,26.51,28.44,-32.08,0.0,0.0,0.0,0.0,0.0,10.72,DEAD_RECKONING,1.69,348.57,-984.36,-721.56,2988.67,False,False,False,false
1788952341238,-2.0471,6.5581,7.797,0.30572,0.22436,-0.62489,26.51,28.44,-32.08,0.0,0.0,0.0,0.0,0.0,10.72,DEAD_RECKONING,1.69,358.8,-985.28,-721.02,2987.94,False,False,False,false
1788952341363,-2.0471,6.5581,7.797,0.30572,0.22436,-0.62489,26.51,28.44,-32.08,0.0,0.0,0.0,0.0,0.0,10.72,DEAD_RECKONING,1.69,16.04,-986.46,-721.04,2986.59,False,False,False,false
1788952341486,-2.0471,6.5581,7.797,0.30572,0.22436,-0.62489,26.51,28.44,-32.08,0.0,0.0,0.0,0.0,0.0,10.72,DEAD_RECKONING,1.69,44.83,-987.94,-721.86,2984.39,False,False,False,false
1788952341613,-2.0471,6.5581,7.797,0.30572,0.22436,-0.62489,26.51,28.44,-32.08,0.0,0.0,0.0,0.0,0.0,10.72,DEAD_RECKONING,1.77,78.66,-989.87,-724.02,2980.81,False,False,False,false
1788952341837,-2.0471,6.5581,7.797,0.30572,0.22436,-0.62489,26.51,28.44,-32.08,0.0,0.0,0.0,0.0,0.0,10.72,DEAD_RECKONING,1.77,102.33,-992.25,-728.08,2975.2,False,False,False,false
1788952341956,-2.0471,6.5581,7.797,0.30572,0.22436,-0.62489,26.51,28.44,-32.08,0.0,0.0,0.0,0.0,0.0,10.72,DEAD_RECKONING,1.77,116.07,-995.16,-734.8,2966.72,False,False,False,false
1788952342081,-2.0471,6.5581,7.797,0.30572,0.22436,-0.62489,26.51,28.44,-32.08,0.0,0.0,0.0,0.0,0.0,10.72,DEAD_RECKONING,1.77,124.55,-998.41,-744.32,2955.13,False,False,False,false
1788952342205,-2.0471,6.5581,7.797,0.30572,0.22436,-0.62489,26.51,28.44,-32.08,0.0,0.0,0.0,0.0,0.0,10.72,DEAD_RECKONING,1.77,130.32,-1001.13,-753.23,2944.15,False,False,False,false
1788952342332,-2.0471,6.5581,7.797,0.30572,0.22436,-0.62489,26.51,28.44,-32.08,0.0,0.0,0.0,0.0,0.0,10.72,DEAD_RECKONING,1.77,134.61,-1002.9,-758.05,2937.92,False,False,False,false
1788952342462,-2.0471,6.5581,7.797,0.30572,0.22436,-0.62489,26.51,28.44,-32.08,0.0,0.0,0.0,0.0,0.0,10.72,DEAD_RECKONING,1.77,138.02,-1004.59,-761.52,2934.27,False,False,False,false
1788952342587,-2.0471,6.5581,7.797,0.30572,0.22436,-0.62489,26.51,28.44,-32.08,0.0,0.0,0.0,0.0,0.0,10.72,DEAD_RECKONING,1.77,140.87,-1006.61,-765.59,2931.73,False,False,False,false
1788952342711,-2.0471,6.5581,7.797,0.30572,0.22436,-0.62489,26.51,28.44,-32.08,0.0,0.0,0.0,0.0,0.0,10.72,DEAD_RECKONING,1.77,143.35,-1009.02,-771.41,2928.59,False,False,False,false
1788952342833,-2.0471,6.5581,7.797,0.30572,0.22436,-0.62489,26.51,28.44,-32.08,0.0,0.0,0.0,0.0,0.0,10.72,DEAD_RECKONING,1.77,145.57,-1011.73,-779.14,2923.63,False,False,False,false
1788952342963,-2.0471,6.5581,7.797,0.30572,0.22436,-0.62489,26.51,28.44,-32.08,0.0,0.0,0.0,0.0,0.0,10.72,DEAD_RECKONING,1.77,147.62,-1014.44,-786.76,2918.71,False,False,False,false
1788952343083,-2.0471,6.5581,7.797,0.30572,0.22436,-0.62489,26.51,28.44,-32.08,0.0,0.0,0.0,0.0,0.0,10.72,DEAD_RECKONING,1.77,149.54,-1017.57,-793.91,2915.32,False,False,False,false
1788952343209,-2.0471,6.5581,7.797,0.30572,0.22436,-0.62489,26.51,28.44,-32.08,0.0,0.0,0.0,0.0,0.0,10.72,DEAD_RECKONING,1.77,151.37,-1020.87,-800.96,2912.36,False,False,False,false
1788952343335,-2.0471,6.5581,7.797,0.30572,0.22436,-0.62489,26.51,28.44,-32.08,0.0,0.0,0.0,0.0,0.0,10.72,DEAD_RECKONING,1.77,153.15,-1024.75,-808.08,2909.94,False,False,False,false
1788952343464,-2.0471,6.5581,7.797,0.30572,0.22436,-0.62489,26.51,28.44,-32.08,0.0,0.0,0.0,0.0,0.0,10.72,DEAD_RECKONING,1.77,154.89,-1028.85,-815.29,2907.74,False,False,False,false
1788952343589,-2.0471,6.5581,7.797,0.30572,0.22436,-0.62489,26.51,28.44,-32.08,0.0,0.0,0.0,0.0,0.0,10.72,DEAD_RECKONING,1.77,156.61,-1033.71,-822.85,2905.69,False,False,False,false
1788952343714,-2.0471,6.5581,7.797,0.30572,0.22436,-0.62489,26.51,28.44,-32.08,0.0,0.0,0.0,0.0,0.0,10.72,DEAD_RECKONING,1.77,158.32,-1038.83,-830.62,2903.69,False,False,False,false
1788952343834,-2.0471,6.5581,7.797,0.30572,0.22436,-0.62489,26.51,28.44,-32.08,0.0,0.0,0.0,0.0,0.0,10.72,DEAD_RECKONING,1.77,160.04,-1044.78,-838.81,2901.69,False,False,False,false
1788952343963,-2.0471,6.5581,7.797,0.30572,0.22436,-0.62489,26.51,28.44,-32.08,0.0,0.0,0.0,0.0,0.0,10.72,DEAD_RECKONING,1.77,161.78,-1051.05,-847.16,2899.76,False,False,False,false
1788952344094,-2.0471,6.5581,7.797,0.30572,0.22436,-0.62489,26.51,28.44,-32.08,0.0,0.0,0.0,0.0,0.0,10.72,DEAD_RECKONING,1.77,163.55,-1058.14,-855.81,2897.87,False,False,False,false
1788952344221,-2.0471,6.5581,7.797,0.30572,0.22436,-0.62489,26.51,28.44,-32.08,0.0,0.0,0.0,0.0,0.0,10.72,DEAD_RECKONING,1.77,165.36,-1065.55,-864.44,2896.21,False,False,False,false
1788952344348,-2.0471,6.5581,7.797,0.30572,0.22436,-0.62489,26.51,28.44,-32.08,0.0,0.0,0.0,0.0,0.0,10.72,DEAD_RECKONING,1.77,167.22,-1073.74,-873.12,2894.78,False,False,False,false
1788952344478,-2.0471,6.5581,7.797,0.30572,0.22436,-0.62489,26.51,28.44,-32.08,0.0,0.0,0.0,0.0,0.0,10.72,DEAD_RECKONING,1.77,169.14,-1082.18,-881.46,2893.82,False,False,False,false
1788952344604,-2.0471,6.5581,7.797,0.30572,0.22436,-0.62489,26.51,28.44,-32.08,0.0,0.0,0.0,0.0,0.0,10.72,DEAD_RECKONING,1.77,171.13,-1091.3,-889.5,2893.33,False,False,False,false
1788952344725,-2.0471,6.5581,7.797,0.30572,0.22436,-0.62489,26.51,28.44,-32.08,0.0,0.0,0.0,0.0,0.0,10.72,DEAD_RECKONING,1.77,173.2,-1100.54,-896.85,2893.56,False,False,False,false
1788952344845,-2.0471,6.5581,7.797,0.30572,0.22436,-0.62489,26.51,28.44,-32.08,0.0,0.0,0.0,0.0,0.0,10.72,DEAD_RECKONING,1.8,175.33,-1110.36,-903.44,2894.7,True,False,False,false
1788952344971,-2.0471,6.5581,7.797,0.30572,0.22436,-0.62489,26.51,28.44,-32.08,0.0,0.0,0.0,0.0,0.0,10.72,DEAD_RECKONING,2.03,177.57,-1119.68,-909.26,2895.74,True,False,False,false
1788952345094,-2.0471,6.5581,7.797,0.30572,0.22436,-0.62489,26.51,28.44,-32.08,0.0,0.0,0.0,0.0,0.0,10.72,DEAD_RECKONING,1.96,179.94,-1130.16,-914.15,2898.34,True,False,False,false
1788952345221,-2.0471,6.5581,7.797,0.30572,0.22436,-0.62489,26.51,28.44,-32.08,0.0,0.0,0.0,0.0,0.0,10.72,DEAD_RECKONING,1.96,182.45,-1140.16,-918.41,2900.7,True,False,False,false
1788952345348,-2.0471,6.5581,7.797,0.30572,0.22436,-0.62489,26.51,28.44,-32.08,0.0,0.0,0.0,0.0,0.0,10.72,DEAD_RECKONING,1.96,185.12,-1150.94,-921.71,2904.01,True,False,False,false
1788952345469,-2.0471,6.5581,7.797,0.30572,0.22436,-0.62489,26.51,28.44,-32.08,0.0,0.0,0.0,0.0,0.0,10.72,DEAD_RECKONING,1.96,187.88,-1160.94,-923.78,2907.91,False,False,False,false
1788952345593,-2.0471,6.5581,7.797,0.30572,0.22436,-0.62489,26.51,28.44,-32.08,0.0,0.0,0.0,0.0,0.0,10.72,DEAD_RECKONING,1.96,190.81,-1169.42,-925.09,2910.75,False,False,False,false
1788952345718,-2.0471,6.5581,7.797,0.30572,0.22436,-0.62489,26.51,28.44,-32.08,0.0,0.0,0.0,0.0,0.0,10.72,DEAD_RECKONING,1.96,193.9,-1176.97,-924.31,2916.1,False,False,False,false
1788952345844,-2.0471,6.5581,7.797,0.30572,0.22436,-0.62489,26.51,28.44,-32.08,0.0,0.0,0.0,0.0,0.0,10.72,DEAD_RECKONING,1.96,197.16,-1184.43,-923.7,2920.38,False,False,False,false
1788952345970,-2.0471,6.5581,7.797,0.30572,0.22436,-0.62489,26.51,28.44,-32.08,0.0,0.0,0.0,0.0,0.0,10.72,DEAD_RECKONING,1.96,200.61,-1190.97,-922.67,2924.61,False,False,False,false
1788952346096,-2.0471,6.5581,7.797,0.30572,0.22436,-0.62489,26.51,28.44,-32.08,0.0,0.0,0.0,0.0,0.0,10.72,DEAD_RECKONING,1.96,204.24,-1197.34,-921.78,2928.17,False,False,False,false
1788952349784,-2.0471,6.5581,7.797,0.30572,0.22436,-0.62489,26.51,28.44,-32.08,0.0,0.0,0.0,0.0,0.0,10.72,DEAD_RECKONING,1.96,208.05,-1203.33,-921.0,2931.1,False,False,False,false
1788952349903,-2.0471,6.5581,7.797,0.30572,0.22436,-0.62489,26.51,28.44,-32.08,0.0,0.0,0.0,0.0,0.0,10.72,DEAD_RECKONING,1.96,212.04,-1209.21,-920.48,2933.29,False,False,False,false
1788952350187,-2.0471,6.5581,7.797,0.30572,0.22436,-0.62489,26.51,28.44,-32.08,0.0,0.0,0.0,0.0,0.0,10.72,DEAD_RECKONING,1.96,216.2,-1215.06,-920.29,2934.63,False,False,False,false
1788952350306,-2.0471,6.5581,7.797,0.30572,0.22436,-0.62489,26.51,28.44,-32.08,0.0,0.0,0.0,0.0,0.0,10.72,DEAD_RECKONING,1.96,220.5,-1220.98,-920.51,2934.98,False,False,False,false
1788952350436,-2.0471,6.5581,7.797,0.30572,0.22436,-0.62489,26.51,28.44,-32.08,0.0,0.0,0.0,0.0,0.0,10.72,DEAD_RECKONING,1.96,224.93,-1227.03,-921.22,2934.23,False,False,False,false
1788952350561,-2.0471,6.5581,7.797,0.30572,0.22436,-0.62489,26.51,28.44,-32.08,0.0,0.0,0.0,0.0,0.0,10.72,DEAD_RECKONING,1.96,229.43,-1233.24,-922.47,2932.29,False,False,False,false
1788952350691,-2.0471,6.5581,7.797,0.30572,0.22436,-0.62489,26.51,28.44,-32.08,0.0,0.0,0.0,0.0,0.0,10.72,DEAD_RECKONING,1.96,233.99,-1239.58,-924.25,2929.12,False,False,False,false
1788952350816,-2.0471,6.5581,7.797,0.30572,0.22436,-0.62489,26.51,28.44,-32.08,0.0,0.0,0.0,0.0,0.0,10.72,DEAD_RECKONING,1.96,238.56,-1246.02,-926.54,2924.79,False,False,False,false
1788952350941,-2.0471,6.5581,7.797,0.30572,0.22436,-0.62489,26.51,28.44,-32.08,0.0,0.0,0.0,0.0,0.0,10.72,DEAD_RECKONING,1.96,243.1,-1252.49,-929.25,2919.46,False,False,False,false
1788952351066,-2.0471,6.5581,7.797,0.30572,0.22436,-0.62489,26.51,28.44,-32.08,0.0,0.0,0.0,0.0,0.0,10.72,DEAD_RECKONING,1.96,247.56,-1258.9,-932.24,2913.36,False,False,False,false
1788952351195,-2.0471,6.5581,7.797,0.30572,0.22436,-0.62489,26.51,28.44,-32.08,0.0,0.0,0.0,0.0,0.0,10.72,DEAD_RECKONING,1.96,251.93,-1265.14,-935.36,2906.78,False,False,False,false
1788952351320,-2.0471,6.5581,7.797,0.30572,0.22436,-0.62489,26.51,28.44,-32.08,0.0,0.0,0.0,0.0,0.0,10.72,DEAD_RECKONING,1.88,256.15,-1270.61,-938.12,2900.64,False,False,False,false
1788952351449,-2.0471,6.5581,7.797,0.30572,0.22436,-0.62489,26.51,28.44,-32.08,0.0,0.0,0.0,0.0,0.0,10.72,DEAD_RECKONING,1.88,260.22,-1276.1,-940.79,2894.47,False,False,False,false
1788952351575,-2.0471,6.5581,7.797,0.30572,0.22436,-0.62489,26.51,28.44,-32.08,0.0,0.0,0.0,0.0,0.0,10.72,DEAD_RECKONING,1.88,264.12,-1281.18,-943.22,2888.53,False,False,False,false
1788952351701,-2.0471,6.5581,7.797,0.30572,0.22436,-0.62489,26.51,28.44,-32.08,0.0,0.0,0.0,0.0,0.0,10.72,DEAD_RECKONING,1.88,267.84,-1285.81,-945.32,2883.02,False,False,False,false
1788952351826,-2.0471,6.5581,7.797,0.30572,0.22436,-0.62489,26.51,28.44,-32.08,0.0,0.0,0.0,0.0,0.0,10.72,DEAD_RECKONING,1.88,271.37,-1289.94,-947.01,2878.12,False,False,False,false
1788952351950,-2.0471,6.5581,7.797,0.30572,0.22436,-0.62489,26.51,28.44,-32.08,0.0,0.0,0.0,0.0,0.0,10.72,DEAD_RECKONING,1.88,274.72,-1293.53,-948.28,2873.9,False,False,False,false
1788952352075,-2.0471,6.5581,7.797,0.30572,0.22436,-0.62489,26.51,28.44,-32.08,0.0,0.0,0.0,0.0,0.0,10.72,DEAD_RECKONING,1.88,277.89,-1296.56,-949.12,2870.42,False,False,False,false
1788952352201,-2.0471,6.5581,7.797,0.30572,0.22436,-0.62489,26.51,28.44,-32.08,0.0,0.0,0.0,0.0,0.0,10.72,DEAD_RECKONING,1.88,280.89,-1299.04,-949.57,2867.64,False,False,False,false
1788952352327,-2.0471,6.5581,7.797,0.30572,0.22436,-0.62489,26.51,28.44,-32.08,0.0,0.0,0.0,0.0,0.0,10.72,DEAD_RECKONING,1.88,283.73,-1300.96,-949.69,2865.51,False,False,False,false
1788952352447,-2.0471,6.5581,7.797,0.30572,0.22436,-0.62489,26.51,28.44,-32.08,0.0,0.0,0.0,0.0,0.0,10.72,DEAD_RECKONING,1.88,286.41,-1302.35,-949.56,2863.95,False,False,False,false
1788952352563,-2.0471,6.5581,7.797,0.30572,0.22436,-0.62489,26.51,28.44,-32.08,0.0,0.0,0.0,0.0,0.0,10.72,DEAD_RECKONING,1.88,288.96,-1303.22,-949.25,2862.87,False,False,False,false
1788952352678,-2.0471,6.5581,7.797,0.30572,0.22436,-0.62489,26.51,28.44,-32.08,0.0,0.0,0.0,0.0,0.0,10.72,DEAD_RECKONING,1.88,291.38,-1303.62,-948.82,2862.19,False,False,False,false
1788952352798,-2.0471,6.5581,7.797,0.30572,0.22436,-0.62489,26.51,28.44,-32.08,0.0,0.0,0.0,0.0,0.0,10.72,DEAD_RECKONING,1.88,293.69,-1303.58,-948.34,2861.83,False,False,False,false
1788952352920,-2.0471,6.5581,7.797,0.30572,0.22436,-0.62489,26.51,28.44,-32.08,0.0,0.0,0.0,0.0,0.0,10.72,DEAD_RECKONING,1.88,295.88,-1303.13,-947.85,2861.75,False,False,False,false
1788952353040,-2.0471,6.5581,7.797,0.30572,0.22436,-0.62489,26.51,28.44,-32.08,0.0,0.0,0.0,0.0,0.0,10.72,DEAD_RECKONING,1.89,297.99,-1302.39,-947.36,2861.88,False,False,False,false
1788952353162,-2.0471,6.5581,7.797,0.30572,0.22436,-0.62489,26.51,28.44,-32.08,0.0,0.0,0.0,0.0,0.0,10.72,DEAD_RECKONING,1.69,300.01,-1300.22,-946.78,2863.11,False,False,False,false
1788952353284,-2.0471,6.5581,7.797,0.30572,0.22436,-0.62489,26.51,28.44,-32.08,0.0,0.0,0.0,0.0,0.0,10.72,DEAD_RECKONING,1.69,301.96,-1298.33,-946.44,2863.94,False,False,False,false
1788952353407,-2.0471,6.5581,7.797,0.30572,0.22436,-0.62489,26.51,28.44,-32.08,0.0,0.0,0.0,0.0,0.0,10.72,DEAD_RECKONING,1.69,303.84,-1296.62,-946.12,2864.74,False,False,False,false
1788952353525,-2.0471,6.5581,7.797,0.30572,0.22436,-0.62489,26.51,28.44,-32.08,0.0,0.0,0.0,0.0,0.0,10.72,DEAD_RECKONING,1.69,305.67,-1294.93,-945.75,2865.76,False,False,False,false
1788952353641,-2.0471,6.5581,7.797,0.30572,0.22436,-0.62489,26.51,28.44,-32.08,0.0,0.0,0.0,0.0,0.0,10.72,DEAD_RECKONING,1.69,307.46,-1293.09,-945.28,2867.17,True,False,False,false
1788952353761,-2.0471,6.5581,7.797,0.30572,0.22436,-0.62489,26.51,28.44,-32.08,0.0,0.0,0.0,0.0,0.0,10.72,DEAD_RECKONING,1.69,309.22,-1291.11,-944.66,2869.01,True,False,False,false
1788952353878,-2.0471,6.5581,7.797,0.30572,0.22436,-0.62489,26.51,28.44,-32.08,0.0,0.0,0.0,0.0,0.0,10.72,DEAD_RECKONING,1.69,310.96,-1288.99,-943.88,2871.27,True,False,False,false
1788952353999,-2.0471,6.5581,7.797,0.30572,0.22436,-0.62489,26.51,28.44,-32.08,0.0,0.0,0.0,0.0,0.0,10.72,DEAD_RECKONING,1.69,312.69,-1286.78,-942.95,2873.91,True,False,False,false
1788952354119,-2.0471,6.5581,7.797,0.30572,0.22436,-0.62489,26.51,28.44,-32.08,0.0,0.0,0.0,0.0,0.0,10.72,DEAD_RECKONING,1.69,314.41,-1284.52,-941.87,2876.82,True,False,False,false
1788952354243,-2.0471,6.5581,7.797,0.30572,0.22436,-0.62489,26.51,28.44,-32.08,0.0,0.0,0.0,0.0,0.0,10.72,DEAD_RECKONING,1.69,316.15,-1282.27,-940.67,2879.89,True,False,False,false
1788952354361,-2.0471,6.5581,7.797,0.30572,0.22436,-0.62489,26.51,28.44,-32.08,0.0,0.0,0.0,0.0,0.0,10.72,DEAD_RECKONING,1.69,317.91,-1280.12,-939.36,2883.01,True,False,False,false
1788952354478,-2.0471,6.5581,7.797,0.30572,0.22436,-0.62489,26.51,28.44,-32.08,0.0,0.0,0.0,0.0,0.0,10.72,DEAD_RECKONING,1.69,319.72,-1278.14,-937.97,2886.02,False,False,False,false
1788952354597,-2.0471,6.5581,7.797,0.30572,0.22436,-0.62489,26.51,28.44,-32.08,0.0,0.0,0.0,0.0,0.0,10.72,DEAD_RECKONING,1.69,321.61,-1276.43,-936.53,2888.79,False,False,False,false
1788952355293,-2.0471,6.5581,7.797,0.30572,0.22436,-0.62489,26.51,28.44,-32.08,0.0,0.0,0.0,0.0,0.0,10.72,DEAD_RECKONING,1.69,323.6,-1275.08,-935.03,2891.21,False,False,False,false
1788952355415,-2.0471,6.5581,7.797,0.30572,0.22436,-0.62489,26.51,28.44,-32.08,0.0,0.0,0.0,0.0,0.0,10.72,DEAD_RECKONING,1.69,325.75,-1274.14,-933.51,2893.25,False,False,False,false
1788952355536,-2.0471,6.5581,7.797,0.30572,0.22436,-0.62489,26.51,28.44,-32.08,0.0,0.0,0.0,0.0,0.0,10.72,DEAD_RECKONING,1.69,328.11,-1273.6,-931.95,2894.92,False,False,False,false
1788952355652,-2.0471,6.5581,7.797,0.30572,0.22436,-0.62489,26.51,28.44,-32.08,0.0,0.0,0.0,0.0,0.0,10.72,DEAD_RECKONING,1.69,330.79,-1273.38,-930.39,2896.28,False,False,False,false
1788952355773,-2.0471,6.5581,7.797,0.30572,0.22436,-0.62489,26.51,28.44,-32.08,0.0,0.0,0.0,0.0,0.0,10.72,DEAD_RECKONING,1.69,333.93,-1273.41,-928.84,2897.37,False,False,False,false
1788952356740,-2.0471,6.5581,7.797,0.30572,0.22436,-0.62489,26.51,28.44,-32.08,0.0,0.0,0.0,0.0,0.0,10.72,DEAD_RECKONING,1.69,337.79,-1273.64,-927.33,2898.2,False,False,False,false
1788952356861,-2.0471,6.5581,7.797,0.30572,0.22436,-0.62489,26.51,28.44,-32.08,0.0,0.0,0.0,0.0,0.0,10.72,DEAD_RECKONING,1.69,342.82,-1274.04,-925.87,2898.78,False,False,False,false
1788952356981,-2.0471,6.5581,7.797,0.30572,0.22436,-0.62489,26.51,28.44,-32.08,0.0,0.0,0.0,0.0,0.0,10.72,DEAD_RECKONING,1.69,349.89,-1274.6,-924.48,2899.11,False,False,False,false
1788952357107,-2.0471,6.5581,7.797,0.30572,0.22436,-0.62489,26.51,28.44,-32.08,0.0,0.0,0.0,0.0,0.0,10.72,DEAD_RECKONING,1.69,0.81,-1275.32,-923.18,2899.18,False,False,False,false
1788952357233,-2.0471,6.5581,7.797,0.30572,0.22436,-0.62489,26.51,28.44,-32.08,0.0,0.0,0.0,0.0,0.0,10.72,DEAD_RECKONING,1.69,19.3,-1276.2,-921.98,2899.01,False,False,False,false
1788952357364,-2.0471,6.5581,7.797,0.30572,0.22436,-0.62489,26.51,28.44,-32.08,0.0,0.0,0.0,0.0,0.0,10.72,DEAD_RECKONING,1.69,49.33,-1277.24,-920.93,2898.57,False,False,False,false
1788952357489,-2.0471,6.5581,7.797,0.30572,0.22436,-0.62489,26.51,28.44,-32.08,0.0,0.0,0.0,0.0,0.0,10.72,DEAD_RECKONING,1.77,82.19,-1278.47,-920.12,2897.82,False,False,False,false
1788952357618,-2.0471,6.5581,7.797,0.30572,0.22436,-0.62489,26.51,28.44,-32.08,0.0,0.0,0.0,0.0,0.0,10.72,DEAD_RECKONING,1.77,104.27,-1279.88,-919.58,2896.72,False,False,False,false
1788952357743,-2.0471,6.5581,7.797,0.30572,0.22436,-0.62489,26.51,28.44,-32.08,0.0,0.0,0.0,0.0,0.0,10.72,DEAD_RECKONING,1.77,117.15,-1281.49,-919.4,2895.22,False,False,False,false
1788952358419,-2.0471,6.5581,7.797,0.30572,0.22436,-0.62489,26.51,28.44,-32.08,0.0,0.0,0.0,0.0,0.0,10.72,DEAD_RECKONING,1.77,125.22,-1283.32,-919.73,2893.19,False,False,False,false
1788952358540,-2.0471,6.5581,7.797,0.30572,0.22436,-0.62489,26.51,28.44,-32.08,0.0,0.0,0.0,0.0,0.0,10.72,DEAD_RECKONING,1.77,130.79,-1285.41,-920.75,2890.44,False,False,False,false
1788952358665,-2.0471,6.5581,7.797,0.30572,0.22436,-0.62489,26.51,28.44,-32.08,0.0,0.0,0.0,0.0,0.0,10.72,DEAD_RECKONING,1.77,134.97,-1287.75,-922.64,2886.78,False,False,False,false
1788952358793,-2.0471,6.5581,7.797,0.30572,0.22436,-0.62489,26.51,28.44,-32.08,0.0,0.0,0.0,0.0,0.0,10.72,DEAD_RECKONING,1.77,138.31,-1290.38,-925.58,2882.06,False,False,False,false
1788952358921,-2.0471,6.5581,7.797,0.30572,0.22436,-0.62489,26.51,28.44,-32.08,0.0,0.0,0.0,0.0,0.0,10.72,DEAD_RECKONING,1.77,141.12,-1293.32,-929.86,2875.98,False,False,False,false
1788952359046,-2.0471,6.5581,7.797,0.30572,0.22436,-0.62489,26.51,28.44,-32.08,0.0,0.0,0.0,0.0,0.0,10.72,DEAD_RECKONING,1.77,143.57,-1296.59,-935.79,2868.24,False,False,False,false
1788952359171,-2.0471,6.5581,7.797,0.30572,0.22436,-0.62489,26.51,28.44,-32.08,0.0,0.0,0.0,0.0,0.0,10.72,DEAD_RECKONING,1.77,145.78,-1300.13,-943.44,2858.79,False,False,False,false
1788952359296,-2.0471,6.5581,7.797,0.30572,0.22436,-0.62489,26.51,28.44,-32.08,0.0,0.0,0.0,0.0,0.0,10.72,DEAD_RECKONING,1.77,147.82,-1303.92,-952.74,2847.9,False,False,False,false
1788952359422,-2.0471,6.5581,7.797,0.30572,0.22436,-0.62489,26.51,28.44,-32.08,0.0,0.0,0.0,0.0,0.0,10.72,DEAD_RECKONING,1.77,149.73,-1307.91,-963.54,2835.91,False,False,False,false
1788952359562,-2.0471,6.5581,7.797,0.30572,0.22436,-0.62489,26.51,28.44,-32.08,0.0,0.0,0.0,0.0,0.0,10.72,DEAD_RECKONING,1.77,151.57,-1312.17,-975.82,2823.11,False,False,False,false
1788952359690,-2.0471,6.5581,7.797,0.30572,0.22436,-0.62489,26.51,28.44,-32.08,0.0,0.0,0.0,0.0,0.0,10.72,DEAD_RECKONING,1.77,153.34,-1316.6,-989.36,2809.86,False,False,False,false
1788952359808,-2.0471,6.5581,7.797,0.30572,0.22436,-0.62489,26.51,28.44,-32.08,0.0,0.0,0.0,0.0,0.0,10.72,DEAD_RECKONING,1.77,155.09,-1321.31,-1003.44,2797.12,False,False,False,false
1788952359936,-2.0471,6.5581,7.797,0.30572,0.22436,-0.62489,26.51,28.44,-32.08,0.0,0.0,0.0,0.0,0.0,10.72,DEAD_RECKONING,1.77,156.81,-1325.69,-1016.16,2786.65,False,False,False,false
1788952360062,-2.0471,6.5581,7.797,0.30572,0.22436,-0.62489,26.51,28.44,-32.08,0.0,0.0,0.0,0.0,0.0,10.72,DEAD_RECKONING,1.77,158.53,-1330.68,-1026.22,2780.51,False,False,False,false
1788952360194,-2.0471,6.5581,7.797,0.30572,0.22436,-0.62489,26.51,28.44,-32.08,0.0,0.0,0.0,0.0,0.0,10.72,DEAD_RECKONING,1.77,160.26,-1333.61,-1031.97,2778.36,False,False,False,false
1788952360322,-2.0471,6.5581,7.797,0.30572,0.22436,-0.62489,26.51,28.44,-32.08,0.0,0.0,0.0,0.0,0.0,10.72,DEAD_RECKONING,1.77,162.01,-1342.55,-1038.52,2779.43,False,False,False,false
1788952360448,-2.0471,6.5581,7.797,0.30572,0.22436,-0.62489,26.51,28.44,-32.08,0.0,0.0,0.0,0.0,0.0,10.72,DEAD_RECKONING,1.77,163.78,-1336.47,-1035.35,2781.27,False,False,False,false
1788952360569,-2.0471,6.5581,7.797,0.30572,0.22436,-0.62489,26.51,28.44,-32.08,0.0,0.0,0.0,0.0,0.0,10.72,DEAD_RECKONING,1.77,165.6,-1365.04,-1051.55,2783.42,False,False,False,false
1788952360693,-2.0471,6.5581,7.797,0.30572,0.22436,-0.62489,26.51,28.44,-32.08,0.0,0.0,0.0,0.0,0.0,10.72,DEAD_RECKONING,1.77,167.47,-1349.93,-1041.4,2785.72,False,False,False,false
1788952360822,-2.0471,6.5581,7.797,0.30572,0.22436,-0.62489,26.51,28.44,-32.08,0.0,0.0,0.0,0.0,0.0,10.72,DEAD_RECKONING,1.77,169.4,-1364.93,-1046.39,2792.35,False,False,False,false
1788952360948,-2.0471,6.5581,7.797,0.30572,0.22436,-0.62489,26.51,28.44,-32.08,0.0,0.0,0.0,0.0,0.0,10.72,DEAD_RECKONING,1.77,171.4,-1370.21,-1049.74,2789.63,False,False,False,false
1788952361074,-2.0471,6.5581,7.797,0.30572,0.22436,-0.62489,26.51,28.44,-32.08,0.0,0.0,0.0,0.0,0.0,10.72,DEAD_RECKONING,1.77,173.49,-1375.33,-1044.76,2801.64,False,False,False,false
1788952361202,-2.0471,6.5581,7.797,0.30572,0.22436,-0.62489,26.51,28.44,-32.08,0.0,0.0,0.0,0.0,0.0,10.72,DEAD_RECKONING,1.8,175.66,-1381.44,-1047.19,2800.91,False,False,False,false
1788952361331,-2.0471,6.5581,7.797,0.30572,0.22436,-0.62489,26.51,28.44,-32.08,0.0,0.0,0.0,0.0,0.0,10.72,DEAD_RECKONING,2.03,177.93,-1385.96,-1041.97,2812.25,False,False,False,false
1788952361459,-2.0471,6.5581,7.797,0.30572,0.22436,-0.62489,26.51,28.44,-32.08,0.0,0.0,0.0,0.0,0.0,10.72,DEAD_RECKONING,1.96,180.31,-1393.27,-1043.99,2813.08,False,False,False,false
1788952361751,-2.0471,6.5581,7.797,0.30572,0.22436,-0.62489,26.51,28.44,-32.08,0.0,0.0,0.0,0.0,0.0,10.72,DEAD_RECKONING,1.96,182.82,-1398.06,-1040.62,2820.86,False,False,False,false
1788952361867,-2.0471,6.5581,7.797,0.30572,0.22436,-0.62489,26.51,28.44,-32.08,0.0,0.0,0.0,0.0,0.0,10.72,DEAD_RECKONING,1.96,185.36,-1406.22,-1041.41,2824.27,True,False,False,false
1788952361993,-2.0471,6.5581,7.797,0.30572,0.22436,-0.62489,26.51,28.44,-32.08,0.0,0.0,0.0,0.0,0.0,10.72,DEAD_RECKONING,1.96,188.08,-1412.05,-1041.02,2827.0,True,False,False,false
1788952362120,-2.0471,6.5581,7.797,0.30572,0.22436,-0.62489,26.51,28.44,-32.08,0.0,0.0,0.0,0.0,0.0,10.72,DEAD_RECKONING,1.96,191.01,-1419.74,-1040.5,2831.61,True,False,False,false
1788952362252,-2.0471,6.5581,7.797,0.30572,0.22436,-0.62489,26.51,28.44,-32.08,0.0,0.0,0.0,0.0,0.0,10.72,DEAD_RECKONING,1.96,194.15,-1428.02,-1041.9,2832.57,True,False,False,false
1788952362374,-2.0471,6.5581,7.797,0.30572,0.22436,-0.62489,26.51,28.44,-32.08,0.0,0.0,0.0,0.0,0.0,10.72,DEAD_RECKONING,1.96,197.52,-1435.69,-1041.78,2835.25,True,False,False,false
1788952362501,-2.0471,6.5581,7.797,0.30572,0.22436,-0.62489,26.51,28.44,-32.08,0.0,0.0,0.0,0.0,0.0,10.72,DEAD_RECKONING,1.96,200.99,-1445.57,-1043.21,2836.47,False,False,False,false
1788952362625,-2.0471,6.5581,7.797,0.30572,0.22436,-0.62489,26.51,28.44,-32.08,0.0,0.0,0.0,0.0,0.0,10.72,DEAD_RECKONING,1.96,204.65,-1454.53,-1044.5,2836.4,False,False,False,false
1788952362749,-2.0471,6.5581,7.797,0.30572,0.22436,-0.62489,26.51,28.44,-32.08,0.0,0.0,0.0,0.0,0.0,10.72,DEAD_RECKONING,1.96,208.48,-1464.66,-1045.94,2836.46,False,False,False,false
1788952362872,-2.0471,6.5581,7.797,0.30572,0.22436,-0.62489,26.51,28.44,-32.08,0.0,0.0,0.0,0.0,0.0,10.72,DEAD_RECKONING,1.96,212.49,-1475.3,-1048.25,2834.46,False,False,False,false
1788952363000,-2.0471,6.5581,7.797,0.30572,0.22436,-0.62489,26.51,28.44,-32.08,0.0,0.0,0.0,0.0,0.0,10.72,DEAD_RECKONING,1.96,216.66,-1485.1,-1049.92,2832.5,False,False,False,false
1788952363125,-2.0471,6.5581,7.797,0.30572,0.22436,-0.62489,26.51,28.44,-32.08,0.0,0.0,0.0,0.0,0.0,10.72,DEAD_RECKONING,1.96,220.97,-1496.73,-1052.53,2829.52,False,False,False,false
1788952363245,-2.0471,6.5581,7.797,0.30572,0.22436,-0.62489,26.51,28.44,-32.08,0.0,0.0,0.0,0.0,0.0,10.72,DEAD_RECKONING,1.96,225.4,-1501.57,-1053.08,2827.52,False,False,False,false
1788952363375,-2.0471,6.5581,7.797,0.30572,0.22436,-0.62489,26.51,28.44,-32.08,0.0,0.0,0.0,0.0,0.0,10.72,DEAD_RECKONING,1.96,229.9,-1508.9,-1052.3,2830.46,False,False,False,false
1788952363498,-2.0471,6.5581,7.797,0.30572,0.22436,-0.62489,26.51,28.44,-32.08,0.0,0.0,0.0,0.0,0.0,10.72,DEAD_RECKONING,1.96,234.45,-1513.66,-1052.33,2830.58,False,False,False,false
1788952363627,-2.0471,6.5581,7.797,0.30572,0.22436,-0.62489,26.51,28.44,-32.08,0.0,0.0,0.0,0.0,0.0,10.72,DEAD_RECKONING,1.96,239.01,-1517.23,-1051.04,2833.07,False,False,False,false
1788952363751,-2.0471,6.5581,7.797,0.30572,0.22436,-0.62489,26.51,28.44,-32.08,0.0,0.0,0.0,0.0,0.0,10.72,DEAD_RECKONING,1.96,243.53,-1520.91,-1050.19,2834.73,False,False,False,false
1788952363938,-2.0471,6.5581,7.797,0.30572,0.22436,-0.62489,26.51,28.44,-32.08,0.0,0.0,0.0,0.0,0.0,10.72,DEAD_RECKONING,1.96,247.97,-1523.97,-1049.18,2836.49,False,False,False,false
1788952364057,-2.0471,6.5581,7.797,0.30572,0.22436,-0.62489,26.51,28.44,-32.08,0.0,0.0,0.0,0.0,0.0,10.72,DEAD_RECKONING,1.96,252.31,-1526.88,-1048.34,2837.79,False,False,False,false
1788952364185,-2.0471,6.5581,7.797,0.30572,0.22436,-0.62489,26.51,28.44,-32.08,0.0,0.0,0.0,0.0,0.0,10.72,DEAD_RECKONING,1.88,256.51,-1529.29,-1047.68,2838.53,False,False,False,false
1788952364313,-2.0471,6.5581,7.797,0.30572,0.22436,-0.62489,26.51,28.44,-32.08,0.0,0.0,0.0,0.0,0.0,10.72,DEAD_RECKONING,1.88,260.55,-1531.88,-1047.21,2838.93,False,False,False,false
1788952364439,-2.0471,6.5581,7.797,0.30572,0.22436,-0.62489,26.51,28.44,-32.08,0.0,0.0,0.0,0.0,0.0,10.72,DEAD_RECKONING,1.88,264.43,-1534.49,-1047.11,2838.5,False,False,False,false
1788952364562,-2.0471,6.5581,7.797,0.30572,0.22436,-0.62489,26.51,28.44,-32.08,0.0,0.0,0.0,0.0,0.0,10.72,DEAD_RECKONING,1.88,268.12,-1537.09,-1047.41,2837.22,False,False,False,false
1788952364690,-2.0471,6.5581,7.797,0.30572,0.22436,-0.62489,26.51,28.44,-32.08,0.0,0.0,0.0,0.0,0.0,10.72,DEAD_RECKONING,1.88,271.63,-1539.66,-1048.1,2835.08,False,False,False,false
1788952364827,-2.0471,6.5581,7.797,0.30572,0.22436,-0.62489,26.51,28.44,-32.08,0.0,0.0,0.0,0.0,0.0,10.72,DEAD_RECKONING,1.88,274.96,-1542.13,-1049.13,2832.23,False,False,False,false
1788952364955,-2.0471,6.5581,7.797,0.30572,0.22436,-0.62489,26.51,28.44,-32.08,0.0,0.0,0.0,0.0,0.0,10.72,DEAD_RECKONING,1.88,278.11,-1544.47,-1050.35,2828.9,False,False,False,false
1788952365084,-2.0471,6.5581,7.797,0.30572,0.22436,-0.62489,26.51,28.44,-32.08,0.0,0.0,0.0,0.0,0.0,10.72,DEAD_RECKONING,1.88,281.09,-1546.62,-1051.63,2825.38,False,False,False,false
1788952365209,-2.0471,6.5581,7.797,0.30572,0.22436,-0.62489,26.51,28.44,-32.08,0.0,0.0,0.0,0.0,0.0,10.72,DEAD_RECKONING,1.88,283.91,-1548.53,-1052.83,2821.94,False,False,False,false
1788952365337,-2.0471,6.5581,7.797,0.30572,0.22436,-0.62489,26.51,28.44,-32.08,0.0,0.0,0.0,0.0,0.0,10.72,DEAD_RECKONING,1.88,286.59,-1550.17,-1053.83,2818.82,False,False,False,false
1788952365464,-2.0471,6.5581,7.797,0.30572,0.22436,-0.62489,26.51,28.44,-32.08,0.0,0.0,0.0,0.0,0.0,10.72,DEAD_RECKONING,1.88,289.13,-1551.5,-1054.54,2816.17,False,False,False,false
1788952365588,-2.0471,6.5581,7.797,0.30572,0.22436,-0.62489,26.51,28.44,-32.08,0.0,0.0,0.0,0.0,0.0,10.72,DEAD_RECKONING,1.88,291.54,-1552.5,-1054.93,2814.11,False,False,False,false
1788952365711,-2.0471,6.5581,7.797,0.30572,0.22436,-0.62489,26.51,28.44,-32.08,0.0,0.0,0.0,0.0,0.0,10.72,DEAD_RECKONING,1.88,293.84,-1553.16,-1054.99,2812.69,False,False,False,false
1788952365832,-2.0471,6.5581,7.797,0.30572,0.22436,-0.62489,26.51,28.44,-32.08,0.0,0.0,0.0,0.0,0.0,10.72,DEAD_RECKONING,1.88,296.04,-1553.47,-1054.73,2811.89,False,False,False,false
1788952368816,-2.0471,6.5581,7.797,0.30572,0.22436,-0.62489,26.51,28.44,-32.08,0.0,0.0,0.0,0.0,0.0,10.72,DEAD_RECKONING,1.72,298.14,-1552.56,-1053.54,2813.19,False,False,False,false
1788952368933,-2.0471,6.5581,7.797,0.30572,0.22436,-0.62489,26.51,28.44,-32.08,0.0,0.0,0.0,0.0,0.0,10.72,DEAD_RECKONING,1.69,300.17,-1551.67,-1052.57,2814.18,False,False,False,false
1788952369055,-2.0471,6.5581,7.797,0.30572,0.22436,-0.62489,26.51,28.44,-32.08,0.0,0.0,0.0,0.0,0.0,10.72,DEAD_RECKONING,1.69,302.12,-1550.85,-1051.72,2815.03,False,False,False,false
1788952369207,-2.0471,6.5581,7.797,0.30572,0.22436,-0.62489,26.51,28.44,-32.08,0.0,0.0,0.0,0.0,0.0,10.72,DEAD_RECKONING,1.69,304.01,-1549.95,-1050.85,2816.03,False,False,False,false
1788952369332,-2.0471,6.5581,7.797,0.30572,0.22436,-0.62489,26.51,28.44,-32.08,0.0,0.0,0.0,0.0,0.0,10.72,DEAD_RECKONING,1.69,305.84,-1548.92,-1049.88,2817.33,False,False,False,false
1788952369454,-2.0471,6.5581,7.797,0.30572,0.22436,-0.62489,26.51,28.44,-32.08,0.0,0.0,0.0,0.0,0.0,10.72,DEAD_RECKONING,1.69,307.69,-1547.73,-1048.85,2818.87,True,False,False,false
1788952369580,-2.0471,6.5581,7.797,0.30572,0.22436,-0.62489,26.51,28.44,-32.08,0.0,0.0,0.0,0.0,0.0,10.72,DEAD_RECKONING,1.69,309.5,-1546.51,-1047.68,2820.7,True,False,False,false
1788952369708,-2.0471,6.5581,7.797,0.30572,0.22436,-0.62489,26.51,28.44,-32.08,0.0,0.0,0.0,0.0,0.0,10.72,DEAD_RECKONING,1.69,311.27,-1545.36,-1046.31,2822.78,True,False,False,false
1788952369837,-2.0471,6.5581,7.797,0.30572,0.22436,-0.62489,26.51,28.44,-32.08,0.0,0.0,0.0,0.0,0.0,10.72,DEAD_RECKONING,1.69,313.02,-1544.44,-1044.73,2824.93,True,False,False,false
1788952369962,-2.0471,6.5581,7.797,0.30572,0.22436,-0.62489,26.51,28.44,-32.08,0.0,0.0,0.0,0.0,0.0,10.72,DEAD_RECKONING,1.69,314.74,-1543.92,-1043.01,2826.86,True,False,False,false
1788952370089,-2.0471,6.5581,7.797,0.30572,0.22436,-0.62489,26.51,28.44,-32.08,0.0,0.0,0.0,0.0,0.0,10.72,DEAD_RECKONING,1.69,316.44,-1543.73,-1041.29,2828.45,True,False,False,false
1788952370215,-2.0471,6.5581,7.797,0.30572,0.22436,-0.62489,26.51,28.44,-32.08,0.0,0.0,0.0,0.0,0.0,10.72,DEAD_RECKONING,1.69,318.15,-1543.69,-1039.56,2829.86,True,False,False,false
1788952370335,-2.0471,6.5581,7.797,0.30572,0.22436,-0.62489,26.51,28.44,-32.08,0.0,0.0,0.0,0.0,0.0,10.72,DEAD_RECKONING,1.69,320.0,-1543.66,-1037.87,2831.12,False,False,False,false
1788952370462,-2.0471,6.5581,7.797,0.30572,0.22436,-0.62489,26.51,28.44,-32.08,0.0,0.0,0.0,0.0,0.0,10.72,DEAD_RECKONING,1.69,321.93,-1543.66,-1036.15,2832.29,False,False,False,false
1788952370583,-2.0471,6.5581,7.797,0.30572,0.22436,-0.62489,26.51,28.44,-32.08,0.0,0.0,0.0,0.0,0.0,10.72,DEAD_RECKONING,1.69,323.98,-1543.66,-1034.37,2833.4,False,False,False,false
1788952370704,-2.0471,6.5581,7.797,0.30572,0.22436,-0.62489,26.51,28.44,-32.08,0.0,0.0,0.0,0.0,0.0,10.72,DEAD_RECKONING,1.69,326.2,-1543.7,-1032.52,2834.44,False,False,False,false
1788952370830,-2.0471,6.5581,7.797,0.30572,0.22436,-0.62489,26.51,28.44,-32.08,0.0,0.0,0.0,0.0,0.0,10.72,DEAD_RECKONING,1.69,328.65,-1543.75,-1030.6,2835.39,False,False,False,false
1788952370959,-2.0471,6.5581,7.797,0.30572,0.22436,-0.62489,26.51,28.44,-32.08,0.0,0.0,0.0,0.0,0.0,10.72,DEAD_RECKONING,1.69,331.45,-1543.84,-1028.64,2836.24,False,False,False,false
1788952371081,-2.0471,6.5581,7.797,0.30572,0.22436,-0.62489,26.51,28.44,-32.08,0.0,0.0,0.0,0.0,0.0,10.72,DEAD_RECKONING,1.69,334.75,-1543.96,-1026.67,2836.97,False,False,False,false
1788952371199,-2.0471,6.5581,7.797,0.30572,0.22436,-0.62489,26.51,28.44,-32.08,0.0,0.0,0.0,0.0,0.0,10.72,DEAD_RECKONING,1.69,338.84,-1544.11,-1024.71,2837.56,False,False,False,false
1788952371327,-2.0471,6.5581,7.797,0.30572,0.22436,-0.62489,26.51,28.44,-32.08,0.0,0.0,0.0,0.0,0.0,10.72,DEAD_RECKONING,1.69,344.22,-1544.32,-1022.8,2838.0,False,False,False,false
1788952371723,-2.0471,6.5581,7.797,0.30572,0.22436,-0.62489,26.51,28.44,-32.08,0.0,0.0,0.0,0.0,0.0,10.72,DEAD_RECKONING,1.69,351.85,-1544.59,-1021.01,2838.26,False,False,False,false
1788952371841,-2.0471,6.5581,7.797,0.30572,0.22436,-0.62489,26.51,28.44,-32.08,0.0,0.0,0.0,0.0,0.0,10.72,DEAD_RECKONING,1.69,3.71,-1544.94,-1019.41,2838.28,False,False,False,false
1788952374083,-2.0471,6.5581,7.797,0.30572,0.22436,-0.62489,26.51,28.44,-32.08,0.0,0.0,0.0,0.0,0.0,10.72,DEAD_RECKONING,1.69,23.57,-1545.38,-1018.13,2837.95,False,False,False,false
1788952374204,-2.0471,6.5581,7.797,0.30572,0.22436,-0.62489,26.51,28.44,-32.08,0.0,0.0,0.0,0.0,0.0,10.72,DEAD_RECKONING,1.69,54.05,-1545.92,-1017.42,2837.04,False,False,False,false
1788952374330,-2.0471,6.5581,7.797,0.30572,0.22436,-0.62489,26.51,28.44,-32.08,0.0,0.0,0.0,0.0,0.0,10.72,DEAD_RECKONING,1.77,84.89,-1546.53,-1017.92,2834.8,False,False,False,false
1788952374455,-2.0471,6.5581,7.797,0.30572,0.22436,-0.62489,26.51,28.44,-32.08,0.0,0.0,0.0,0.0,0.0,10.72,DEAD_RECKONING,1.77,105.22,-1546.98,-1020.95,2829.29,False,False,False,false
1788952374579,-2.0471,6.5581,7.797,0.30572,0.22436,-0.62489,26.51,28.44,-32.08,0.0,0.0,0.0,0.0,0.0,10.72,DEAD_RECKONING,1.77,117.34,-1546.93,-1026.99,2819.08,False,False,False,false
1788952374706,-2.0471,6.5581,7.797,0.30572,0.22436,-0.62489,26.51,28.44,-32.08,0.0,0.0,0.0,0.0,0.0,10.72,DEAD_RECKONING,1.77,125.11,-1547.34,-1024.24,2819.36,False,False,False,false
1788952374839,-2.0471,6.5581,7.797,0.30572,0.22436,-0.62489,26.51,28.44,-32.08,0.0,0.0,0.0,0.0,0.0,10.72,DEAD_RECKONING,1.77,130.56,-1547.52,-1024.47,2820.22,False,False,False,false
1788952374959,-2.0471,6.5581,7.797,0.30572,0.22436,-0.62489,26.51,28.44,-32.08,0.0,0.0,0.0,0.0,0.0,10.72,DEAD_RECKONING,1.77,134.7,-1546.98,-1029.35,2816.87,False,False,False,false
1788952375085,-2.0471,6.5581,7.797,0.30572,0.22436,-0.62489,26.51,28.44,-32.08,0.0,0.0,0.0,0.0,0.0,10.72,DEAD_RECKONING,1.77,138.03,-1545.9,-1039.93,2803.9,False,False,False,false
1788952375209,-2.0471,6.5581,7.797,0.30572,0.22436,-0.62489,26.51,28.44,-32.08,0.0,0.0,0.0,0.0,0.0,10.72,DEAD_RECKONING,1.77,140.85,-1545.82,-1039.15,2801.83,False,False,False,false
1788952375337,-2.0471,6.5581,7.797,0.30572,0.22436,-0.62489,26.51,28.44,-32.08,0.0,0.0,0.0,0.0,0.0,10.72,DEAD_RECKONING,1.77,143.31,-1545.61,-1040.31,2805.41,False,False,False,false
1788952375464,-2.0471,6.5581,7.797,0.30572,0.22436,-0.62489,26.51,28.44,-32.08,0.0,0.0,0.0,0.0,0.0,10.72,DEAD_RECKONING,1.77,145.54,-1546.69,-1048.31,2800.53,False,False,False,false
1788952375589,-2.0471,6.5581,7.797,0.30572,0.22436,-0.62489,26.51,28.44,-32.08,0.0,0.0,0.0,0.0,0.0,10.72,DEAD_RECKONING,1.77,147.59,-1539.03,-1052.81,2791.29,False,False,False,false
1788952375711,-2.0471,6.5581,7.797,0.30572,0.22436,-0.62489,26.51,28.44,-32.08,0.0,0.0,0.0,0.0,0.0,10.72,DEAD_RECKONING,1.77,149.53,-1558.32,-1072.89,2787.05,False,False,False,false
1788952375842,-2.0471,6.5581,7.797,0.30572,0.22436,-0.62489,26.51,28.44,-32.08,0.0,0.0,0.0,0.0,0.0,10.72,DEAD_RECKONING,1.77,151.38,-1552.06,-1073.72,2783.17,False,False,False,false
1788952375967,-2.0471,6.5581,7.797,0.30572,0.22436,-0.62489,26.51,28.44,-32.08,0.0,0.0,0.0,0.0,0.0,10.72,DEAD_RECKONING,1.77,153.18,-1551.26,-1082.05,2781.14,False,False,False,false
1788952376095,-2.0471,6.5581,7.797,0.30572,0.22436,-0.62489,26.51,28.44,-32.08,0.0,0.0,0.0,0.0,0.0,10.72,DEAD_RECKONING,1.77,154.94,-1553.49,-1101.62,2761.11,False,False,False,false
1788952376214,-2.0471,6.5581,7.797,0.30572,0.22436,-0.62489,26.51,28.44,-32.08,0.0,0.0,0.0,0.0,0.0,10.72,DEAD_RECKONING,1.77,156.68,-1553.72,-1100.34,2766.78,False,False,False,false
1788952377629,-2.0471,6.5581,7.797,0.30572,0.22436,-0.62489,26.51,28.44,-32.08,0.0,0.0,0.0,0.0,0.0,10.72,DEAD_RECKONING,1.77,158.42,-1555.52,-1111.0,2762.67,False,False,False,false
1788952377749,-2.0471,6.5581,7.797,0.30572,0.22436,-0.62489,26.51,28.44,-32.08,0.0,0.0,0.0,0.0,0.0,10.72,DEAD_RECKONING,1.77,160.17,-1557.77,-1120.97,2753.68,False,False,False,false
1788952382104,-2.0471,6.5581,7.797,0.30572,0.22436,-0.62489,26.51,28.44,-32.08,0.0,0.0,0.0,0.0,0.0,10.72,DEAD_RECKONING,1.77,161.94,-1557.33,-1117.93,2765.65,False,False,False,false
1788952382230,-2.0471,6.5581,7.797,0.30572,0.22436,-0.62489,26.51,28.44,-32.08,0.0,0.0,0.0,0.0,0.0,10.72,DEAD_RECKONING,1.77,163.74,-1564.48,-1147.02,2744.53,False,False,False,false
1788952382352,-2.0471,6.5581,7.797,0.30572,0.22436,-0.62489,26.51,28.44,-32.08,0.0,0.0,0.0,0.0,0.0,10.72,DEAD_RECKONING,1.77,165.58,-1562.96,-1140.3,2746.44,False,False,False,false
1788952387981,-2.0471,6.5581,7.797,0.30572,0.22436,-0.62489,26.51,28.44,-32.08,0.0,0.0,0.0,0.0,0.0,10.72,DEAD_RECKONING,1.77,167.48,-1563.63,-1141.21,2766.4,False,False,False,false
1788952388107,-2.0471,6.5581,7.797,0.30572,0.22436,-0.62489,26.51,28.44,-32.08,0.0,0.0,0.0,0.0,0.0,10.72,DEAD_RECKONING,1.77,169.43,-1576.93,-1178.19,2727.26,False,False,False,false
1788952389332,-2.0471,6.5581,7.797,0.30572,0.22436,-0.62489,26.51,28.44,-32.08,0.0,0.0,0.0,0.0,0.0,10.72,DEAD_RECKONING,1.77,171.45,-1575.23,-1173.3,2729.72,False,False,False,false
1788952389458,-2.0471,6.5581,7.797,0.30572,0.22436,-0.62489,26.51,28.44,-32.08,0.0,0.0,0.0,0.0,0.0,10.72,DEAD_RECKONING,1.77,173.56,-1574.96,-1171.97,2734.3,False,False,False,false
1788952389576,-2.0471,6.5581,7.797,0.30572,0.22436,-0.62489,26.51,28.44,-32.08,0.0,0.0,0.0,0.0,0.0,10.72,DEAD_RECKONING,1.8,175.75,-1575.0,-1171.37,2738.15,False,False,False,false
1788952389702,-2.0471,6.5581,7.797,0.30572,0.22436,-0.62489,26.51,28.44,-32.08,0.0,0.0,0.0,0.0,0.0,10.72,DEAD_RECKONING,1.96,178.05,-1575.19,-1170.64,2743.93,False,False,False,false
1788952389825,-2.0471,6.5581,7.797,0.30572,0.22436,-0.62489,26.51,28.44,-32.08,0.0,0.0,0.0,0.0,0.0,10.72,DEAD_RECKONING,1.96,180.46,-1576.36,-1170.36,2752.11,False,False,False,false
1788952389947,-2.0471,6.5581,7.797,0.30572,0.22436,-0.62489,26.51,28.44,-32.08,0.0,0.0,0.0,0.0,0.0,10.72,DEAD_RECKONING,1.96,182.99,-1580.14,-1171.58,2762.41,False,False,False,false
1788952390071,-2.0471,6.5581,7.797,0.30572,0.22436,-0.62489,26.51,28.44,-32.08,0.0,0.0,0.0,0.0,0.0,10.72,DEAD_RECKONING,1.96,185.66,-1587.94,-1175.98,2768.91,False,False,False,false
1788952390197,-2.0471,6.5581,7.797,0.30572,0.22436,-0.62489,26.51,28.44,-32.08,0.0,0.0,0.0,0.0,0.0,10.72,DEAD_RECKONING,1.96,188.48,-1594.65,-1181.61,2763.41,False,False,False,false
1788952390324,-2.0471,6.5581,7.797,0.30572,0.22436,-0.62489,26.51,28.44,-32.08,0.0,0.0,0.0,0.0,0.0,10.72,DEAD_RECKONING,1.96,191.46,-1594.5,-1182.41,2760.05,False,False,False,false
1788952390453,-2.0471,6.5581,7.797,0.30572,0.22436,-0.62489,26.51,28.44,-32.08,0.0,0.0,0.0,0.0,0.0,10.72,DEAD_RECKONING,1.96,194.61,-1602.52,-1180.6,2784.24,True,False,False,false
1788952390574,-2.0471,6.5581,7.797,0.30572,0.22436,-0.62489,26.51,28.44,-32.08,0.0,0.0,0.0,0.0,0.0,10.72,DEAD_RECKONING,1.96,198.05,-1633.52,-1193.32,2790.27,True,False,False,false
1788952390692,-2.0471,6.5581,7.797,0.30572,0.22436,-0.62489,26.51,28.44,-32.08,0.0,0.0,0.0,0.0,0.0,10.72,DEAD_RECKONING,1.96,201.54,-1632.65,-1206.43,2743.84,False,False,False,false
1788952390811,-2.0471,6.5581,7.797,0.30572,0.22436,-0.62489,26.51,28.44,-32.08,0.0,0.0,0.0,0.0,0.0,10.72,DEAD_RECKONING,1.96,205.17,-1626.05,-1198.03,2766.36,True,False,False,false
1788952390929,-2.0471,6.5581,7.797,0.30572,0.22436,-0.62489,26.51,28.44,-32.08,0.0,0.0,0.0,0.0,0.0,10.72,DEAD_RECKONING,1.96,209.03,-1642.24,-1196.74,2785.19,False,False,False,false
1788952391050,-2.0471,6.5581,7.797,0.30572,0.22436,-0.62489,26.51,28.44,-32.08,0.0,0.0,0.0,0.0,0.0,10.72,DEAD_RECKONING,1.96,213.1,-1658.0,-1202.77,2776.23,True,False,False,false
1788952391174,-2.0471,6.5581,7.797,0.30572,0.22436,-0.62489,26.51,28.44,-32.08,0.0,0.0,0.0,0.0,0.0,10.72,DEAD_RECKONING,1.96,217.26,-1655.8,-1205.16,2769.68,True,False,False,false
1788952391296,-2.0471,6.5581,7.797,0.30572,0.22436,-0.62489,26.51,28.44,-32.08,0.0,0.0,0.0,0.0,0.0,10.72,DEAD_RECKONING,1.96,221.67,-1658.77,-1202.18,2780.06,True,False,False,false
1788952391424,-2.0471,6.5581,7.797,0.30572,0.22436,-0.62489,26.51,28.44,-32.08,0.0,0.0,0.0,0.0,0.0,10.72,DEAD_RECKONING,1.96,226.19,-1668.94,-1201.04,2783.52,True,False,False,false
1788952391549,-2.0471,6.5581,7.797,0.30572,0.22436,-0.62489,26.51,28.44,-32.08,0.0,0.0,0.0,0.0,0.0,10.72,DEAD_RECKONING,1.96,230.73,-1669.09,-1203.18,2777.57,True,False,False,false
1788952391669,-2.0471,6.5581,7.797,0.30572,0.22436,-0.62489,26.51,28.44,-32.08,0.0,0.0,0.0,0.0,0.0,10.72,DEAD_RECKONING,1.96,235.38,-1671.91,-1201.2,2783.05,True,False,False,false
1788952391799,-2.0471,6.5581,7.797,0.30572,0.22436,-0.62489,26.51,28.44,-32.08,0.0,0.0,0.0,0.0,0.0,10.72,DEAD_RECKONING,1.96,240.04,-1683.51,-1200.2,2782.65,True,False,False,false
1788952391918,-2.0471,6.5581,7.797,0.30572,0.22436,-0.62489,26.51,28.44,-32.08,0.0,0.0,0.0,0.0,0.0,10.72,DEAD_RECKONING,1.96,244.6,-1677.82,-1204.09,2774.36,True,False,False,false
1788952392041,-2.0471,6.5581,7.797,0.30572,0.22436,-0.62489,26.51,28.44,-32.08,0.0,0.0,0.0,0.0,0.0,10.72,DEAD_RECKONING,1.96,249.04,-1688.99,-1200.42,2780.5,False,False,False,false
1788952392173,-2.0471,6.5581,7.797,0.30572,0.22436,-0.62489,26.51,28.44,-32.08,0.0,0.0,0.0,0.0,0.0,10.72,DEAD_RECKONING,1.96,253.42,-1691.89,-1204.88,2768.11,True,False,False,false
1788952392300,-2.0471,6.5581,7.797,0.30572,0.22436,-0.62489,26.51,28.44,-32.08,0.0,0.0,0.0,0.0,0.0,10.72,DEAD_RECKONING,1.88,257.69,-1686.13,-1204.98,2770.75,True,False,False,false
1788952392427,-2.0471,6.5581,7.797,0.30572,0.22436,-0.62489,26.51,28.44,-32.08,0.0,0.0,0.0,0.0,0.0,10.72,DEAD_RECKONING,1.88,261.88,-1708.53,-1203.34,2764.72,True,False,False,false
1788952392556,-2.0471,6.5581,7.797,0.30572,0.22436,-0.62489,26.51,28.44,-32.08,0.0,0.0,0.0,0.0,0.0,10.72,DEAD_RECKONING,1.88,265.84,-1703.3,-1205.36,2762.14,True,False,False,false
1788952392682,-2.0471,6.5581,7.797,0.30572,0.22436,-0.62489,26.51,28.44,-32.08,0.0,0.0,0.0,0.0,0.0,10.72,DEAD_RECKONING,1.88,269.63,-1706.29,-1204.98,2761.34,True,False,False,false
1788952392812,-2.0471,6.5581,7.797,0.30572,0.22436,-0.62489,26.51,28.44,-32.08,0.0,0.0,0.0,0.0,0.0,10.72,DEAD_RECKONING,1.88,273.24,-1707.55,-1205.46,2759.32,True,False,False,false
1788952392936,-2.0471,6.5581,7.797,0.30572,0.22436,-0.62489,26.51,28.44,-32.08,0.0,0.0,0.0,0.0,0.0,10.72,DEAD_RECKONING,1.88,276.68,-1708.89,-1205.65,2757.88,True,False,False,false
1788952393063,-2.0471,6.5581,7.797,0.30572,0.22436,-0.62489,26.51,28.44,-32.08,0.0,0.0,0.0,0.0,0.0,10.72,DEAD_RECKONING,1.88,279.94,-1710.59,-1206.1,2755.62,True,False,False,false
1788952393187,-2.0471,6.5581,7.797,0.30572,0.22436,-0.62489,26.51,28.44,-32.08,0.0,0.0,0.0,0.0,0.0,10.72,DEAD_RECKONING,1.88,283.04,-1711.76,-1206.55,2753.64,True,False,False,false
1788952395918,-2.0471,6.5581,7.797,0.30572,0.22436,-0.62489,26.51,28.44,-32.08,0.0,0.0,0.0,0.0,0.0,10.72,DEAD_RECKONING,1.88,286.01,-1713.39,-1207.11,2751.12,True,False,False,false
1788952396040,-2.0471,6.5581,7.797,0.30572,0.22436,-0.62489,26.51,28.44,-32.08,0.0,0.0,0.0,0.0,0.0,10.72,DEAD_RECKONING,1.88,288.84,-1714.47,-1207.66,2748.92,True,False,False,false
1788952396172,-2.0471,6.5581,7.797,0.30572,0.22436,-0.62489,26.51,28.44,-32.08,0.0,0.0,0.0,0.0,0.0,10.72,DEAD_RECKONING,1.88,291.44,-1716.02,-1208.2,2746.4,False,False,False,false
1788952396533,-2.0471,6.5581,7.797,0.30572,0.22436,-0.62489,26.51,28.44,-32.08,0.0,0.0,0.0,0.0,0.0,10.72,DEAD_RECKONING,1.88,293.93,-1717.28,-1208.87,2743.77,False,False,False,false
1788952396654,-2.0471,6.5581,7.797,0.30572,0.22436,-0.62489,26.51,28.44,-32.08,0.0,0.0,0.0,0.0,0.0,10.72,DEAD_RECKONING,1.88,296.3,-1718.52,-1209.46,2741.28,False,False,False,false
1788952397310,-2.0471,6.5581,7.797,0.30572,0.22436,-0.62489,26.51,28.44,-32.08,0.0,0.0,0.0,0.0,0.0,10.72,DEAD_RECKONING,1.88,298.57,-1719.78,-1210.05,2738.74,False,False,False,false
1788952397430,-2.0471,6.5581,7.797,0.30572,0.22436,-0.62489,26.51,28.44,-32.08,0.0,0.0,0.0,0.0,0.0,10.72,DEAD_RECKONING,1.72,300.75,-1720.71,-1210.5,2736.68,False,False,False,false
1788952397595,-2.0471,6.5581,7.797,0.30572,0.22436,-0.62489,26.51,28.44,-32.08,0.0,0.0,0.0,0.0,0.0,10.72,DEAD_RECKONING,1.69,302.85,-1721.52,-1210.86,2734.86,False,False,False,false
1788952397711,-2.0471,6.5581,7.797,0.30572,0.22436,-0.62489,26.51,28.44,-32.08,0.0,0.0,0.0,0.0,0.0,10.72,DEAD_RECKONING,1.69,304.88,-1721.99,-1211.08,2733.55,False,False,False,false
1788952397838,-2.0471,6.5581,7.797,0.30572,0.22436,-0.62489,26.51,28.44,-32.08,0.0,0.0,0.0,0.0,0.0,10.72,DEAD_RECKONING,1.69,306.84,-1721.83,-1211.08,2733.14,False,False,False,false
1788952399094,-2.0471,6.5581,7.797,0.30572,0.22436,-0.62489,26.51,28.44,-32.08,0.0,0.0,0.0,0.0,0.0,10.72,DEAD_RECKONING,1.69,308.77,-1720.23,-1210.64,2734.64,False,False,False,false
1788952400170,-2.0471,6.5581,7.797,0.30572,0.22436,-0.62489,26.51,28.44,-32.08,0.0,0.0,0.0,0.0,0.0,10.72,DEAD_RECKONING,1.69,310.65,-1715.29,-1209.31,2740.28,False,False,False,false
1788952400289,-2.0471,6.5581,7.797,0.30572,0.22436,-0.62489,26.51,28.44,-32.08,0.0,0.0,0.0,0.0,0.0,10.72,DEAD_RECKONING,1.69,312.57,-1708.9,-1207.64,2747.45,True,False,False,false
1788952400440,-2.0471,6.5581,7.797,0.30572,0.22436,-0.62489,26.51,28.44,-32.08,0.0,0.0,0.0,0.0,0.0,10.72,DEAD_RECKONING,1.69,314.48,-1706.64,-1206.9,2749.9,True,False,False,false
1788952400559,-2.0471,6.5581,7.797,0.30572,0.22436,-0.62489,26.51,28.44,-32.08,0.0,0.0,0.0,0.0,0.0,10.72,DEAD_RECKONING,1.69,316.39,-1704.23,-1205.73,2752.9,True,False,False,false
1788952402804,-2.0471,6.5581,7.797,0.30572,0.22436,-0.62489,26.51,28.44,-32.08,0.0,0.0,0.0,0.0,0.0,10.72,DEAD_RECKONING,1.69,318.29,-1701.39,-1203.73,2756.91,True,False,False,false
1788952402923,-2.0471,6.5581,7.797,0.30572,0.22436,-0.62489,26.51,28.44,-32.08,0.0,0.0,0.0,0.0,0.0,10.72,DEAD_RECKONING,1.69,320.22,-1698.29,-1200.72,2761.55,True,False,False,false
1788952407716,-2.0471,6.5581,7.797,0.30572,0.22436,-0.62489,26.51,28.44,-32.08,0.0,0.0,0.0,0.0,0.0,10.72,DEAD_RECKONING,1.69,322.18,-1696.04,-1197.62,2764.93,True,False,False,false
1788952408663,-2.0471,6.5581,7.797,0.30572,0.22436,-0.62489,26.51,28.44,-32.08,0.0,0.0,0.0,0.0,0.0,10.72,DEAD_RECKONING,1.69,324.2,-1695.15,-1195.54,2766.16,True,False,False,false
1788952409660,-2.0471,6.5581,7.797,0.30572,0.22436,-0.62489,26.51,28.44,-32.08,0.0,0.0,0.0,0.0,0.0,10.72,DEAD_RECKONING,1.69,326.31,-1694.74,-1194.0,2766.59,True,False,False,false
1788952409781,-2.0471,6.5581,7.797,0.30572,0.22436,-0.62489,26.51,28.44,-32.08,0.0,0.0,0.0,0.0,0.0,10.72,DEAD_RECKONING,1.69,328.53,-1694.35,-1192.5,2766.89,True,False,False,false
1788952411854,-2.0471,6.5581,7.797,0.30572,0.22436,-0.62489,26.51,28.44,-32.08,0.0,0.0,0.0,0.0,0.0,10.72,DEAD_RECKONING,1.69,330.91,-1693.92,-1190.91,2767.17,True,False,False,false
1788952411972,-2.0471,6.5581,7.797,0.30572,0.22436,-0.62489,26.51,28.44,-32.08,0.0,0.0,0.0,0.0,0.0,10.72,DEAD_RECKONING,1.69,333.51,-1693.45,-1189.2,2767.4,True,False,False,false
1788952412816,-2.0471,6.5581,7.797,0.30572,0.22436,-0.62489,26.51,28.44,-32.08,0.0,0.0,0.0,0.0,0.0,10.72,DEAD_RECKONING,1.69,336.58,-1692.94,-1187.47,2767.49,False,False,False,false
1788952412933,-2.0471,6.5581,7.797,0.30572,0.22436,-0.62489,26.51,28.44,-32.08,0.0,0.0,0.0,0.0,0.0,10.72,DEAD_RECKONING,1.69,340.19,-1692.43,-1185.69,2767.52,False,False,False,false
1788952415192,-2.0471,6.5581,7.797,0.30572,0.22436,-0.62489,26.51,28.44,-32.08,0.0,0.0,0.0,0.0,0.0,10.72,DEAD_RECKONING,1.69,344.63,-1691.89,-1183.82,2767.5,False,False,False,false
1788952415312,-2.0471,6.5581,7.797,0.30572,0.22436,-0.62489,26.51,28.44,-32.08,0.0,0.0,0.0,0.0,0.0,10.72,DEAD_RECKONING,1.69,350.34,-1691.36,-1181.88,2767.42,False,False,False,false
1788952415436,-2.0471,6.5581,7.797,0.30572,0.22436,-0.62489,26.51,28.44,-32.08,0.0,0.0,0.0,0.0,0.0,10.72,DEAD_RECKONING,1.69,358.17,-1690.82,-1179.87,2767.29,False,False,False,false
1788952415747,-2.0471,6.5581,7.797,0.30572,0.22436,-0.62489,26.51,28.44,-32.08,0.0,0.0,0.0,0.0,0.0,10.72,DEAD_RECKONING,1.69,9.59,-1690.3,-1177.77,2767.12,False,False,False,false
1788952415864,-2.0471,6.5581,7.797,0.30572,0.22436,-0.62489,26.51,28.44,-32.08,0.0,0.0,0.0,0.0,0.0,10.72,DEAD_RECKONING,1.69,26.95,-1689.81,-1175.61,2766.9,False,False,False,false
1788952415991,-2.0471,6.5581,7.797,0.30572,0.22436,-0.62489,26.51,28.44,-32.08,0.0,0.0,0.0,0.0,0.0,10.72,DEAD_RECKONING,1.69,51.62,-1689.35,-1173.36,2766.65,False,False,False,false
1788952416113,-2.0471,6.5581,7.797,0.30572,0.22436,-0.62489,26.51,28.44,-32.08,0.0,0.0,0.0,0.0,0.0,10.72,DEAD_RECKONING,1.77,78.37,-1688.95,-1171.06,2766.36,False,False,False,false
1788952416481,-2.0471,6.5581,7.797,0.30572,0.22436,-0.62489,26.51,28.44,-32.08,0.0,0.0,0.0,0.0,0.0,10.72,DEAD_RECKONING,1.77,99.11,-1688.61,-1168.68,2766.03,False,False,False,false
1788952416596,-2.0471,6.5581,7.797,0.30572,0.22436,-0.62489,26.51,28.44,-32.08,0.0,0.0,0.0,0.0,0.0,10.72,DEAD_RECKONING,1.77,112.88,-1688.33,-1166.22,2765.67,False,False,False,false
1788952416720,-2.0471,6.5581,7.797,0.30572,0.22436,-0.62489,26.51,28.44,-32.08,0.0,0.0,0.0,0.0,0.0,10.72,DEAD_RECKONING,1.77,122.09,-1688.12,-1163.7,2765.28,False,False,False,false
1788952418985,-2.0471,6.5581,7.797,0.30572,0.22436,-0.62489,26.51,28.44,-32.08,0.0,0.0,0.0,0.0,0.0,10.72,DEAD_RECKONING,1.77,128.62,-1687.99,-1161.1,2764.86,False,False,False,false
1788952425300,-2.0471,6.5581,7.797,0.30572,0.22436,-0.62489,26.51,28.44,-32.08,0.0,0.0,0.0,0.0,0.0,10.72,DEAD_RECKONING,1.77,133.56,-1687.92,-1158.44,2764.4,False,False,False,false
1788952426715,-2.0471,6.5581,7.797,0.30572,0.22436,-0.62489,26.51,28.44,-32.08,0.0,0.0,0.0,0.0,0.0,10.72,DEAD_RECKONING,1.77,137.5,-1687.91,-1155.71,2763.93,False,False,False,false
1788952426839,-2.0471,6.5581,7.797,0.30572,0.22436,-0.62489,26.51,28.44,-32.08,0.0,0.0,0.0,0.0,0.0,10.72,DEAD_RECKONING,1.77,140.79,-1687.96,-1152.92,2763.43,False,False,False,false
1788952430434,-2.0471,6.5581,7.797,0.30572,0.22436,-0.62489,26.51,28.44,-32.08,0.0,0.0,0.0,0.0,0.0,10.72,DEAD_RECKONING,1.77,143.64,-1688.07,-1150.09,2762.91,False,False,False,false
1788952430559,-2.0471,6.5581,7.797,0.30572,0.22436,-0.62489,26.51,28.44,-32.08,0.0,0.0,0.0,0.0,0.0,10.72,DEAD_RECKONING,1.77,146.17,-1688.24,-1147.24,2762.37,False,False,False,false
1788952430677,-2.0471,6.5581,7.797,0.30572,0.22436,-0.62489,26.51,28.44,-32.08,0.0,0.0,0.0,0.0,0.0,10.72,DEAD_RECKONING,1.77,148.49,-1688.48,-1144.42,2761.8,False,False,False,false
1788952430802,-2.0471,6.5581,7.797,0.30572,0.22436,-0.62489,26.51,28.44,-32.08,0.0,0.0,0.0,0.0,0.0,10.72,DEAD_RECKONING,1.77,150.65,-1688.79,-1141.67,2761.18,False,False,False,false
1788952430929,-2.0471,6.5581,7.797,0.30572,0.22436,-0.62489,26.51,28.44,-32.08,0.0,0.0,0.0,0.0,0.0,10.72,DEAD_RECKONING,1.77,152.7,-1689.19,-1139.06,2760.48,False,False,False,false
1788952431056,-2.0471,6.5581,7.797,0.30572,0.22436,-0.62489,26.51,28.44,-32.08,0.0,0.0,0.0,0.0,0.0,10.72,DEAD_RECKONING,1.77,154.66,-1689.72,-1136.7,2759.66,False,False,False,false
1788952431181,-2.0471,6.5581,7.797,0.30572,0.22436,-0.62489,26.51,28.44,-32.08,0.0,0.0,0.0,0.0,0.0,10.72,DEAD_RECKONING,1.77,156.57,-1690.42,-1134.73,2758.66,False,False,False,false
1788952431415,-2.0471,6.5581,7.797,0.30572,0.22436,-0.62489,26.51,28.44,-32.08,0.0,0.0,0.0,0.0,0.0,10.72,DEAD_RECKONING,1.77,158.45,-1691.35,-1133.34,2757.37,False,False,False,false
1788952431532,-2.0471,6.5581,7.797,0.30572,0.22436,-0.62489,26.51,28.44,-32.08,0.0,0.0,0.0,0.0,0.0,10.72,DEAD_RECKONING,1.77,160.31,-1692.59,-1132.84,2755.66,False,False,False,false
1788952431856,-2.0471,6.5581,7.797,0.30572,0.22436,-0.62489,26.51,28.44,-32.08,0.0,0.0,0.0,0.0,0.0,10.72,DEAD_RECKONING,1.77,162.16,-1694.26,-1133.65,2753.3,False,False,False,false
1788952431974,-2.0471,6.5581,7.797,0.30572,0.22436,-0.62489,26.51,28.44,-32.08,0.0,0.0,0.0,0.0,0.0,10.72,DEAD_RECKONING,1.77,164.03,-1696.49,-1136.38,2749.98,False,False,False,false
1788952432099,-2.0471,6.5581,7.797,0.30572,0.22436,-0.62489,26.51,28.44,-32.08,0.0,0.0,0.0,0.0,0.0,10.72,DEAD_RECKONING,1.77,165.92,-1699.71,-1141.95,2745.26,False,False,False,false
1788952432223,-2.0471,6.5581,7.797,0.30572,0.22436,-0.62489,26.51,28.44,-32.08,0.0,0.0,0.0,0.0,0.0,10.72,DEAD_RECKONING,1.77,167.85,-1702.92,-1150.88,2738.75,False,False,False,false
1788952432739,-2.0471,6.5581,7.797,0.30572,0.22436,-0.62489,26.51,28.44,-32.08,0.0,0.0,0.0,0.0,0.0,10.72,DEAD_RECKONING,1.77,169.81,-1714.29,-1167.32,2729.37,False,False,False,false
1788952432859,-2.0471,6.5581,7.797,0.30572,0.22436,-0.62489,26.51,28.44,-32.08,0.0,0.0,0.0,0.0,0.0,10.72,DEAD_RECKONING,1.77,171.83,-1683.91,-1171.82,2722.14,False,False,False,false
1788952434022,-2.0471,6.5581,7.797,0.30572,0.22436,-0.62489,26.51,28.44,-32.08,0.0,0.0,0.0,0.0,0.0,10.72,DEAD_RECKONING,1.77,173.92,-1839.19,-1248.92,2693.57,False,False,False,false
1788952434288,-2.0471,6.5581,7.797,0.30572,0.22436,-0.62489,26.51,28.44,-32.08,0.0,0.0,0.0,0.0,0.0,10.72,DEAD_RECKONING,1.77,176.08,-1831.21,-1245.5,2690.86,False,False,False,false
1788952436077,-2.0471,6.5581,7.797,0.30572,0.22436,-0.62489,26.51,28.44,-32.08,0.0,0.0,0.0,0.0,0.0,10.72,DEAD_RECKONING,1.8,178.32,-1834.65,-1243.81,2687.91,False,False,False,false
1788952436194,-2.0471,6.5581,7.797,0.30572,0.22436,-0.62489,26.51,28.44,-32.08,0.0,0.0,0.0,0.0,0.0,10.72,DEAD_RECKONING,2.03,180.66,-1837.97,-1241.88,2685.07,False,False,False,false
1788952437766,-2.0471,6.5581,7.797,0.30572,0.22436,-0.62489,26.51,28.44,-32.08,0.0,0.0,0.0,0.0,0.0,10.72,DEAD_RECKONING,1.96,183.1,-1841.23,-1240.01,2682.2,False,False,False,false
1788952437885,-2.0471,6.5581,7.797,0.30572,0.22436,-0.62489,26.51,28.44,-32.08,0.0,0.0,0.0,0.0,0.0,10.72,DEAD_RECKONING,1.96,185.66,-1844.43,-1238.17,2679.32,False,False,False,false
1788952438346,-2.0471,6.5581,7.797,0.30572,0.22436,-0.62489,26.51,28.44,-32.08,0.0,0.0,0.0,0.0,0.0,10.72,DEAD_RECKONING,1.96,188.35,-1847.59,-1236.4,2676.43,False,False,False,false
1788952440828,-2.0471,6.5581,7.797,0.30572,0.22436,-0.62489,26.51,28.44,-32.08,0.0,0.0,0.0,0.0,0.0,10.72,DEAD_RECKONING,1.96,191.18,-1850.71,-1234.69,2673.54,False,False,False,false
1788952442115,-2.0471,6.5581,7.797,0.30572,0.22436,-0.62489,26.51,28.44,-32.08,0.0,0.0,0.0,0.0,0.0,10.72,DEAD_RECKONING,1.96,194.16,-1853.78,-1233.06,2670.65,False,False,False,false
1788952442233,-2.0471,6.5581,7.797,0.30572,0.22436,-0.62489,26.51,28.44,-32.08,0.0,0.0,0.0,0.0,0.0,10.72,DEAD_RECKONING,1.96,197.29,-1856.8,-1231.5,2667.78,False,False,False,false
1788952442389,-2.0471,6.5581,7.797,0.30572,0.22436,-0.62489,26.51,28.44,-32.08,0.0,0.0,0.0,0.0,0.0,10.72,DEAD_RECKONING,1.96,200.59,-1859.78,-1230.0,2664.92,False,False,False,false
1788952442507,-2.0471,6.5581,7.797,0.30572,0.22436,-0.62489,26.51,28.44,-32.08,0.0,0.0,0.0,0.0,0.0,10.72,DEAD_RECKONING,1.96,204.05,-1862.7,-1228.57,2662.08,False,False,False,false
1788952442631,-2.0471,6.5581,7.797,0.30572,0.22436,-0.62489,26.51,28.44,-32.08,0.0,0.0,0.0,0.0,0.0,10.72,DEAD_RECKONING,1.96,207.69,-1865.56,-1227.19,2659.26,False,False,False,false
1788952445144,-2.0471,6.5581,7.797,0.30572,0.22436,-0.62489,26.51,28.44,-32.08,0.0,0.0,0.0,0.0,0.0,10.72,DEAD_RECKONING,1.96,211.49,-1868.36,-1225.85,2656.47,False,False,False,false
1788952445270,-2.0471,6.5581,7.797,0.30572,0.22436,-0.62489,26.51,28.44,-32.08,0.0,0.0,0.0,0.0,0.0,10.72,DEAD_RECKONING,1.96,215.42,-1871.08,-1224.52,2653.78,True,False,False,false
1788952445383,-2.0471,6.5581,7.797,0.30572,0.22436,-0.62489,26.51,28.44,-32.08,0.0,0.0,0.0,0.0,0.0,10.72,DEAD_RECKONING,1.96,219.65,-1873.82,-1223.56,2650.01,True,False,False,false
1788952445510,-2.0471,6.5581,7.797,0.30572,0.22436,-0.62489,26.51,28.44,-32.08,0.0,0.0,0.0,0.0,0.0,10.72,DEAD_RECKONING,1.96,223.89,-1875.78,-1221.56,2647.08,False,False,False,false
1788952445632,-2.0471,6.5581,7.797,0.30572,0.22436,-0.62489,26.51,28.44,-32.08,0.0,0.0,0.0,0.0,0.0,10.72,DEAD_RECKONING,1.96,228.25,-1878.0,-1220.12,2643.83,False,False,False,false
1788952445758,-2.0471,6.5581,7.797,0.30572,0.22436,-0.62489,26.51,28.44,-32.08,0.0,0.0,0.0,0.0,0.0,10.72,DEAD_RECKONING,1.96,232.68,-1880.11,-1218.68,2640.56,False,False,False,false
1788952445882,-2.0471,6.5581,7.797,0.30572,0.22436,-0.62489,26.51,28.44,-32.08,0.0,0.0,0.0,0.0,0.0,10.72,DEAD_RECKONING,1.96,237.15,-1882.13,-1217.29,2637.24,False,False,False,false
1788952446006,-2.0471,6.5581,7.797,0.30572,0.22436,-0.62489,26.51,28.44,-32.08,0.0,0.0,0.0,0.0,0.0,10.72,DEAD_RECKONING,1.96,241.63,-1884.06,-1215.94,2633.86,False,False,False,false
1788952446226,-2.0471,6.5581,7.797,0.30572,0.22436,-0.62489,26.51,28.44,-32.08,0.0,0.0,0.0,0.0,0.0,10.72,DEAD_RECKONING,1.96,246.08,-1885.91,-1214.64,2630.44,False,False,False,false
1788952446345,-2.0471,6.5581,7.797,0.30572,0.22436,-0.62489,26.51,28.44,-32.08,0.0,0.0,0.0,0.0,0.0,10.72,DEAD_RECKONING,1.96,250.47,-1887.68,-1213.39,2626.95,False,False,False,false
1788952446471,-2.0471,6.5581,7.797,0.30572,0.22436,-0.62489,26.51,28.44,-32.08,0.0,0.0,0.0,0.0,0.0,10.72,DEAD_RECKONING,1.96,254.76,-1889.37,-1212.2,2623.41,False,False,False,false
1788952446744,-2.0471,6.5581,7.797,0.30572,0.22436,-0.62489,26.51,28.44,-32.08,0.0,0.0,0.0,0.0,0.0,10.72,DEAD_RECKONING,1.96,258.93,-1890.99,-1211.06,2619.81,False,False,False,false
1788952446867,-2.0471,6.5581,7.797,0.30572,0.22436,-0.62489,26.51,28.44,-32.08,0.0,0.0,0.0,0.0,0.0,10.72,DEAD_RECKONING,1.88,262.95,-1892.52,-1209.96,2616.15,False,False,False,false
1788952446991,-2.0471,6.5581,7.797,0.30572,0.22436,-0.62489,26.51,28.44,-32.08,0.0,0.0,0.0,0.0,0.0,10.72,DEAD_RECKONING,1.88,266.82,-1893.98,-1208.92,2612.44,False,False,False,false
1788952447120,-2.0471,6.5581,7.797,0.30572,0.22436,-0.62489,26.51,28.44,-32.08,0.0,0.0,0.0,0.0,0.0,10.72,DEAD_RECKONING,1.88,270.52,-1895.37,-1207.93,2608.67,False,False,False,false
1788952447247,-2.0471,6.5581,7.797,0.30572,0.22436,-0.62489,26.51,28.44,-32.08,0.0,0.0,0.0,0.0,0.0,10.72,DEAD_RECKONING,1.88,274.04,-1896.68,-1206.97,2604.86,False,False,False,false
1788952447373,-2.0471,6.5581,7.797,0.30572,0.22436,-0.62489,26.51,28.44,-32.08,0.0,0.0,0.0,0.0,0.0,10.72,DEAD_RECKONING,1.88,277.4,-1897.9,-1206.04,2601.03,False,False,False,false
1788952447498,-2.0471,6.5581,7.797,0.30572,0.22436,-0.62489,26.51,28.44,-32.08,0.0,0.0,0.0,0.0,0.0,10.72,DEAD_RECKONING,1.88,280.59,-1899.02,-1205.1,2597.19,False,False,False,false
1788952447624,-2.0471,6.5581,7.797,0.30572,0.22436,-0.62489,26.51,28.44,-32.08,0.0,0.0,0.0,0.0,0.0,10.72,DEAD_RECKONING,1.88,283.62,-1900.04,-1204.15,2593.35,False,False,False,false
1788952447750,-2.0471,6.5581,7.797,0.30572,0.22436,-0.62489,26.51,28.44,-32.08,0.0,0.0,0.0,0.0,0.0,10.72,DEAD_RECKONING,1.88,286.49,-1900.92,-1203.13,2589.56,False,False,False,false
1788952447873,-2.0471,6.5581,7.797,0.30572,0.22436,-0.62489,26.51,28.44,-32.08,0.0,0.0,0.0,0.0,0.0,10.72,DEAD_RECKONING,1.88,289.23,-1901.64,-1202.02,2585.85,False,False,False,false
1788952448000,-2.0471,6.5581,7.797,0.30572,0.22436,-0.62489,26.51,28.44,-32.08,0.0,0.0,0.0,0.0,0.0,10.72,DEAD_RECKONING,1.88,291.83,-1902.17,-1200.76,2582.27,False,False,False,false
1788952450232,-2.0471,6.5581,7.797,0.30572,0.22436,-0.62489,26.51,28.44,-32.08,0.0,0.0,0.0,0.0,0.0,10.72,DEAD_RECKONING,1.88,294.32,-1902.45,-1199.27,2578.89,False,False,False,false
1788952450347,-2.0471,6.5581,7.797,0.30572,0.22436,-0.62489,26.51,28.44,-32.08,0.0,0.0,0.0,0.0,0.0,10.72,DEAD_RECKONING,1.88,296.69,-1902.44,-1197.49,2575.78,False,False,False,false
1788952450647,-2.0471,6.5581,7.797,0.30572,0.22436,-0.62489,26.51,28.44,-32.08,0.0,0.0,0.0,0.0,0.0,10.72,DEAD_RECKONING,1.95,298.96,-1902.07,-1195.31,2573.05,False,False,False,false
1788952450764,-2.0471,6.5581,7.797,0.30572,0.22436,-0.62489,26.51,28.44,-32.08,0.0,0.0,0.0,0.0,0.0,10.72,DEAD_RECKONING,1.72,301.15,-1901.22,-1192.58,2570.88,False,False,False,false
1788952450883,-2.0471,6.5581,7.797,0.30572,0.22436,-0.62489,26.51,28.44,-32.08,0.0,0.0,0.0,0.0,0.0,10.72,DEAD_RECKONING,1.69,303.25,-1899.79,-1189.16,2569.43,False,False,False,false
1788952451003,-2.0471,6.5581,7.797,0.30572,0.22436,-0.62489,26.51,28.44,-32.08,0.0,0.0,0.0,0.0,0.0,10.72,DEAD_RECKONING,1.69,305.29,-1897.65,-1184.85,2569.0,False,False,False,false
1788952451120,-2.0471,6.5581,7.797,0.30572,0.22436,-0.62489,26.51,28.44,-32.08,0.0,0.0,0.0,0.0,0.0,10.72,DEAD_RECKONING,1.69,307.27,-1894.6,-1179.37,2569.99,False,False,False,false
1788952451243,-2.0471,6.5581,7.797,0.30572,0.22436,-0.62489,26.51,28.44,-32.08,0.0,0.0,0.0,0.0,0.0,10.72,DEAD_RECKONING,1.69,309.21,-1890.34,-1172.29,2573.15,False,False,False,false
1788952451573,-2.0471,6.5581,7.797,0.30572,0.22436,-0.62489,26.51,28.44,-32.08,0.0,0.0,0.0,0.0,0.0,10.72,DEAD_RECKONING,1.69,311.1,-1884.39,-1162.84,2579.91,False,False,False,false
1788952451690,-2.0471,6.5581,7.797,0.30572,0.22436,-0.62489,26.51,28.44,-32.08,0.0,0.0,0.0,0.0,0.0,10.72,DEAD_RECKONING,1.69,312.97,-1875.76,-1149.45,2593.82,False,False,False,false
1788952451808,-2.0471,6.5581,7.797,0.30572,0.22436,-0.62489,26.51,28.44,-32.08,0.0,0.0,0.0,0.0,0.0,10.72,DEAD_RECKONING,1.69,314.83,-1862.45,-1128.36,2625.75,False,False,False,false
1788952451931,-2.0471,6.5581,7.797,0.30572,0.22436,-0.62489,26.51,28.44,-32.08,0.0,0.0,0.0,0.0,0.0,10.72,DEAD_RECKONING,1.69,316.68,-1848.51,-1102.59,2686.08,False,False,False,false
1788952453219,-2.0471,6.5581,7.797,0.30572,0.22436,-0.62489,26.51,28.44,-32.08,0.0,0.0,0.0,0.0,0.0,10.72,DEAD_RECKONING,1.69,318.54,-1848.74,-1098.59,2699.21,False,False,False,false
1788952453335,-2.0471,6.5581,7.797,0.30572,0.22436,-0.62489,26.51,28.44,-32.08,0.0,0.0,0.0,0.0,0.0,10.72,DEAD_RECKONING,1.69,320.43,-1850.02,-1097.5,2697.19,False,False,False,false
1788952453567,-2.0471,6.5581,7.797,0.30572,0.22436,-0.62489,26.51,28.44,-32.08,0.0,0.0,0.0,0.0,0.0,10.72,DEAD_RECKONING,1.69,322.37,-1851.01,-1096.04,2694.63,False,False,False,false
1788952455088,-2.0471,6.5581,7.797,0.30572,0.22436,-0.62489,26.51,28.44,-32.08,0.0,0.0,0.0,0.0,0.0,10.72,DEAD_RECKONING,1.69,324.37,-1851.85,-1094.33,2692.19,False,False,False,false
1788952455209,-2.0471,6.5581,7.797,0.30572,0.22436,-0.62489,26.51,28.44,-32.08,0.0,0.0,0.0,0.0,0.0,10.72,DEAD_RECKONING,1.69,326.48,-1852.56,-1092.38,2689.88,False,False,False,false
1788952455324,-2.0471,6.5581,7.797,0.30572,0.22436,-0.62489,26.51,28.44,-32.08,0.0,0.0,0.0,0.0,0.0,10.72,DEAD_RECKONING,1.69,328.72,-1853.12,-1090.16,2687.7,False,False,False,false
1788952459915,-2.0471,6.5581,7.797,0.30572,0.22436,-0.62489,26.51,28.44,-32.08,0.0,0.0,0.0,0.0,0.0,10.72,DEAD_RECKONING,1.69,331.16,-1853.53,-1087.67,2685.66,False,False,False,false
1788952460044,-2.0471,6.5581,7.797,0.30572,0.22436,-0.62489,26.51,28.44,-32.08,0.0,0.0,0.0,0.0,0.0,10.72,DEAD_RECKONING,1.69,333.96,-1854.48,-1085.87,2683.03,True,False,False,false
1788952460162,-2.0471,6.5581,7.797,0.30572,0.22436,-0.62489,26.51,28.44,-32.08,0.0,0.0,0.0,0.0,0.0,10.72,DEAD_RECKONING,1.69,336.96,-1854.83,-1083.25,2680.99,True,False,False,false
1788952460279,-2.0471,6.5581,7.797,0.30572,0.22436,-0.62489,26.51,28.44,-32.08,0.0,0.0,0.0,0.0,0.0,10.72,DEAD_RECKONING,1.69,340.59,-1855.32,-1080.63,2678.71,False,False,False,false
1788952460397,-2.0471,6.5581,7.797,0.30572,0.22436,-0.62489,26.51,28.44,-32.08,0.0,0.0,0.0,0.0,0.0,10.72,DEAD_RECKONING,1.69,345.06,-1854.87,-1076.63,2677.34,False,False,False,false
1788952460512,-2.0471,6.5581,7.797,0.30572,0.22436,-0.62489,26.51,28.44,-32.08,0.0,0.0,0.0,0.0,0.0,10.72,DEAD_RECKONING,1.69,350.86,-1854.27,-1072.33,2676.08,False,False,False,false
1788952460627,-2.0471,6.5581,7.797,0.30572,0.22436,-0.62489,26.51,28.44,-32.08,0.0,0.0,0.0,0.0,0.0,10.72,DEAD_RECKONING,1.69,358.87,-1853.55,-1067.75,2674.88,False,False,False,false
1788952460743,-2.0471,6.5581,7.797,0.30572,0.22436,-0.62489,26.51,28.44,-32.08,0.0,0.0,0.0,0.0,0.0,10.72,DEAD_RECKONING,1.69,10.69,-1852.72,-1062.92,2673.73,False,False,False,false
1788952460861,-2.0471,6.5581,7.797,0.30572,0.22436,-0.62489,26.51,28.44,-32.08,0.0,0.0,0.0,0.0,0.0,10.72,DEAD_RECKONING,1.69,28.84,-1851.78,-1057.84,2672.61,False,False,False,false
1788952460975,-2.0471,6.5581,7.797,0.30572,0.22436,-0.62489,26.51,28.44,-32.08,0.0,0.0,0.0,0.0,0.0,10.72,DEAD_RECKONING,1.69,54.5,-1850.76,-1052.51,2671.51,False,False,False,false
1788952461090,-2.0471,6.5581,7.797,0.30572,0.22436,-0.62489,26.51,28.44,-32.08,0.0,0.0,0.0,0.0,0.0,10.72,DEAD_RECKONING,1.77,81.44,-1849.65,-1046.97,2670.39,False,False,False,false
1788952461206,-2.0471,6.5581,7.797,0.30572,0.22436,-0.62489,26.51,28.44,-32.08,0.0,0.0,0.0,0.0,0.0,10.72,DEAD_RECKONING,1.77,101.65,-1848.48,-1041.22,2669.25,False,False,False,false
1788952461323,-2.0471,6.5581,7.797,0.30572,0.22436,-0.62489,26.51,28.44,-32.08,0.0,0.0,0.0,0.0,0.0,10.72,DEAD_RECKONING,1.77,114.86,-1847.25,-1035.29,2668.05,False,False,False,false
1788952461441,-2.0471,6.5581,7.797,0.30572,0.22436,-0.62489,26.51,28.44,-32.08,0.0,0.0,0.0,0.0,0.0,10.72,DEAD_RECKONING,1.77,123.68,-1845.98,-1029.2,2666.78,False,False,False,false
1788952461568,-2.0471,6.5581,7.797,0.30572,0.22436,-0.62489,26.51,28.44,-32.08,0.0,0.0,0.0,0.0,0.0,10.72,DEAD_RECKONING,1.77,129.96,-1844.67,-1022.98,2665.42,False,False,False,false
1788952461729,-2.0471,6.5581,7.797,0.30572,0.22436,-0.62489,26.51,28.44,-32.08,0.0,0.0,0.0,0.0,0.0,10.72,DEAD_RECKONING,1.77,134.72,-1843.32,-1016.63,2663.96,False,False,False,false
1788952461847,-2.0471,6.5581,7.797,0.30572,0.22436,-0.62489,26.51,28.44,-32.08,0.0,0.0,0.0,0.0,0.0,10.72,DEAD_RECKONING,1.77,138.54,-1841.95,-1010.19,2662.37,False,False,False,false
1788952464180,-2.0471,6.5581,7.797,0.30572,0.22436,-0.62489,26.51,28.44,-32.08,0.0,0.0,0.0,0.0,0.0,10.72,DEAD_RECKONING,1.77,141.74,-1840.55,-1003.68,2660.65,False,False,False,false
1788952464295,-2.0471,6.5581,7.797,0.30572,0.22436,-0.62489,26.51,28.44,-32.08,0.0,0.0,0.0,0.0,0.0,10.72,DEAD_RECKONING,1.77,144.51,-1839.13,-997.13,2658.79,False,False,False,false
1788952467784,-2.0471,6.5581,7.797,0.30572,0.22436,-0.62489,26.51,28.44,-32.08,0.0,0.0,0.0,0.0,0.0,10.72,DEAD_RECKONING,1.77,147.0,-1837.68,-990.55,2656.77,False,False,False,false
1788952468402,-2.0471,6.5581,7.797,0.30572,0.22436,-0.62489,26.51,28.44,-32.08,0.0,0.0,0.0,0.0,0.0,10.72,DEAD_RECKONING,1.77,149.27,-1836.22,-983.98,2654.57,False,False,False,false
1788952468518,-2.0471,6.5581,7.797,0.30572,0.22436,-0.62489,26.51,28.44,-32.08,0.0,0.0,0.0,0.0,0.0,10.72,DEAD_RECKONING,1.77,151.4,-1834.74,-977.45,2652.19,False,False,False,false
1788952468643,-2.0471,6.5581,7.797,0.30572,0.22436,-0.62489,26.51,28.44,-32.08,0.0,0.0,0.0,0.0,0.0,10.72,DEAD_RECKONING,1.77,153.41,-1833.26,-971.02,2649.59,False,False,False,false
1788952468770,-2.0471,6.5581,7.797,0.30572,0.22436,-0.62489,26.51,28.44,-32.08,0.0,0.0,0.0,0.0,0.0,10.72,DEAD_RECKONING,1.77,155.35,-1831.79,-964.75,2646.74,False,False,False,false
1788952468889,-2.0471,6.5581,7.797,0.30572,0.22436,-0.62489,26.51,28.44,-32.08,0.0,0.0,0.0,0.0,0.0,10.72,DEAD_RECKONING,1.77,157.24,-1830.34,-958.71,2643.58,False,False,False,false
1788952469012,-2.0471,6.5581,7.797,0.30572,0.22436,-0.62489,26.51,28.44,-32.08,0.0,0.0,0.0,0.0,0.0,10.72,DEAD_RECKONING,1.77,159.1,-1828.94,-953.02,2640.05,False,False,False,false
1788952469168,-2.0471,6.5581,7.797,0.30572,0.22436,-0.62489,26.51,28.44,-32.08,0.0,0.0,0.0,0.0,0.0,10.72,DEAD_RECKONING,1.77,160.95,-1827.63,-947.78,2636.1,False,False,False,false
1788952469288,-2.0471,6.5581,7.797,0.30572,0.22436,-0.62489,26.51,28.44,-32.08,0.0,0.0,0.0,0.0,0.0,10.72,DEAD_RECKONING,1.77,162.79,-1826.4,-943.07,2631.7,False,False,False,false
1788952469880,-2.0471,6.5581,7.797,0.30572,0.22436,-0.62489,26.51,28.44,-32.08,0.0,0.0,0.0,0.0,0.0,10.72,DEAD_RECKONING,1.77,164.65,-1825.23,-938.92,2626.95,False,False,False,false
1788952469997,-2.0471,6.5581,7.797,0.30572,0.22436,-0.62489,26.51,28.44,-32.08,0.0,0.0,0.0,0.0,0.0,10.72,DEAD_RECKONING,1.77,166.53,-1824.05,-935.25,2622.09,False,False,False,false
1788952470758,-2.0471,6.5581,7.797,0.30572,0.22436,-0.62489,26.51,28.44,-32.08,0.0,0.0,0.0,0.0,0.0,10.72,DEAD_RECKONING,1.77,168.45,-1822.66,-931.86,2617.56,False,False,False,false
1788952470878,-2.0471,6.5581,7.797,0.30572,0.22436,-0.62489,26.51,28.44,-32.08,0.0,0.0,0.0,0.0,0.0,10.72,DEAD_RECKONING,1.77,170.41,-1820.83,-928.51,2613.93,False,False,False,false
1788952471001,-2.0471,6.5581,7.797,0.30572,0.22436,-0.62489,26.51,28.44,-32.08,0.0,0.0,0.0,0.0,0.0,10.72,DEAD_RECKONING,1.77,172.43,-1818.29,-925.17,2611.69,False,False,False,false
1788952471394,-2.0471,6.5581,7.797,0.30572,0.22436,-0.62489,26.51,28.44,-32.08,0.0,0.0,0.0,0.0,0.0,10.72,DEAD_RECKONING,1.77,174.51,-1814.75,-922.08,2611.24,False,False,False,false
1788952471510,-2.0471,6.5581,7.797,0.30572,0.22436,-0.62489,26.51,28.44,-32.08,0.0,0.0,0.0,0.0,0.0,10.72,DEAD_RECKONING,1.77,176.67,-1809.89,-919.78,2613.03,False,False,False,false
1788952471624,-2.0471,6.5581,7.797,0.30572,0.22436,-0.62489,26.51,28.44,-32.08,0.0,0.0,0.0,0.0,0.0,10.72,DEAD_RECKONING,1.8,178.91,-1803.19,-919.11,2617.71,False,False,False,false
1788952471744,-2.0471,6.5581,7.797,0.30572,0.22436,-0.62489,26.51,28.44,-32.08,0.0,0.0,0.0,0.0,0.0,10.72,DEAD_RECKONING,2.03,181.25,-1793.99,-921.33,2626.19,False,False,False,false
1788952471862,-2.0471,6.5581,7.797,0.30572,0.22436,-0.62489,26.51,28.44,-32.08,0.0,0.0,0.0,0.0,0.0,10.72,DEAD_RECKONING,1.96,183.7,-1781.43,-927.39,2640.27,False,False,False,false
1788952472515,-2.0471,6.5581,7.797,0.30572,0.22436,-0.62489,26.51,28.44,-32.08,0.0,0.0,0.0,0.0,0.0,10.72,DEAD_RECKONING,1.96,186.27,-1765.09,-938.71,2660.57,False,False,False,false
1788952472629,-2.0471,6.5581,7.797,0.30572,0.22436,-0.62489,26.51,28.44,-32.08,0.0,0.0,0.0,0.0,0.0,10.72,DEAD_RECKONING,1.96,188.97,-1745.19,-951.0,2690.19,False,False,False,false
1788952472752,-2.0471,6.5581,7.797,0.30572,0.22436,-0.62489,26.51,28.44,-32.08,0.0,0.0,0.0,0.0,0.0,10.72,DEAD_RECKONING,1.96,191.8,-1724.93,-969.85,2719.06,False,False,False,false
1788952472880,-2.0471,6.5581,7.797,0.30572,0.22436,-0.62489,26.51,28.44,-32.08,0.0,0.0,0.0,0.0,0.0,10.72,DEAD_RECKONING,1.96,194.79,-1697.0,-971.13,2776.83,False,False,False,false
1788952473000,-2.0471,6.5581,7.797,0.30572,0.22436,-0.62489,26.51,28.44,-32.08,0.0,0.0,0.0,0.0,0.0,10.72,DEAD_RECKONING,1.96,197.93,-1685.7,-1074.61,2764.74,False,False,False,false
1788952473126,-2.0471,6.5581,7.797,0.30572,0.22436,-0.62489,26.51,28.44,-32.08,0.0,0.0,0.0,0.0,0.0,10.72,DEAD_RECKONING,1.96,201.24,-1604.48,-894.69,3022.52,False,False,False,false
1788952473243,-2.0471,6.5581,7.797,0.30572,0.22436,-0.62489,26.51,28.44,-32.08,0.0,0.0,0.0,0.0,0.0,10.72,DEAD_RECKONING,1.96,204.73,-1593.96,-916.39,3035.56,False,False,False,false
1788952473367,-2.0471,6.5581,7.797,0.30572,0.22436,-0.62489,26.51,28.44,-32.08,0.0,0.0,0.0,0.0,0.0,10.72,DEAD_RECKONING,1.96,208.38,-1592.28,-910.65,3037.45,False,False,False,false
1788952473520,-2.0471,6.5581,7.797,0.30572,0.22436,-0.62489,26.51,28.44,-32.08,0.0,0.0,0.0,0.0,0.0,10.72,DEAD_RECKONING,1.96,212.2,-1590.42,-907.39,3036.21,False,False,False,false
1788952473641,-2.0471,6.5581,7.797,0.30572,0.22436,-0.62489,26.51,28.44,-32.08,0.0,0.0,0.0,0.0,0.0,10.72,DEAD_RECKONING,1.96,216.19,-1588.39,-903.35,3035.65,False,False,False,false
1788952473991,-2.0471,6.5581,7.797,0.30572,0.22436,-0.62489,26.51,28.44,-32.08,0.0,0.0,0.0,0.0,0.0,10.72,DEAD_RECKONING,1.96,220.32,-1586.06,-899.83,3034.64,False,False,False,false
1788952474108,-2.0471,6.5581,7.797,0.30572,0.22436,-0.62489,26.51,28.44,-32.08,0.0,0.0,0.0,0.0,0.0,10.72,DEAD_RECKONING,1.96,224.59,-1583.5,-896.46,3033.51,False,False,False,false
1788952474229,-2.0471,6.5581,7.797,0.30572,0.22436,-0.62489,26.51,28.44,-32.08,0.0,0.0,0.0,0.0,0.0,10.72,DEAD_RECKONING,1.96,228.96,-1580.71,-893.46,3032.09,False,False,False,false
1788952474348,-2.0471,6.5581,7.797,0.30572,0.22436,-0.62489,26.51,28.44,-32.08,0.0,0.0,0.0,0.0,0.0,10.72,DEAD_RECKONING,1.96,233.4,-1577.68,-890.87,3030.36,False,False,False,false
1788952475361,-2.0471,6.5581,7.797,0.30572,0.22436,-0.62489,26.51,28.44,-32.08,0.0,0.0,0.0,0.0,0.0,10.72,DEAD_RECKONING,1.96,237.88,-1574.41,-888.79,3028.24,False,False,False,false
1788952475476,-2.0471,6.5581,7.797,0.30572,0.22436,-0.62489,26.51,28.44,-32.08,0.0,0.0,0.0,0.0,0.0,10.72,DEAD_RECKONING,1.96,242.36,-1570.91,-887.33,3025.7,False,False,False,false
1788952475600,-2.0471,6.5581,7.797,0.30572,0.22436,-0.62489,26.51,28.44,-32.08,0.0,0.0,0.0,0.0,0.0,10.72,DEAD_RECKONING,1.96,246.81,-1567.16,-886.62,3022.65,False,False,False,false
1788952475716,-2.0471,6.5581,7.797,0.30572,0.22436,-0.62489,26.51,28.44,-32.08,0.0,0.0,0.0,0.0,0.0,10.72,DEAD_RECKONING,1.96,251.19,-1563.15,-886.81,3019.06,False,False,False,false
1788952475839,-2.0471,6.5581,7.797,0.30572,0.22436,-0.62489,26.51,28.44,-32.08,0.0,0.0,0.0,0.0,0.0,10.72,DEAD_RECKONING,1.96,255.47,-1558.87,-888.05,3014.88,False,False,False,false
1788952475964,-2.0471,6.5581,7.797,0.30572,0.22436,-0.62489,26.51,28.44,-32.08,0.0,0.0,0.0,0.0,0.0,10.72,DEAD_RECKONING,1.88,259.63,-1554.3,-890.53,3010.08,False,False,False,false
1788952478494,-2.0471,6.5581,7.797,0.30572,0.22436,-0.62489,26.51,28.44,-32.08,0.0,0.0,0.0,0.0,0.0,10.72,DEAD_RECKONING,1.88,263.64,-1549.41,-894.45,3004.67,False,False,False,false
1788952478609,-2.0471,6.5581,7.797,0.30572,0.22436,-0.62489,26.51,28.44,-32.08,0.0,0.0,0.0,0.0,0.0,10.72,DEAD_RECKONING,1.88,267.48,-1544.2,-900.02,2998.7,False,False,False,false
1788952480904,-2.0471,6.5581,7.797,0.30572,0.22436,-0.62489,26.51,28.44,-32.08,0.0,0.0,0.0,0.0,0.0,10.72,DEAD_RECKONING,1.88,271.16,-1538.64,-907.42,2992.3,False,False,False,false
1788952481605,-2.0471,6.5581,7.797,0.30572,0.22436,-0.62489,26.51,28.44,-32.08,0.0,0.0,0.0,0.0,0.0,10.72,DEAD_RECKONING,1.88,274.67,-1532.76,-916.79,2985.72,False,False,False,false
1788952481724,-2.0471,6.5581,7.797,0.30572,0.22436,-0.62489,26.51,28.44,-32.08,0.0,0.0,0.0,0.0,0.0,10.72,DEAD_RECKONING,1.88,278.0,-1526.6,-928.16,2979.32,False,False,False,false
1788952482300,-2.0471,6.5581,7.797,0.30572,0.22436,-0.62489,26.51,28.44,-32.08,0.0,0.0,0.0,0.0,0.0,10.72,DEAD_RECKONING,1.88,281.17,-1520.26,-941.4,2973.63,False,False,False,false
1788952482719,-2.0471,6.5581,7.797,0.30572,0.22436,-0.62489,26.51,28.44,-32.08,0.0,0.0,0.0,0.0,0.0,10.72,DEAD_RECKONING,1.88,284.18,-1513.94,-956.19,2969.27,False,False,False,false
1788952482833,-2.0471,6.5581,7.797,0.30572,0.22436,-0.62489,26.51,28.44,-32.08,0.0,0.0,0.0,0.0,0.0,10.72,DEAD_RECKONING,1.88,287.03,-1507.89,-971.94,2967.05,False,False,False,false
1788952487378,-2.0471,6.5581,7.797,0.30572,0.22436,-0.62489,26.51,28.44,-32.08,0.0,0.0,0.0,0.0,0.0,10.72,DEAD_RECKONING,1.88,289.75,-1502.51,-987.94,2967.43,False,False,False,false
1788952487493,-2.0471,6.5581,7.797,0.30572,0.22436,-0.62489,26.51,28.44,-32.08,0.0,0.0,0.0,0.0,0.0,10.72,DEAD_RECKONING,1.88,292.33,-1498.07,-1003.07,2971.7,False,False,False,false
1788952490105,-2.0471,6.5581,7.797,0.30572,0.22436,-0.62489,26.51,28.44,-32.08,0.0,0.0,0.0,0.0,0.0,10.72,DEAD_RECKONING,1.88,294.8,-1495.39,-1017.31,2977.75,False,False,False,false
1788952490220,-2.0471,6.5581,7.797,0.30572,0.22436,-0.62489,26.51,28.44,-32.08,0.0,0.0,0.0,0.0,0.0,10.72,DEAD_RECKONING,1.88,297.15,-1493.54,-1026.45,2994.52,False,False,False,false
1788952490339,-2.0471,6.5581,7.797,0.30572,0.22436,-0.62489,26.51,28.44,-32.08,0.0,0.0,0.0,0.0,0.0,10.72,DEAD_RECKONING,1.95,299.41,-1498.06,-1044.86,2985.24,False,False,False,false
1788952490468,-2.0471,6.5581,7.797,0.30572,0.22436,-0.62489,26.51,28.44,-32.08,0.0,0.0,0.0,0.0,0.0,10.72,DEAD_RECKONING,1.72,301.58,-1487.9,-1004.37,3104.42,False,False,False,false
1788952490593,-2.0471,6.5581,7.797,0.30572,0.22436,-0.62489,26.51,28.44,-32.08,0.0,0.0,0.0,0.0,0.0,10.72,DEAD_RECKONING,1.69,303.67,-1539.14,-1189.99,2728.78,False,False,False,false
1788952490716,-2.0471,6.5581,7.797,0.30572,0.22436,-0.62489,26.51,28.44,-32.08,0.0,0.0,0.0,0.0,0.0,10.72,DEAD_RECKONING,1.69,305.7,-1514.27,-1093.55,2929.92,False,False,False,false
1788952490842,-2.0471,6.5581,7.797,0.30572,0.22436,-0.62489,26.51,28.44,-32.08,0.0,0.0,0.0,0.0,0.0,10.72,DEAD_RECKONING,1.69,307.67,-1507.29,-1135.38,2913.38,False,False,False,false
1788952490970,-2.0471,6.5581,7.797,0.30572,0.22436,-0.62489,26.51,28.44,-32.08,0.0,0.0,0.0,0.0,0.0,10.72,DEAD_RECKONING,1.69,309.59,-1519.03,-1084.08,2942.2,False,False,False,false
1788952491194,-2.0471,6.5581,7.797,0.30572,0.22436,-0.62489,26.51,28.44,-32.08,0.0,0.0,0.0,0.0,0.0,10.72,DEAD_RECKONING,1.69,311.47,-1495.76,-1178.74,2874.87,False,False,False,false
1788952491309,-2.0471,6.5581,7.797,0.30572,0.22436,-0.62489,26.51,28.44,-32.08,0.0,0.0,0.0,0.0,0.0,10.72,DEAD_RECKONING,1.69,313.33,-1500.99,-1116.71,2907.61,False,False,False,false
1788952491433,-2.0471,6.5581,7.797,0.30572,0.22436,-0.62489,26.51,28.44,-32.08,0.0,0.0,0.0,0.0,0.0,10.72,DEAD_RECKONING,1.69,315.18,-1484.4,-1189.78,2859.15,False,False,False,false
1788952491562,-2.0471,6.5581,7.797,0.30572,0.22436,-0.62489,26.51,28.44,-32.08,0.0,0.0,0.0,0.0,0.0,10.72,DEAD_RECKONING,1.69,317.03,-1482.43,-1158.34,2873.69,False,False,False,false
1788952491690,-2.0471,6.5581,7.797,0.30572,0.22436,-0.62489,26.51,28.44,-32.08,0.0,0.0,0.0,0.0,0.0,10.72,DEAD_RECKONING,1.69,318.88,-1473.84,-1187.8,2853.92,False,False,False,false
1788952491818,-2.0471,6.5581,7.797,0.30572,0.22436,-0.62489,26.51,28.44,-32.08,0.0,0.0,0.0,0.0,0.0,10.72,DEAD_RECKONING,1.69,320.77,-1468.68,-1182.52,2854.03,False,False,False,false
1788952491944,-2.0471,6.5581,7.797,0.30572,0.22436,-0.62489,26.51,28.44,-32.08,0.0,0.0,0.0,0.0,0.0,10.72,DEAD_RECKONING,1.69,322.7,-1462.76,-1192.14,2846.56,False,False,False,false
1788952492195,-2.0471,6.5581,7.797,0.30572,0.22436,-0.62489,26.51,28.44,-32.08,0.0,0.0,0.0,0.0,0.0,10.72,DEAD_RECKONING,1.69,324.7,-1457.41,-1194.89,2843.02,False,False,False,false
1788952492317,-2.0471,6.5581,7.797,0.30572,0.22436,-0.62489,26.51,28.44,-32.08,0.0,0.0,0.0,0.0,0.0,10.72,DEAD_RECKONING,1.69,326.81,-1452.23,-1199.14,2839.04,False,False,False,false
1788952492434,-2.0471,6.5581,7.797,0.30572,0.22436,-0.62489,26.51,28.44,-32.08,0.0,0.0,0.0,0.0,0.0,10.72,DEAD_RECKONING,1.69,329.06,-1447.23,-1202.27,2835.87,False,False,False,false
1788952492559,-2.0471,6.5581,7.797,0.30572,0.22436,-0.62489,26.51,28.44,-32.08,0.0,0.0,0.0,0.0,0.0,10.72,DEAD_RECKONING,1.69,331.51,-1442.39,-1204.89,2833.18,False,False,False,false
1788952492683,-2.0471,6.5581,7.797,0.30572,0.22436,-0.62489,26.51,28.44,-32.08,0.0,0.0,0.0,0.0,0.0,10.72,DEAD_RECKONING,1.69,334.24,-1437.65,-1206.83,2831.01,False,False,False,false
1788952492808,-2.0471,6.5581,7.797,0.30572,0.22436,-0.62489,26.51,28.44,-32.08,0.0,0.0,0.0,0.0,0.0,10.72,DEAD_RECKONING,1.69,337.37,-1432.98,-1208.0,2829.37,False,False,False,false
1788952492929,-2.0471,6.5581,7.797,0.30572,0.22436,-0.62489,26.51,28.44,-32.08,0.0,0.0,0.0,0.0,0.0,10.72,DEAD_RECKONING,1.69,341.09,-1428.33,-1208.29,2828.25,False,False,False,false
1788952493055,-2.0471,6.5581,7.797,0.30572,0.22436,-0.62489,26.51,28.44,-32.08,0.0,0.0,0.0,0.0,0.0,10.72,DEAD_RECKONING,1.69,345.69,-1423.63,-1207.57,2827.65,False,False,False,false
1788952493177,-2.0471,6.5581,7.797,0.30572,0.22436,-0.62489,26.51,28.44,-32.08,0.0,0.0,0.0,0.0,0.0,10.72,DEAD_RECKONING,1.69,351.7,-1418.8,-1205.7,2827.55,False,False,False,false
1788952493304,-2.0471,6.5581,7.797,0.30572,0.22436,-0.62489,26.51,28.44,-32.08,0.0,0.0,0.0,0.0,0.0,10.72,DEAD_RECKONING,1.69,0.08,-1413.78,-1202.6,2827.9,False,False,False,false
1788952493426,-2.0471,6.5581,7.797,0.30572,0.22436,-0.62489,26.51,28.44,-32.08,0.0,0.0,0.0,0.0,0.0,10.72,DEAD_RECKONING,1.69,12.52,-1408.47,-1198.22,2828.61,False,False,False,false
1788952493554,-2.0471,6.5581,7.797,0.30572,0.22436,-0.62489,26.51,28.44,-32.08,0.0,0.0,0.0,0.0,0.0,10.72,DEAD_RECKONING,1.69,31.62,-1402.81,-1192.62,2829.54,False,False,False,false
1788952493680,-2.0471,6.5581,7.797,0.30572,0.22436,-0.62489,26.51,28.44,-32.08,0.0,0.0,0.0,0.0,0.0,10.72,DEAD_RECKONING,1.69,57.95,-1396.76,-1185.96,2830.55,False,False,False,false
1788952493803,-2.0471,6.5581,7.797,0.30572,0.22436,-0.62489,26.51,28.44,-32.08,0.0,0.0,0.0,0.0,0.0,10.72,DEAD_RECKONING,1.77,84.36,-1390.32,-1178.53,2831.47,False,False,False,false
1788952493930,-2.0471,6.5581,7.797,0.30572,0.22436,-0.62489,26.51,28.44,-32.08,0.0,0.0,0.0,0.0,0.0,10.72,DEAD_RECKONING,1.77,103.6,-1383.53,-1170.57,2832.2,False,False,False,false
1788952494049,-2.0471,6.5581,7.797,0.30572,0.22436,-0.62489,26.51,28.44,-32.08,0.0,0.0,0.0,0.0,0.0,10.72,DEAD_RECKONING,1.77,116.14,-1376.43,-1162.3,2832.66,False,False,False,false
1788952494175,-2.0471,6.5581,7.797,0.30572,0.22436,-0.62489,26.51,28.44,-32.08,0.0,0.0,0.0,0.0,0.0,10.72,DEAD_RECKONING,1.77,124.56,-1369.08,-1153.88,2832.82,False,False,False,false
1788952494295,-2.0471,6.5581,7.797,0.30572,0.22436,-0.62489,26.51,28.44,-32.08,0.0,0.0,0.0,0.0,0.0,10.72,DEAD_RECKONING,1.77,130.61,-1361.53,-1145.37,2832.68,False,False,False,false
1788952494415,-2.0471,6.5581,7.797,0.30572,0.22436,-0.62489,26.51,28.44,-32.08,0.0,0.0,0.0,0.0,0.0,10.72,DEAD_RECKONING,1.77,135.23,-1353.82,-1136.82,2832.24,False,False,False,false
1788952494537,-2.0471,6.5581,7.797,0.30572,0.22436,-0.62489,26.51,28.44,-32.08,0.0,0.0,0.0,0.0,0.0,10.72,DEAD_RECKONING,1.77,138.96,-1345.98,-1128.25,2831.5,False,False,False,false
1788952494662,-2.0471,6.5581,7.797,0.30572,0.22436,-0.62489,26.51,28.44,-32.08,0.0,0.0,0.0,0.0,0.0,10.72,DEAD_RECKONING,1.77,142.63,-1338.31,-1120.77,2829.93,True,False,False,false
1788952494785,-2.0471,6.5581,7.797,0.30572,0.22436,-0.62489,26.51,28.44,-32.08,0.0,0.0,0.0,0.0,0.0,10.72,DEAD_RECKONING,1.77,145.31,-1325.61,-1094.05,2837.43,False,False,False,false
1788952494922,-2.0471,6.5581,7.797,0.30572,0.22436,-0.62489,26.51,28.44,-32.08,0.0,0.0,0.0,0.0,0.0,10.72,DEAD_RECKONING,1.77,147.71,-1317.35,-1088.83,2833.02,False,False,False,false
1788952495040,-2.0471,6.5581,7.797,0.30572,0.22436,-0.62489,26.51,28.44,-32.08,0.0,0.0,0.0,0.0,0.0,10.72,DEAD_RECKONING,1.77,149.92,-1309.79,-1082.46,2830.2,False,False,False,false
1788952495169,-2.0471,6.5581,7.797,0.30572,0.22436,-0.62489,26.51,28.44,-32.08,0.0,0.0,0.0,0.0,0.0,10.72,DEAD_RECKONING,1.77,151.99,-1302.29,-1076.19,2827.16,False,False,False,false
1788952495298,-2.0471,6.5581,7.797,0.30572,0.22436,-0.62489,26.51,28.44,-32.08,0.0,0.0,0.0,0.0,0.0,10.72,DEAD_RECKONING,1.77,153.96,-1294.87,-1070.11,2823.84,False,False,False,false
1788952495414,-2.0471,6.5581,7.797,0.30572,0.22436,-0.62489,26.51,28.44,-32.08,0.0,0.0,0.0,0.0,0.0,10.72,DEAD_RECKONING,1.77,155.86,-1287.57,-1064.29,2820.24,False,False,False,false
1788952495530,-2.0471,6.5581,7.797,0.30572,0.22436,-0.62489,26.51,28.44,-32.08,0.0,0.0,0.0,0.0,0.0,10.72,DEAD_RECKONING,1.77,157.71,-1280.41,-1058.82,2816.38,False,False,False,false
1788952495645,-2.0471,6.5581,7.797,0.30572,0.22436,-0.62489,26.51,28.44,-32.08,0.0,0.0,0.0,0.0,0.0,10.72,DEAD_RECKONING,1.77,159.54,-1273.42,-1053.75,2812.26,False,False,False,false
1788952495764,-2.0471,6.5581,7.797,0.30572,0.22436,-0.62489,26.51,28.44,-32.08,0.0,0.0,0.0,0.0,0.0,10.72,DEAD_RECKONING,1.77,161.36,-1266.65,-1049.16,2807.89,False,False,False,false
1788952495889,-2.0471,6.5581,7.797,0.30572,0.22436,-0.62489,26.51,28.44,-32.08,0.0,0.0,0.0,0.0,0.0,10.72,DEAD_RECKONING,1.77,163.18,-1260.12,-1045.13,2803.31,False,False,False,false
1788952496012,-2.0471,6.5581,7.797,0.30572,0.22436,-0.62489,26.51,28.44,-32.08,0.0,0.0,0.0,0.0,0.0,10.72,DEAD_RECKONING,1.77,165.02,-1253.88,-1041.73,2798.55,False,False,False,false
1788952496470,-2.0471,6.5581,7.797,0.30572,0.22436,-0.62489,26.51,28.44,-32.08,0.0,0.0,0.0,0.0,0.0,10.72,DEAD_RECKONING,1.77,166.88,-1247.98,-1039.07,2793.64,False,False,False,false
1788952496585,-2.0471,6.5581,7.797,0.30572,0.22436,-0.62489,26.51,28.44,-32.08,0.0,0.0,0.0,0.0,0.0,10.72,DEAD_RECKONING,1.77,168.78,-1242.47,-1037.24,2788.63,False,False,False,false
1788952496711,-2.0471,6.5581,7.797,0.30572,0.22436,-0.62489,26.51,28.44,-32.08,0.0,0.0,0.0,0.0,0.0,10.72,DEAD_RECKONING,1.77,170.72,-1237.4,-1036.38,2783.59,False,False,False,false
1788952496835,-2.0471,6.5581,7.797,0.30572,0.22436,-0.62489,26.51,28.44,-32.08,0.0,0.0,0.0,0.0,0.0,10.72,DEAD_RECKONING,1.77,172.73,-1232.87,-1036.66,2778.6,False,False,False,false
1788952496955,-2.0471,6.5581,7.797,0.30572,0.22436,-0.62489,26.51,28.44,-32.08,0.0,0.0,0.0,0.0,0.0,10.72,DEAD_RECKONING,1.77,174.8,-1228.92,-1038.26,2773.78,False,False,False,false
1788952497119,-2.0471,6.5581,7.797,0.30572,0.22436,-0.62489,26.51,28.44,-32.08,0.0,0.0,0.0,0.0,0.0,10.72,DEAD_RECKONING,1.77,176.95,-1225.66,-1041.36,2769.3,False,False,False,false
1788952497236,-2.0471,6.5581,7.797,0.30572,0.22436,-0.62489,26.51,28.44,-32.08,0.0,0.0,0.0,0.0,0.0,10.72,DEAD_RECKONING,1.8,179.18,-1223.14,-1046.12,2765.44,False,False,False,false
1788952497357,-2.0471,6.5581,7.797,0.30572,0.22436,-0.62489,26.51,28.44,-32.08,0.0,0.0,0.0,0.0,0.0,10.72,DEAD_RECKONING,2.03,181.52,-1221.47,-1052.62,2762.62,False,False,False,false
1788952497484,-2.0471,6.5581,7.797,0.30572,0.22436,-0.62489,26.51,28.44,-32.08,0.0,0.0,0.0,0.0,0.0,10.72,DEAD_RECKONING,1.96,183.96,-1220.71,-1060.57,2761.43,False,False,False,false
1788952501305,-2.0471,6.5581,7.797,0.30572,0.22436,-0.62489,26.51,28.44,-32.08,0.0,0.0,0.0,0.0,0.0,10.72,DEAD_RECKONING,1.96,186.53,-1221.03,-1069.4,2762.77,False,False,False,false
1788952501422,-2.0471,6.5581,7.797,0.30572,0.22436,-0.62489,26.51,28.44,-32.08,0.0,0.0,0.0,0.0,0.0,10.72,DEAD_RECKONING,1.96,189.22,-1222.73,-1078.21,2767.82,False,False,False,false
1788952502358,-2.0471,6.5581,7.797,0.30572,0.22436,-0.62489,26.51,28.44,-32.08,0.0,0.0,0.0,0.0,0.0,10.72,DEAD_RECKONING,1.96,192.06,-1226.36,-1085.92,2778.16,False,False,False,false
1788952502481,-2.0471,6.5581,7.797,0.30572,0.22436,-0.62489,26.51,28.44,-32.08,0.0,0.0,0.0,0.0,0.0,10.72,DEAD_RECKONING,1.96,195.05,-1232.85,-1091.61,2795.91,False,False,False,false
1788952502597,-2.0471,6.5581,7.797,0.30572,0.22436,-0.62489,26.51,28.44,-32.08,0.0,0.0,0.0,0.0,0.0,10.72,DEAD_RECKONING,1.96,198.21,-1243.81,-1094.77,2824.18,False,False,False,false
1788952504833,-2.0471,6.5581,7.797,0.30572,0.22436,-0.62489,26.51,28.44,-32.08,0.0,0.0,0.0,0.0,0.0,10.72,DEAD_RECKONING,1.96,201.53,-1261.72,-1095.4,2868.08,False,False,False,false
1788952504949,-2.0471,6.5581,7.797,0.30572,0.22436,-0.62489,26.51,28.44,-32.08,0.0,0.0,0.0,0.0,0.0,10.72,DEAD_RECKONING,1.96,205.02,-1292.89,-1093.85,2936.21,False,False,False,false
1788952505847,-2.0471,6.5581,7.797,0.30572,0.22436,-0.62489,26.51,28.44,-32.08,0.0,0.0,0.0,0.0,0.0,10.72,DEAD_RECKONING,1.96,208.69,-1332.89,-1087.33,3045.46,False,False,False,false
1788952505967,-2.0471,6.5581,7.797,0.30572,0.22436,-0.62489,26.51,28.44,-32.08,0.0,0.0,0.0,0.0,0.0,10.72,DEAD_RECKONING,1.96,212.53,-1533.21,-1140.6,3168.09,False,False,False,false
1788952506195,-2.0471,6.5581,7.797,0.30572,0.22436,-0.62489,26.51,28.44,-32.08,0.0,0.0,0.0,0.0,0.0,10.72,DEAD_RECKONING,1.96,216.54,-1446.79,-1070.72,3218.73,False,False,False,false
1788952506311,-2.0471,6.5581,7.797,0.30572,0.22436,-0.62489,26.51,28.44,-32.08,0.0,0.0,0.0,0.0,0.0,10.72,DEAD_RECKONING,1.96,220.69,-1511.78,-1000.03,3363.83,False,False,False,false
1788952506437,-2.0471,6.5581,7.797,0.30572,0.22436,-0.62489,26.51,28.44,-32.08,0.0,0.0,0.0,0.0,0.0,10.72,DEAD_RECKONING,1.96,224.98,-1573.66,-1110.79,3602.74,False,False,False,false
1788952506620,-2.0471,6.5581,7.797,0.30572,0.22436,-0.62489,26.51,28.44,-32.08,0.0,0.0,0.0,0.0,0.0,10.72,DEAD_RECKONING,1.96,229.37,-1543.19,-1177.07,3557.68,False,False,False,false
1788952506735,-2.0471,6.5581,7.797,0.30572,0.22436,-0.62489,26.51,28.44,-32.08,0.0,0.0,0.0,0.0,0.0,10.72,DEAD_RECKONING,1.96,233.83,-1537.55,-1198.62,3555.68,False,False,False,false
1788952506859,-2.0471,6.5581,7.797,0.30572,0.22436,-0.62489,26.51,28.44,-32.08,0.0,0.0,0.0,0.0,0.0,10.72,DEAD_RECKONING,1.96,238.33,-1534.42,-1205.17,3555.36,False,False,False,false
1788952506987,-2.0471,6.5581,7.797,0.30572,0.22436,-0.62489,26.51,28.44,-32.08,0.0,0.0,0.0,0.0,0.0,10.72,DEAD_RECKONING,1.96,242.83,-1532.41,-1206.65,3556.6,False,False,False,false
1788952507109,-2.0471,6.5581,7.797,0.30572,0.22436,-0.62489,26.51,28.44,-32.08,0.0,0.0,0.0,0.0,0.0,10.72,DEAD_RECKONING,1.96,247.29,-1531.46,-1203.98,3559.53,False,False,False,false
1788952507237,-2.0471,6.5581,7.797,0.30572,0.22436,-0.62489,26.51,28.44,-32.08,0.0,0.0,0.0,0.0,0.0,10.72,DEAD_RECKONING,1.96,251.68,-1531.68,-1197.21,3564.47,False,False,False,false
1788952507362,-2.0471,6.5581,7.797,0.30572,0.22436,-0.62489,26.51,28.44,-32.08,0.0,0.0,0.0,0.0,0.0,10.72,DEAD_RECKONING,1.96,255.96,-1533.4,-1185.75,3571.98,False,False,False,false
1788952507489,-2.0471,6.5581,7.797,0.30572,0.22436,-0.62489,26.51,28.44,-32.08,0.0,0.0,0.0,0.0,0.0,10.72,DEAD_RECKONING,1.88,260.12,-1537.25,-1168.18,3583.11,False,False,False,false
1788952507612,-2.0471,6.5581,7.797,0.30572,0.22436,-0.62489,26.51,28.44,-32.08,0.0,0.0,0.0,0.0,0.0,10.72,DEAD_RECKONING,1.88,264.12,-1544.75,-1140.96,3600.25,False,False,False,false
1788952507740,-2.0471,6.5581,7.797,0.30572,0.22436,-0.62489,26.51,28.44,-32.08,0.0,0.0,0.0,0.0,0.0,10.72,DEAD_RECKONING,1.88,267.96,-1560.12,-1094.48,3630.02,False,False,False,false
1788952507878,-2.0471,6.5581,7.797,0.30572,0.22436,-0.62489,26.51,28.44,-32.08,0.0,0.0,0.0,0.0,0.0,10.72,DEAD_RECKONING,1.88,271.62,-1602.85,-987.22,3702.73,False,False,False,false
1788952508004,-2.0471,6.5581,7.797,0.30572,0.22436,-0.62489,26.51,28.44,-32.08,0.0,0.0,0.0,0.0,0.0,10.72,DEAD_RECKONING,1.88,275.11,-1792.04,-607.31,4003.07,False,False,False,false
1788952508131,-2.0471,6.5581,7.797,0.30572,0.22436,-0.62489,26.51,28.44,-32.08,0.0,0.0,0.0,0.0,0.0,10.72,DEAD_RECKONING,1.88,278.43,-1787.64,-610.18,4000.99,False,False,False,false
1788952508248,-2.0471,6.5581,7.797,0.30572,0.22436,-0.62489,26.51,28.44,-32.08,0.0,0.0,0.0,0.0,0.0,10.72,DEAD_RECKONING,1.88,281.58,-1786.25,-611.1,4004.13,False,False,False,false
1788952508366,-2.0471,6.5581,7.797,0.30572,0.22436,-0.62489,26.51,28.44,-32.08,0.0,0.0,0.0,0.0,0.0,10.72,DEAD_RECKONING,1.88,284.55,-1784.72,-612.65,4007.19,True,False,False,false
1788952508483,-2.0471,6.5581,7.797,0.30572,0.22436,-0.62489,26.51,28.44,-32.08,0.0,0.0,0.0,0.0,0.0,10.72,DEAD_RECKONING,1.88,287.37,-1784.07,-610.19,4010.54,True,False,False,false
1788952508610,-2.0471,6.5581,7.797,0.30572,0.22436,-0.62489,26.51,28.44,-32.08,0.0,0.0,0.0,0.0,0.0,10.72,DEAD_RECKONING,1.88,290.05,-1783.71,-606.73,4013.84,True,False,False,false
1788952508733,-2.0471,6.5581,7.797,0.30572,0.22436,-0.62489,26.51,28.44,-32.08,0.0,0.0,0.0,0.0,0.0,10.72,DEAD_RECKONING,1.88,292.63,-1783.03,-604.87,4016.96,False,False,False,false
1788952508948,-2.0471,6.5581,7.797,0.30572,0.22436,-0.62489,26.51,28.44,-32.08,0.0,0.0,0.0,0.0,0.0,10.72,DEAD_RECKONING,1.88,295.09,-1782.6,-602.2,4019.99,False,False,False,false
1788952509064,-2.0471,6.5581,7.797,0.30572,0.22436,-0.62489,26.51,28.44,-32.08,0.0,0.0,0.0,0.0,0.0,10.72,DEAD_RECKONING,1.88,297.45,-1782.39,-599.03,4022.87,False,False,False,false
1788952509188,-2.0471,6.5581,7.797,0.30572,0.22436,-0.62489,26.51,28.44,-32.08,0.0,0.0,0.0,0.0,0.0,10.72,DEAD_RECKONING,1.95,299.7,-1782.46,-595.33,4025.53,False,False,False,false
1788952509316,-2.0471,6.5581,7.797,0.30572,0.22436,-0.62489,26.51,28.44,-32.08,0.0,0.0,0.0,0.0,0.0,10.72,DEAD_RECKONING,1.72,301.87,-1782.81,-591.19,4027.9,False,False,False,false
1788952509441,-2.0471,6.5581,7.797,0.30572,0.22436,-0.62489,26.51,28.44,-32.08,0.0,0.0,0.0,0.0,0.0,10.72,DEAD_RECKONING,1.69,303.96,-1783.52,-586.56,4029.84,False,False,False,false
1788952509567,-2.0471,6.5581,7.797,0.30572,0.22436,-0.62489,26.51,28.44,-32.08,0.0,0.0,0.0,0.0,0.0,10.72,DEAD_RECKONING,1.69,305.98,-1784.66,-581.42,4031.18,False,False,False,false
1788952509692,-2.0471,6.5581,7.797,0.30572,0.22436,-0.62489,26.51,28.44,-32.08,0.0,0.0,0.0,0.0,0.0,10.72,DEAD_RECKONING,1.69,307.95,-1786.34,-575.8,4031.69,False,False,False,false
1788952509817,-2.0471,6.5581,7.797,0.30572,0.22436,-0.62489,26.51,28.44,-32.08,0.0,0.0,0.0,0.0,0.0,10.72,DEAD_RECKONING,1.69,309.88,-1788.65,-569.72,4031.01,False,False,False,false
1788952509933,-2.0471,6.5581,7.797,0.30572,0.22436,-0.62489,26.51,28.44,-32.08,0.0,0.0,0.0,0.0,0.0,10.72,DEAD_RECKONING,1.69,311.76,-1791.78,-563.23,4028.6,False,False,False,false
1788952510059,-2.0471,6.5581,7.797,0.30572,0.22436,-0.62489,26.51,28.44,-32.08,0.0,0.0,0.0,0.0,0.0,10.72,DEAD_RECKONING,1.69,313.63,-1796.0,-556.37,4023.56,False,False,False,false
1788952510185,-2.0471,6.5581,7.797,0.30572,0.22436,-0.62489,26.51,28.44,-32.08,0.0,0.0,0.0,0.0,0.0,10.72,DEAD_RECKONING,1.69,315.48,-1801.81,-549.15,4014.26,False,False,False,false
1788952510308,-2.0471,6.5581,7.797,0.30572,0.22436,-0.62489,26.51,28.44,-32.08,0.0,0.0,0.0,0.0,0.0,10.72,DEAD_RECKONING,1.69,317.32,-1810.23,-541.47,3997.26,False,False,False,false
1788952510438,-2.0471,6.5581,7.797,0.30572,0.22436,-0.62489,26.51,28.44,-32.08,0.0,0.0,0.0,0.0,0.0,10.72,DEAD_RECKONING,1.69,319.19,-1823.92,-532.74,3963.92,False,False,False,false
1788952510565,-2.0471,6.5581,7.797,0.30572,0.22436,-0.62489,26.51,28.44,-32.08,0.0,0.0,0.0,0.0,0.0,10.72,DEAD_RECKONING,1.69,321.08,-1850.34,-520.66,3889.65,False,False,False,false
1788952510693,-2.0471,6.5581,7.797,0.30572,0.22436,-0.62489,26.51,28.44,-32.08,0.0,0.0,0.0,0.0,0.0,10.72,DEAD_RECKONING,1.69,323.02,-1845.5,-521.22,3908.97,False,False,False,false
1788952510818,-2.0471,6.5581,7.797,0.30572,0.22436,-0.62489,26.51,28.44,-32.08,0.0,0.0,0.0,0.0,0.0,10.72,DEAD_RECKONING,1.69,325.04,-1844.16,-530.19,3901.86,False,False,False,false
1788952511053,-2.0471,6.5581,7.797,0.30572,0.22436,-0.62489,26.51,28.44,-32.08,0.0,0.0,0.0,0.0,0.0,10.72,DEAD_RECKONING,1.69,327.16,-1844.07,-535.79,3896.65,False,False,False,false
1788952511169,-2.0471,6.5581,7.797,0.30572,0.22436,-0.62489,26.51,28.44,-32.08,0.0,0.0,0.0,0.0,0.0,10.72,DEAD_RECKONING,1.69,329.42,-1842.18,-548.8,3886.07,False,False,False,false
1788952511296,-2.0471,6.5581,7.797,0.30572,0.22436,-0.62489,26.51,28.44,-32.08,0.0,0.0,0.0,0.0,0.0,10.72,DEAD_RECKONING,1.69,331.9,-1841.26,-563.23,3872.3,False,False,False,false
1788952511414,-2.0471,6.5581,7.797,0.30572,0.22436,-0.62489,26.51,28.44,-32.08,0.0,0.0,0.0,0.0,0.0,10.72,DEAD_RECKONING,1.69,334.66,-1838.2,-591.54,3846.03,False,False,False,false
1788952511538,-2.0471,6.5581,7.797,0.30572,0.22436,-0.62489,26.51,28.44,-32.08,0.0,0.0,0.0,0.0,0.0,10.72,DEAD_RECKONING,1.69,337.83,-1840.73,-631.78,3797.44,False,False,False,false
1788952511668,-2.0471,6.5581,7.797,0.30572,0.22436,-0.62489,26.51,28.44,-32.08,0.0,0.0,0.0,0.0,0.0,10.72,DEAD_RECKONING,1.69,341.6,-1838.96,-649.54,3778.16,False,False,False,false
1788952511796,-2.0471,6.5581,7.797,0.30572,0.22436,-0.62489,26.51,28.44,-32.08,0.0,0.0,0.0,0.0,0.0,10.72,DEAD_RECKONING,1.69,346.29,-1841.84,-636.27,3786.86,False,False,False,false
1788952511928,-2.0471,6.5581,7.797,0.30572,0.22436,-0.62489,26.51,28.44,-32.08,0.0,0.0,0.0,0.0,0.0,10.72,DEAD_RECKONING,1.69,352.43,-1849.34,-616.46,3796.38,False,False,False,false
1788952512052,-2.0471,6.5581,7.797,0.30572,0.22436,-0.62489,26.51,28.44,-32.08,0.0,0.0,0.0,0.0,0.0,10.72,DEAD_RECKONING,1.69,1.0,-1852.53,-609.12,3799.33,False,False,False,false
1788952512172,-2.0471,6.5581,7.797,0.30572,0.22436,-0.62489,26.51,28.44,-32.08,0.0,0.0,0.0,0.0,0.0,10.72,DEAD_RECKONING,1.69,13.76,-1853.54,-606.42,3800.03,False,False,False,false
1788952512300,-2.0471,6.5581,7.797,0.30572,0.22436,-0.62489,26.51,28.44,-32.08,0.0,0.0,0.0,0.0,0.0,10.72,DEAD_RECKONING,1.69,33.26,-1853.73,-605.97,3799.5,False,False,False,false
1788952512419,-2.0471,6.5581,7.797,0.30572,0.22436,-0.62489,26.51,28.44,-32.08,0.0,0.0,0.0,0.0,0.0,10.72,DEAD_RECKONING,1.69,59.7,-1852.83,-609.18,3796.96,False,False,False,false
1788952512545,-2.0471,6.5581,7.797,0.30572,0.22436,-0.62489,26.51,28.44,-32.08,0.0,0.0,0.0,0.0,0.0,10.72,DEAD_RECKONING,1.77,85.68,-1848.73,-624.23,3788.03,False,False,False,false
1788952512670,-2.0471,6.5581,7.797,0.30572,0.22436,-0.62489,26.51,28.44,-32.08,0.0,0.0,0.0,0.0,0.0,10.72,DEAD_RECKONING,1.77,104.43,-1848.01,-626.68,3785.47,False,False,False,false
1788952515360,-2.0471,6.5581,7.797,0.30572,0.22436,-0.62489,26.51,28.44,-32.08,0.0,0.0,0.0,0.0,0.0,10.72,DEAD_RECKONING,1.77,116.68,-1847.97,-626.79,3784.21,False,False,False,false
1788952515487,-2.0471,6.5581,7.797,0.30572,0.22436,-0.62489,26.51,28.44,-32.08,0.0,0.0,0.0,0.0,0.0,10.72,DEAD_RECKONING,1.77,124.96,-1847.98,-629.41,3782.13,False,False,False,false
1788952515653,-2.0471,6.5581,7.797,0.30572,0.22436,-0.62489,26.51,28.44,-32.08,0.0,0.0,0.0,0.0,0.0,10.72,DEAD_RECKONING,1.77,130.93,-1847.24,-637.6,3777.84,False,False,False,false
1788952515778,-2.0471,6.5581,7.797,0.30572,0.22436,-0.62489,26.51,28.44,-32.08,0.0,0.0,0.0,0.0,0.0,10.72,DEAD_RECKONING,1.77,135.51,-1845.66,-655.58,3768.75,False,False,False,false
1788952515895,-2.0471,6.5581,7.797,0.30572,0.22436,-0.62489,26.51,28.44,-32.08,0.0,0.0,0.0,0.0,0.0,10.72,DEAD_RECKONING,1.77,139.21,-1845.31,-656.61,3766.58,False,False,False,false
1788952516019,-2.0471,6.5581,7.797,0.30572,0.22436,-0.62489,26.51,28.44,-32.08,0.0,0.0,0.0,0.0,0.0,10.72,DEAD_RECKONING,1.77,142.34,-1848.69,-657.74,3766.04,False,False,False,false
1788952516337,-2.0471,6.5581,7.797,0.30572,0.22436,-0.62489,26.51,28.44,-32.08,0.0,0.0,0.0,0.0,0.0,10.72,DEAD_RECKONING,1.77,145.06,-1850.93,-656.04,3768.23,False,False,False,false
1788952516452,-2.0471,6.5581,7.797,0.30572,0.22436,-0.62489,26.51,28.44,-32.08,0.0,0.0,0.0,0.0,0.0,10.72,DEAD_RECKONING,1.77,147.51,-1864.0,-661.96,3766.62,False,False,False,false
1788952516580,-2.0471,6.5581,7.797,0.30572,0.22436,-0.62489,26.51,28.44,-32.08,0.0,0.0,0.0,0.0,0.0,10.72,DEAD_RECKONING,1.77,149.77,-1847.66,-649.38,3774.64,False,False,False,false
1788952516700,-2.0471,6.5581,7.797,0.30572,0.22436,-0.62489,26.51,28.44,-32.08,0.0,0.0,0.0,0.0,0.0,10.72,DEAD_RECKONING,1.77,151.88,-1861.52,-657.02,3769.45,False,False,False,false
1788952520348,-2.0471,6.5581,7.797,0.30572,0.22436,-0.62489,26.51,28.44,-32.08,0.0,0.0,0.0,0.0,0.0,10.72,DEAD_RECKONING,1.77,153.88,-1876.82,-655.55,3775.42,False,False,False,false
1788952521311,-2.0471,6.5581,7.797,0.30572,0.22436,-0.62489,26.51,28.44,-32.08,0.0,0.0,0.0,0.0,0.0,10.72,DEAD_RECKONING,1.77,155.82,-1886.33,-671.09,3770.75,False,False,False,false
1788952521430,-2.0471,6.5581,7.797,0.30572,0.22436,-0.62489,26.51,28.44,-32.08,0.0,0.0,0.0,0.0,0.0,10.72,DEAD_RECKONING,1.77,157.71,-1896.42,-685.8,3765.86,False,False,False,false
1788952521801,-2.0471,6.5581,7.797,0.30572,0.22436,-0.62489,26.51,28.44,-32.08,0.0,0.0,0.0,0.0,0.0,10.72,DEAD_RECKONING,1.77,159.57,-1914.53,-698.82,3765.45,False,False,False,false
1788952521916,-2.0471,6.5581,7.797,0.30572,0.22436,-0.62489,26.51,28.44,-32.08,0.0,0.0,0.0,0.0,0.0,10.72,DEAD_RECKONING,1.77,161.42,-1936.94,-733.27,3756.27,False,False,False,false
1788952522041,-2.0471,6.5581,7.797,0.30572,0.22436,-0.62489,26.51,28.44,-32.08,0.0,0.0,0.0,0.0,0.0,10.72,DEAD_RECKONING,1.77,163.27,-1965.19,-768.91,3747.22,False,False,False,false
1788952522177,-2.0471,6.5581,7.797,0.30572,0.22436,-0.62489,26.51,28.44,-32.08,0.0,0.0,0.0,0.0,0.0,10.72,DEAD_RECKONING,1.77,165.13,-1996.26,-785.3,3753.34,False,False,False,false
1788952522292,-2.0471,6.5581,7.797,0.30572,0.22436,-0.62489,26.51,28.44,-32.08,0.0,0.0,0.0,0.0,0.0,10.72,DEAD_RECKONING,1.77,167.02,-1998.13,-789.63,3750.67,False,False,False,false
1788952522415,-2.0471,6.5581,7.797,0.30572,0.22436,-0.62489,26.51,28.44,-32.08,0.0,0.0,0.0,0.0,0.0,10.72,DEAD_RECKONING,1.77,168.95,-2001.15,-786.83,3752.39,False,False,False,false
1788952522755,-2.0471,6.5581,7.797,0.30572,0.22436,-0.62489,26.51,28.44,-32.08,0.0,0.0,0.0,0.0,0.0,10.72,DEAD_RECKONING,1.77,170.92,-2004.84,-782.71,3755.09,False,False,False,false
1788952522870,-2.0471,6.5581,7.797,0.30572,0.22436,-0.62489,26.51,28.44,-32.08,0.0,0.0,0.0,0.0,0.0,10.72,DEAD_RECKONING,1.77,172.95,-2008.82,-778.68,3757.73,False,False,False,false
1788952523019,-2.0471,6.5581,7.797,0.30572,0.22436,-0.62489,26.51,28.44,-32.08,0.0,0.0,0.0,0.0,0.0,10.72,DEAD_RECKONING,1.77,175.05,-2013.7,-774.24,3760.88,False,False,False,false
1788952523229,-2.0471,6.5581,7.797,0.30572,0.22436,-0.62489,26.51,28.44,-32.08,0.0,0.0,0.0,0.0,0.0,10.72,DEAD_RECKONING,1.77,177.23,-2019.86,-769.32,3764.76,False,False,False,false
1788952523347,-2.0471,6.5581,7.797,0.30572,0.22436,-0.62489,26.51,28.44,-32.08,0.0,0.0,0.0,0.0,0.0,10.72,DEAD_RECKONING,1.8,179.49,-2027.9,-763.66,3769.79,False,False,False,false
1788952523472,-2.0471,6.5581,7.797,0.30572,0.22436,-0.62489,26.51,28.44,-32.08,0.0,0.0,0.0,0.0,0.0,10.72,DEAD_RECKONING,2.03,181.85,-2038.94,-756.83,3776.78,False,False,False,false
1788952523600,-2.0471,6.5581,7.797,0.30572,0.22436,-0.62489,26.51,28.44,-32.08,0.0,0.0,0.0,0.0,0.0,10.72,DEAD_RECKONING,1.96,184.32,-2054.0,-748.53,3786.53,False,False,False,false
1788952523723,-2.0471,6.5581,7.797,0.30572,0.22436,-0.62489,26.51,28.44,-32.08,0.0,0.0,0.0,0.0,0.0,10.72,DEAD_RECKONING,1.96,186.91,-2074.38,-738.12,3800.27,False,False,False,false
1788952523840,-2.0471,6.5581,7.797,0.30572,0.22436,-0.62489,26.51,28.44,-32.08,0.0,0.0,0.0,0.0,0.0,10.72,DEAD_RECKONING,1.96,189.64,-2101.16,-725.73,3818.39,False,False,False,false
1788952523962,-2.0471,6.5581,7.797,0.30572,0.22436,-0.62489,26.51,28.44,-32.08,0.0,0.0,0.0,0.0,0.0,10.72,DEAD_RECKONING,1.96,192.5,-2129.24,-713.08,3838.07,False,False,False,false
1788952524088,-2.0471,6.5581,7.797,0.30572,0.22436,-0.62489,26.51,28.44,-32.08,0.0,0.0,0.0,0.0,0.0,10.72,DEAD_RECKONING,1.96,195.52,-2138.93,-710.49,3842.15,False,False,False,false
1788952524211,-2.0471,6.5581,7.797,0.30572,0.22436,-0.62489,26.51,28.44,-32.08,0.0,0.0,0.0,0.0,0.0,10.72,DEAD_RECKONING,1.96,198.69,-2144.54,-707.77,3844.77,False,False,False,false
1788952524333,-2.0471,6.5581,7.797,0.30572,0.22436,-0.62489,26.51,28.44,-32.08,0.0,0.0,0.0,0.0,0.0,10.72,DEAD_RECKONING,1.96,202.03,-2166.13,-703.47,3849.26,False,False,False,false
1788952524455,-2.0471,6.5581,7.797,0.30572,0.22436,-0.62489,26.51,28.44,-32.08,0.0,0.0,0.0,0.0,0.0,10.72,DEAD_RECKONING,1.96,205.54,-2165.94,-700.27,3856.3,False,False,False,false
1788952525155,-2.0471,6.5581,7.797,0.30572,0.22436,-0.62489,26.51,28.44,-32.08,0.0,0.0,0.0,0.0,0.0,10.72,DEAD_RECKONING,1.96,209.23,-2194.88,-698.33,3857.16,False,False,False,false
1788952525271,-2.0471,6.5581,7.797,0.30572,0.22436,-0.62489,26.51,28.44,-32.08,0.0,0.0,0.0,0.0,0.0,10.72,DEAD_RECKONING,1.96,213.08,-2192.62,-697.61,3857.95,False,False,False,false
1788952526483,-2.0471,6.5581,7.797,0.30572,0.22436,-0.62489,26.51,28.44,-32.08,0.0,0.0,0.0,0.0,0.0,10.72,DEAD_RECKONING,1.96,217.09,-2202.48,-696.73,3857.53,False,False,False,false
1788952526599,-2.0471,6.5581,7.797,0.30572,0.22436,-0.62489,26.51,28.44,-32.08,0.0,0.0,0.0,0.0,0.0,10.72,DEAD_RECKONING,1.96,221.25,-2203.55,-696.97,3856.62,False,False,False,false
1788952527863,-2.0471,6.5581,7.797,0.30572,0.22436,-0.62489,26.51,28.44,-32.08,0.0,0.0,0.0,0.0,0.0,10.72,DEAD_RECKONING,1.96,225.2,-2221.77,-696.05,3853.87,True,False,False,false
1788952527984,-2.0471,6.5581,7.797,0.30572,0.22436,-0.62489,26.51,28.44,-32.08,0.0,0.0,0.0,0.0,0.0,10.72,DEAD_RECKONING,1.96,229.57,-2210.43,-700.04,3852.15,False,False,False,false
1788952528323,-2.0471,6.5581,7.797,0.30572,0.22436,-0.62489,26.51,28.44,-32.08,0.0,0.0,0.0,0.0,0.0,10.72,DEAD_RECKONING,1.96,234.22,-2244.96,-696.4,3843.3,True,False,False,false
1788952528436,-2.0471,6.5581,7.797,0.30572,0.22436,-0.62489,26.51,28.44,-32.08,0.0,0.0,0.0,0.0,0.0,10.72,DEAD_RECKONING,1.96,238.7,-2234.35,-703.02,3843.34,False,False,False,false
1788952528639,-2.0471,6.5581,7.797,0.30572,0.22436,-0.62489,26.51,28.44,-32.08,0.0,0.0,0.0,0.0,0.0,10.72,DEAD_RECKONING,1.96,243.22,-2217.04,-701.68,3844.91,True,False,False,false
1788952528755,-2.0471,6.5581,7.797,0.30572,0.22436,-0.62489,26.51,28.44,-32.08,0.0,0.0,0.0,0.0,0.0,10.72,DEAD_RECKONING,1.96,247.62,-2289.8,-701.53,3820.63,True,False,False,false
1788952529337,-2.0471,6.5581,7.797,0.30572,0.22436,-0.62489,26.51,28.44,-32.08,0.0,0.0,0.0,0.0,0.0,10.72,DEAD_RECKONING,1.96,251.91,-2291.19,-702.04,3819.02,True,False,False,false
1788952529451,-2.0471,6.5581,7.797,0.30572,0.22436,-0.62489,26.51,28.44,-32.08,0.0,0.0,0.0,0.0,0.0,10.72,DEAD_RECKONING,1.96,256.08,-2292.24,-702.28,3817.54,True,False,False,false
1788952529579,-2.0471,6.5581,7.797,0.30572,0.22436,-0.62489,26.51,28.44,-32.08,0.0,0.0,0.0,0.0,0.0,10.72,DEAD_RECKONING,1.88,260.13,-2293.21,-702.57,3816.01,True,False,False,false
1788952529698,-2.0471,6.5581,7.797,0.30572,0.22436,-0.62489,26.51,28.44,-32.08,0.0,0.0,0.0,0.0,0.0,10.72,DEAD_RECKONING,1.88,264.04,-2294.15,-702.93,3814.42,True,False,False,false
1788952529821,-2.0471,6.5581,7.797,0.30572,0.22436,-0.62489,26.51,28.44,-32.08,0.0,0.0,0.0,0.0,0.0,10.72,DEAD_RECKONING,1.88,267.8,-2295.04,-703.35,3812.76,True,False,False,false
1788952529948,-2.0471,6.5581,7.797,0.30572,0.22436,-0.62489,26.51,28.44,-32.08,0.0,0.0,0.0,0.0,0.0,10.72,DEAD_RECKONING,1.88,271.4,-2295.9,-703.83,3811.05,True,False,False,false
1788952530078,-2.0471,6.5581,7.797,0.30572,0.22436,-0.62489,26.51,28.44,-32.08,0.0,0.0,0.0,0.0,0.0,10.72,DEAD_RECKONING,1.88,274.85,-2296.72,-704.36,3809.29,True,False,False,false
1788952530203,-2.0471,6.5581,7.797,0.30572,0.22436,-0.62489,26.51,28.44,-32.08,0.0,0.0,0.0,0.0,0.0,10.72,DEAD_RECKONING,1.88,278.13,-2297.51,-704.93,3807.48,True,False,False,false
1788952530332,-2.0471,6.5581,7.797,0.30572,0.22436,-0.62489,26.51,28.44,-32.08,0.0,0.0,0.0,0.0,0.0,10.72,DEAD_RECKONING,1.88,281.26,-2298.26,-705.55,3805.64,True,False,False,false
1788952530456,-2.0471,6.5581,7.797,0.30572,0.22436,-0.62489,26.51,28.44,-32.08,0.0,0.0,0.0,0.0,0.0,10.72,DEAD_RECKONING,1.88,284.24,-2298.98,-706.21,3803.76,True,False,False,false
1788952530575,-2.0471,6.5581,7.797,0.30572,0.22436,-0.62489,26.51,28.44,-32.08,0.0,0.0,0.0,0.0,0.0,10.72,DEAD_RECKONING,1.88,287.07,-2299.66,-706.9,3801.86,True,False,False,false
1788952530828,-2.0471,6.5581,7.797,0.30572,0.22436,-0.62489,26.51,28.44,-32.08,0.0,0.0,0.0,0.0,0.0,10.72,DEAD_RECKONING,1.88,289.77,-2300.3,-707.61,3799.95,True,False,False,false
1788952530944,-2.0471,6.5581,7.797,0.30572,0.22436,-0.62489,26.51,28.44,-32.08,0.0,0.0,0.0,0.0,0.0,10.72,DEAD_RECKONING,1.88,292.35,-2300.9,-708.34,3798.05,True,False,False,false
1788952531062,-2.0471,6.5581,7.797,0.30572,0.22436,-0.62489,26.51,28.44,-32.08,0.0,0.0,0.0,0.0,0.0,10.72,DEAD_RECKONING,1.88,294.81,-2301.44,-709.08,3796.16,True,False,False,false
1788952531190,-2.0471,6.5581,7.797,0.30572,0.22436,-0.62489,26.51,28.44,-32.08,0.0,0.0,0.0,0.0,0.0,10.72,DEAD_RECKONING,1.88,297.2,-2301.9,-709.83,3794.34,True,False,False,false
1788952531317,-2.0471,6.5581,7.797,0.30572,0.22436,-0.62489,26.51,28.44,-32.08,0.0,0.0,0.0,0.0,0.0,10.72,DEAD_RECKONING,1.89,299.51,-2302.51,-710.63,3792.39,False,False,False,false
1788952531445,-2.0471,6.5581,7.797,0.30572,0.22436,-0.62489,26.51,28.44,-32.08,0.0,0.0,0.0,0.0,0.0,10.72,DEAD_RECKONING,1.69,301.74,-2302.95,-711.39,3790.62,False,False,False,false
1788952531573,-2.0471,6.5581,7.797,0.30572,0.22436,-0.62489,26.51,28.44,-32.08,0.0,0.0,0.0,0.0,0.0,10.72,DEAD_RECKONING,1.69,303.89,-2303.32,-712.13,3788.91,False,False,False,false
1788952531701,-2.0471,6.5581,7.797,0.30572,0.22436,-0.62489,26.51,28.44,-32.08,0.0,0.0,0.0,0.0,0.0,10.72,DEAD_RECKONING,1.69,306.0,-2303.61,-712.82,3787.32,False,False,False,false
1788952531832,-2.0471,6.5581,7.797,0.30572,0.22436,-0.62489,26.51,28.44,-32.08,0.0,0.0,0.0,0.0,0.0,10.72,DEAD_RECKONING,1.69,308.05,-2303.76,-713.45,3785.9,False,False,False,false
1788952531959,-2.0471,6.5581,7.797,0.30572,0.22436,-0.62489,26.51,28.44,-32.08,0.0,0.0,0.0,0.0,0.0,10.72,DEAD_RECKONING,1.69,310.06,-2303.71,-713.98,3784.76,False,False,False,false
1788952532083,-2.0471,6.5581,7.797,0.30572,0.22436,-0.62489,26.51,28.44,-32.08,0.0,0.0,0.0,0.0,0.0,10.72,DEAD_RECKONING,1.69,312.05,-2303.32,-714.34,3784.07,False,False,False,false
1788952532204,-2.0471,6.5581,7.797,0.30572,0.22436,-0.62489,26.51,28.44,-32.08,0.0,0.0,0.0,0.0,0.0,10.72,DEAD_RECKONING,1.69,314.02,-2302.42,-714.47,3784.13,False,False,False,false
1788952532332,-2.0471,6.5581,7.797,0.30572,0.22436,-0.62489,26.51,28.44,-32.08,0.0,0.0,0.0,0.0,0.0,10.72,DEAD_RECKONING,1.69,315.99,-2300.63,-714.2,3785.46,False,False,False,false
1788952532458,-2.0471,6.5581,7.797,0.30572,0.22436,-0.62489,26.51,28.44,-32.08,0.0,0.0,0.0,0.0,0.0,10.72,DEAD_RECKONING,1.69,317.98,-2297.24,-713.28,3789.15,False,False,False,false
1788952532575,-2.0471,6.5581,7.797,0.30572,0.22436,-0.62489,26.51,28.44,-32.08,0.0,0.0,0.0,0.0,0.0,10.72,DEAD_RECKONING,1.69,319.99,-2290.5,-711.12,3797.82,False,False,False,false
1788952532691,-2.0471,6.5581,7.797,0.30572,0.22436,-0.62489,26.51,28.44,-32.08,0.0,0.0,0.0,0.0,0.0,10.72,DEAD_RECKONING,1.69,322.13,-2275.03,-706.2,3819.53,True,False,False,false
1788952532818,-2.0471,6.5581,7.797,0.30572,0.22436,-0.62489,26.51,28.44,-32.08,0.0,0.0,0.0,0.0,0.0,10.72,DEAD_RECKONING,1.69,324.23,-2248.9,-699.43,3857.71,True,False,False,false
1788952532939,-2.0471,6.5581,7.797,0.30572,0.22436,-0.62489,26.51,28.44,-32.08,0.0,0.0,0.0,0.0,0.0,10.72,DEAD_RECKONING,1.69,326.36,-2254.34,-701.3,3849.83,True,False,False,false
1788952533065,-2.0471,6.5581,7.797,0.30572,0.22436,-0.62489,26.51,28.44,-32.08,0.0,0.0,0.0,0.0,0.0,10.72,DEAD_RECKONING,1.69,328.57,-2253.24,-700.4,3851.95,True,False,False,false
1788952533189,-2.0471,6.5581,7.797,0.30572,0.22436,-0.62489,26.51,28.44,-32.08,0.0,0.0,0.0,0.0,0.0,10.72,DEAD_RECKONING,1.69,330.87,-2251.32,-697.63,3855.77,True,False,False,false
1788952537485,-2.0471,6.5581,7.797,0.30572,0.22436,-0.62489,26.51,28.44,-32.08,0.0,0.0,0.0,0.0,0.0,10.72,DEAD_RECKONING,1.69,333.55,-2247.28,-691.9,3863.52,False,False,False,false
1788952537601,-2.0471,6.5581,7.797,0.30572,0.22436,-0.62489,26.51,28.44,-32.08,0.0,0.0,0.0,0.0,0.0,10.72,DEAD_RECKONING,1.69,336.56,-2240.94,-684.42,3875.46,False,False,False,false
1788952538522,-2.0471,6.5581,7.797,0.30572,0.22436,-0.62489,26.51,28.44,-32.08,0.0,0.0,0.0,0.0,0.0,10.72,DEAD_RECKONING,1.69,340.05,-2235.78,-679.47,3885.44,False,False,False,false
1788952538740,-2.0471,6.5581,7.797,0.30572,0.22436,-0.62489,26.51,28.44,-32.08,0.0,0.0,0.0,0.0,0.0,10.72,DEAD_RECKONING,1.69,344.22,-2233.33,-677.06,3890.75,False,False,False,false
1788952538858,-2.0471,6.5581,7.797,0.30572,0.22436,-0.62489,26.51,28.44,-32.08,0.0,0.0,0.0,0.0,0.0,10.72,DEAD_RECKONING,1.69,349.44,-2232.03,-675.06,3893.96,False,False,False,false
1788952549137,-2.0471,6.5581,7.797,0.30572,0.22436,-0.62489,26.51,28.44,-32.08,0.0,0.0,0.0,0.0,0.0,10.72,DEAD_RECKONING,1.69,356.28,-2230.71,-672.68,3897.01,False,False,False,false
1788952549256,-2.0471,6.5581,7.797,0.30572,0.22436,-0.62489,26.51,28.44,-32.08,0.0,0.0,0.0,0.0,0.0,10.72,DEAD_RECKONING,1.69,5.75,-2229.15,-669.98,3900.21,False,False,False,false
1788952550739,-2.0471,6.5581,7.797,0.30572,0.22436,-0.62489,26.51,28.44,-32.08,0.0,0.0,0.0,0.0,0.0,10.72,DEAD_RECKONING,1.69,19.46,-2227.65,-667.27,3903.09,False,False,False,false
1788952550865,-2.0471,6.5581,7.797,0.30572,0.22436,-0.62489,26.51,28.44,-32.08,0.0,0.0,0.0,0.0,0.0,10.72,DEAD_RECKONING,1.69,39.14,-2226.68,-664.91,3905.07,False,False,False,false
1788952550988,-2.0471,6.5581,7.797,0.30572,0.22436,-0.62489,26.51,28.44,-32.08,0.0,0.0,0.0,0.0,0.0,10.72,DEAD_RECKONING,1.69,63.58,-2226.38,-663.0,3905.98,False,False,False,false
1788952551111,-2.0471,6.5581,7.797,0.30572,0.22436,-0.62489,26.51,28.44,-32.08,0.0,0.0,0.0,0.0,0.0,10.72,DEAD_RECKONING,1.77,86.5,-2226.66,-661.45,3906.06,False,False,False,false
1788952551231,-2.0471,6.5581,7.797,0.30572,0.22436,-0.62489,26.51,28.44,-32.08,0.0,0.0,0.0,0.0,0.0,10.72,DEAD_RECKONING,1.77,103.47,-2227.18,-660.02,3905.75,False,False,False,false
1788952551357,-2.0471,6.5581,7.797,0.30572,0.22436,-0.62489,26.51,28.44,-32.08,0.0,0.0,0.0,0.0,0.0,10.72,DEAD_RECKONING,1.77,115.11,-2227.8,-658.57,3905.28,False,False,False,false
1788952551625,-2.0471,6.5581,7.797,0.30572,0.22436,-0.62489,26.51,28.44,-32.08,0.0,0.0,0.0,0.0,0.0,10.72,DEAD_RECKONING,1.77,123.29,-2228.44,-657.04,3904.74,False,False,False,false
1788952551739,-2.0471,6.5581,7.797,0.30572,0.22436,-0.62489,26.51,28.44,-32.08,0.0,0.0,0.0,0.0,0.0,10.72,DEAD_RECKONING,1.77,129.33,-2229.08,-655.43,3904.17,False,False,False,false
1788952551866,-2.0471,6.5581,7.797,0.30572,0.22436,-0.62489,26.51,28.44,-32.08,0.0,0.0,0.0,0.0,0.0,10.72,DEAD_RECKONING,1.77,134.04,-2229.73,-653.73,3903.55,False,False,False,false
1788952551991,-2.0471,6.5581,7.797,0.30572,0.22436,-0.62489,26.51,28.44,-32.08,0.0,0.0,0.0,0.0,0.0,10.72,DEAD_RECKONING,1.77,137.89,-2230.42,-651.98,3902.86,False,False,False,false
1788952552227,-2.0471,6.5581,7.797,0.30572,0.22436,-0.62489,26.51,28.44,-32.08,0.0,0.0,0.0,0.0,0.0,10.72,DEAD_RECKONING,1.77,141.15,-2231.18,-650.22,3902.06,False,False,False,false
1788952552345,-2.0471,6.5581,7.797,0.30572,0.22436,-0.62489,26.51,28.44,-32.08,0.0,0.0,0.0,0.0,0.0,10.72,DEAD_RECKONING,1.77,144.01,-2232.05,-648.49,3901.09,False,False,False,false
1788952552468,-2.0471,6.5581,7.797,0.30572,0.22436,-0.62489,26.51,28.44,-32.08,0.0,0.0,0.0,0.0,0.0,10.72,DEAD_RECKONING,1.77,146.57,-2233.07,-646.85,3899.91,False,False,False,false
1788952552595,-2.0471,6.5581,7.797,0.30572,0.22436,-0.62489,26.51,28.44,-32.08,0.0,0.0,0.0,0.0,0.0,10.72,DEAD_RECKONING,1.77,148.93,-2234.31,-645.39,3898.43,False,False,False,false
1788952552721,-2.0471,6.5581,7.797,0.30572,0.22436,-0.62489,26.51,28.44,-32.08,0.0,0.0,0.0,0.0,0.0,10.72,DEAD_RECKONING,1.77,151.14,-2235.84,-644.19,3896.56,False,False,False,false
1788952552850,-2.0471,6.5581,7.797,0.30572,0.22436,-0.62489,26.51,28.44,-32.08,0.0,0.0,0.0,0.0,0.0,10.72,DEAD_RECKONING,1.77,153.24,-2237.72,-643.39,3894.19,False,False,False,false
1788952552976,-2.0471,6.5581,7.797,0.30572,0.22436,-0.62489,26.51,28.44,-32.08,0.0,0.0,0.0,0.0,0.0,10.72,DEAD_RECKONING,1.77,155.26,-2240.13,-643.14,3891.16,False,False,False,false
1788952554269,-2.0471,6.5581,7.797,0.30572,0.22436,-0.62489,26.51,28.44,-32.08,0.0,0.0,0.0,0.0,0.0,10.72,DEAD_RECKONING,1.77,157.23,-2243.0,-643.54,3887.41,False,False,False,false
1788952554390,-2.0471,6.5581,7.797,0.30572,0.22436,-0.62489,26.51,28.44,-32.08,0.0,0.0,0.0,0.0,0.0,10.72,DEAD_RECKONING,1.77,159.17,-2247.29,-645.3,3882.13,False,False,False,false
1788952554516,-2.0471,6.5581,7.797,0.30572,0.22436,-0.62489,26.51,28.44,-32.08,0.0,0.0,0.0,0.0,0.0,10.72,DEAD_RECKONING,1.77,161.09,-2249.07,-646.23,3877.98,False,False,False,false
1788952554641,-2.0471,6.5581,7.797,0.30572,0.22436,-0.62489,26.51,28.44,-32.08,0.0,0.0,0.0,0.0,0.0,10.72,DEAD_RECKONING,1.77,163.01,-2270.8,-659.12,3859.78,False,False,False,false
1788952554868,-2.0471,6.5581,7.797,0.30572,0.22436,-0.62489,26.51,28.44,-32.08,0.0,0.0,0.0,0.0,0.0,10.72,DEAD_RECKONING,1.77,164.94,-2192.06,-617.17,3904.79,False,False,False,false
1788952554987,-2.0471,6.5581,7.797,0.30572,0.22436,-0.62489,26.51,28.44,-32.08,0.0,0.0,0.0,0.0,0.0,10.72,DEAD_RECKONING,1.77,166.9,-2228.76,-635.36,3879.52,False,False,False,false
1788952555105,-2.0471,6.5581,7.797,0.30572,0.22436,-0.62489,26.51,28.44,-32.08,0.0,0.0,0.0,0.0,0.0,10.72,DEAD_RECKONING,1.77,168.89,-2237.07,-639.67,3870.9,False,False,False,false
1788952555251,-2.0471,6.5581,7.797,0.30572,0.22436,-0.62489,26.51,28.44,-32.08,0.0,0.0,0.0,0.0,0.0,10.72,DEAD_RECKONING,1.77,170.92,-2247.52,-647.81,3859.06,False,False,False,false
1788952555373,-2.0471,6.5581,7.797,0.30572,0.22436,-0.62489,26.51,28.44,-32.08,0.0,0.0,0.0,0.0,0.0,10.72,DEAD_RECKONING,1.77,173.01,-2263.72,-661.48,3841.69,False,False,False,false
1788952555500,-2.0471,6.5581,7.797,0.30572,0.22436,-0.62489,26.51,28.44,-32.08,0.0,0.0,0.0,0.0,0.0,10.72,DEAD_RECKONING,1.77,175.17,-2289.04,-684.2,3814.95,False,False,False,false
1788952555626,-2.0471,6.5581,7.797,0.30572,0.22436,-0.62489,26.51,28.44,-32.08,0.0,0.0,0.0,0.0,0.0,10.72,DEAD_RECKONING,1.77,177.4,-2312.14,-702.94,3790.11,False,False,False,false
1788952555811,-2.0471,6.5581,7.797,0.30572,0.22436,-0.62489,26.51,28.44,-32.08,0.0,0.0,0.0,0.0,0.0,10.72,DEAD_RECKONING,1.8,179.72,-2320.41,-707.32,3778.97,False,False,False,false
1788952555929,-2.0471,6.5581,7.797,0.30572,0.22436,-0.62489,26.51,28.44,-32.08,0.0,0.0,0.0,0.0,0.0,10.72,DEAD_RECKONING,2.03,182.14,-2321.84,-706.11,3774.51,False,False,False,false
1788952556053,-2.0471,6.5581,7.797,0.30572,0.22436,-0.62489,26.51,28.44,-32.08,0.0,0.0,0.0,0.0,0.0,10.72,DEAD_RECKONING,1.96,184.67,-2329.37,-713.17,3763.64,False,False,False,false
1788952556181,-2.0471,6.5581,7.797,0.30572,0.22436,-0.62489,26.51,28.44,-32.08,0.0,0.0,0.0,0.0,0.0,10.72,DEAD_RECKONING,1.96,187.31,-2332.21,-714.8,3757.22,False,False,False,false
1788952556308,-2.0471,6.5581,7.797,0.30572,0.22436,-0.62489,26.51,28.44,-32.08,0.0,0.0,0.0,0.0,0.0,10.72,DEAD_RECKONING,1.96,190.08,-2348.23,-732.37,3737.88,False,False,False,false
1788952556430,-2.0471,6.5581,7.797,0.30572,0.22436,-0.62489,26.51,28.44,-32.08,0.0,0.0,0.0,0.0,0.0,10.72,DEAD_RECKONING,1.96,193.0,-2341.2,-723.1,3740.63,False,False,False,false
1788952556557,-2.0471,6.5581,7.797,0.30572,0.22436,-0.62489,26.51,28.44,-32.08,0.0,0.0,0.0,0.0,0.0,10.72,DEAD_RECKONING,1.96,196.06,-2395.62,-785.51,3685.18,False,False,False,false
1788952556684,-2.0471,6.5581,7.797,0.30572,0.22436,-0.62489,26.51,28.44,-32.08,0.0,0.0,0.0,0.0,0.0,10.72,DEAD_RECKONING,1.96,199.27,-2355.96,-739.66,3719.38,False,False,False,false
1788952557432,-2.0471,6.5581,7.797,0.30572,0.22436,-0.62489,26.51,28.44,-32.08,0.0,0.0,0.0,0.0,0.0,10.72,DEAD_RECKONING,1.96,202.65,-2405.9,-796.67,3669.16,False,False,False,false
1788952557547,-2.0471,6.5581,7.797,0.30572,0.22436,-0.62489,26.51,28.44,-32.08,0.0,0.0,0.0,0.0,0.0,10.72,DEAD_RECKONING,1.96,206.19,-2381.71,-769.69,3688.68,False,False,False,false
1788952558700,-2.0471,6.5581,7.797,0.30572,0.22436,-0.62489,26.51,28.44,-32.08,0.0,0.0,0.0,0.0,0.0,10.72,DEAD_RECKONING,1.96,209.9,-2393.54,-783.7,3674.35,False,False,False,false
1788952560338,-2.0471,6.5581,7.797,0.30572,0.22436,-0.62489,26.51,28.44,-32.08,0.0,0.0,0.0,0.0,0.0,10.72,DEAD_RECKONING,1.96,213.76,-2387.81,-777.77,3676.58,False,False,False,false
1788952560458,-2.0471,6.5581,7.797,0.30572,0.22436,-0.62489,26.51,28.44,-32.08,0.0,0.0,0.0,0.0,0.0,10.72,DEAD_RECKONING,1.96,217.78,-2396.1,-788.17,3665.34,False,False,False,false
1788952562594,-2.0471,6.5581,7.797,0.30572,0.22436,-0.62489,26.51,28.44,-32.08,0.0,0.0,0.0,0.0,0.0,10.72,DEAD_RECKONING,1.96,221.93,-2391.3,-783.17,3666.99,False,False,False,false
1788952562709,-2.0471,6.5581,7.797,0.30572,0.22436,-0.62489,26.51,28.44,-32.08,0.0,0.0,0.0,0.0,0.0,10.72,DEAD_RECKONING,1.96,226.2,-2409.28,-805.25,3646.47,False,False,False,false
1788952563046,-2.0471,6.5581,7.797,0.30572,0.22436,-0.62489,26.51,28.44,-32.08,0.0,0.0,0.0,0.0,0.0,10.72,DEAD_RECKONING,1.96,230.56,-2390.99,-783.82,3661.91,False,False,False,false
1788952563163,-2.0471,6.5581,7.797,0.30572,0.22436,-0.62489,26.51,28.44,-32.08,0.0,0.0,0.0,0.0,0.0,10.72,DEAD_RECKONING,1.96,234.97,-2455.13,-861.37,3596.82,False,False,False,false
1788952563278,-2.0471,6.5581,7.797,0.30572,0.22436,-0.62489,26.51,28.44,-32.08,0.0,0.0,0.0,0.0,0.0,10.72,DEAD_RECKONING,1.96,239.41,-2442.04,-847.4,3606.47,False,False,False,false
1788952563396,-2.0471,6.5581,7.797,0.30572,0.22436,-0.62489,26.51,28.44,-32.08,0.0,0.0,0.0,0.0,0.0,10.72,DEAD_RECKONING,1.96,243.84,-2442.58,-850.08,3602.6,False,False,False,false
1788952563521,-2.0471,6.5581,7.797,0.30572,0.22436,-0.62489,26.51,28.44,-32.08,0.0,0.0,0.0,0.0,0.0,10.72,DEAD_RECKONING,1.96,248.23,-2442.09,-851.69,3599.61,False,False,False,false
1788952563649,-2.0471,6.5581,7.797,0.30572,0.22436,-0.62489,26.51,28.44,-32.08,0.0,0.0,0.0,0.0,0.0,10.72,DEAD_RECKONING,1.96,252.54,-2441.7,-853.53,3596.48,False,False,False,false
1788952563765,-2.0471,6.5581,7.797,0.30572,0.22436,-0.62489,26.51,28.44,-32.08,0.0,0.0,0.0,0.0,0.0,10.72,DEAD_RECKONING,1.96,256.75,-2441.33,-855.49,3593.31,False,False,False,false
1788952563889,-2.0471,6.5581,7.797,0.30572,0.22436,-0.62489,26.51,28.44,-32.08,0.0,0.0,0.0,0.0,0.0,10.72,DEAD_RECKONING,1.88,260.83,-2441.0,-857.58,3590.09,False,False,False,false
1788952564007,-2.0471,6.5581,7.797,0.30572,0.22436,-0.62489,26.51,28.44,-32.08,0.0,0.0,0.0,0.0,0.0,10.72,DEAD_RECKONING,1.88,264.76,-2440.73,-859.81,3586.84,False,False,False,false
1788952564127,-2.0471,6.5581,7.797,0.30572,0.22436,-0.62489,26.51,28.44,-32.08,0.0,0.0,0.0,0.0,0.0,10.72,DEAD_RECKONING,1.88,268.54,-2440.53,-862.16,3583.56,False,False,False,false
1788952564243,-2.0471,6.5581,7.797,0.30572,0.22436,-0.62489,26.51,28.44,-32.08,0.0,0.0,0.0,0.0,0.0,10.72,DEAD_RECKONING,1.88,272.16,-2440.41,-864.64,3580.28,False,False,False,false
1788952564368,-2.0471,6.5581,7.797,0.30572,0.22436,-0.62489,26.51,28.44,-32.08,0.0,0.0,0.0,0.0,0.0,10.72,DEAD_RECKONING,1.88,275.61,-2440.39,-867.21,3577.01,False,False,False,false
1788952564492,-2.0471,6.5581,7.797,0.30572,0.22436,-0.62489,26.51,28.44,-32.08,0.0,0.0,0.0,0.0,0.0,10.72,DEAD_RECKONING,1.88,278.89,-2440.44,-869.84,3573.77,False,False,False,false
1788952564609,-2.0471,6.5581,7.797,0.30572,0.22436,-0.62489,26.51,28.44,-32.08,0.0,0.0,0.0,0.0,0.0,10.72,DEAD_RECKONING,1.88,282.05,-2440.59,-872.43,3570.64,True,False,False,false
1788952564736,-2.0471,6.5581,7.797,0.30572,0.22436,-0.62489,26.51,28.44,-32.08,0.0,0.0,0.0,0.0,0.0,10.72,DEAD_RECKONING,1.88,284.99,-2440.94,-874.88,3567.77,True,False,False,false
1788952564863,-2.0471,6.5581,7.797,0.30572,0.22436,-0.62489,26.51,28.44,-32.08,0.0,0.0,0.0,0.0,0.0,10.72,DEAD_RECKONING,1.88,287.82,-2441.82,-877.79,3564.54,False,False,False,false
1788952567081,-2.0471,6.5581,7.797,0.30572,0.22436,-0.62489,26.51,28.44,-32.08,0.0,0.0,0.0,0.0,0.0,10.72,DEAD_RECKONING,1.88,290.53,-2442.25,-880.45,3561.46,False,False,False,false
1788952567198,-2.0471,6.5581,7.797,0.30572,0.22436,-0.62489,26.51,28.44,-32.08,0.0,0.0,0.0,0.0,0.0,10.72,DEAD_RECKONING,1.88,293.11,-2442.06,-882.19,3559.06,False,False,False,false
1788952567669,-2.0471,6.5581,7.797,0.30572,0.22436,-0.62489,26.51,28.44,-32.08,0.0,0.0,0.0,0.0,0.0,10.72,DEAD_RECKONING,1.88,295.57,-2442.02,-884.14,3556.52,False,False,False,false
1788952567801,-2.0471,6.5581,7.797,0.30572,0.22436,-0.62489,26.51,28.44,-32.08,0.0,0.0,0.0,0.0,0.0,10.72,DEAD_RECKONING,1.88,297.94,-2441.6,-885.35,3554.5,False,False,False,false
1788952567920,-2.0471,6.5581,7.797,0.30572,0.22436,-0.62489,26.51,28.44,-32.08,0.0,0.0,0.0,0.0,0.0,10.72,DEAD_RECKONING,1.89,300.21,-2441.26,-886.63,3552.42,False,False,False,false
1788952568037,-2.0471,6.5581,7.797,0.30572,0.22436,-0.62489,26.51,28.44,-32.08,0.0,0.0,0.0,0.0,0.0,10.72,DEAD_RECKONING,1.69,302.4,-2440.65,-887.37,3550.72,False,False,False,false
1788952571013,-2.0471,6.5581,7.797,0.30572,0.22436,-0.62489,26.51,28.44,-32.08,0.0,0.0,0.0,0.0,0.0,10.72,DEAD_RECKONING,1.69,304.52,-2440.1,-888.15,3548.98,False,False,False,false
1788952571138,-2.0471,6.5581,7.797,0.30572,0.22436,-0.62489,26.51,28.44,-32.08,0.0,0.0,0.0,0.0,0.0,10.72,DEAD_RECKONING,1.69,306.59,-2439.45,-888.64,3547.43,False,False,False,false
1788952572482,-2.0471,6.5581,7.797,0.30572,0.22436,-0.62489,26.51,28.44,-32.08,0.0,0.0,0.0,0.0,0.0,10.72,DEAD_RECKONING,1.69,308.6,-2438.85,-889.16,3545.86,False,False,False,false
1788952572599,-2.0471,6.5581,7.797,0.30572,0.22436,-0.62489,26.51,28.44,-32.08,0.0,0.0,0.0,0.0,0.0,10.72,DEAD_RECKONING,1.69,310.57,-2438.24,-889.58,3544.36,False,False,False,false
1788952574731,-2.0471,6.5581,7.797,0.30572,0.22436,-0.62489,26.51,28.44,-32.08,0.0,0.0,0.0,0.0,0.0,10.72,DEAD_RECKONING,1.69,312.51,-2437.66,-890.02,3542.85,False,False,False,false
1788952574854,-2.0471,6.5581,7.797,0.30572,0.22436,-0.62489,26.51,28.44,-32.08,0.0,0.0,0.0,0.0,0.0,10.72,DEAD_RECKONING,1.69,314.44,-2437.08,-890.45,3541.37,False,False,False,false
1788952574978,-2.0471,6.5581,7.797,0.30572,0.22436,-0.62489,26.51,28.44,-32.08,0.0,0.0,0.0,0.0,0.0,10.72,DEAD_RECKONING,1.69,316.36,-2436.49,-890.87,3539.92,False,False,False,false
1788952580330,-2.0471,6.5581,7.797,0.30572,0.22436,-0.62489,26.51,28.44,-32.08,0.0,0.0,0.0,0.0,0.0,10.72,DEAD_RECKONING,1.69,318.3,-2435.82,-891.24,3538.56,False,False,False,false
1788952580457,-2.0471,6.5581,7.797,0.30572,0.22436,-0.62489,26.51,28.44,-32.08,0.0,0.0,0.0,0.0,0.0,10.72,DEAD_RECKONING,1.69,320.25,-2435.02,-891.45,3537.36,False,False,False,false
1788952580626,-2.0471,6.5581,7.797,0.30572,0.22436,-0.62489,26.51,28.44,-32.08,0.0,0.0,0.0,0.0,0.0,10.72,DEAD_RECKONING,1.69,322.25,-2433.96,-891.33,3536.5,False,False,False,false
1788952580746,-2.0471,6.5581,7.797,0.30572,0.22436,-0.62489,26.51,28.44,-32.08,0.0,0.0,0.0,0.0,0.0,10.72,DEAD_RECKONING,1.69,324.32,-2432.44,-890.47,3536.29,False,False,False,false
1788952580865,-2.0471,6.5581,7.797,0.30572,0.22436,-0.62489,26.51,28.44,-32.08,0.0,0.0,0.0,0.0,0.0,10.72,DEAD_RECKONING,1.69,326.48,-2429.99,-887.87,3537.51,False,False,False,false
1788952581023,-2.0471,6.5581,7.797,0.30572,0.22436,-0.62489,26.51,28.44,-32.08,0.0,0.0,0.0,0.0,0.0,10.72,DEAD_RECKONING,1.69,328.77,-2425.34,-880.43,3542.45,False,False,False,false
1788952581143,-2.0471,6.5581,7.797,0.30572,0.22436,-0.62489,26.51,28.44,-32.08,0.0,0.0,0.0,0.0,0.0,10.72,DEAD_RECKONING,1.69,331.25,-2416.14,-860.84,3556.06,False,False,False,false
1788952581269,-2.0471,6.5581,7.797,0.30572,0.22436,-0.62489,26.51,28.44,-32.08,0.0,0.0,0.0,0.0,0.0,10.72,DEAD_RECKONING,1.69,333.97,-2410.61,-847.81,3563.73,False,False,False,false
1788952581393,-2.0471,6.5581,7.797,0.30572,0.22436,-0.62489,26.51,28.44,-32.08,0.0,0.0,0.0,0.0,0.0,10.72,DEAD_RECKONING,1.69,337.05,-2409.27,-845.83,3563.26,False,False,False,false
1788952583367,-2.0471,6.5581,7.797,0.30572,0.22436,-0.62489,26.51,28.44,-32.08,0.0,0.0,0.0,0.0,0.0,10.72,DEAD_RECKONING,1.69,340.62,-2408.46,-845.42,3561.66,False,False,False,false
1788952583484,-2.0471,6.5581,7.797,0.30572,0.22436,-0.62489,26.51,28.44,-32.08,0.0,0.0,0.0,0.0,0.0,10.72,DEAD_RECKONING,1.69,344.91,-2407.63,-845.02,3559.98,False,False,False,false
1788952586866,-2.0471,6.5581,7.797,0.30572,0.22436,-0.62489,26.51,28.44,-32.08,0.0,0.0,0.0,0.0,0.0,10.72,DEAD_RECKONING,1.69,350.31,-2406.71,-844.43,3558.35,False,False,False,false
1788952587004,-2.0471,6.5581,7.797,0.30572,0.22436,-0.62489,26.51,28.44,-32.08,0.0,0.0,0.0,0.0,0.0,10.72,DEAD_RECKONING,1.69,357.42,-2405.69,-843.62,3556.78,False,False,False,false
1788952587120,-2.0471,6.5581,7.797,0.30572,0.22436,-0.62489,26.51,28.44,-32.08,0.0,0.0,0.0,0.0,0.0,10.72,DEAD_RECKONING,1.69,7.33,-2404.54,-842.55,3555.27,False,False,False,false
1788952587453,-2.0471,6.5581,7.797,0.30572,0.22436,-0.62489,26.51,28.44,-32.08,0.0,0.0,0.0,0.0,0.0,10.72,DEAD_RECKONING,1.69,21.59,-2403.47,-841.75,3553.55,True,False,False,false
1788952587568,-2.0471,6.5581,7.797,0.30572,0.22436,-0.62489,26.51,28.44,-32.08,0.0,0.0,0.0,0.0,0.0,10.72,DEAD_RECKONING,1.69,41.99,-2401.61,-838.92,3552.82,True,False,False,false
1788952591965,-2.0471,6.5581,7.797,0.30572,0.22436,-0.62489,26.51,28.44,-32.08,0.0,0.0,0.0,0.0,0.0,10.72,DEAD_RECKONING,1.77,66.64,-2399.87,-836.37,3551.8,False,False,False,false
1788952598134,-2.0471,6.5581,7.797,0.30572,0.22436,-0.62489,26.51,28.44,-32.08,0.0,0.0,0.0,0.0,0.0,10.72,DEAD_RECKONING,1.77,88.97,-2398.21,-834.09,3550.56,False,False,False,false
1788952598254,-2.0471,6.5581,7.797,0.30572,0.22436,-0.62489,26.51,28.44,-32.08,0.0,0.0,0.0,0.0,0.0,10.72,DEAD_RECKONING,1.77,105.22,-2396.46,-831.56,3549.33,False,False,False,false
1788952601140,-2.0471,6.5581,7.797,0.30572,0.22436,-0.62489,26.51,28.44,-32.08,0.0,0.0,0.0,0.0,0.0,10.72,DEAD_RECKONING,1.77,116.36,-2394.64,-828.8,3548.08,False,False,False,false
1788952601850,-2.0471,6.5581,7.797,0.30572,0.22436,-0.62489,26.51,28.44,-32.08,0.0,0.0,0.0,0.0,0.0,10.72,DEAD_RECKONING,1.77,124.22,-2392.74,-825.81,3546.81,False,False,False,false
1788952602130,-2.0471,6.5581,7.797,0.30572,0.22436,-0.62489,26.51,28.44,-32.08,0.0,0.0,0.0,0.0,0.0,10.72,DEAD_RECKONING,1.77,130.07,-2390.79,-822.6,3545.5,False,False,False,false
1788952602248,-2.0471,6.5581,7.797,0.30572,0.22436,-0.62489,26.51,28.44,-32.08,0.0,0.0,0.0,0.0,0.0,10.72,DEAD_RECKONING,1.77,134.65,-2388.79,-819.2,3544.13,False,False,False,false
1788952602366,-2.0471,6.5581,7.797,0.30572,0.22436,-0.62489,26.51,28.44,-32.08,0.0,0.0,0.0,0.0,0.0,10.72,DEAD_RECKONING,1.77,138.42,-2386.75,-815.63,3542.68,False,False,False,false
1788952602486,-2.0471,6.5581,7.797,0.30572,0.22436,-0.62489,26.51,28.44,-32.08,0.0,0.0,0.0,0.0,0.0,10.72,DEAD_RECKONING,1.77,141.62,-2384.68,-811.91,3541.14,False,False,False,false
1788952602601,-2.0471,6.5581,7.797,0.30572,0.22436,-0.62489,26.51,28.44,-32.08,0.0,0.0,0.0,0.0,0.0,10.72,DEAD_RECKONING,1.77,144.44,-2382.59,-808.07,3539.48,False,False,False,false
1788952602715,-2.0471,6.5581,7.797,0.30572,0.22436,-0.62489,26.51,28.44,-32.08,0.0,0.0,0.0,0.0,0.0,10.72,DEAD_RECKONING,1.77,146.98,-2380.47,-804.14,3537.71,False,False,False,false
1788952602830,-2.0471,6.5581,7.797,0.30572,0.22436,-0.62489,26.51,28.44,-32.08,0.0,0.0,0.0,0.0,0.0,10.72,DEAD_RECKONING,1.77,149.31,-2378.34,-800.17,3535.79,False,False,False,false
1788952602948,-2.0471,6.5581,7.797,0.30572,0.22436,-0.62489,26.51,28.44,-32.08,0.0,0.0,0.0,0.0,0.0,10.72,DEAD_RECKONING,1.77,151.51,-2376.19,-796.19,3533.72,False,False,False,false
1788952603064,-2.0471,6.5581,7.797,0.30572,0.22436,-0.62489,26.51,28.44,-32.08,0.0,0.0,0.0,0.0,0.0,10.72,DEAD_RECKONING,1.77,153.6,-2374.02,-792.23,3531.49,False,False,False,false
1788952603186,-2.0471,6.5581,7.797,0.30572,0.22436,-0.62489,26.51,28.44,-32.08,0.0,0.0,0.0,0.0,0.0,10.72,DEAD_RECKONING,1.77,155.61,-2371.85,-788.35,3529.1,False,False,False,false
1788952603300,-2.0471,6.5581,7.797,0.30572,0.22436,-0.62489,26.51,28.44,-32.08,0.0,0.0,0.0,0.0,0.0,10.72,DEAD_RECKONING,1.77,157.57,-2369.65,-784.6,3526.54,False,False,False,false
1788952603413,-2.0471,6.5581,7.797,0.30572,0.22436,-0.62489,26.51,28.44,-32.08,0.0,0.0,0.0,0.0,0.0,10.72,DEAD_RECKONING,1.77,159.51,-2367.45,-781.03,3523.8,False,False,False,false
1788952604074,-2.0471,6.5581,7.797,0.30572,0.22436,-0.62489,26.51,28.44,-32.08,0.0,0.0,0.0,0.0,0.0,10.72,DEAD_RECKONING,1.77,161.43,-2365.23,-777.72,3520.88,False,False,False,false
1788952604198,-2.0471,6.5581,7.797,0.30572,0.22436,-0.62489,26.51,28.44,-32.08,0.0,0.0,0.0,0.0,0.0,10.72,DEAD_RECKONING,1.77,163.35,-2363.02,-774.75,3517.76,False,False,False,false
1788952604374,-2.0471,6.5581,7.797,0.30572,0.22436,-0.62489,26.51,28.44,-32.08,0.0,0.0,0.0,0.0,0.0,10.72,DEAD_RECKONING,1.77,165.28,-2360.82,-772.27,3514.44,False,False,False,false
1788952604490,-2.0471,6.5581,7.797,0.30572,0.22436,-0.62489,26.51,28.44,-32.08,0.0,0.0,0.0,0.0,0.0,10.72,DEAD_RECKONING,1.77,167.24,-2358.66,-770.42,3510.87,False,False,False,false
1788952604610,-2.0471,6.5581,7.797,0.30572,0.22436,-0.62489,26.51,28.44,-32.08,0.0,0.0,0.0,0.0,0.0,10.72,DEAD_RECKONING,1.77,169.23,-2356.55,-769.42,3507.04,False,False,False,false
1788952604734,-2.0471,6.5581,7.797,0.30572,0.22436,-0.62489,26.51,28.44,-32.08,0.0,0.0,0.0,0.0,0.0,10.72,DEAD_RECKONING,1.77,171.27,-2354.53,-769.54,3502.92,False,False,False,false
1788952604850,-2.0471,6.5581,7.797,0.30572,0.22436,-0.62489,26.51,28.44,-32.08,0.0,0.0,0.0,0.0,0.0,10.72,DEAD_RECKONING,1.77,173.37,-2352.63,-771.06,3498.48,False,False,False,false
1788952604970,-2.0471,6.5581,7.797,0.30572,0.22436,-0.62489,26.51,28.44,-32.08,0.0,0.0,0.0,0.0,0.0,10.72,DEAD_RECKONING,1.77,175.54,-2350.88,-774.27,3493.76,False,False,False,false
1788952610550,-2.0471,6.5581,7.797,0.30572,0.22436,-0.62489,26.51,28.44,-32.08,0.0,0.0,0.0,0.0,0.0,10.72,DEAD_RECKONING,1.77,177.78,-2349.33,-779.41,3488.9,False,False,False,false
1788952610673,-2.0471,6.5581,7.797,0.30572,0.22436,-0.62489,26.51,28.44,-32.08,0.0,0.0,0.0,0.0,0.0,10.72,DEAD_RECKONING,1.8,180.11,-2348.04,-786.61,3484.15,False,False,False,false
1788952610794,-2.0471,6.5581,7.797,0.30572,0.22436,-0.62489,26.51,28.44,-32.08,0.0,0.0,0.0,0.0,0.0,10.72,DEAD_RECKONING,1.96,182.54,-2347.14,-796.19,3479.85,False,False,False,false
1788952610915,-2.0471,6.5581,7.797,0.30572,0.22436,-0.62489,26.51,28.44,-32.08,0.0,0.0,0.0,0.0,0.0,10.72,DEAD_RECKONING,1.96,185.08,-2346.96,-808.96,3476.38,False,False,False,false
1788952611039,-2.0471,6.5581,7.797,0.30572,0.22436,-0.62489,26.51,28.44,-32.08,0.0,0.0,0.0,0.0,0.0,10.72,DEAD_RECKONING,1.96,187.74,-2348.05,-826.72,3474.07,False,False,False,false
1788952611161,-2.0471,6.5581,7.797,0.30572,0.22436,-0.62489,26.51,28.44,-32.08,0.0,0.0,0.0,0.0,0.0,10.72,DEAD_RECKONING,1.96,190.53,-2351.31,-852.44,3473.43,False,False,False,false
1788952611284,-2.0471,6.5581,7.797,0.30572,0.22436,-0.62489,26.51,28.44,-32.08,0.0,0.0,0.0,0.0,0.0,10.72,DEAD_RECKONING,1.96,193.46,-2358.13,-890.27,3475.31,False,False,False,false
1788952611408,-2.0471,6.5581,7.797,0.30572,0.22436,-0.62489,26.51,28.44,-32.08,0.0,0.0,0.0,0.0,0.0,10.72,DEAD_RECKONING,1.96,196.53,-2370.22,-944.12,3481.15,False,False,False,false
1788952611529,-2.0471,6.5581,7.797,0.30572,0.22436,-0.62489,26.51,28.44,-32.08,0.0,0.0,0.0,0.0,0.0,10.72,DEAD_RECKONING,1.96,199.77,-2388.68,-1014.55,3492.18,False,False,False,false
1788952611655,-2.0471,6.5581,7.797,0.30572,0.22436,-0.62489,26.51,28.44,-32.08,0.0,0.0,0.0,0.0,0.0,10.72,DEAD_RECKONING,1.96,203.17,-2414.19,-1093.86,3512.3,False,False,False,false
1788952611776,-2.0471,6.5581,7.797,0.30572,0.22436,-0.62489,26.51,28.44,-32.08,0.0,0.0,0.0,0.0,0.0,10.72,DEAD_RECKONING,1.96,206.73,-2444.8,-1208.43,3522.88,False,False,False,false
1788952611894,-2.0471,6.5581,7.797,0.30572,0.22436,-0.62489,26.51,28.44,-32.08,0.0,0.0,0.0,0.0,0.0,10.72,DEAD_RECKONING,1.96,210.45,-2440.84,-1252.02,3495.55,False,False,False,false
1788952612014,-2.0471,6.5581,7.797,0.30572,0.22436,-0.62489,26.51,28.44,-32.08,0.0,0.0,0.0,0.0,0.0,10.72,DEAD_RECKONING,1.96,214.34,-2439.7,-1263.68,3490.15,False,False,False,false
1788952612138,-2.0471,6.5581,7.797,0.30572,0.22436,-0.62489,26.51,28.44,-32.08,0.0,0.0,0.0,0.0,0.0,10.72,DEAD_RECKONING,1.96,218.37,-2438.14,-1267.57,3487.67,False,False,False,false
1788952612262,-2.0471,6.5581,7.797,0.30572,0.22436,-0.62489,26.51,28.44,-32.08,0.0,0.0,0.0,0.0,0.0,10.72,DEAD_RECKONING,1.96,222.54,-2436.63,-1270.46,3485.69,False,False,False,false
1788952612381,-2.0471,6.5581,7.797,0.30572,0.22436,-0.62489,26.51,28.44,-32.08,0.0,0.0,0.0,0.0,0.0,10.72,DEAD_RECKONING,1.96,226.82,-2435.18,-1272.65,3484.1,False,False,False,false
1788952612501,-2.0471,6.5581,7.797,0.30572,0.22436,-0.62489,26.51,28.44,-32.08,0.0,0.0,0.0,0.0,0.0,10.72,DEAD_RECKONING,1.96,231.19,-2433.82,-1274.21,3482.88,False,False,False,false
1788952612626,-2.0471,6.5581,7.797,0.30572,0.22436,-0.62489,26.51,28.44,-32.08,0.0,0.0,0.0,0.0,0.0,10.72,DEAD_RECKONING,1.96,235.61,-2432.58,-1275.19,3482.04,False,False,False,false
1788952612753,-2.0471,6.5581,7.797,0.30572,0.22436,-0.62489,26.51,28.44,-32.08,0.0,0.0,0.0,0.0,0.0,10.72,DEAD_RECKONING,1.96,240.05,-2431.5,-1275.54,3481.61,False,False,False,false
1788952612868,-2.0471,6.5581,7.797,0.30572,0.22436,-0.62489,26.51,28.44,-32.08,0.0,0.0,0.0,0.0,0.0,10.72,DEAD_RECKONING,1.96,244.48,-2430.61,-1275.21,3481.67,False,False,False,false
1788952612987,-2.0471,6.5581,7.797,0.30572,0.22436,-0.62489,26.51,28.44,-32.08,0.0,0.0,0.0,0.0,0.0,10.72,DEAD_RECKONING,1.96,248.86,-2429.98,-1274.06,3482.29,False,False,False,false
1788952613105,-2.0471,6.5581,7.797,0.30572,0.22436,-0.62489,26.51,28.44,-32.08,0.0,0.0,0.0,0.0,0.0,10.72,DEAD_RECKONING,1.96,253.16,-2429.7,-1271.88,3483.64,False,False,False,false
1788952613222,-2.0471,6.5581,7.797,0.30572,0.22436,-0.62489,26.51,28.44,-32.08,0.0,0.0,0.0,0.0,0.0,10.72,DEAD_RECKONING,1.96,257.35,-2429.92,-1268.33,3485.96,False,False,False,false
1788952613342,-2.0471,6.5581,7.797,0.30572,0.22436,-0.62489,26.51,28.44,-32.08,0.0,0.0,0.0,0.0,0.0,10.72,DEAD_RECKONING,1.88,261.41,-2430.87,-1262.78,3489.65,False,False,False,false
1788952613461,-2.0471,6.5581,7.797,0.30572,0.22436,-0.62489,26.51,28.44,-32.08,0.0,0.0,0.0,0.0,0.0,10.72,DEAD_RECKONING,1.88,265.33,-2433.05,-1253.89,3495.6,False,False,False,false
1788952613576,-2.0471,6.5581,7.797,0.30572,0.22436,-0.62489,26.51,28.44,-32.08,0.0,0.0,0.0,0.0,0.0,10.72,DEAD_RECKONING,1.88,269.09,-2437.72,-1238.11,3506.14,False,False,False,false
1788952613689,-2.0471,6.5581,7.797,0.30572,0.22436,-0.62489,26.51,28.44,-32.08,0.0,0.0,0.0,0.0,0.0,10.72,DEAD_RECKONING,1.88,272.68,-2449.75,-1201.66,3530.32,False,False,False,false
1788952613814,-2.0471,6.5581,7.797,0.30572,0.22436,-0.62489,26.51,28.44,-32.08,0.0,0.0,0.0,0.0,0.0,10.72,DEAD_RECKONING,1.88,276.11,-2495.78,-1067.39,3618.8,False,False,False,false
1788952613928,-2.0471,6.5581,7.797,0.30572,0.22436,-0.62489,26.51,28.44,-32.08,0.0,0.0,0.0,0.0,0.0,10.72,DEAD_RECKONING,1.88,279.38,-2494.1,-1070.58,3616.49,False,False,False,false
1788952614054,-2.0471,6.5581,7.797,0.30572,0.22436,-0.62489,26.51,28.44,-32.08,0.0,0.0,0.0,0.0,0.0,10.72,DEAD_RECKONING,1.88,282.49,-2493.9,-1069.51,3617.22,False,False,False,false
1788952614175,-2.0471,6.5581,7.797,0.30572,0.22436,-0.62489,26.51,28.44,-32.08,0.0,0.0,0.0,0.0,0.0,10.72,DEAD_RECKONING,1.88,285.45,-2493.65,-1068.47,3617.98,False,False,False,false
1788952614287,-2.0471,6.5581,7.797,0.30572,0.22436,-0.62489,26.51,28.44,-32.08,0.0,0.0,0.0,0.0,0.0,10.72,DEAD_RECKONING,1.88,288.27,-2493.37,-1067.44,3618.73,False,False,False,false
1788952614410,-2.0471,6.5581,7.797,0.30572,0.22436,-0.62489,26.51,28.44,-32.08,0.0,0.0,0.0,0.0,0.0,10.72,DEAD_RECKONING,1.88,290.95,-2493.05,-1066.43,3619.49,False,False,False,false
1788952614533,-2.0471,6.5581,7.797,0.30572,0.22436,-0.62489,26.51,28.44,-32.08,0.0,0.0,0.0,0.0,0.0,10.72,DEAD_RECKONING,1.88,293.52,-2492.7,-1065.41,3620.25,False,False,False,false
1788952614659,-2.0471,6.5581,7.797,0.30572,0.22436,-0.62489,26.51,28.44,-32.08,0.0,0.0,0.0,0.0,0.0,10.72,DEAD_RECKONING,1.88,295.97,-2492.32,-1064.38,3621.0,False,False,False,false
1788952614786,-2.0471,6.5581,7.797,0.30572,0.22436,-0.62489,26.51,28.44,-32.08,0.0,0.0,0.0,0.0,0.0,10.72,DEAD_RECKONING,1.88,298.32,-2491.94,-1063.32,3621.74,False,False,False,false
1788952614913,-2.0471,6.5581,7.797,0.30572,0.22436,-0.62489,26.51,28.44,-32.08,0.0,0.0,0.0,0.0,0.0,10.72,DEAD_RECKONING,1.89,300.58,-2491.56,-1062.2,3622.46,False,False,False,false
1788952615042,-2.0471,6.5581,7.797,0.30572,0.22436,-0.62489,26.51,28.44,-32.08,0.0,0.0,0.0,0.0,0.0,10.72,DEAD_RECKONING,1.69,302.76,-2491.16,-1061.13,3623.19,False,False,False,false
1788952615160,-2.0471,6.5581,7.797,0.30572,0.22436,-0.62489,26.51,28.44,-32.08,0.0,0.0,0.0,0.0,0.0,10.72,DEAD_RECKONING,1.69,304.87,-2490.78,-1059.96,3623.88,False,False,False,false
1788952615282,-2.0471,6.5581,7.797,0.30572,0.22436,-0.62489,26.51,28.44,-32.08,0.0,0.0,0.0,0.0,0.0,10.72,DEAD_RECKONING,1.69,306.92,-2490.44,-1058.61,3624.46,False,False,False,false
1788952615399,-2.0471,6.5581,7.797,0.30572,0.22436,-0.62489,26.51,28.44,-32.08,0.0,0.0,0.0,0.0,0.0,10.72,DEAD_RECKONING,1.69,308.93,-2490.21,-1056.95,3624.85,False,False,False,false
1788952615514,-2.0471,6.5581,7.797,0.30572,0.22436,-0.62489,26.51,28.44,-32.08,0.0,0.0,0.0,0.0,0.0,10.72,DEAD_RECKONING,1.69,310.89,-2490.21,-1054.6,3624.78,False,False,False,false
1788952615629,-2.0471,6.5581,7.797,0.30572,0.22436,-0.62489,26.51,28.44,-32.08,0.0,0.0,0.0,0.0,0.0,10.72,DEAD_RECKONING,1.69,312.83,-2490.73,-1050.77,3623.68,False,False,False,false
1788952615744,-2.0471,6.5581,7.797,0.30572,0.22436,-0.62489,26.51,28.44,-32.08,0.0,0.0,0.0,0.0,0.0,10.72,DEAD_RECKONING,1.69,315.17,-2489.9,-1051.14,3625.25,True,False,False,false
1788952615862,-2.0471,6.5581,7.797,0.30572,0.22436,-0.62489,26.51,28.44,-32.08,0.0,0.0,0.0,0.0,0.0,10.72,DEAD_RECKONING,1.69,317.3,-2489.17,-1051.07,3626.67,True,False,False,false
1788952615983,-2.0471,6.5581,7.797,0.30572,0.22436,-0.62489,26.51,28.44,-32.08,0.0,0.0,0.0,0.0,0.0,10.72,DEAD_RECKONING,1.69,319.29,-2489.03,-1049.54,3626.96,True,False,False,false
1788952616107,-2.0471,6.5581,7.797,0.30572,0.22436,-0.62489,26.51,28.44,-32.08,0.0,0.0,0.0,0.0,0.0,10.72,DEAD_RECKONING,1.69,321.21,-2488.73,-1048.3,3627.57,True,False,False,false
1788952616224,-2.0471,6.5581,7.797,0.30572,0.22436,-0.62489,26.51,28.44,-32.08,0.0,0.0,0.0,0.0,0.0,10.72,DEAD_RECKONING,1.69,323.09,-2488.43,-1047.04,3628.21,True,False,False,false
1788952616341,-2.0471,6.5581,7.797,0.30572,0.22436,-0.62489,26.51,28.44,-32.08,0.0,0.0,0.0,0.0,0.0,10.72,DEAD_RECKONING,1.69,324.96,-2488.24,-1045.68,3628.67,True,False,False,false
1788952616460,-2.0471,6.5581,7.797,0.30572,0.22436,-0.62489,26.51,28.44,-32.08,0.0,0.0,0.0,0.0,0.0,10.72,DEAD_RECKONING,1.69,326.88,-2488.08,-1044.3,3629.09,True,False,False,false
1788952616575,-2.0471,6.5581,7.797,0.30572,0.22436,-0.62489,26.51,28.44,-32.08,0.0,0.0,0.0,0.0,0.0,10.72,DEAD_RECKONING,1.69,328.87,-2487.91,-1042.9,3629.54,True,False,False,false
1788952617265,-2.0471,6.5581,7.797,0.30572,0.22436,-0.62489,26.51,28.44,-32.08,0.0,0.0,0.0,0.0,0.0,10.72,DEAD_RECKONING,1.69,331.28,-2487.89,-1041.6,3629.83,False,False,False,false
1788952617389,-2.0471,6.5581,7.797,0.30572,0.22436,-0.62489,26.51,28.44,-32.08,0.0,0.0,0.0,0.0,0.0,10.72,DEAD_RECKONING,1.69,333.94,-2487.76,-1040.2,3630.3,False,False,False,false
1788952619051,-2.0471,6.5581,7.797,0.30572,0.22436,-0.62489,26.51,28.44,-32.08,0.0,0.0,0.0,0.0,0.0,10.72,DEAD_RECKONING,1.69,336.93,-2487.95,-1039.17,3630.24,False,False,False,false
1788952624566,-2.0471,6.5581,7.797,0.30572,0.22436,-0.62489,26.51,28.44,-32.08,0.0,0.0,0.0,0.0,0.0,10.72,DEAD_RECKONING,1.69,340.41,-2488.1,-1038.14,3630.19,False,False,False,false
1788952627263,-2.0471,6.5581,7.797,0.30572,0.22436,-0.62489,26.51,28.44,-32.08,0.0,0.0,0.0,0.0,0.0,10.72,DEAD_RECKONING,1.69,344.61,-2488.46,-1037.75,3629.73,False,False,False,false
1788952628816,-2.0471,6.5581,7.797,0.30572,0.22436,-0.62489,26.51,28.44,-32.08,0.0,0.0,0.0,0.0,0.0,10.72,DEAD_RECKONING,1.69,349.9,-2489.04,-1038.42,3628.65,False,False,False,false
1788952628933,-2.0471,6.5581,7.797,0.30572,0.22436,-0.62489,26.51,28.44,-32.08,0.0,0.0,0.0,0.0,0.0,10.72,DEAD_RECKONING,1.69,356.94,-2489.71,-1039.86,3627.19,False,False,False,false
1788952629058,-2.0471,6.5581,7.797,0.30572,0.22436,-0.62489,26.51,28.44,-32.08,0.0,0.0,0.0,0.0,0.0,10.72,DEAD_RECKONING,1.69,6.86,-2490.4,-1042.2,3625.57,False,False,False,false
1788952629346,-2.0471,6.5581,7.797,0.30572,0.22436,-0.62489,26.51,28.44,-32.08,0.0,0.0,0.0,0.0,0.0,10.72,DEAD_RECKONING,1.69,21.54,-2491.2,-1046.33,3623.45,False,False,False,false
1788952629475,-2.0471,6.5581,7.797,0.30572,0.22436,-0.62489,26.51,28.44,-32.08,0.0,0.0,0.0,0.0,0.0,10.72,DEAD_RECKONING,1.69,42.85,-2492.38,-1051.61,3620.82,False,False,False,false
1788952629761,-2.0471,6.5581,7.797,0.30572,0.22436,-0.62489,26.51,28.44,-32.08,0.0,0.0,0.0,0.0,0.0,10.72,DEAD_RECKONING,1.77,68.66,-2492.97,-1060.9,3616.32,False,False,False,false
1788952629886,-2.0471,6.5581,7.797,0.30572,0.22436,-0.62489,26.51,28.44,-32.08,0.0,0.0,0.0,0.0,0.0,10.72,DEAD_RECKONING,1.77,91.49,-2496.79,-1058.73,3619.45,False,False,False,false
1788952632295,-2.0471,6.5581,7.797,0.30572,0.22436,-0.62489,26.51,28.44,-32.08,0.0,0.0,0.0,0.0,0.0,10.72,DEAD_RECKONING,1.77,107.62,-2492.05,-1075.58,3609.21,False,False,False,false
1788952632413,-2.0471,6.5581,7.797,0.30572,0.22436,-0.62489,26.51,28.44,-32.08,0.0,0.0,0.0,0.0,0.0,10.72,DEAD_RECKONING,1.77,118.46,-2491.53,-1073.32,3609.3,False,False,False,false
1788952632534,-2.0471,6.5581,7.797,0.30572,0.22436,-0.62489,26.51,28.44,-32.08,0.0,0.0,0.0,0.0,0.0,10.72,DEAD_RECKONING,1.77,126.05,-2490.83,-1071.4,3609.21,False,False,False,false
1788952632651,-2.0471,6.5581,7.797,0.30572,0.22436,-0.62489,26.51,28.44,-32.08,0.0,0.0,0.0,0.0,0.0,10.72,DEAD_RECKONING,1.77,131.68,-2490.1,-1069.49,3609.16,False,False,False,false
1788952632774,-2.0471,6.5581,7.797,0.30572,0.22436,-0.62489,26.51,28.44,-32.08,0.0,0.0,0.0,0.0,0.0,10.72,DEAD_RECKONING,1.77,136.1,-2489.35,-1067.65,3609.18,False,False,False,false
1788952634977,-2.0471,6.5581,7.797,0.30572,0.22436,-0.62489,26.51,28.44,-32.08,0.0,0.0,0.0,0.0,0.0,10.72,DEAD_RECKONING,1.77,139.72,-2488.57,-1065.9,3609.29,False,False,False,false
1788952635095,-2.0471,6.5581,7.797,0.30572,0.22436,-0.62489,26.51,28.44,-32.08,0.0,0.0,0.0,0.0,0.0,10.72,DEAD_RECKONING,1.77,142.82,-2487.75,-1064.3,3609.53,False,False,False,false
1788952635488,-2.0471,6.5581,7.797,0.30572,0.22436,-0.62489,26.51,28.44,-32.08,0.0,0.0,0.0,0.0,0.0,10.72,DEAD_RECKONING,1.77,145.54,-2486.9,-1062.86,3609.91,False,False,False,false
1788952635614,-2.0471,6.5581,7.797,0.30572,0.22436,-0.62489,26.51,28.44,-32.08,0.0,0.0,0.0,0.0,0.0,10.72,DEAD_RECKONING,1.77,148.0,-2486.0,-1061.63,3610.45,False,False,False,false
1788952636435,-2.0471,6.5581,7.797,0.30572,0.22436,-0.62489,26.51,28.44,-32.08,0.0,0.0,0.0,0.0,0.0,10.72,DEAD_RECKONING,1.77,150.28,-2485.07,-1060.61,3611.15,False,False,False,false
1788952636558,-2.0471,6.5581,7.797,0.30572,0.22436,-0.62489,26.51,28.44,-32.08,0.0,0.0,0.0,0.0,0.0,10.72,DEAD_RECKONING,1.77,152.42,-2484.08,-1059.85,3612.03,False,False,False,false
1788952636730,-2.0471,6.5581,7.797,0.30572,0.22436,-0.62489,26.51,28.44,-32.08,0.0,0.0,0.0,0.0,0.0,10.72,DEAD_RECKONING,1.77,154.45,-2483.06,-1059.36,3613.12,False,False,False,false
1788952636856,-2.0471,6.5581,7.797,0.30572,0.22436,-0.62489,26.51,28.44,-32.08,0.0,0.0,0.0,0.0,0.0,10.72,DEAD_RECKONING,1.77,156.42,-2482.0,-1059.21,3614.45,False,False,False,false
1788952636977,-2.0471,6.5581,7.797,0.30572,0.22436,-0.62489,26.51,28.44,-32.08,0.0,0.0,0.0,0.0,0.0,10.72,DEAD_RECKONING,1.77,158.35,-2480.93,-1059.5,3616.08,False,False,False,false
1788952637101,-2.0471,6.5581,7.797,0.30572,0.22436,-0.62489,26.51,28.44,-32.08,0.0,0.0,0.0,0.0,0.0,10.72,DEAD_RECKONING,1.77,160.25,-2479.89,-1060.42,3618.11,False,False,False,false
1788952637225,-2.0471,6.5581,7.797,0.30572,0.22436,-0.62489,26.51,28.44,-32.08,0.0,0.0,0.0,0.0,0.0,10.72,DEAD_RECKONING,1.77,162.14,-2478.96,-1062.37,3620.72,False,False,False,false
1788952637349,-2.0471,6.5581,7.797,0.30572,0.22436,-0.62489,26.51,28.44,-32.08,0.0,0.0,0.0,0.0,0.0,10.72,DEAD_RECKONING,1.77,164.03,-2478.37,-1066.25,3624.24,False,False,False,false
1788952637471,-2.0471,6.5581,7.797,0.30572,0.22436,-0.62489,26.51,28.44,-32.08,0.0,0.0,0.0,0.0,0.0,10.72,DEAD_RECKONING,1.77,165.94,-2478.68,-1074.63,3629.44,False,False,False,false
1788952637596,-2.0471,6.5581,7.797,0.30572,0.22436,-0.62489,26.51,28.44,-32.08,0.0,0.0,0.0,0.0,0.0,10.72,DEAD_RECKONING,1.77,167.87,-2482.26,-1097.5,3638.36,False,False,False,false
1788952637714,-2.0471,6.5581,7.797,0.30572,0.22436,-0.62489,26.51,28.44,-32.08,0.0,0.0,0.0,0.0,0.0,10.72,DEAD_RECKONING,1.77,169.63,-2498.24,-1174.83,3652.88,True,False,False,false
1788952637831,-2.0471,6.5581,7.797,0.30572,0.22436,-0.62489,26.51,28.44,-32.08,0.0,0.0,0.0,0.0,0.0,10.72,DEAD_RECKONING,1.77,171.51,-2508.76,-1226.63,3652.25,True,False,False,false
1788952637948,-2.0471,6.5581,7.797,0.30572,0.22436,-0.62489,26.51,28.44,-32.08,0.0,0.0,0.0,0.0,0.0,10.72,DEAD_RECKONING,1.77,173.62,-2508.76,-1217.66,3637.35,False,False,False,false
1788952638064,-2.0471,6.5581,7.797,0.30572,0.22436,-0.62489,26.51,28.44,-32.08,0.0,0.0,0.0,0.0,0.0,10.72,DEAD_RECKONING,1.77,175.8,-2504.45,-1225.62,3653.72,False,False,False,false
1788952638178,-2.0471,6.5581,7.797,0.30572,0.22436,-0.62489,26.51,28.44,-32.08,0.0,0.0,0.0,0.0,0.0,10.72,DEAD_RECKONING,1.77,178.06,-2502.72,-1225.25,3654.83,False,False,False,false
1788952638526,-2.0471,6.5581,7.797,0.30572,0.22436,-0.62489,26.51,28.44,-32.08,0.0,0.0,0.0,0.0,0.0,10.72,DEAD_RECKONING,1.8,180.41,-2501.15,-1226.25,3661.67,False,False,False,false
1788952638641,-2.0471,6.5581,7.797,0.30572,0.22436,-0.62489,26.51,28.44,-32.08,0.0,0.0,0.0,0.0,0.0,10.72,DEAD_RECKONING,1.96,182.86,-2497.16,-1237.62,3677.56,False,False,False,false
1788952638762,-2.0471,6.5581,7.797,0.30572,0.22436,-0.62489,26.51,28.44,-32.08,0.0,0.0,0.0,0.0,0.0,10.72,DEAD_RECKONING,1.96,185.42,-2493.46,-1240.62,3676.09,False,False,False,false
1788952639813,-2.0471,6.5581,7.797,0.30572,0.22436,-0.62489,26.51,28.44,-32.08,0.0,0.0,0.0,0.0,0.0,10.72,DEAD_RECKONING,1.96,188.1,-2491.53,-1240.42,3675.9,False,False,False,false
1788952639935,-2.0471,6.5581,7.797,0.30572,0.22436,-0.62489,26.51,28.44,-32.08,0.0,0.0,0.0,0.0,0.0,10.72,DEAD_RECKONING,1.96,190.9,-2490.09,-1239.6,3676.13,False,False,False,false
1788952640052,-2.0471,6.5581,7.797,0.30572,0.22436,-0.62489,26.51,28.44,-32.08,0.0,0.0,0.0,0.0,0.0,10.72,DEAD_RECKONING,1.96,193.85,-2489.17,-1238.35,3676.62,False,False,False,false
1788952640168,-2.0471,6.5581,7.797,0.30572,0.22436,-0.62489,26.51,28.44,-32.08,0.0,0.0,0.0,0.0,0.0,10.72,DEAD_RECKONING,1.96,196.95,-2488.98,-1236.63,3677.34,False,False,False,false
1788952640290,-2.0471,6.5581,7.797,0.30572,0.22436,-0.62489,26.51,28.44,-32.08,0.0,0.0,0.0,0.0,0.0,10.72,DEAD_RECKONING,1.96,200.21,-2489.69,-1234.63,3678.37,False,False,False,false
1788952640406,-2.0471,6.5581,7.797,0.30572,0.22436,-0.62489,26.51,28.44,-32.08,0.0,0.0,0.0,0.0,0.0,10.72,DEAD_RECKONING,1.96,203.63,-2491.73,-1232.29,3679.77,False,False,False,false
1788952640522,-2.0471,6.5581,7.797,0.30572,0.22436,-0.62489,26.51,28.44,-32.08,0.0,0.0,0.0,0.0,0.0,10.72,DEAD_RECKONING,1.96,207.21,-2495.7,-1229.92,3681.81,False,False,False,false
1788952640638,-2.0471,6.5581,7.797,0.30572,0.22436,-0.62489,26.51,28.44,-32.08,0.0,0.0,0.0,0.0,0.0,10.72,DEAD_RECKONING,1.96,210.96,-2503.02,-1227.29,3684.84,False,False,False,false
1788952640753,-2.0471,6.5581,7.797,0.30572,0.22436,-0.62489,26.51,28.44,-32.08,0.0,0.0,0.0,0.0,0.0,10.72,DEAD_RECKONING,1.96,214.86,-2515.43,-1226.2,3689.99,False,False,False,false
1788952640873,-2.0471,6.5581,7.797,0.30572,0.22436,-0.62489,26.51,28.44,-32.08,0.0,0.0,0.0,0.0,0.0,10.72,DEAD_RECKONING,1.96,218.91,-2537.18,-1221.35,3696.44,False,False,False,false
1788952640991,-2.0471,6.5581,7.797,0.30572,0.22436,-0.62489,26.51,28.44,-32.08,0.0,0.0,0.0,0.0,0.0,10.72,DEAD_RECKONING,1.96,223.09,-2563.95,-1235.07,3710.44,False,False,False,false
1788952641107,-2.0471,6.5581,7.797,0.30572,0.22436,-0.62489,26.51,28.44,-32.08,0.0,0.0,0.0,0.0,0.0,10.72,DEAD_RECKONING,1.96,227.38,-2605.88,-1179.24,3704.84,False,False,False,false
1788952659382,-2.0471,6.5581,7.797,0.30572,0.22436,-0.62489,26.51,28.44,-32.08,0.0,0.0,0.0,0.0,0.0,10.72,DEAD_RECKONING,1.96,231.75,-2609.73,-1204.74,3713.73,False,False,False,false
1788952663023,-2.0471,6.5581,7.797,0.30572,0.22436,-0.62489,26.51,28.44,-32.08,0.0,0.0,0.0,0.0,0.0,10.72,DEAD_RECKONING,1.96,236.22,-2617.49,-1193.87,3713.66,True,False,False,false
1788952663142,-2.0471,6.5581,7.797,0.30572,0.22436,-0.62489,26.51,28.44,-32.08,0.0,0.0,0.0,0.0,0.0,10.72,DEAD_RECKONING,1.96,240.67,-2651.82,-1149.12,3705.0,False,False,False,false
1788952663335,-2.0471,6.5581,7.797,0.30572,0.22436,-0.62489,26.51,28.44,-32.08,0.0,0.0,0.0,0.0,0.0,10.72,DEAD_RECKONING,1.96,245.09,-2650.74,-1149.65,3706.57,False,False,False,false
1788952663451,-2.0471,6.5581,7.797,0.30572,0.22436,-0.62489,26.51,28.44,-32.08,0.0,0.0,0.0,0.0,0.0,10.72,DEAD_RECKONING,1.96,249.46,-2652.64,-1147.06,3705.94,False,False,False,false
1788952663580,-2.0471,6.5581,7.797,0.30572,0.22436,-0.62489,26.51,28.44,-32.08,0.0,0.0,0.0,0.0,0.0,10.72,DEAD_RECKONING,1.96,253.75,-2654.47,-1143.99,3705.78,False,False,False,false
1788952663697,-2.0471,6.5581,7.797,0.30572,0.22436,-0.62489,26.51,28.44,-32.08,0.0,0.0,0.0,0.0,0.0,10.72,DEAD_RECKONING,1.96,257.92,-2656.64,-1141.04,3704.94,False,False,False,false
1788952663823,-2.0471,6.5581,7.797,0.30572,0.22436,-0.62489,26.51,28.44,-32.08,0.0,0.0,0.0,0.0,0.0,10.72,DEAD_RECKONING,1.88,261.96,-2658.94,-1137.51,3704.55,False,False,False,false
1788952666901,-2.0471,6.5581,7.797,0.30572,0.22436,-0.62489,26.51,28.44,-32.08,0.0,0.0,0.0,0.0,0.0,10.72,DEAD_RECKONING,1.88,265.85,-2661.41,-1134.88,3702.91,False,False,False,false
1788952667015,-2.0471,6.5581,7.797,0.30572,0.22436,-0.62489,26.51,28.44,-32.08,0.0,0.0,0.0,0.0,0.0,10.72,DEAD_RECKONING,1.88,269.59,-2664.04,-1130.49,3703.04,False,False,False,false
1788952667483,-2.0471,6.5581,7.797,0.30572,0.22436,-0.62489,26.51,28.44,-32.08,0.0,0.0,0.0,0.0,0.0,10.72,DEAD_RECKONING,1.88,273.15,-2664.43,-1129.73,3702.71,False,False,False,false
1788952667599,-2.0471,6.5581,7.797,0.30572,0.22436,-0.62489,26.51,28.44,-32.08,0.0,0.0,0.0,0.0,0.0,10.72,DEAD_RECKONING,1.88,276.55,-2665.59,-1127.87,3702.25,False,False,False,false
1788952683192,-2.0471,6.5581,7.797,0.30572,0.22436,-0.62489,26.51,28.44,-32.08,0.0,0.0,0.0,0.0,0.0,10.72,DEAD_RECKONING,1.88,279.79,-2667.83,-1125.02,3701.16,False,False,False,false
1788952686572,-2.0471,6.5581,7.797,0.30572,0.22436,-0.62489,26.51,28.44,-32.08,0.0,0.0,0.0,0.0,0.0,10.72,DEAD_RECKONING,1.88,282.87,-2671.0,-1121.94,3699.13,False,False,False,false
1788952686687,-2.0471,6.5581,7.797,0.30572,0.22436,-0.62489,26.51,28.44,-32.08,0.0,0.0,0.0,0.0,0.0,10.72,DEAD_RECKONING,1.88,285.81,-2671.18,-1120.99,3699.05,False,False,False,false
1788952686810,-2.0471,6.5581,7.797,0.30572,0.22436,-0.62489,26.51,28.44,-32.08,0.0,0.0,0.0,0.0,0.0,10.72,DEAD_RECKONING,1.88,288.6,-2671.82,-1119.55,3698.73,False,False,False,false
1788952686935,-2.0471,6.5581,7.797,0.30572,0.22436,-0.62489,26.51,28.44,-32.08,0.0,0.0,0.0,0.0,0.0,10.72,DEAD_RECKONING,1.88,291.26,-2671.79,-1118.72,3698.74,False,False,False,false
1788952687059,-2.0471,6.5581,7.797,0.30572,0.22436,-0.62489,26.51,28.44,-32.08,0.0,0.0,0.0,0.0,0.0,10.72,DEAD_RECKONING,1.88,293.8,-2672.14,-1117.52,3698.54,False,False,False,false
1788952696939,-2.0471,6.5581,7.797,0.30572,0.22436,-0.62489,26.51,28.44,-32.08,0.0,0.0,0.0,0.0,0.0,10.72,DEAD_RECKONING,1.88,296.23,-2671.99,-1116.82,3698.59,False,False,False,false
1788952701623,-2.0471,6.5581,7.797,0.30572,0.22436,-0.62489,26.51,28.44,-32.08,0.0,0.0,0.0,0.0,0.0,10.72,DEAD_RECKONING,1.88,298.56,-2671.97,-1116.0,3698.54,False,False,False,false
1788952702039,-2.0471,6.5581,7.797,0.30572,0.22436,-0.62489,26.51,28.44,-32.08,0.0,0.0,0.0,0.0,0.0,10.72,DEAD_RECKONING,1.72,300.8,-2671.32,-1115.7,3698.96,False,False,False,false
1788952702158,-2.0471,6.5581,7.797,0.30572,0.22436,-0.62489,26.51,28.44,-32.08,0.0,0.0,0.0,0.0,0.0,10.72,DEAD_RECKONING,1.69,302.97,-2670.86,-1115.3,3699.22,False,False,False,false
1788952705599,-2.0471,6.5581,7.797,0.30572,0.22436,-0.62489,26.51,28.44,-32.08,0.0,0.0,0.0,0.0,0.0,10.72,DEAD_RECKONING,1.69,305.07,-2670.64,-1114.71,3699.29,False,False,False,false
1788952705719,-2.0471,6.5581,7.797,0.30572,0.22436,-0.62489,26.51,28.44,-32.08,0.0,0.0,0.0,0.0,0.0,10.72,DEAD_RECKONING,1.69,307.11,-2670.15,-1114.23,3699.68,False,False,False,false
1788952705837,-2.0471,6.5581,7.797,0.30572,0.22436,-0.62489,26.51,28.44,-32.08,0.0,0.0,0.0,0.0,0.0,10.72,DEAD_RECKONING,1.69,309.1,-2669.67,-1113.71,3700.12,False,False,False,false
1788952705962,-2.0471,6.5581,7.797,0.30572,0.22436,-0.62489,26.51,28.44,-32.08,0.0,0.0,0.0,0.0,0.0,10.72,DEAD_RECKONING,1.69,311.05,-2668.98,-1113.16,3700.97,False,False,False,false
1788952707874,-2.0471,6.5581,7.797,0.30572,0.22436,-0.62489,26.51,28.44,-32.08,0.0,0.0,0.0,0.0,0.0,10.72,DEAD_RECKONING,1.69,312.98,-2668.22,-1112.51,3702.1,False,False,False,false
1788952707995,-2.0471,6.5581,7.797,0.30572,0.22436,-0.62489,26.51,28.44,-32.08,0.0,0.0,0.0,0.0,0.0,10.72,DEAD_RECKONING,1.69,315.06,-2667.19,-1111.8,3704.09,True,False,False,false
1788952708116,-2.0471,6.5581,7.797,0.30572,0.22436,-0.62489,26.51,28.44,-32.08,0.0,0.0,0.0,0.0,0.0,10.72,DEAD_RECKONING,1.69,317.08,-2665.95,-1110.75,3706.95,True,False,False,false
1788952710545,-2.0471,6.5581,7.797,0.30572,0.22436,-0.62489,26.51,28.44,-32.08,0.0,0.0,0.0,0.0,0.0,10.72,DEAD_RECKONING,1.69,319.03,-2664.59,-1108.96,3710.61,True,False,False,false
1788952718430,-2.0471,6.5581,7.797,0.30572,0.22436,-0.62489,26.51,28.44,-32.08,0.0,0.0,0.0,0.0,0.0,10.72,DEAD_RECKONING,1.69,320.89,-2663.66,-1106.5,3713.56,True,False,False,false
1788952720816,-2.0471,6.5581,7.797,0.30572,0.22436,-0.62489,26.51,28.44,-32.08,0.0,0.0,0.0,0.0,0.0,10.72,DEAD_RECKONING,1.69,322.71,-2663.29,-1104.17,3715.05,True,False,False,false
1788952720942,-2.0471,6.5581,7.797,0.30572,0.22436,-0.62489,26.51,28.44,-32.08,0.0,0.0,0.0,0.0,0.0,10.72,DEAD_RECKONING,1.69,324.83,-2663.07,-1102.2,3716.14,False,False,False,false
1788952721060,-2.0471,6.5581,7.797,0.30572,0.22436,-0.62489,26.51,28.44,-32.08,0.0,0.0,0.0,0.0,0.0,10.72,DEAD_RECKONING,1.69,327.05,-2662.92,-1100.36,3717.11,False,False,False,false
1788952721185,-2.0471,6.5581,7.797,0.30572,0.22436,-0.62489,26.51,28.44,-32.08,0.0,0.0,0.0,0.0,0.0,10.72,DEAD_RECKONING,1.69,329.42,-2662.81,-1098.5,3718.06,False,False,False,false
1788952721310,-2.0471,6.5581,7.797,0.30572,0.22436,-0.62489,26.51,28.44,-32.08,0.0,0.0,0.0,0.0,0.0,10.72,DEAD_RECKONING,1.69,332.0,-2662.72,-1096.56,3718.98,False,False,False,false
1788952721455,-2.0471,6.5581,7.797,0.30572,0.22436,-0.62489,26.51,28.44,-32.08,0.0,0.0,0.0,0.0,0.0,10.72,DEAD_RECKONING,1.69,334.87,-2662.66,-1094.56,3719.85,False,False,False,false
1788952721571,-2.0471,6.5581,7.797,0.30572,0.22436,-0.62489,26.51,28.44,-32.08,0.0,0.0,0.0,0.0,0.0,10.72,DEAD_RECKONING,1.69,338.13,-2662.64,-1092.51,3720.66,False,False,False,false
1788952721695,-2.0471,6.5581,7.797,0.30572,0.22436,-0.62489,26.51,28.44,-32.08,0.0,0.0,0.0,0.0,0.0,10.72,DEAD_RECKONING,1.69,341.97,-2662.67,-1090.44,3721.39,False,False,False,false
1788952721822,-2.0471,6.5581,7.797,0.30572,0.22436,-0.62489,26.51,28.44,-32.08,0.0,0.0,0.0,0.0,0.0,10.72,DEAD_RECKONING,1.69,346.66,-2662.74,-1088.38,3722.02,False,False,False,false
1788952721947,-2.0471,6.5581,7.797,0.30572,0.22436,-0.62489,26.51,28.44,-32.08,0.0,0.0,0.0,0.0,0.0,10.72,DEAD_RECKONING,1.69,352.64,-2662.88,-1086.37,3722.54,False,False,False,false
1788952722074,-2.0471,6.5581,7.797,0.30572,0.22436,-0.62489,26.51,28.44,-32.08,0.0,0.0,0.0,0.0,0.0,10.72,DEAD_RECKONING,1.69,0.67,-2663.09,-1084.44,3722.91,False,False,False,false
1788952722198,-2.0471,6.5581,7.797,0.30572,0.22436,-0.62489,26.51,28.44,-32.08,0.0,0.0,0.0,0.0,0.0,10.72,DEAD_RECKONING,1.69,12.01,-2663.38,-1082.64,3723.13,False,False,False,false
1788952722326,-2.0471,6.5581,7.797,0.30572,0.22436,-0.62489,26.51,28.44,-32.08,0.0,0.0,0.0,0.0,0.0,10.72,DEAD_RECKONING,1.69,28.39,-2663.76,-1081.02,3723.17,False,False,False,false
1788952722453,-2.0471,6.5581,7.797,0.30572,0.22436,-0.62489,26.51,28.44,-32.08,0.0,0.0,0.0,0.0,0.0,10.72,DEAD_RECKONING,1.69,50.54,-2664.23,-1079.65,3723.0,False,False,False,false
1788952722576,-2.0471,6.5581,7.797,0.30572,0.22436,-0.62489,26.51,28.44,-32.08,0.0,0.0,0.0,0.0,0.0,10.72,DEAD_RECKONING,1.77,74.64,-2664.8,-1078.67,3722.56,False,False,False,false
1788952722701,-2.0471,6.5581,7.797,0.30572,0.22436,-0.62489,26.51,28.44,-32.08,0.0,0.0,0.0,0.0,0.0,10.72,DEAD_RECKONING,1.77,94.57,-2665.44,-1078.2,3721.8,False,False,False,false
1788952722825,-2.0471,6.5581,7.797,0.30572,0.22436,-0.62489,26.51,28.44,-32.08,0.0,0.0,0.0,0.0,0.0,10.72,DEAD_RECKONING,1.77,108.68,-2666.15,-1078.52,3720.6,False,False,False,false
1788952722996,-2.0471,6.5581,7.797,0.30572,0.22436,-0.62489,26.51,28.44,-32.08,0.0,0.0,0.0,0.0,0.0,10.72,DEAD_RECKONING,1.77,118.47,-2666.88,-1080.08,3718.75,False,False,False,false
1788952723113,-2.0471,6.5581,7.797,0.30572,0.22436,-0.62489,26.51,28.44,-32.08,0.0,0.0,0.0,0.0,0.0,10.72,DEAD_RECKONING,1.77,125.55,-2667.57,-1083.95,3715.76,False,False,False,false
1788952723229,-2.0471,6.5581,7.797,0.30572,0.22436,-0.62489,26.51,28.44,-32.08,0.0,0.0,0.0,0.0,0.0,10.72,DEAD_RECKONING,1.77,130.93,-2667.77,-1092.56,3710.23,False,False,False,false
1788952723348,-2.0471,6.5581,7.797,0.30572,0.22436,-0.62489,26.51,28.44,-32.08,0.0,0.0,0.0,0.0,0.0,10.72,DEAD_RECKONING,1.77,135.23,-2667.51,-1115.99,3696.74,False,False,False,false
1788952723466,-2.0471,6.5581,7.797,0.30572,0.22436,-0.62489,26.51,28.44,-32.08,0.0,0.0,0.0,0.0,0.0,10.72,DEAD_RECKONING,1.77,138.81,-2666.96,-1115.2,3694.96,False,False,False,false
1788952723592,-2.0471,6.5581,7.797,0.30572,0.22436,-0.62489,26.51,28.44,-32.08,0.0,0.0,0.0,0.0,0.0,10.72,DEAD_RECKONING,1.77,141.9,-2667.31,-1113.92,3693.93,False,False,False,false
1788952723716,-2.0471,6.5581,7.797,0.30572,0.22436,-0.62489,26.51,28.44,-32.08,0.0,0.0,0.0,0.0,0.0,10.72,DEAD_RECKONING,1.77,144.63,-2667.81,-1112.7,3693.28,False,False,False,false
1788952723840,-2.0471,6.5581,7.797,0.30572,0.22436,-0.62489,26.51,28.44,-32.08,0.0,0.0,0.0,0.0,0.0,10.72,DEAD_RECKONING,1.77,147.12,-2668.6,-1111.93,3692.79,False,False,False,false
1788952723970,-2.0471,6.5581,7.797,0.30572,0.22436,-0.62489,26.51,28.44,-32.08,0.0,0.0,0.0,0.0,0.0,10.72,DEAD_RECKONING,1.77,149.43,-2669.59,-1111.63,3692.49,False,False,False,false
1788952724097,-2.0471,6.5581,7.797,0.30572,0.22436,-0.62489,26.51,28.44,-32.08,0.0,0.0,0.0,0.0,0.0,10.72,DEAD_RECKONING,1.77,151.6,-2671.02,-1112.17,3692.34,False,False,False,false
1788952724222,-2.0471,6.5581,7.797,0.30572,0.22436,-0.62489,26.51,28.44,-32.08,0.0,0.0,0.0,0.0,0.0,10.72,DEAD_RECKONING,1.77,153.68,-2672.7,-1113.66,3692.52,False,False,False,false
1788952724348,-2.0471,6.5581,7.797,0.30572,0.22436,-0.62489,26.51,28.44,-32.08,0.0,0.0,0.0,0.0,0.0,10.72,DEAD_RECKONING,1.77,155.69,-2675.49,-1117.28,3692.77,False,False,False,false
1788952724472,-2.0471,6.5581,7.797,0.30572,0.22436,-0.62489,26.51,28.44,-32.08,0.0,0.0,0.0,0.0,0.0,10.72,DEAD_RECKONING,1.77,157.66,-2677.55,-1122.55,3694.18,False,False,False,false
1788952724600,-2.0471,6.5581,7.797,0.30572,0.22436,-0.62489,26.51,28.44,-32.08,0.0,0.0,0.0,0.0,0.0,10.72,DEAD_RECKONING,1.77,159.6,-2687.38,-1138.04,3693.2,False,False,False,false
1788952735120,-2.0471,6.5581,7.797,0.30572,0.22436,-0.62489,26.51,28.44,-32.08,0.0,0.0,0.0,0.0,0.0,10.72,DEAD_RECKONING,1.77,161.53,-2658.96,-1135.11,3711.48,False,False,False,false
1788952735242,-2.0471,6.5581,7.797,0.30572,0.22436,-0.62489,26.51,28.44,-32.08,0.0,0.0,0.0,0.0,0.0,10.72,DEAD_RECKONING,1.77,163.47,-2716.77,-1185.75,3686.92,False,False,False,false
1788952735358,-2.0471,6.5581,7.797,0.30572,0.22436,-0.62489,26.51,28.44,-32.08,0.0,0.0,0.0,0.0,0.0,10.72,DEAD_RECKONING,1.77,165.42,-2717.15,-1191.56,3688.32,False,False,False,false
1788952735639,-2.0471,6.5581,7.797,0.30572,0.22436,-0.62489,26.51,28.44,-32.08,0.0,0.0,0.0,0.0,0.0,10.72,DEAD_RECKONING,1.77,167.41,-2720.07,-1192.84,3688.43,False,False,False,false
1788952735754,-2.0471,6.5581,7.797,0.30572,0.22436,-0.62489,26.51,28.44,-32.08,0.0,0.0,0.0,0.0,0.0,10.72,DEAD_RECKONING,1.77,169.43,-2722.96,-1192.93,3688.82,False,False,False,false
1788952735878,-2.0471,6.5581,7.797,0.30572,0.22436,-0.62489,26.51,28.44,-32.08,0.0,0.0,0.0,0.0,0.0,10.72,DEAD_RECKONING,1.77,171.5,-2726.11,-1193.32,3689.44,False,False,False,false
1788952736002,-2.0471,6.5581,7.797,0.30572,0.22436,-0.62489,26.51,28.44,-32.08,0.0,0.0,0.0,0.0,0.0,10.72,DEAD_RECKONING,1.77,173.63,-2729.61,-1194.21,3690.29,False,False,False,false
1788952736136,-2.0471,6.5581,7.797,0.30572,0.22436,-0.62489,26.51,28.44,-32.08,0.0,0.0,0.0,0.0,0.0,10.72,DEAD_RECKONING,1.77,175.83,-2733.53,-1195.8,3691.44,False,False,False,false
1788952736263,-2.0471,6.5581,7.797,0.30572,0.22436,-0.62489,26.51,28.44,-32.08,0.0,0.0,0.0,0.0,0.0,10.72,DEAD_RECKONING,1.77,178.12,-2738.04,-1198.44,3692.95,False,False,False,false
1788952736386,-2.0471,6.5581,7.797,0.30572,0.22436,-0.62489,26.51,28.44,-32.08,0.0,0.0,0.0,0.0,0.0,10.72,DEAD_RECKONING,2.03,180.49,-2743.46,-1202.7,3694.97,False,False,False,false
1788952746593,-2.0471,6.5581,7.797,0.30572,0.22436,-0.62489,26.51,28.44,-32.08,0.0,0.0,0.0,0.0,0.0,10.72,DEAD_RECKONING,1.96,182.97,-2749.94,-1209.22,3697.34,False,False,False,false
1788952746732,-2.0471,6.5581,7.797,0.30572,0.22436,-0.62489,26.51,28.44,-32.08,0.0,0.0,0.0,0.0,0.0,10.72,DEAD_RECKONING,1.96,185.56,-2757.65,-1218.01,3700.29,False,False,False,false
1788952746847,-2.0471,6.5581,7.797,0.30572,0.22436,-0.62489,26.51,28.44,-32.08,0.0,0.0,0.0,0.0,0.0,10.72,DEAD_RECKONING,1.96,188.27,-2767.57,-1231.27,3703.89,False,False,False,false
1788952746975,-2.0471,6.5581,7.797,0.30572,0.22436,-0.62489,26.51,28.44,-32.08,0.0,0.0,0.0,0.0,0.0,10.72,DEAD_RECKONING,1.96,191.11,-2779.54,-1248.73,3707.82,False,False,False,false
1788952747315,-2.0471,6.5581,7.797,0.30572,0.22436,-0.62489,26.51,28.44,-32.08,0.0,0.0,0.0,0.0,0.0,10.72,DEAD_RECKONING,1.96,194.1,-2795.57,-1272.83,3713.45,False,False,False,false
1788952747432,-2.0471,6.5581,7.797,0.30572,0.22436,-0.62489,26.51,28.44,-32.08,0.0,0.0,0.0,0.0,0.0,10.72,DEAD_RECKONING,1.96,197.24,-2806.4,-1292.2,3713.71,False,False,False,false
1788952747648,-2.0471,6.5581,7.797,0.30572,0.22436,-0.62489,26.51,28.44,-32.08,0.0,0.0,0.0,0.0,0.0,10.72,DEAD_RECKONING,1.96,200.54,-2807.39,-1296.48,3709.27,False,False,False,false
1788952747774,-2.0471,6.5581,7.797,0.30572,0.22436,-0.62489,26.51,28.44,-32.08,0.0,0.0,0.0,0.0,0.0,10.72,DEAD_RECKONING,1.96,203.99,-2808.56,-1298.94,3706.56,False,False,False,false
1788952747896,-2.0471,6.5581,7.797,0.30572,0.22436,-0.62489,26.51,28.44,-32.08,0.0,0.0,0.0,0.0,0.0,10.72,DEAD_RECKONING,1.96,207.62,-2809.42,-1299.67,3704.88,False,False,False,false
1788952748017,-2.0471,6.5581,7.797,0.30572,0.22436,-0.62489,26.51,28.44,-32.08,0.0,0.0,0.0,0.0,0.0,10.72,DEAD_RECKONING,1.96,211.4,-2810.27,-1300.19,3703.5,False,False,False,false
1788952748132,-2.0471,6.5581,7.797,0.30572,0.22436,-0.62489,26.51,28.44,-32.08,0.0,0.0,0.0,0.0,0.0,10.72,DEAD_RECKONING,1.96,215.34,-2811.1,-1300.68,3702.29,False,False,False,false
1788952748255,-2.0471,6.5581,7.797,0.30572,0.22436,-0.62489,26.51,28.44,-32.08,0.0,0.0,0.0,0.0,0.0,10.72,DEAD_RECKONING,1.96,219.42,-2811.92,-1301.18,3701.21,False,False,False,false
1788952748382,-2.0471,6.5581,7.797,0.30572,0.22436,-0.62489,26.51,28.44,-32.08,0.0,0.0,0.0,0.0,0.0,10.72,DEAD_RECKONING,1.96,223.62,-2812.71,-1301.71,3700.24,False,False,False,false
1788952748504,-2.0471,6.5581,7.797,0.30572,0.22436,-0.62489,26.51,28.44,-32.08,0.0,0.0,0.0,0.0,0.0,10.72,DEAD_RECKONING,1.96,227.93,-2813.49,-1302.29,3699.39,False,False,False,false
1788952748624,-2.0471,6.5581,7.797,0.30572,0.22436,-0.62489,26.51,28.44,-32.08,0.0,0.0,0.0,0.0,0.0,10.72,DEAD_RECKONING,1.96,232.31,-2814.24,-1302.92,3698.64,False,False,False,false
1788952748741,-2.0471,6.5581,7.797,0.30572,0.22436,-0.62489,26.51,28.44,-32.08,0.0,0.0,0.0,0.0,0.0,10.72,DEAD_RECKONING,1.96,236.74,-2814.98,-1303.59,3698.03,False,False,False,false
1788952758912,-2.0471,6.5581,7.797,0.30572,0.22436,-0.62489,26.51,28.44,-32.08,0.0,0.0,0.0,0.0,0.0,10.72,DEAD_RECKONING,1.96,241.17,-2815.73,-1304.3,3697.56,False,False,False,false
1788952759044,-2.0471,6.5581,7.797,0.30572,0.22436,-0.62489,26.51,28.44,-32.08,0.0,0.0,0.0,0.0,0.0,10.72,DEAD_RECKONING,1.96,245.57,-2816.48,-1305.04,3697.26,False,False,False,false
1788952759169,-2.0471,6.5581,7.797,0.30572,0.22436,-0.62489,26.51,28.44,-32.08,0.0,0.0,0.0,0.0,0.0,10.72,DEAD_RECKONING,1.96,249.92,-2817.28,-1305.8,3697.16,False,False,False,false
1788952759289,-2.0471,6.5581,7.797,0.30572,0.22436,-0.62489,26.51,28.44,-32.08,0.0,0.0,0.0,0.0,0.0,10.72,DEAD_RECKONING,1.96,254.18,-2818.14,-1306.57,3697.32,False,False,False,false
1788952759411,-2.0471,6.5581,7.797,0.30572,0.22436,-0.62489,26.51,28.44,-32.08,0.0,0.0,0.0,0.0,0.0,10.72,DEAD_RECKONING,1.96,258.32,-2819.14,-1307.33,3697.79,False,False,False,false
1788952759525,-2.0471,6.5581,7.797,0.30572,0.22436,-0.62489,26.51,28.44,-32.08,0.0,0.0,0.0,0.0,0.0,10.72,DEAD_RECKONING,1.88,262.32,-2820.36,-1308.05,3698.66,False,False,False,false
1788952759646,-2.0471,6.5581,7.797,0.30572,0.22436,-0.62489,26.51,28.44,-32.08,0.0,0.0,0.0,0.0,0.0,10.72,DEAD_RECKONING,1.88,266.18,-2821.96,-1308.69,3700.14,False,False,False,false
1788952759764,-2.0471,6.5581,7.797,0.30572,0.22436,-0.62489,26.51,28.44,-32.08,0.0,0.0,0.0,0.0,0.0,10.72,DEAD_RECKONING,1.88,269.88,-2824.35,-1309.16,3702.64,False,False,False,false
1788952759891,-2.0471,6.5581,7.797,0.30572,0.22436,-0.62489,26.51,28.44,-32.08,0.0,0.0,0.0,0.0,0.0,10.72,DEAD_RECKONING,1.88,273.47,-2828.71,-1309.15,3707.55,True,False,False,false
1788952760044,-2.0471,6.5581,7.797,0.30572,0.22436,-0.62489,26.51,28.44,-32.08,0.0,0.0,0.0,0.0,0.0,10.72,DEAD_RECKONING,1.88,276.84,-2840.4,-1308.06,3719.04,False,False,False,false
1788952760184,-2.0471,6.5581,7.797,0.30572,0.22436,-0.62489,26.51,28.44,-32.08,0.0,0.0,0.0,0.0,0.0,10.72,DEAD_RECKONING,1.88,280.05,-2903.65,-1297.77,3774.98,False,False,False,false
1788952760330,-2.0471,6.5581,7.797,0.30572,0.22436,-0.62489,26.51,28.44,-32.08,0.0,0.0,0.0,0.0,0.0,10.72,DEAD_RECKONING,1.88,283.1,-2901.99,-1296.68,3774.22,False,False,False,false
1788952760474,-2.0471,6.5581,7.797,0.30572,0.22436,-0.62489,26.51,28.44,-32.08,0.0,0.0,0.0,0.0,0.0,10.72,DEAD_RECKONING,1.88,286.01,-2901.8,-1295.44,3774.78,False,False,False,false
1788952760602,-2.0471,6.5581,7.797,0.30572,0.22436,-0.62489,26.51,28.44,-32.08,0.0,0.0,0.0,0.0,0.0,10.72,DEAD_RECKONING,1.88,288.77,-2901.57,-1294.22,3775.35,False,False,False,false
1788952760740,-2.0471,6.5581,7.797,0.30572,0.22436,-0.62489,26.51,28.44,-32.08,0.0,0.0,0.0,0.0,0.0,10.72,DEAD_RECKONING,1.88,291.41,-2901.3,-1293.03,3775.94,False,False,False,false
1788952760870,-2.0471,6.5581,7.797,0.30572,0.22436,-0.62489,26.51,28.44,-32.08,0.0,0.0,0.0,0.0,0.0,10.72,DEAD_RECKONING,1.88,293.93,-2900.99,-1291.86,3776.54,False,False,False,false
1788952761029,-2.0471,6.5581,7.797,0.30572,0.22436,-0.62489,26.51,28.44,-32.08,0.0,0.0,0.0,0.0,0.0,10.72,DEAD_RECKONING,1.88,296.35,-2900.65,-1290.71,3777.17,False,False,False,false
1788952761167,-2.0471,6.5581,7.797,0.30572,0.22436,-0.62489,26.51,28.44,-32.08,0.0,0.0,0.0,0.0,0.0,10.72,DEAD_RECKONING,1.95,298.67,-2900.28,-1289.56,3777.8,False,False,False,false
1788952761287,-2.0471,6.5581,7.797,0.30572,0.22436,-0.62489,26.51,28.44,-32.08,0.0,0.0,0.0,0.0,0.0,10.72,DEAD_RECKONING,1.72,300.9,-2899.86,-1288.43,3778.54,False,False,False,false
1788952761404,-2.0471,6.5581,7.797,0.30572,0.22436,-0.62489,26.51,28.44,-32.08,0.0,0.0,0.0,0.0,0.0,10.72,DEAD_RECKONING,1.69,303.05,-2899.4,-1287.3,3779.32,False,False,False,false
1788952761518,-2.0471,6.5581,7.797,0.30572,0.22436,-0.62489,26.51,28.44,-32.08,0.0,0.0,0.0,0.0,0.0,10.72,DEAD_RECKONING,1.69,305.14,-2898.91,-1286.16,3780.16,False,False,False,false
1788952761631,-2.0471,6.5581,7.797,0.30572,0.22436,-0.62489,26.51,28.44,-32.08,0.0,0.0,0.0,0.0,0.0,10.72,DEAD_RECKONING,1.69,307.18,-2898.39,-1284.98,3781.06,False,False,False,false
1788952761748,-2.0471,6.5581,7.797,0.30572,0.22436,-0.62489,26.51,28.44,-32.08,0.0,0.0,0.0,0.0,0.0,10.72,DEAD_RECKONING,1.69,309.17,-2897.83,-1283.78,3782.03,False,False,False,false
1788952761861,-2.0471,6.5581,7.797,0.30572,0.22436,-0.62489,26.51,28.44,-32.08,0.0,0.0,0.0,0.0,0.0,10.72,DEAD_RECKONING,1.69,311.13,-2897.23,-1282.52,3783.08,False,False,False,false
1788952761987,-2.0471,6.5581,7.797,0.30572,0.22436,-0.62489,26.51,28.44,-32.08,0.0,0.0,0.0,0.0,0.0,10.72,DEAD_RECKONING,1.69,313.06,-2896.58,-1281.21,3784.21,False,False,False,false
1788952762106,-2.0471,6.5581,7.797,0.30572,0.22436,-0.62489,26.51,28.44,-32.08,0.0,0.0,0.0,0.0,0.0,10.72,DEAD_RECKONING,1.69,314.98,-2895.9,-1279.84,3785.42,False,False,False,false
1788952762232,-2.0471,6.5581,7.797,0.30572,0.22436,-0.62489,26.51,28.44,-32.08,0.0,0.0,0.0,0.0,0.0,10.72,DEAD_RECKONING,1.69,317.17,-2894.69,-1278.45,3787.05,True,False,False,false
1788952762353,-2.0471,6.5581,7.797,0.30572,0.22436,-0.62489,26.51,28.44,-32.08,0.0,0.0,0.0,0.0,0.0,10.72,DEAD_RECKONING,1.69,319.27,-2893.69,-1276.97,3788.49,True,False,False,false
1788952762472,-2.0471,6.5581,7.797,0.30572,0.22436,-0.62489,26.51,28.44,-32.08,0.0,0.0,0.0,0.0,0.0,10.72,DEAD_RECKONING,1.69,321.28,-2892.82,-1275.38,3789.87,True,False,False,false
1788952762588,-2.0471,6.5581,7.797,0.30572,0.22436,-0.62489,26.51,28.44,-32.08,0.0,0.0,0.0,0.0,0.0,10.72,DEAD_RECKONING,1.69,323.26,-2892.12,-1273.72,3791.15,True,False,False,false
1788952762703,-2.0471,6.5581,7.797,0.30572,0.22436,-0.62489,26.51,28.44,-32.08,0.0,0.0,0.0,0.0,0.0,10.72,DEAD_RECKONING,1.69,325.24,-2891.6,-1272.02,3792.31,True,False,False,false
1788952762817,-2.0471,6.5581,7.797,0.30572,0.22436,-0.62489,26.51,28.44,-32.08,0.0,0.0,0.0,0.0,0.0,10.72,DEAD_RECKONING,1.69,327.29,-2891.25,-1270.3,3793.35,True,False,False,false
1788952762933,-2.0471,6.5581,7.797,0.30572,0.22436,-0.62489,26.51,28.44,-32.08,0.0,0.0,0.0,0.0,0.0,10.72,DEAD_RECKONING,1.69,329.5,-2891.05,-1268.56,3794.31,True,False,False,false
1788952763052,-2.0471,6.5581,7.797,0.30572,0.22436,-0.62489,26.51,28.44,-32.08,0.0,0.0,0.0,0.0,0.0,10.72,DEAD_RECKONING,1.69,332.05,-2890.45,-1266.62,3795.52,False,False,False,false
1788952763176,-2.0471,6.5581,7.797,0.30572,0.22436,-0.62489,26.51,28.44,-32.08,0.0,0.0,0.0,0.0,0.0,10.72,DEAD_RECKONING,1.69,334.9,-2889.86,-1264.67,3796.57,False,False,False,false
1788952763302,-2.0471,6.5581,7.797,0.30572,0.22436,-0.62489,26.51,28.44,-32.08,0.0,0.0,0.0,0.0,0.0,10.72,DEAD_RECKONING,1.69,338.15,-2889.4,-1262.73,3797.41,False,False,False,false
1788952763429,-2.0471,6.5581,7.797,0.30572,0.22436,-0.62489,26.51,28.44,-32.08,0.0,0.0,0.0,0.0,0.0,10.72,DEAD_RECKONING,1.69,342.0,-2889.14,-1260.86,3797.95,False,False,False,false
1788952763554,-2.0471,6.5581,7.797,0.30572,0.22436,-0.62489,26.51,28.44,-32.08,0.0,0.0,0.0,0.0,0.0,10.72,DEAD_RECKONING,1.69,346.72,-2889.23,-1259.16,3798.04,False,False,False,false
1788952763679,-2.0471,6.5581,7.797,0.30572,0.22436,-0.62489,26.51,28.44,-32.08,0.0,0.0,0.0,0.0,0.0,10.72,DEAD_RECKONING,1.69,352.81,-2890.05,-1257.97,3797.27,False,False,False,false
1788952763802,-2.0471,6.5581,7.797,0.30572,0.22436,-0.62489,26.51,28.44,-32.08,0.0,0.0,0.0,0.0,0.0,10.72,DEAD_RECKONING,1.69,1.09,-2893.29,-1258.87,3793.8,False,False,False,false
1788952763934,-2.0471,6.5581,7.797,0.30572,0.22436,-0.62489,26.51,28.44,-32.08,0.0,0.0,0.0,0.0,0.0,10.72,DEAD_RECKONING,1.69,12.96,-2894.46,-1257.95,3792.71,False,False,False,false
1788952764060,-2.0471,6.5581,7.797,0.30572,0.22436,-0.62489,26.51,28.44,-32.08,0.0,0.0,0.0,0.0,0.0,10.72,DEAD_RECKONING,1.69,30.39,-2894.64,-1255.94,3792.66,False,False,False,false
1788952764183,-2.0471,6.5581,7.797,0.30572,0.22436,-0.62489,26.51,28.44,-32.08,0.0,0.0,0.0,0.0,0.0,10.72,DEAD_RECKONING,1.69,53.91,-2895.2,-1254.16,3792.44,False,False,False,false
1788952764309,-2.0471,6.5581,7.797,0.30572,0.22436,-0.62489,26.51,28.44,-32.08,0.0,0.0,0.0,0.0,0.0,10.72,DEAD_RECKONING,1.77,78.6,-2896.44,-1253.08,3791.98,False,False,False,false
1788952764426,-2.0471,6.5581,7.797,0.30572,0.22436,-0.62489,26.51,28.44,-32.08,0.0,0.0,0.0,0.0,0.0,10.72,DEAD_RECKONING,1.77,98.09,-2898.15,-1252.66,3791.8,False,False,False,false
1788952764548,-2.0471,6.5581,7.797,0.30572,0.22436,-0.62489,26.51,28.44,-32.08,0.0,0.0,0.0,0.0,0.0,10.72,DEAD_RECKONING,1.77,111.51,-2899.35,-1251.64,3793.2,False,False,False,false
1788952764671,-2.0471,6.5581,7.797,0.30572,0.22436,-0.62489,26.51,28.44,-32.08,0.0,0.0,0.0,0.0,0.0,10.72,DEAD_RECKONING,1.77,120.74,-2900.76,-1251.4,3794.89,False,False,False,false
1788952764793,-2.0471,6.5581,7.797,0.30572,0.22436,-0.62489,26.51,28.44,-32.08,0.0,0.0,0.0,0.0,0.0,10.72,DEAD_RECKONING,1.77,127.41,-2900.97,-1249.0,3798.35,False,False,False,false
1788952764918,-2.0471,6.5581,7.797,0.30572,0.22436,-0.62489,26.51,28.44,-32.08,0.0,0.0,0.0,0.0,0.0,10.72,DEAD_RECKONING,1.77,132.5,-2904.03,-1257.29,3798.11,False,False,False,false
1788952771004,-2.0471,6.5581,7.797,0.30572,0.22436,-0.62489,26.51,28.44,-32.08,0.0,0.0,0.0,0.0,0.0,10.72,DEAD_RECKONING,1.77,136.58,-2901.61,-1233.75,3803.34,False,False,False,false
1788952771124,-2.0471,6.5581,7.797,0.30572,0.22436,-0.62489,26.51,28.44,-32.08,0.0,0.0,0.0,0.0,0.0,10.72,DEAD_RECKONING,1.77,140.0,-2889.98,-1251.89,3826.31,False,False,False,false
1788952772751,-2.0471,6.5581,7.797,0.30572,0.22436,-0.62489,26.51,28.44,-32.08,0.0,0.0,0.0,0.0,0.0,10.72,DEAD_RECKONING,1.77,142.96,-2892.35,-1251.29,3820.81,False,False,False,false
1788952773015,-2.0471,6.5581,7.797,0.30572,0.22436,-0.62489,26.51,28.44,-32.08,0.0,0.0,0.0,0.0,0.0,10.72,DEAD_RECKONING,1.77,145.6,-2890.79,-1247.32,3821.86,False,False,False,false
1788952773130,-2.0471,6.5581,7.797,0.30572,0.22436,-0.62489,26.51,28.44,-32.08,0.0,0.0,0.0,0.0,0.0,10.72,DEAD_RECKONING,1.77,148.0,-2889.83,-1243.7,3821.92,False,False,False,false
1788952773254,-2.0471,6.5581,7.797,0.30572,0.22436,-0.62489,26.51,28.44,-32.08,0.0,0.0,0.0,0.0,0.0,10.72,DEAD_RECKONING,1.77,150.24,-2888.6,-1239.75,3822.53,False,False,False,false
1788952773380,-2.0471,6.5581,7.797,0.30572,0.22436,-0.62489,26.51,28.44,-32.08,0.0,0.0,0.0,0.0,0.0,10.72,DEAD_RECKONING,1.77,152.36,-2887.52,-1235.79,3823.04,False,False,False,false
1788952783641,-2.0471,6.5581,7.797,0.30572,0.22436,-0.62489,26.51,28.44,-32.08,0.0,0.0,0.0,0.0,0.0,10.72,DEAD_RECKONING,1.77,154.39,-2886.42,-1231.73,3823.76,False,False,False,false
1788952783764,-2.0471,6.5581,7.797,0.30572,0.22436,-0.62489,26.51,28.44,-32.08,0.0,0.0,0.0,0.0,0.0,10.72,DEAD_RECKONING,1.77,156.36,-2885.62,-1227.81,3824.27,False,False,False,false
1788952783877,-2.0471,6.5581,7.797,0.30572,0.22436,-0.62489,26.51,28.44,-32.08,0.0,0.0,0.0,0.0,0.0,10.72,DEAD_RECKONING,1.77,158.3,-2884.99,-1224.01,3824.88,False,False,False,false
1788952800324,-2.0471,6.5581,7.797,0.30572,0.22436,-0.62489,26.51,28.44,-32.08,0.0,0.0,0.0,0.0,0.0,10.72,DEAD_RECKONING,1.77,160.21,-2885.12,-1220.78,3824.79,False,False,False,false
1788952801037,-2.0471,6.5581,7.797,0.30572,0.22436,-0.62489,26.51,28.44,-32.08,0.0,0.0,0.0,0.0,0.0,10.72,DEAD_RECKONING,1.77,162.12,-2885.4,-1217.94,3825.37,False,False,False,false
1788952810599,-2.0471,6.5581,7.797,0.30572,0.22436,-0.62489,26.51,28.44,-32.08,0.0,0.0,0.0,0.0,0.0,10.72,DEAD_RECKONING,1.77,164.03,-2889.03,-1217.69,3821.76,False,False,False,false
1788952820687,-2.0471,6.5581,7.797,0.30572,0.22436,-0.62489,26.51,28.44,-32.08,0.0,0.0,0.0,0.0,0.0,10.72,DEAD_RECKONING,1.77,165.97,-2884.5,-1215.1,3834.48,False,False,False,false
1788952820824,-2.0471,6.5581,7.797,0.30572,0.22436,-0.62489,26.51,28.44,-32.08,0.0,0.0,0.0,0.0,0.0,10.72,DEAD_RECKONING,1.77,167.93,-2941.1,-1245.52,3749.58,False,False,False,false
1788952826670,-2.0471,6.5581,7.797,0.30572,0.22436,-0.62489,26.51,28.44,-32.08,0.0,0.0,0.0,0.0,0.0,10.72,DEAD_RECKONING,1.77,169.94,-2822.99,-1194.3,3944.15,False,False,False,false
1788952826796,-2.0471,6.5581,7.797,0.30572,0.22436,-0.62489,26.51,28.44,-32.08,0.0,0.0,0.0,0.0,0.0,10.72,DEAD_RECKONING,1.77,172.0,-2824.58,-1196.84,3946.47,False,False,False,false
1788952826951,-2.0471,6.5581,7.797,0.30572,0.22436,-0.62489,26.51,28.44,-32.08,0.0,0.0,0.0,0.0,0.0,10.72,DEAD_RECKONING,1.77,174.13,-2828.04,-1196.8,3941.91,False,False,False,false
1788952827084,-2.0471,6.5581,7.797,0.30572,0.22436,-0.62489,26.51,28.44,-32.08,0.0,0.0,0.0,0.0,0.0,10.72,DEAD_RECKONING,1.77,176.16,-2831.24,-1196.5,3937.79,True,False,False,false
1788952827232,-2.0471,6.5581,7.797,0.30572,0.22436,-0.62489,26.51,28.44,-32.08,0.0,0.0,0.0,0.0,0.0,10.72,DEAD_RECKONING,1.77,178.39,-2829.92,-1194.54,3937.94,True,False,False,false
1788952827375,-2.0471,6.5581,7.797,0.30572,0.22436,-0.62489,26.51,28.44,-32.08,0.0,0.0,0.0,0.0,0.0,10.72,DEAD_RECKONING,1.98,180.83,-2831.62,-1193.55,3935.0,True,False,False,false
1788952827535,-2.0471,6.5581,7.797,0.30572,0.22436,-0.62489,26.51,28.44,-32.08,0.0,0.0,0.0,0.0,0.0,10.72,DEAD_RECKONING,1.96,183.47,-2838.18,-1195.91,3926.98,True,False,False,false
1788952827676,-2.0471,6.5581,7.797,0.30572,0.22436,-0.62489,26.51,28.44,-32.08,0.0,0.0,0.0,0.0,0.0,10.72,DEAD_RECKONING,1.96,186.13,-2853.71,-1205.25,3909.75,False,False,False,false
1788952827820,-2.0471,6.5581,7.797,0.30572,0.22436,-0.62489,26.51,28.44,-32.08,0.0,0.0,0.0,0.0,0.0,10.72,DEAD_RECKONING,1.96,188.92,-2909.25,-1243.84,3854.16,False,False,False,false
1788952827969,-2.0471,6.5581,7.797,0.30572,0.22436,-0.62489,26.51,28.44,-32.08,0.0,0.0,0.0,0.0,0.0,10.72,DEAD_RECKONING,1.96,191.83,-3108.15,-1396.01,3664.4,False,False,False,false
1788952828117,-2.0471,6.5581,7.797,0.30572,0.22436,-0.62489,26.51,28.44,-32.08,0.0,0.0,0.0,0.0,0.0,10.72,DEAD_RECKONING,1.96,194.88,-3111.9,-1398.36,3657.73,False,False,False,false
1788952828294,-2.0471,6.5581,7.797,0.30572,0.22436,-0.62489,26.51,28.44,-32.08,0.0,0.0,0.0,0.0,0.0,10.72,DEAD_RECKONING,1.96,198.06,-3114.59,-1400.07,3651.93,False,False,False,false
1788952828425,-2.0471,6.5581,7.797,0.30572,0.22436,-0.62489,26.51,28.44,-32.08,0.0,0.0,0.0,0.0,0.0,10.72,DEAD_RECKONING,1.96,201.4,-3117.09,-1401.71,3646.17,False,False,False,false
1788952828596,-2.0471,6.5581,7.797,0.30572,0.22436,-0.62489,26.51,28.44,-32.08,0.0,0.0,0.0,0.0,0.0,10.72,DEAD_RECKONING,1.96,204.88,-3119.35,-1403.25,3640.49,False,False,False,false
1788952828752,-2.0471,6.5581,7.797,0.30572,0.22436,-0.62489,26.51,28.44,-32.08,0.0,0.0,0.0,0.0,0.0,10.72,DEAD_RECKONING,1.96,208.52,-3121.35,-1404.69,3634.97,False,False,False,false
1788952828888,-2.0471,6.5581,7.797,0.30572,0.22436,-0.62489,26.51,28.44,-32.08,0.0,0.0,0.0,0.0,0.0,10.72,DEAD_RECKONING,1.96,212.3,-3123.04,-1406.01,3629.67,False,False,False,false
1788952829056,-2.0471,6.5581,7.797,0.30572,0.22436,-0.62489,26.51,28.44,-32.08,0.0,0.0,0.0,0.0,0.0,10.72,DEAD_RECKONING,1.96,216.23,-3124.39,-1407.18,3624.65,False,False,False,false
1788952829197,-2.0471,6.5581,7.797,0.30572,0.22436,-0.62489,26.51,28.44,-32.08,0.0,0.0,0.0,0.0,0.0,10.72,DEAD_RECKONING,1.96,220.28,-3125.39,-1408.21,3619.92,False,False,False,false
1788952829326,-2.0471,6.5581,7.797,0.30572,0.22436,-0.62489,26.51,28.44,-32.08,0.0,0.0,0.0,0.0,0.0,10.72,DEAD_RECKONING,1.96,224.44,-3126.07,-1409.1,3615.5,False,False,False,false
1788952829462,-2.0471,6.5581,7.797,0.30572,0.22436,-0.62489,26.51,28.44,-32.08,0.0,0.0,0.0,0.0,0.0,10.72,DEAD_RECKONING,1.96,228.69,-3126.45,-1409.89,3611.33,False,False,False,false
1788952829593,-2.0471,6.5581,7.797,0.30572,0.22436,-0.62489,26.51,28.44,-32.08,0.0,0.0,0.0,0.0,0.0,10.72,DEAD_RECKONING,1.96,233.01,-3126.59,-1410.59,3607.35,False,False,False,false
1788952829712,-2.0471,6.5581,7.797,0.30572,0.22436,-0.62489,26.51,28.44,-32.08,0.0,0.0,0.0,0.0,0.0,10.72,DEAD_RECKONING,1.96,237.35,-3126.54,-1411.25,3603.5,False,False,False,false
1788952829833,-2.0471,6.5581,7.797,0.30572,0.22436,-0.62489,26.51,28.44,-32.08,0.0,0.0,0.0,0.0,0.0,10.72,DEAD_RECKONING,1.96,241.7,-3126.36,-1411.9,3599.7,False,False,False,false
1788952829960,-2.0471,6.5581,7.797,0.30572,0.22436,-0.62489,26.51,28.44,-32.08,0.0,0.0,0.0,0.0,0.0,10.72,DEAD_RECKONING,1.96,246.03,-3126.09,-1412.56,3595.89,False,False,False,false
1788952830086,-2.0471,6.5581,7.797,0.30572,0.22436,-0.62489,26.51,28.44,-32.08,0.0,0.0,0.0,0.0,0.0,10.72,DEAD_RECKONING,1.96,250.29,-3125.77,-1413.26,3592.03,False,False,False,false
1788952830299,-2.0471,6.5581,7.797,0.30572,0.22436,-0.62489,26.51,28.44,-32.08,0.0,0.0,0.0,0.0,0.0,10.72,DEAD_RECKONING,1.96,254.48,-3125.41,-1414.01,3588.09,False,False,False,false
1788952830560,-2.0471,6.5581,7.797,0.30572,0.22436,-0.62489,26.51,28.44,-32.08,0.0,0.0,0.0,0.0,0.0,10.72,DEAD_RECKONING,1.96,258.55,-3125.04,-1414.82,3584.05,False,False,False,false
1788952830821,-2.0471,6.5581,7.797,0.30572,0.22436,-0.62489,26.51,28.44,-32.08,0.0,0.0,0.0,0.0,0.0,10.72,DEAD_RECKONING,1.88,262.5,-3124.68,-1415.69,3579.9,False,False,False,false
1788952830966,-2.0471,6.5581,7.797,0.30572,0.22436,-0.62489,26.51,28.44,-32.08,0.0,0.0,0.0,0.0,0.0,10.72,DEAD_RECKONING,1.88,266.32,-3124.32,-1416.64,3575.63,False,False,False,false
1788952831242,-2.0471,6.5581,7.797,0.30572,0.22436,-0.62489,26.51,28.44,-32.08,0.0,0.0,0.0,0.0,0.0,10.72,DEAD_RECKONING,1.88,269.98,-3123.97,-1417.65,3571.26,False,False,False,false
1788952831396,-2.0471,6.5581,7.797,0.30572,0.22436,-0.62489,26.51,28.44,-32.08,0.0,0.0,0.0,0.0,0.0,10.72,DEAD_RECKONING,1.88,273.5,-3123.64,-1418.73,3566.77,False,False,False,false
1788952831564,-2.0471,6.5581,7.797,0.30572,0.22436,-0.62489,26.51,28.44,-32.08,0.0,0.0,0.0,0.0,0.0,10.72,DEAD_RECKONING,1.88,276.87,-3123.33,-1419.88,3562.18,False,False,False,false
1788952831704,-2.0471,6.5581,7.797,0.30572,0.22436,-0.62489,26.51,28.44,-32.08,0.0,0.0,0.0,0.0,0.0,10.72,DEAD_RECKONING,1.88,279.66,-3122.23,-1420.36,3558.88,True,False,False,false
1788952831879,-2.0471,6.5581,7.797,0.30572,0.22436,-0.62489,26.51,28.44,-32.08,0.0,0.0,0.0,0.0,0.0,10.72,DEAD_RECKONING,1.88,282.91,-3125.25,-1424.78,3548.33,True,False,False,false
1788952832007,-2.0471,6.5581,7.797,0.30572,0.22436,-0.62489,26.51,28.44,-32.08,0.0,0.0,0.0,0.0,0.0,10.72,DEAD_RECKONING,1.88,285.83,-3126.02,-1427.07,3541.7,False,False,False,false
1788952832166,-2.0471,6.5581,7.797,0.30572,0.22436,-0.62489,26.51,28.44,-32.08,0.0,0.0,0.0,0.0,0.0,10.72,DEAD_RECKONING,1.88,288.63,-3126.18,-1428.88,3536.07,False,False,False,f
