timestamp_ms,accel_x,accel_y,accel_z,gyro_x,gyro_y,gyro_z,mag_x,mag_y,mag_z,gnss_lat,gnss_lon,gnss_alt,gnss_speed,gnss_bearing,gnss_accuracy,engine_state,ml_speed,heading_deg,pos_e,pos_n,pos_u,nhc_enabled,vnhc_enabled,compass_accepted,map_accepted
1788925035653,-1.5517,2.0231,9.2668,0.10905,-0.05313,0.00107,-22.09,23.33,-12.21,0.0000000,0.0000000,0.00,0.00,0.0,999.00,DEAD_RECKONING,2.66,224.10,-1893.20,2485.23,-465.88,true,true,false,false
1788925035761,-1.5709,2.0231,9.5109,-0.00067,-0.00519,-0.00107,-21.60,23.72,-12.21,0.0000000,0.0000000,0.00,0.00,0.0,999.00,DEAD_RECKONING,2.62,224.50,-1889.74,2489.37,-467.15,true,true,false,false
1788925035873,-1.7001,1.9513,9.5683,-0.09654,0.07044,-0.01491,-22.48,23.70,-11.91,0.0000000,0.0000000,0.00,0.00,0.0,999.00,DEAD_RECKONING,2.71,224.91,-1886.41,2493.43,-468.40,true,true,false,false
1788925035978,-1.3029,2.3492,9.0514,0.15273,-0.11065,-0.01385,-22.80,23.74,-12.15,0.0000000,0.0000000,0.00,0.00,0.0,999.00,DEAD_RECKONING,2.86,225.37,-1883.97,2496.38,-469.31,true,true,false,false
1788925036089,-1.7336,1.6211,9.5444,-0.36058,0.49320,-0.08948,-22.54,23.16,-11.87,0.0000000,0.0000000,0.00,0.00,0.0,999.00,DEAD_RECKONING,5.65,225.61,-1882.67,2498.33,-469.97,true,false,false,false
1788925036201,-3.3571,1.5111,8.9892,-0.22010,1.80104,-0.31305,-21.58,23.29,-12.68,0.0000000,0.0000000,0.00,0.00,0.0,999.00,DEAD_RECKONING,10.81,226.20,-1882.23,2499.61,-470.48,true,false,false,false
1788925036314,-3.8501,1.5159,9.2620,0.13036,-0.13515,0.21411,-21.00,22.88,-15.15,0.0000000,0.0000000,0.00,0.00,0.0,999.00,DEAD_RECKONING,10.82,225.05,-1881.08,2501.79,-471.27,true,false,false,false
1788925036431,-5.1715,1.7647,8.7069,-0.10186,0.33022,0.24394,-20.89,22.78,-16.88,0.0000000,0.0000000,0.00,0.00,0.0,999.00,DEAD_RECKONING,11.02,223.45,-1878.81,2505.57,-472.55,true,false,false,false
1788925036545,-5.7799,2.9713,10.6217,0.86843,-0.48441,1.06390,-18.69,23.48,-19.03,0.0000000,0.0000000,0.00,0.00,0.0,999.00,DEAD_RECKONING,10.76,217.82,-1872.38,2514.22,-475.24,true,false,false,false
1788925036658,-1.9442,2.2534,7.9023,0.91424,-1.25125,-1.13527,-18.17,22.86,-22.44,0.0000000,0.0000000,0.00,0.00,0.0,999.00,DEAD_RECKONING,12.62,225.86,-1871.98,2514.67,-475.31,true,false,false,false
1788925036772,-1.5757,3.1777,9.9183,-0.28282,-2.73485,0.22689,-21.71,20.49,-23.44,0.0000000,0.0000000,0.00,0.00,0.0,999.00,DEAD_RECKONING,12.55,229.45,-1875.07,2507.33,-472.50,true,false,false,false
1788925036891,-0.2160,1.4776,8.1703,-1.38733,-2.10117,-0.79347,-26.63,17.51,-19.33,0.0000000,0.0000000,0.00,0.00,0.0,999.00,DEAD_RECKONING,10.74,237.68,-1897.77,2475.50,-462.33,true,false,false,false
1788925037010,2.8487,-1.0122,11.3833,-1.70890,-1.26723,-0.80199,-30.96,14.79,-13.18,0.0000000,0.0000000,0.00,0.00,0.0,999.00,DEAD_RECKONING,11.35,244.62,-1920.81,2445.38,-453.01,true,false,false,false
1788925037129,2.1930,1.6211,10.3777,1.17615,-0.18841,-1.25564,-33.47,10.24,-7.82,0.0000000,0.0000000,0.00,0.00,0.0,999.00,DEAD_RECKONING,11.15,253.79,-1949.21,2410.58,-442.56,true,false,false,false
1788925037249,2.8247,2.0614,7.5769,1.12076,0.70625,-0.72742,-34.99,5.64,-7.20,0.0000000,0.0000000,0.00,0.00,0.0,999.00,DEAD_RECKONING,10.84,256.46,-1966.49,2390.50,-436.65,true,false,false,false
1788925037370,-1.8532,5.7535,6.3745,1.47548,2.44005,-1.30784,-34.56,2.14,-9.98,0.0000000,0.0000000,0.00,0.00,0.0,999.00,DEAD_RECKONING,11.54,255.49,-2012.66,2338.30,-421.64,false,false,false,false
1788925037490,-2.1218,6.1460,4.9956,0.34980,-0.80612,-0.09054,-31.76,-3.41,-14.66,0.0000000,0.0000000,0.00,0.00,0.0,999.00,DEAD_RECKONING,13.85,258.81,-2014.27,2336.85,-421.30,false,false,false,false
1788925037610,-2.8971,7.1037,7.6726,-0.20093,0.18868,0.30785,-30.88,-6.06,-15.73,0.0000000,0.0000000,0.00,0.00,0.0,999.00,DEAD_RECKONING,11.65,256.58,-1994.01,2362.35,-429.04,false,false,false,false
1788925037723,-1.6857,5.4425,8.3569,0.00679,0.37070,1.14486,-31.14,-3.86,-15.30,0.0000000,0.0000000,0.00,0.00,0.0,999.00,DEAD_RECKONING,12.19,249.46,-1946.54,2421.34,-446.80,true,false,false,false
1788925037842,-2.3133,5.5478,8.4239,0.37217,1.06830,1.95324,-32.08,0.00,-16.43,0.0000000,0.0000000,0.00,0.00,0.0,999.00,DEAD_RECKONING,11.92,235.59,-1892.11,2489.47,-467.37,true,false,false,false
1788925037956,-1.1928,5.2223,7.6295,-0.07204,0.61357,2.54431,-31.07,6.17,-18.96,0.0000000,0.0000000,0.00,0.00,0.0,999.00,DEAD_RECKONING,11.92,219.43,-1856.56,2533.49,-480.61,true,false,false,false
1788925038074,2.0201,3.4839,7.6008,0.38695,1.44006,2.13539,-27.06,16.18,-21.90,0.0000000,0.0000000,0.00,0.00,0.0,999.00,DEAD_RECKONING,11.87,203.44,-1833.78,2562.66,-489.55,false,false,false,false
1788925038188,-0.2638,4.7480,9.7603,0.76084,4.69568,1.26736,-19.03,22.26,-24.94,0.0000000,0.0000000,0.00,0.00,0.0,999.00,DEAD_RECKONING,11.87,187.32,-1790.47,2621.47,-508.00,false,false,false,false
1788925038298,0.4499,3.3643,12.5276,-0.34460,-0.61437,0.48774,-5.79,24.99,-29.10,0.0000000,0.0000000,0.00,0.00,0.0,999.00,DEAD_RECKONING,14.40,185.78,-1798.88,2611.47,-505.12,false,false,false,false
1788925038410,1.6325,3.3739,9.1137,0.62982,-0.95618,-0.89986,-2.23,25.11,-30.26,0.0000000,0.0000000,0.00,0.00,0.0,999.00,DEAD_RECKONING,13.54,192.51,-1814.61,2592.73,-499.66,false,false,false,false
1788925038529,2.8487,3.8429,7.0738,-0.35099,-2.98079,-2.04378,-9.62,23.03,-30.28,0.0000000,0.0000000,0.00,0.00,0.0,999.00,DEAD_RECKONING,14.65,210.55,-1841.28,2559.21,-489.63,false,false,false,false
1788925038648,2.5998,5.0399,6.4750,-0.36804,-1.64206,-2.64977,-22.20,18.11,-24.81,0.0000000,0.0000000,0.00,0.00,0.0,999.00,DEAD_RECKONING,12.89,229.47,-1840.42,2560.45,-490.18,true,false,false,false
1788925038770,-0.1968,4.2503,11.3306,-0.36697,-0.54620,-2.93725,-30.32,10.59,-19.11,0.0000000,0.0000000,0.00,0.00,0.0,999.00,DEAD_RECKONING,13.13,246.28,-1845.05,2555.52,-488.98,false,false,false,false
1788925038890,-1.7240,2.8277,10.9478,-0.08588,-1.04353,-2.86055,-31.78,-0.34,-14.89,0.0000000,0.0000000,0.00,0.00,0.0,999.00,DEAD_RECKONING,17.46,263.58,-1854.45,2544.63,-485.99,false,false,false,false
1788925039010,-4.8700,3.1101,8.3952,0.22410,-1.57921,-3.37705,-28.82,-12.32,-10.89,0.0000000,0.0000000,0.00,0.00,0.0,999.00,DEAD_RECKONING,16.72,284.56,-1859.71,2537.67,-483.98,false,false,false,false
1788925039128,-6.7567,5.6674,7.2604,0.64580,-1.35458,-1.85843,-21.23,-23.10,-6.28,0.0000000,0.0000000,0.00,0.00,0.0,999.00,DEAD_RECKONING,14.51,297.66,-1859.28,2537.08,-483.71,false,false,false,false
1788925039250,-4.4249,5.8493,6.4798,0.10692,-0.23954,0.57616,-16.22,-27.54,-3.17,0.0000000,0.0000000,0.00,0.00,0.0,999.00,DEAD_RECKONING,13.47,296.28,-1852.97,2542.76,-485.09,false,false,false,false
1788925039371,-3.0311,4.8341,6.1065,-0.02943,2.08013,1.46443,-12.64,-31.01,3.28,0.0000000,0.0000000,0.00,0.00,0.0,999.00,DEAD_RECKONING,13.52,281.80,-1850.98,2546.68,-486.55,false,false,false,false
1788925039487,-3.3906,5.6339,5.9055,-0.21584,2.07587,2.88612,-17.68,-28.05,-0.45,0.0000000,0.0000000,0.00,0.00,0.0,999.00,DEAD_RECKONING,13.36,261.42,-1846.72,2551.63,-488.00,false,false,false,false
1788925039601,-3.3523,6.1220,5.8672,-0.60345,1.60930,2.03739,-22.78,-20.64,-5.48,0.0000000,0.0000000,0.00,0.00,0.0,999.00,DEAD_RECKONING,13.65,246.38,-1846.34,2552.41,-488.39,false,false,false,false
1788925039718,0.1771,5.0399,6.8249,-1.74725,-1.34819,2.29931,-27.99,-10.35,-11.81,0.0000000,0.0000000,0.00,0.00,0.0,999.00,DEAD_RECKONING,13.83,238.42,-1846.73,2551.44,-488.19,true,false,false,false
1788925039837,1.9053,3.2207,6.4845,-2.09864,-2.31302,2.60929,-29.61,0.96,-9.60,0.0000000,0.0000000,0.00,0.00,0.0,999.00,DEAD_RECKONING,11.38,225.59,-1847.81,2550.50,-488.16,true,false,false,false
1788925039955,6.2632,-2.2289,7.3418,-2.08692,-2.84763,3.00968,-29.64,9.90,-0.92,0.0000000,0.0000000,0.00,0.00,0.0,999.00,DEAD_RECKONING,10.95,197.89,-1848.86,2549.60,-488.16,false,false,false,false
1788925040072,9.0736,-6.2315,7.4136,0.91956,2.04392,2.26522,-21.34,18.73,12.92,0.0000000,0.0000000,0.00,0.00,0.0,999.00,DEAD_RECKONING,11.03,189.35,-1849.79,2549.16,-488.31,false,false,false,false
1788925040193,7.4172,-6.1023,7.4088,0.71610,-1.07868,0.95418,-13.14,22.88,15.13,0.0000000,0.0000000,0.00,0.00,0.0,999.00,DEAD_RECKONING,10.87,179.86,-1851.10,2548.04,-488.21,false,false,false,false
1788925040311,6.7992,-4.7713,9.1472,2.10490,1.13114,0.50479,-8.79,24.71,14.83,0.0000000,0.0000000,0.00,0.00,0.0,999.00,DEAD_RECKONING,8.98,179.55,-1852.31,2547.03,-488.11,false,false,false,false
1788925040429,5.0225,-2.0608,8.5388,2.68745,0.95964,-0.42063,-8.93,27.92,8.44,0.0000000,0.0000000,0.00,0.00,0.0,999.00,DEAD_RECKONING,9.49,183.01,-1853.51,2545.97,-487.97,false,false,false,false
1788925040549,4.3095,1.0851,6.9302,1.36576,-0.03502,-0.70079,-11.23,29.18,-1.13,0.0000000,0.0000000,0.00,0.00,0.0,999.00,DEAD_RECKONING,14.05,187.37,-1855.20,2544.53,-487.80,false,false,false,false
1788925040665,4.7354,2.4257,8.6255,1.61276,0.58055,-1.60171,-14.27,26.91,-8.12,0.0000000,0.0000000,0.00,0.00,0.0,999.00,DEAD_RECKONING,14.05,195.73,-1856.62,2543.42,-487.75,false,false,false,false
1788925040786,2.8152,4.2503,6.4750,1.47015,0.69347,-3.20249,-18.77,20.08,-13.95,0.0000000,0.0000000,0.00,0.00,0.0,999.00,DEAD_RECKONING,15.24,210.16,-1857.28,2542.35,-487.52,false,false,false,false
1788925040907,-0.9051,3.0335,7.6822,-0.30199,-3.25668,-4.47305,-23.79,8.12,-18.02,0.0000000,0.0000000,0.00,0.00,0.0,999.00,DEAD_RECKONING,17.74,242.03,-1861.71,2537.73,-487.05,true,false,false,false
1788925041026,-5.3827,2.1482,10.9190,-0.50439,-0.39387,-5.70099,-26.18,-8.10,-13.86,0.0000000,0.0000000,0.00,0.00,0.0,999.00,DEAD_RECKONING,17.68,270.09,-1866.18,2536.38,-487.90,false,false,false,false
1788925041147,-5.6507,0.7448,11.3163,1.39772,-2.51115,-4.07358,-17.55,-23.61,-11.76,0.0000000,0.0000000,0.00,0.00,0.0,999.00,DEAD_RECKONING,12.94,297.94,-1865.81,2536.31,-487.95,false,false,false,false
1788925041263,-4.8461,2.4544,8.1607,1.70650,-1.74751,-2.76042,-5.36,-32.06,-5.49,0.0000000,0.0000000,0.00,0.00,0.0,999.00,DEAD_RECKONING,12.47,316.96,-1865.87,2537.35,-488.58,false,false,false,false
1788925041382,-10.8413,4.3077,9.1376,1.53620,-0.84127,-0.40039,4.86,-32.79,2.98,0.0000000,0.0000000,0.00,0.00,0.0,999.00,DEAD_RECKONING,12.43,322.08,-1864.12,2539.54,-489.22,false,false,false,false
1788925041503,-9.1795,6.3619,7.6534,1.72568,0.41438,2.33872,7.31,-31.28,8.27,0.0000000,0.0000000,0.00,0.00,0.0,999.00,DEAD_RECKONING,13.06,312.29,-1858.26,2542.25,-488.61,false,false,false,false
1788925041624,-4.8604,6.7113,4.5888,1.22728,2.43153,3.35269,-1.97,-31.63,13.86,0.0000000,0.0000000,0.00,0.00,0.0,999.00,DEAD_RECKONING,13.47,291.15,-1859.21,2539.51,-487.51,false,false,false,false
1788925041736,-3.1848,4.3699,2.9797,0.37004,4.95240,3.38984,-13.37,-28.03,14.40,0.0000000,0.0000000,0.00,0.00,0.0,999.00,DEAD_RECKONING,13.89,256.40,-1860.90,2538.39,-487.54,true,false,false,false
1788925041856,-1.1402,0.3763,2.1511,-2.88785,2.90968,3.84895,-28.86,-16.24,3.41,0.0000000,0.0000000,0.00,0.00,0.0,999.00,DEAD_RECKONING,13.67,228.18,-1862.40,2537.36,-487.63,false,false,false,false
1788925041976,1.0630,-4.4219,5.9438,-5.81977,0.65725,2.72220,-30.98,1.26,-9.00,0.0000000,0.0000000,0.00,0.00,0.0,999.00,DEAD_RECKONING,11.61,211.32,-1863.71,2536.49,-487.79,false,false,false,false
1788925042095,1.2544,-8.1230,9.8656,-4.58436,0.66151,1.47082,-25.28,18.26,-3.06,0.0000000,0.0000000,0.00,0.00,0.0,999.00,DEAD_RECKONING,11.18,204.10,-1865.14,2535.58,-487.97,false,false,false,false
1788925042216,3.5288,-17.5131,10.8855,-3.30742,-0.52915,1.94791,-15.45,19.95,10.22,0.0000000,0.0000000,0.00,0.00,0.0,999.00,DEAD_RECKONING,12.39,193.59,-1866.60,2534.82,-488.13,false,false,false,false
1788925042336,1.3789,-7.6205,4.9813,-0.29880,0.64127,-0.78814,-11.12,16.09,13.91,0.0000000,0.0000000,0.00,0.00,0.0,999.00,DEAD_RECKONING,12.39,199.30,-1868.16,2534.02,-488.23,false,false,false,false
1788925042458,-1.7910,-10.6038,11.6369,3.44350,2.18333,-0.79560,-13.14,14.57,11.79,0.0000000,0.0000000,0.00,0.00,0.0,999.00,DEAD_RECKONING,12.39,211.12,-1869.66,2533.17,-488.26,false,false,false,false
1788925042577,-8.5860,-4.5751,5.5131,4.09955,1.01823,-0.85099,-16.61,15.49,10.05,0.0000000,0.0000000,0.00,0.00,0.0,999.00,DEAD_RECKONING,12.82,217.62,-1871.14,2532.38,-488.29,false,false,false,false
1788925042698,-11.1236,-3.5360,6.3841,3.33817,5.26225,4.23230,-14.25,26.19,-2.19,0.0000000,0.0000000,0.00,0.00,0.0,999.00,DEAD_RECKONING,12.71,190.22,-1869.69,2536.68,-489.01,false,false,false,false
1788925042818,-6.3069,-4.4794,9.7173,1.16443,5.07597,6.61789,6.45,25.56,-17.38,0.0000000,0.0000000,0.00,0.00,0.0,999.00,DEAD_RECKONING,10.19,135.42,-1874.20,2529.65,-487.44,false,false,false,false
1788925042937,-3.5198,3.5127,9.7890,1.75763,2.47307,4.53483,27.83,8.33,-12.54,0.0000000,0.0000000,0.00,0.00,0.0,999.00,DEAD_RECKONING,14.56,109.56,-1876.18,2520.18,-483.68,false,false,false,false
1788925043049,1.7378,6.6012,-2.8911,2.37960,-2.06495,3.14603,30.21,-9.69,-4.31,0.0000000,0.0000000,0.00,0.00,0.0,999.00,DEAD_RECKONING,14.27,118.00,-1869.38,2529.38,-484.46,true,false,false,false
1788925043163,-5.2534,6.7974,-9.7573,0.46471,-2.17347,2.95216,20.93,-23.42,-4.37,0.0000000,0.0000000,0.00,0.00,0.0,999.00,DEAD_RECKONING,12.80,130.94,-1870.52,2528.57,-484.24,false,false,false,false
1788925043277,-0.9482,2.4688,-8.1200,-1.79199,-1.78160,3.45482,6.00,-29.87,-7.97,0.0000000,0.0000000,0.00,0.00,0.0,999.00,DEAD_RECKONING,11.11,144.11,-1872.03,2526.97,-483.76,true,false,false,false
1788925043393,11.3527,-3.8758,-11.0022,-1.79731,-1.38653,3.70728,-9.13,-27.21,-10.67,0.0000000,0.0000000,0.00,0.00,0.0,999.00,DEAD_RECKONING,11.15,159.05,-1873.26,2525.68,-483.39,false,false,false,false
1788925043504,16.2610,-1.1085,-7.4016,-1.52888,-1.20651,-0.19068,-23.18,-16.16,-11.79,0.0000000,0.0000000,0.00,0.00,0.0,999.00,DEAD_RECKONING,11.35,175.09,-1874.27,2524.53,-483.06,false,false,false,false
1788925043622,14.1159,0.4911,-6.3386,-1.16896,0.37390,-1.95217,-25.18,-12.00,-11.16,0.0000000,0.0000000,0.00,0.00,0.0,999.00,DEAD_RECKONING,13.12,169.85,-1875.16,2523.37,-482.72,false,false,false,false
1788925043734,5.0704,2.7703,-6.5348,-3.61207,-0.11811,-4.53896,-22.84,-15.11,-13.18,0.0000000,0.0000000,0.00,0.00,0.0,999.00,DEAD_RECKONING,13.12,176.95,-1875.98,2522.12,-482.39,false,false,false,false
1788925043847,-2.3946,2.3109,-2.6608,-5.56744,-1.05205,-3.86174,-14.49,-15.88,-20.91,0.0000000,0.0000000,0.00,0.00,0.0,999.00,DEAD_RECKONING,13.08,194.53,-1876.73,2520.72,-481.96,false,false,false,false
1788925043960,-7.7480,-2.5591,12.7627,-7.83692,-0.91464,0.14061,-13.29,-0.19,-26.46,0.0000000,0.0000000,0.00,0.00,0.0,999.00,DEAD_RECKONING,16.57,195.79,-1877.65,2519.20,-481.55,false,false,false,false
1788925044069,-7.6953,-6.8016,11.6321,-3.80275,0.07896,2.80090,-16.69,18.84,-18.23,0.0000000,0.0000000,0.00,0.00,0.0,999.00,DEAD_RECKONING,16.23,179.70,-1878.29,2518.49,-481.48,false,false,false,false
1788925044178,-0.9051,-5.7529,12.8345,-0.93461,0.30785,2.04485,-12.56,30.94,-3.83,0.0000000,0.0000000,0.00,0.00,0.0,999.00,DEAD_RECKONING,13.19,170.16,-1879.02,2517.70,-481.36,false,false,false,false
1788925044291,3.5240,-3.3829,13.1216,-0.13275,1.62102,1.15871,-5.70,36.28,2.04,0.0000000,0.0000000,0.00,0.00,0.0,999.00,DEAD_RECKONING,14.02,169.60,-1879.13,2517.95,-481.87,false,false,false,false
1788925044403,-8.6483,-3.6269,12.2692,1.93553,-0.05845,-0.25885,-2.72,38.06,4.44,0.0000000,0.0000000,0.00,0.00,0.0,999.00,DEAD_RECKONING,12.90,170.72,-1880.53,2515.77,-481.15,false,false,false,false
1788925044515,-6.8285,-1.5583,10.0140,4.00168,0.05872,0.27270,-1.56,40.69,-1.80,0.0000000,0.0000000,0.00,0.00,0.0,999.00,DEAD_RECKONING,11.95,169.22,-1881.12,2515.11,-481.00,false,false,false,false
1788925044634,-7.2688,-2.2624,6.5282,2.77693,-2.85509,-2.22580,-0.34,31.07,-21.45,0.0000000,0.0000000,0.00,0.00,0.0,999.00,DEAD_RECKONING,10.66,184.32,-1881.63,2514.61,-480.98,false,false,false,false
1788925044745,0.1579,-1.1850,11.6273,0.29440,-5.30779,-2.43459,-10.71,17.27,-28.20,0.0000000,0.0000000,0.00,0.00,0.0,999.00,DEAD_RECKONING,13.63,210.67,-1882.54,2513.52,-480.70,false,false,false,false
1788925044859,-2.8780,2.4066,7.3896,1.33167,-0.07337,-3.23445,-27.79,7.31,-21.00,0.0000000,0.0000000,0.00,0.00,0.0,999.00,DEAD_RECKONING,10.83,227.52,-1883.18,2512.92,-480.67,true,false,false,false
1788925044970,-7.1061,5.8205,7.8784,0.76084,-0.62503,-1.66243,-31.84,-3.73,-15.75,0.0000000,0.0000000,0.00,0.00,0.0,999.00,DEAD_RECKONING,10.93,237.01,-1883.97,2512.07,-480.57,true,false,false,false
1788925045082,-4.4441,5.9450,8.2612,-1.03261,-2.52607,0.02237,-30.38,-13.01,-11.19,0.0000000,0.0000000,0.00,0.00,0.0,999.00,DEAD_RECKONING,13.01,248.86,-1884.48,2511.66,-480.58,true,false,false,false
1788925045201,-3.1466,5.8636,7.9597,-0.73661,-0.19054,-0.06711,-31.59,-13.63,-7.65,0.0000000,0.0000000,0.00,0.00,0.0,999.00,DEAD_RECKONING,10.52,246.40,-1885.56,2510.49,-480.33,true,false,false,false
1788925045314,-0.0915,4.7336,7.1839,-0.59387,-0.23954,1.29825,-32.18,-12.30,-6.38,0.0000000,0.0000000,0.00,0.00,0.0,999.00,DEAD_RECKONING,11.07,241.39,-1885.72,2513.46,-480.59,true,false,false,false
1788925045429,2.3366,2.9186,9.8082,0.13781,0.97242,0.34820,-33.41,-9.24,-7.54,0.0000000,0.0000000,0.00,0.00,0.0,999.00,DEAD_RECKONING,11.50,235.30,-1886.39,2515.77,-480.96,false,false,false,false
1788925045542,-0.0772,4.5374,8.7117,0.07816,0.21744,0.24820,-32.46,-7.31,-8.81,0.0000000,0.0000000,0.00,0.00,0.0,999.00,DEAD_RECKONING,11.57,233.08,-1887.21,2517.33,-481.20,false,false,false,false
1788925045665,0.5599,3.8429,8.4814,0.24860,0.66471,0.41957,-32.21,-5.98,-9.34,0.0000000,0.0000000,0.00,0.00,0.0,999.00,DEAD_RECKONING,11.29,228.16,-1888.24,2517.98,-481.37,false,false,false,false
1788925045783,0.1723,3.2686,9.0323,0.01531,0.29201,0.30466,-31.91,-4.46,-10.99,0.0000000,0.0000000,0.00,0.00,0.0,999.00,DEAD_RECKONING,11.60,225.38,-1889.34,2517.72,-481.41,false,false,false,false
1788925045897,0.8327,3.2830,9.6168,0.21238,0.08961,0.21944,-30.99,-2.74,-10.89,0.0000000,0.0000000,0.00,0.00,0.0,999.00,DEAD_RECKONING,11.55,223.85,-1890.47,2516.81,-481.36,false,false,false,false
1788925046011,0.3063,4.0822,8.6303,0.41358,-0.07656,0.36524,-30.47,-2.25,-11.48,0.0000000,0.0000000,0.00,0.00,0.0,999.00,DEAD_RECKONING,11.62,222.23,-1891.60,2515.32,-481.22,false,false,false,false
1788925046124,-0.7567,4.1061,8.2325,0.55312,-0.76670,1.55591,-30.45,-0.96,-11.93,0.0000000,0.0000000,0.00,0.00,0.0,999.00,DEAD_RECKONING,11.67,217.16,-1892.58,2512.63,-480.83,false,false,false,false
1788925046243,3.5815,3.8381,8.8552,0.24327,-0.94233,2.50490,-30.96,4.35,-9.69,0.0000000,0.0000000,0.00,0.00,0.0,999.00,DEAD_RECKONING,13.43,204.91,-1893.46,2507.89,-480.11,false,false,false,false
1788925046354,4.0887,2.9474,6.7627,1.72781,0.71051,1.86908,-29.38,10.99,-7.20,0.0000000,0.0000000,0.00,0.00,0.0,999.00,DEAD_RECKONING,14.22,185.91,-1894.74,2501.19,-479.50,false,false,false,false
1788925046466,5.3390,2.3396,7.9837,-0.25299,0.19827,1.09799,-25.82,17.27,-8.48,0.0000000,0.0000000,0.00,0.00,0.0,999.00,DEAD_RECKONING,13.21,174.99,-1895.86,2494.23,-478.78,false,false,false,false
1788925046580,6.5456,1.5685,7.4710,-0.02517,-0.24487,1.10864,-22.05,20.53,-9.04,0.0000000,0.0000000,0.00,0.00,0.0,999.00,DEAD_RECKONING,13.61,164.11,-1896.90,2488.94,-478.19,false,false,false,false
1788925046698,5.8845,1.9274,7.3944,0.27203,-0.23422,0.78068,-18.98,23.14,-6.43,0.0000000,0.0000000,0.00,0.00,0.0,999.00,DEAD_RECKONING,13.61,155.60,-1898.03,2485.95,-477.90,false,false,false,false
1788925046815,5.2863,2.9091,7.7013,0.30399,0.14500,0.92662,-17.14,24.69,-6.66,0.0000000,0.0000000,0.00,0.00,0.0,999.00,DEAD_RECKONING,13.61,145.20,-1899.50,2485.66,-478.07,false,false,false,false
1788925046931,5.6357,3.2686,7.3657,0.12397,-0.01371,1.18001,-14.38,26.08,-7.26,0.0000000,0.0000000,0.00,0.00,0.0,999.00,DEAD_RECKONING,10.80,132.50,-1901.35,2489.45,-478.73,false,false,false,false
1788925047044,5.9085,0.9793,6.6957,1.87268,0.67003,1.71889,-8.78,28.59,-7.99,0.0000000,0.0000000,0.00,0.00,0.0,999.00,DEAD_RECKONING,8.94,118.03,-1903.99,2497.39,-480.12,false,false,false,false
1788925047157,5.0847,-0.4714,7.8209,1.47761,0.56244,0.97016,-1.69,29.94,-11.33,0.0000000,0.0000000,0.00,0.00,0.0,999.00,DEAD_RECKONING,9.71,111.07,-1906.62,2503.48,-481.06,false,false,false,false
1788925047270,4.5679,1.3292,7.8688,0.37004,0.13329,0.29081,4.16,28.95,-14.44,0.0000000,0.0000000,0.00,0.00,0.0,999.00,DEAD_RECKONING,9.94,108.92,-1909.16,2506.46,-481.53,false,false,false,false
1788925047381,5.8128,0.0700,9.3338,-0.32543,-0.14261,0.19494,6.84,30.86,-13.80,0.0000000,0.0000000,0.00,0.00,0.0,999.00,DEAD_RECKONING,8.47,107.03,-1911.79,2508.31,-481.82,false,false,false,false
1788925047492,5.0752,-0.0263,9.3003,-0.04328,-0.28641,-0.47390,7.88,33.43,-12.66,0.0000000,0.0000000,0.00,0.00,0.0,999.00,DEAD_RECKONING,8.65,110.22,-1914.88,2510.74,-482.33,false,false,false,false
1788925047607,6.6939,-0.1747,7.8497,-0.87283,-1.62395,-0.96483,5.76,35.76,-10.80,0.0000000,0.0000000,0.00,0.00,0.0,999.00,DEAD_RECKONING,8.60,115.38,-1917.87,2512.28,-482.53,false,false,false,false
1788925047723,6.1621,2.2056,7.8162,-2.20517,-2.07348,-1.38028,0.28,38.81,-3.81,0.0000000,0.0000000,0.00,0.00,0.0,999.00,DEAD_RECKONING,8.60,125.63,-1920.76,2512.42,-482.57,false,false,false,false
1788925047840,7.9819,0.9027,5.3641,-0.55445,-1.05525,-0.73807,-1.69,43.26,4.28,0.0000000,0.0000000,0.00,0.00,0.0,999.00,DEAD_RECKONING,8.73,136.01,-1923.66,2512.06,-482.61,false,false,false,false
1788925047954,8.4849,0.6108,5.0291,-0.08908,-0.96151,-0.47390,-4.48,48.47,3.08,0.0000000,0.0000000,0.00,0.00,0.0,999.00,DEAD_RECKONING,9.54,153.32,-1926.58,2511.51,-482.62,false,false,false,false
1788925048067,9.1310,1.1952,4.0618,0.18362,0.56670,-0.05433,-14.34,49.43,-2.53,0.0000000,0.0000000,0.00,0.00,0.0,999.00,DEAD_RECKONING,13.39,152.58,-1929.62,2511.07,-482.71,false,false,false,false
1788925048184,9.3033,1.3627,3.9661,0.06112,0.05659,-0.46431,-21.88,47.55,-6.99,0.0000000,0.0000000,0.00,0.00,0.0,999.00,DEAD_RECKONING,13.01,168.15,-1932.75,2510.77,-482.80,false,false,false,false
1788925048297,7.2538,2.5454,5.5848,-0.12210,1.13967,-1.19493,-28.11,41.57,-8.68,0.0000000,0.0000000,0.00,0.00,0.0,999.00,DEAD_RECKONING,13.57,180.31,-1936.17,2511.23,-483.09,false,false,false,false
1788925048410,6.5073,2.3396,6.4367,-0.41810,0.92768,-1.42075,-31.93,34.59,-9.66,0.0000000,0.0000000,0.00,0.00,0.0,999.00,DEAD_RECKONING,13.57,188.91,-1939.67,2511.84,-483.40,false,false,false,false
1788925048522,4.9507,0.7974,7.7731,-1.32875,2.00557,-1.76895,-33.11,27.11,-10.89,0.0000000,0.0000000,0.00,0.00,0.0,999.00,DEAD_RECKONING,13.57,191.22,-1943.44,2513.12,-483.89,false,false,false,false
1788925048632,2.1356,3.3835,6.6909,0.00253,0.43142,-2.36642,-33.02,20.76,-11.70,0.0000000,0.0000000,0.00,0.00,0.0,999.00,DEAD_RECKONING,13.62,203.58,-1946.85,2513.15,-484.09,false,false,false,false
1788925048747,0.8040,3.8333,7.6869,0.16445,0.71584,-2.31422,-33.23,12.56,-13.39,0.0000000,0.0000000,0.00,0.00,0.0,999.00,DEAD_RECKONING,14.02,211.24,-1949.73,2511.44,-483.93,false,false,false,false
1788925048859,-1.4704,2.2822,9.5827,-0.32117,1.23980,-3.18119,-32.49,4.71,-16.71,0.0000000,0.0000000,0.00,0.00,0.0,999.00,DEAD_RECKONING,13.14,218.73,-1948.34,2495.85,-480.65,false,false,false,false
1788925048979,-8.6243,2.6841,9.9852,0.19321,0.39201,-3.62419,-28.29,-6.06,-18.83,0.0000000,0.0000000,0.00,0.00,0.0,999.00,DEAD_RECKONING,16.89,231.07,-1932.40,2434.35,-466.80,false,false,false,false
1788925049088,-9.2656,1.6786,8.2899,0.81304,-0.97216,-1.79558,-21.99,-16.20,-19.22,0.0000000,0.0000000,0.00,0.00,0.0,999.00,DEAD_RECKONING,12.70,242.25,-1917.45,2383.06,-453.86,false,false,false,false
1788925049206,-5.7320,1.2814,6.4606,0.44021,-0.84766,-0.70399,-18.23,-22.82,-15.62,0.0000000,0.0000000,0.00,0.00,0.0,999.00,DEAD_RECKONING,13.35,248.74,-1920.74,2382.82,-453.78,false,false,false,false
1788925049319,-4.5637,1.6307,10.2150,-0.14447,-0.70918,-0.57083,-16.03,-26.06,-12.83,0.0000000,0.0000000,0.00,0.00,0.0,999.00,DEAD_RECKONING,13.61,254.09,-1923.05,2379.44,-453.11,false,false,false,false
1788925049433,-2.4616,2.1242,9.0419,0.54034,-1.11490,-1.42502,-14.79,-27.71,-12.00,0.0000000,0.0000000,0.00,0.00,0.0,999.00,DEAD_RECKONING,13.25,264.60,-1925.26,2375.53,-452.39,false,false,false,false
1788925049546,-0.4792,0.6347,8.2421,0.05153,-0.96044,-1.65923,-12.53,-28.88,-9.75,0.0000000,0.0000000,0.00,0.00,0.0,999.00,DEAD_RECKONING,13.25,275.56,-1927.41,2371.62,-451.64,false,false,false,false
1788925049658,0.3350,-0.8447,8.5053,-0.55871,-0.29920,-2.22900,-7.97,-29.98,-8.83,0.0000000,0.0000000,0.00,0.00,0.0,999.00,DEAD_RECKONING,13.24,287.03,-1929.60,2368.57,-450.99,false,false,false,false
1788925049770,-3.8261,-2.5496,9.0036,-0.60665,-0.01691,-3.64549,0.13,-29.16,-13.50,0.0000000,0.0000000,0.00,0.00,0.0,999.00,DEAD_RECKONING,12.35,308.22,-1931.93,2370.51,-450.93,false,false,false,false
1788925049882,-4.2239,-4.3741,11.2445,-0.64180,-0.85938,-3.30475,8.87,-23.21,-14.19,0.0000000,0.0000000,0.00,0.00,0.0,999.00,DEAD_RECKONING,10.80,332.98,-1933.78,2375.83,-451.04,false,false,false,false
1788925049995,-3.5342,-1.9603,12.7579,1.58840,-1.37801,-2.77853,14.51,-18.26,-14.72,0.0000000,0.0000000,0.00,0.00,0.0,999.00,DEAD_RECKONING,11.13,352.77,-1934.61,2396.65,-452.85,false,false,false,false
1788925050106,-1.8628,0.7352,9.4726,1.13780,-1.23208,-0.07244,17.36,-15.15,-13.99,0.0000000,0.0000000,0.00,0.00,0.0,999.00,DEAD_RECKONING,10.81,353.98,-1933.24,2444.33,-453.89,false,false,false,false
1788925050221,-4.3340,-2.2146,13.2987,-0.18389,2.72873,2.38985,15.68,-15.53,-14.46,0.0000000,0.0000000,0.00,0.00,0.0,999.00,DEAD_RECKONING,11.11,334.44,-1933.79,2441.85,-455.25,true,false,false,false
1788925050338,-6.4361,-1.9316,10.3681,0.77895,3.40275,6.26863,12.39,-21.28,-11.64,0.0000000,0.0000000,0.00,0.00,0.0,999.00,DEAD_RECKONING,10.84,285.02,-1934.20,2442.24,-456.75,false,false,false,false
1788925050458,-5.1141,-1.8598,11.0483,1.06750,3.16214,7.09925,0.83,-29.12,-8.36,0.0000000,0.0000000,0.00,0.00,0.0,999.00,DEAD_RECKONING,13.61,247.67,-1934.70,2443.32,-457.50,false,false,false,false
1788925050571,-3.0694,1.5589,7.4806,1.46057,1.56350,5.98528,-16.97,-26.55,-8.76,0.0000000,0.0000000,0.00,0.00,0.0,999.00,DEAD_RECKONING,13.55,228.49,-1935.12,2443.76,-458.97,false,false,false,false
1788925050686,-0.5079,1.0128,8.8696,-0.46710,0.01824,4.72537,-30.56,-8.91,-10.01,0.0000000,0.0000000,0.00,0.00,0.0,999.00,DEAD_RECKONING,10.65,216.12,-1934.70,2443.29,-462.33,false,false,false,false
1788925050796,2.0058,-0.5001,7.4758,0.61704,1.69132,2.75309,-29.25,8.57,-10.59,0.0000000,0.0000000,0.00,0.00,0.0,999.00,DEAD_RECKONING,10.97,185.72,-1940.09,2449.36,-455.29,false,false,false,false
1788925050915,-0.5557,-1.7593,8.1368,0.50093,3.10249,2.35150,-20.18,21.34,-11.48,0.0000000,0.0000000,0.00,0.00,0.0,999.00,DEAD_RECKONING,10.97,150.44,-1938.17,2451.13,-463.14,false,false,false,false
1788925051032,0.9428,-2.6692,14.1033,-0.07097,1.03740,-0.80944,-6.62,26.33,-14.74,0.0000000,0.0000000,0.00,0.00,0.0,999.00,DEAD_RECKONING,11.30,154.16,-1938.45,2456.16,-466.76,false,false,false,false
1788925051146,-1.3890,-1.5488,13.0834,0.82369,-1.14792,-3.17692,-2.63,27.43,-14.04,0.0000000,0.0000000,0.00,0.00,0.0,999.00,DEAD_RECKONING,11.26,179.37,-1940.77,2454.55,-467.95,false,false,false,false
1788925051257,-3.1609,-0.8877,8.4957,1.95470,-2.25763,-7.37514,-14.89,19.44,-17.25,0.0000000,0.0000000,0.00,0.00,0.0,999.00,DEAD_RECKONING,11.13,217.63,-1942.68,2453.78,-469.52,false,false,false,false
1788925051370,-4.3579,1.9466,8.2469,0.84500,-2.83911,-4.65613,-27.30,1.95,-17.21,0.0000000,0.0000000,0.00,0.00,0.0,999.00,DEAD_RECKONING,14.06,241.21,-1944.49,2453.05,-471.03,false,false,false,false
1788925051487,-4.7599,5.0542,8.2995,0.80026,-0.26298,-2.48146,-27.51,-17.49,-10.22,0.0000000,0.0000000,0.00,0.00,0.0,999.00,DEAD_RECKONING,13.00,246.23,-1945.89,2452.65,-472.47,false,false,false,false
1788925051608,-5.1619,5.7631,7.4614,0.49347,-0.27683,0.26950,-22.99,-25.48,-7.88,0.0000000,0.0000000,0.00,0.00,0.0,999.00,DEAD_RECKONING,12.54,247.58,-1947.74,2451.70,-474.01,false,false,false,false
1788925051727,-1.8628,4.2550,8.0411,-0.17643,0.75525,2.06615,-23.18,-24.77,-7.63,0.0000000,0.0000000,0.00,0.00,0.0,999.00,DEAD_RECKONING,12.54,241.15,-1949.53,2451.04,-475.84,false,false,false,false
1788925051843,-0.4169,4.0774,8.2277,0.21877,1.15351,1.69013,-27.88,-18.75,-9.79,0.0000000,0.0000000,0.00,0.00,0.0,999.00,DEAD_RECKONING,12.46,233.23,-1951.20,2450.57,-477.71,false,false,false,false
1788925051963,-0.1585,5.3037,7.9119,-0.06884,0.03848,1.51236,-29.98,-13.05,-13.80,0.0000000,0.0000000,0.00,0.00,0.0,999.00,DEAD_RECKONING,13.07,231.94,-1952.85,2450.17,-479.55,false,false,false,false
1788925052075,1.6086,4.3699,7.8401,-0.16471,-0.34274,1.55071,-31.33,-7.91,-14.40,0.0000000,0.0000000,0.00,0.00,0.0,999.00,DEAD_RECKONING,13.63,232.72,-1954.57,2449.82,-481.48,false,false,false,false
1788925052194,2.6046,4.1587,7.9597,-0.53421,-0.59626,0.87975,-32.63,-1.39,-12.30,0.0000000,0.0000000,0.00,0.00,0.0,999.00,DEAD_RECKONING,13.98,235.45,-1956.38,2449.51,-483.51,false,false,false,false
1788925052315,3.6245,3.5940,8.7308,-0.30093,-0.20972,0.68694,-32.33,3.47,-10.05,0.0000000,0.0000000,0.00,0.00,0.0,999.00,DEAD_RECKONING,11.49,235.92,-1958.27,2449.17,-485.53,false,false,false,false
1788925052428,3.6724,3.6275,8.3713,0.19321,0.04274,0.51544,-32.78,6.53,-9.38,0.0000000,0.0000000,0.00,0.00,0.0,999.00,DEAD_RECKONING,12.43,234.99,-1960.22,2448.80,-487.53,false,false,false,false
1788925052547,4.1031,3.8955,8.0746,0.86950,-0.23848,0.70612,-31.95,9.66,-8.36,0.0000000,0.0000000,0.00,0.00,0.0,999.00,DEAD_RECKONING,13.11,235.90,-1962.30,2448.48,-489.65,false,false,false,false
1788925052664,3.8925,4.2598,8.4574,0.97282,0.68708,0.22903,-30.96,11.21,-9.79,0.0000000,0.0000000,0.00,0.00,0.0,999.00,DEAD_RECKONING,13.27,231.07,-1964.35,2447.85,-491.32,false,false,false,false
1788925052784,3.0640,5.6770,6.6622,1.20385,0.70945,0.23435,-29.46,10.58,-13.18,0.0000000,0.0000000,0.00,0.00,0.0,999.00,DEAD_RECKONING,12.98,226.10,-1966.43,2446.99,-492.73,false,false,false,false
1788925052902,3.8351,5.6291,6.5186,0.39866,-0.42583,0.24926,-28.61,10.05,-15.88,0.0000000,0.0000000,0.00,0.00,0.0,999.00,DEAD_RECKONING,13.88,229.24,-1968.82,2446.63,-495.02,false,false,false,false
1788925053022,3.8207,6.1220,6.0203,0.53608,-0.06378,-0.11185,-28.37,10.22,-16.39,0.0000000,0.0000000,0.00,0.00,0.0,999.00,DEAD_RECKONING,14.40,229.58,-1971.24,2446.12,-497.13,false,false,false,false
1788925053143,3.6676,6.6443,5.5035,0.34021,0.14181,0.00533,-28.97,9.23,-17.61,0.0000000,0.0000000,0.00,0.00,0.0,999.00,DEAD_RECKONING,14.28,228.60,-1973.69,2445.44,-499.04,false,false,false,false
1788925053259,2.9731,7.0463,4.9478,0.17829,0.02783,0.08841,-28.56,8.04,-17.55,0.0000000,0.0000000,0.00,0.00,0.0,999.00,DEAD_RECKONING,14.28,228.53,-1976.23,2444.78,-501.04,false,false,false,false
1788925053370,3.5192,6.0168,4.0427,-1.05818,-0.66124,0.98507,-28.31,8.42,-16.84,0.0000000,0.0000000,0.00,0.00,0.0,999.00,DEAD_RECKONING,14.09,234.74,-1979.14,2444.85,-504.16,false,false,false,false
1788925053483,4.8933,3.9386,4.8712,-2.07840,-0.25233,1.77534,-28.35,13.43,-14.63,0.0000000,0.0000000,0.00,0.00,0.0,999.00,DEAD_RECKONING,14.28,238.18,-1982.09,2444.81,-507.17,false,false,false,false
1788925053594,6.0425,0.6826,7.0690,-2.15723,-0.21078,1.84032,-25.44,20.19,-10.14,0.0000000,0.0000000,0.00,0.00,0.0,999.00,DEAD_RECKONING,14.28,238.51,-1984.92,2444.16,-509.45,false,false,false,false
1788925053706,7.0050,-2.4538,7.9454,-2.53219,-0.84233,1.74552,-18.17,25.63,-1.18,0.0000000,0.0000000,0.00,0.00,0.0,999.00,DEAD_RECKONING,14.33,243.18,-1987.85,2443.25,-511.59,false,false,false,false
1788925053822,8.2786,-4.1342,8.2086,0.22516,1.16097,0.51118,-7.52,28.73,11.96,0.0000000,0.0000000,0.00,0.00,0.0,999.00,DEAD_RECKONING,13.94,218.31,-1989.49,2438.72,-509.00,false,false,false,false
1788925053933,5.4682,-2.5926,8.0172,1.28587,-0.13728,-1.50904,-5.29,28.56,13.37,0.0000000,0.0000000,0.00,0.00,0.0,999.00,DEAD_RECKONING,14.32,233.39,-1992.49,2436.87,-510.30,false,false,false,false
1788925054050,3.6915,-0.3757,9.5539,2.45629,2.01835,-1.05218,-8.91,30.34,8.21,0.0000000,0.0000000,0.00,0.00,0.0,999.00,DEAD_RECKONING,13.11,216.44,-1995.07,2433.95,-510.14,false,false,false,false
1788925054163,2.8726,1.9992,8.1081,2.35510,-0.53874,-2.22900,-13.73,28.69,-3.99,0.0000000,0.0000000,0.00,0.00,0.0,999.00,DEAD_RECKONING,13.24,225.46,-1998.37,2432.53,-512.01,false,false,false,false
1788925054282,0.7992,5.7344,5.6710,2.01436,1.36230,-1.92980,-20.38,20.06,-13.03,0.0000000,0.0000000,0.00,0.00,0.0,999.00,DEAD_RECKONING,12.79,215.52,-2002.13,2432.09,-515.17,false,false,false,false
1788925054401,-2.3085,7.6068,5.5274,0.20066,-1.18094,-1.72208,-22.24,9.39,-19.95,0.0000000,0.0000000,0.00,0.00,0.0,999.00,DEAD_RECKONING,13.05,222.16,-2003.69,2427.15,-512.23,false,false,false,false
1788925054523,-0.5940,7.5111,5.2205,-0.95911,-2.00956,-0.46537,-24.75,3.53,-19.52,0.0000000,0.0000000,0.00,0.00,0.0,999.00,DEAD_RECKONING,13.75,234.04,-2004.52,2421.21,-507.83,false,false,false,false
1788925054642,1.2401,6.1555,7.1934,0.08881,-0.05845,0.09374,-28.63,3.28,-14.12,0.0000000,0.0000000,0.00,0.00,0.0,999.00,DEAD_RECKONING,15.06,234.46,-2007.96,2420.75,-510.73,false,false,false,false
1788925054762,1.3549,6.0885,7.7539,-0.18389,-0.40133,0.25353,-30.19,4.39,-11.87,0.0000000,0.0000000,0.00,0.00,0.0,999.00,DEAD_RECKONING,14.00,237.06,-2010.40,2418.26,-510.90,false,false,false,false
1788925054881,1.8191,5.8828,7.2700,0.02597,-0.19907,0.23648,-29.72,4.80,-9.99,0.0000000,0.0000000,0.00,0.00,0.0,999.00,DEAD_RECKONING,13.84,238.44,-2013.31,2416.87,-512.42,false,false,false,false
1788925055002,1.8000,6.1460,6.9972,0.41571,0.48255,0.13955,-29.61,5.33,-9.51,0.0000000,0.0000000,0.00,0.00,0.0,999.00,DEAD_RECKONING,13.49,235.60,-2016.61,2416.28,-514.97,false,false,false,false
1788925055122,1.2784,6.5390,7.2365,0.23582,-0.05100,0.45259,-29.57,5.93,-10.41,0.0000000,0.0000000,0.00,0.00,0.0,999.00,DEAD_RECKONING,14.16,236.38,-2019.44,2414.87,-516.34,false,false,false,false
1788925055242,1.5368,6.3571,6.4415,0.02064,-0.50785,1.06284,-29.23,7.89,-9.66,0.0000000,0.0000000,0.00,0.00,0.0,999.00,DEAD_RECKONING,14.22,240.98,-2022.28,2413.52,-517.74,false,false,false,false
1788925055361,4.6301,3.8907,5.3833,-1.06989,-2.84657,1.99052,-28.99,12.49,-5.48,0.0000000,0.0000000,0.00,0.00,0.0,999.00,DEAD_RECKONING,13.65,263.73,-2025.31,2412.52,-519.59,false,false,false,false
1788925055482,6.0855,2.0136,4.2150,-0.46817,0.27390,2.52407,-25.80,20.14,3.73,0.0000000,0.0000000,0.00,0.00,0.0,999.00,DEAD_RECKONING,13.44,268.50,-2028.10,2410.95,-520.70,false,false,false,false
1788925055596,10.6062,-1.8646,7.0068,-0.53954,-0.17030,1.63580,-19.59,25.84,5.72,0.0000000,0.0000000,0.00,0.00,0.0,999.00,DEAD_RECKONING,13.84,276.32,-2030.97,2409.33,-521.82,false,false,false,false
1788925055715,8.5711,-1.8263,8.4191,2.02181,3.09717,-0.06817,-12.68,29.87,7.05,0.0000000,0.0000000,0.00,0.00,0.0,999.00,DEAD_RECKONING,13.84,239.04,-2031.88,2403.78,-517.72,false,false,false,false
1788925055836,4.9890,1.4632,7.2269,1.47655,0.65938,-1.02236,-13.05,30.51,-0.38,0.0000000,0.0000000,0.00,0.00,0.0,999.00,DEAD_RECKONING,14.02,230.69,-2034.06,2400.33,-516.50,false,false,false,false
1788925055954,4.6780,2.9856,7.1743,-0.04754,-0.61437,-0.64859,-15.30,28.31,-7.84,0.0000000,0.0000000,0.00,0.00,0.0,999.00,DEAD_RECKONING,14.02,236.32,-2037.44,2399.02,-518.15,false,false,false,false
1788925056075,4.5105,3.6179,8.2421,0.11012,-0.14261,-0.83501,-19.26,25.48,-8.31,0.0000000,0.0000000,0.00,0.00,0.0,999.00,DEAD_RECKONING,14.02,236.51,-2040.82,2397.64,-519.71,false,false,false,false
1788925056194,4.3334,4.1157,7.4518,0.47110,0.22170,-0.75086,-21.19,22.74,-8.98,0.0000000,0.0000000,0.00,0.00,0.0,999.00,DEAD_RECKONING,14.02,233.67,-2044.25,2396.26,-521.24,false,false,false,false
1788925056314,3.4092,5.0925,7.0738,0.41890,0.44314,-0.83821,-23.42,20.31,-10.78,0.0000000,0.0000000,0.00,0.00,0.0,999.00,DEAD_RECKONING,14.02,229.19,-2047.89,2395.25,-523.24,false,false,false,false
1788925056435,2.1691,5.8110,7.0594,0.26138,0.10027,-0.64327,-25.16,16.74,-13.78,0.0000000,0.0000000,0.00,0.00,0.0,999.00,DEAD_RECKONING,13.94,227.71,-2051.53,2394.24,-525.20,false,false,false,false
1788925056555,2.2265,5.9210,7.2604,-0.21797,-0.34913,-0.43342,-26.27,13.89,-13.99,0.0000000,0.0000000,0.00,0.00,0.0,999.00,DEAD_RECKONING,14.02,229.65,-2054.38,2391.82,-525.21,false,false,false,false
1788925056673,2.1930,6.1268,7.1791,-0.00067,-0.22889,-0.41957,-27.56,12.28,-13.26,0.0000000,0.0000000,0.00,0.00,0.0,999.00,DEAD_RECKONING,13.49,230.72,-2057.63,2390.20,-526.22,false,false,false,false
1788925056787,2.4036,5.9880,6.9637,0.02383,-0.13196,-0.02770,-27.51,10.89,-12.64,0.0000000,0.0000000,0.00,0.00,0.0,999.00,DEAD_RECKONING,12.91,231.57,-2060.70,2388.32,-526.80,false,false,false,false
1788925056908,2.1835,6.0407,6.8393,-0.02197,-0.09680,0.01598,-27.69,10.44,-12.58,0.0000000,0.0000000,0.00,0.00,0.0,999.00,DEAD_RECKONING,13.02,232.23,-2063.97,2386.88,-527.90,false,false,false,false
1788925057026,2.3605,6.0646,7.1551,-0.01664,-0.00413,0.11078,-28.14,10.88,-12.47,0.0000000,0.0000000,0.00,0.00,0.0,999.00,DEAD_RECKONING,13.21,232.41,-2067.43,2385.82,-529.47,false,false,false,false
1788925057143,2.6572,5.8540,7.1551,-0.07843,-0.11065,0.16085,-28.03,10.93,-12.28,0.0000000,0.0000000,0.00,0.00,0.0,999.00,DEAD_RECKONING,13.12,233.36,-2070.55,2384.21,-530.21,false,false,false,false
1788925057257,2.7912,5.8158,6.9398,0.04088,0.05233,0.06604,-27.53,11.89,-11.27,0.0000000,0.0000000,0.00,0.00,0.0,999.00,DEAD_RECKONING,13.13,233.10,-2074.34,2383.80,-532.54,false,false,false,false
1788925057378,2.7625,5.8445,7.1695,0.00679,0.03529,-0.01917,-27.84,12.38,-12.06,0.0000000,0.0000000,0.00,0.00,0.0,999.00,DEAD_RECKONING,13.12,232.84,-2077.87,2382.96,-534.23,false,false,false,false
1788925057487,2.5328,5.8493,7.0786,-0.00067,0.03422,-0.02557,-28.28,12.13,-12.69,0.0000000,0.0000000,0.00,0.00,0.0,999.00,DEAD_RECKONING,14.54,232.58,-2081.57,2382.42,-536.29,false,false,false,false
1788925057599,2.4036,6.0407,7.0211,0.02597,0.02037,0.00639,-27.96,12.32,-12.43,0.0000000,0.0000000,0.00,0.00,0.0,999.00,DEAD_RECKONING,14.62,232.45,-2085.30,2381.90,-538.34,false,false,false,false
1788925057718,2.6477,5.8301,7.0116,-0.01238,-0.05632,0.13315,-27.62,12.26,-12.34,0.0000000,0.0000000,0.00,0.00,0.0,999.00,DEAD_RECKONING,14.62,233.03,-2089.04,2381.39,-540.38,false,false,false,false
1788925057838,2.8822,5.8397,7.0020,0.01531,0.02570,0.08202,-27.56,11.98,-12.15,0.0000000,0.0000000,0.00,0.00,0.0,999.00,DEAD_RECKONING,10.44,232.97,-2092.90,2381.07,-542.64,false,false,false,false
1788925057953,2.7625,5.8923,6.9111,0.10266,0.01824,0.14594,-27.92,12.24,-12.47,0.0000000,0.0000000,0.00,0.00,0.0,999.00,DEAD_RECKONING,10.44,233.07,-2096.55,2380.43,-544.39,false,false,false,false
1788925058072,2.8152,5.8158,6.9398,0.03662,0.09174,0.12570,-27.13,12.60,-12.47,0.0000000,0.0000000,0.00,0.00,0.0,999.00,DEAD_RECKONING,10.44,232.63,-2100.66,2380.55,-547.17,false,false,false,false
1788925058195,2.9731,5.7057,7.2078,-0.01451,0.01824,0.08202,-26.91,12.66,-12.96,0.0000000,0.0000000,0.00,0.00,0.0,999.00,DEAD_RECKONING,9.34,232.63,-2104.38,2380.05,-549.01,false,false,false,false
1788925058310,2.9013,5.7631,7.0738,0.05899,0.05766,0.03728,-27.19,13.97,-13.31,0.0000000,0.0000000,0.00,0.00,0.0,999.00,DEAD_RECKONING,8.59,232.29,-2108.65,2380.43,-552.08,false,false,false,false
1788925058428,2.7912,5.9258,6.9398,0.14740,0.15246,0.01278,-26.70,13.48,-13.43,0.0000000,0.0000000,0.00,0.00,0.0,999.00,DEAD_RECKONING,8.59,231.24,-2112.97,2380.89,-555.23,false,false,false,false
1788925058546,2.7529,5.9067,6.9494,0.03768,0.10666,0.05220,-26.46,13.01,-13.73,0.0000000,0.0000000,0.00,0.00,0.0,999.00,DEAD_RECKONING,8.50,230.57,-2116.95,2380.80,-557.53,false,false,false,false
1788925058665,2.6812,5.9210,7.0594,0.02916,0.00759,0.02770,-25.73,13.80,-13.59,0.0000000,0.0000000,0.00,0.00,0.0,999.00,DEAD_RECKONING,8.16,230.57,-2121.12,2380.95,-560.17,false,false,false,false
1788925058784,2.6142,5.9785,6.9302,0.08775,0.06298,0.00746,-25.05,14.21,-13.48,0.0000000,0.0000000,0.00,0.00,0.0,999.00,DEAD_RECKONING,7.90,230.13,-2124.79,2380.31,-561.63,false,false,false,false
1788925058903,2.6477,6.0024,7.0116,0.11971,0.12157,-0.05965,-25.26,13.09,-15.30,0.0000000,0.0000000,0.00,0.00,0.0,999.00,DEAD_RECKONING,8.50,229.17,-2083.88,2310.93,-461.44,false,false,false,false
1788925059022,2.4179,6.1986,6.6383,0.11864,0.09813,-0.05859,-24.99,12.83,-15.39,0.0000000,0.0000000,0.00,0.00,0.0,999.00,DEAD_RECKONING,9.51,225.66,-2065.51,2291.88,-426.75,true,false,false,false
1788925059144,2.2122,6.3141,6.8201,-0.01025,0.03529,-0.01065,-25.28,13.16,-15.73,0.0000000,0.0000000,0.00,0.00,0.0,999.00,DEAD_RECKONING,8.85,225.40,-2108.43,2363.76,-528.56,false,false,false,false
1788925059262,2.3031,6.2034,6.9254,-0.01984,-0.02543,0.06072,-25.50,12.77,-15.81,0.0000000,0.0000000,0.00,0.00,0.0,999.00,DEAD_RECKONING,5.74,225.68,-2112.87,2365.11,-532.28,false,false,false,false
1788925059383,2.4849,6.1699,6.8728,-0.00706,-0.00093,0.02770,-25.26,13.41,-15.81,0.0000000,0.0000000,0.00,0.00,0.0,999.00,DEAD_RECKONING,5.46,225.73,-2116.55,2364.98,-533.93,false,false,false,false
1788925059503,2.4945,6.2034,6.7962,0.05579,0.04274,0.00959,-25.56,13.84,-15.30,0.0000000,0.0000000,0.00,0.00,0.0,999.00,DEAD_RECKONING,5.40,225.44,-2120.28,2364.89,-535.61,false,false,false,false
1788925059622,2.4897,6.2423,6.7005,0.08775,0.07896,-0.02344,-25.26,12.53,-15.90,0.0000000,0.0000000,0.00,0.00,0.0,999.00,DEAD_RECKONING,5.46,224.85,-2124.05,2364.84,-537.33,false,false,false,false
1788925059743,2.2839,6.3476,6.7292,0.04940,0.03635,-0.01385,-25.33,12.23,-16.07,0.0000000,0.0000000,0.00,0.00,0.0,999.00,DEAD_RECKONING,5.48,224.57,-2127.85,2364.84,-539.07,false,false,false,false
1788925059863,1.8479,6.7304,6.6670,0.51797,0.30679,-0.05113,-24.98,12.34,-16.16,0.0000000,0.0000000,0.00,0.00,0.0,999.00,DEAD_RECKONING,5.24,222.32,-2131.71,2364.89,-540.86,false,false,false,false
1788925059984,1.8383,7.1324,6.1735,0.80452,0.36005,0.05752,-22.97,10.69,-18.30,0.0000000,0.0000000,0.00,0.00,0.0,999.00,DEAD_RECKONING,5.44,219.90,-2135.61,2364.99,-542.69,false,false,false,false
1788925060103,1.6038,7.6164,5.4939,0.52649,-0.10852,0.11505,-22.76,9.28,-20.10,0.0000000,0.0000000,0.00,0.00,0.0,999.00,DEAD_RECKONING,8.79,220.95,-2139.55,2365.15,-544.56,false,false,false,false
1788925060223,1.8861,7.6307,5.4652,0.58508,0.01824,-0.01172,-23.44,7.86,-21.08,0.0000000,0.0000000,0.00,0.00,0.0,999.00,DEAD_RECKONING,5.49,220.80,-2143.53,2365.35,-546.46,false,false,false,false
1788925060342,1.7856,7.9944,4.3777,0.33062,0.12796,-0.29813,-22.56,5.34,-21.23,0.0000000,0.0000000,0.00,0.00,0.0,999.00,DEAD_RECKONING,14.01,219.05,-2147.55,2365.62,-548.42,false,false,false,false
1788925060461,1.0534,8.3055,4.2532,-0.17430,-0.08935,-0.20559,-22.28,4.05,-21.79,0.0000000,0.0000000,0.00,0.00,0.0,999.00,DEAD_RECKONING,14.40,219.04,-2151.68,2365.94,-550.49,false,false,false,false
1788925060570,0.7083,8.5454,4.1097,-0.03688,-0.04141,-0.07989,-22.88,3.68,-21.30,0.0000000,0.0000000,0.00,0.00,0.0,999.00,DEAD_RECKONING,14.28,219.10,-2155.87,2366.32,-552.61,false,false,false,false
1788925060690,1.2401,7.9513,4.5553,-0.06778,-0.07976,0.05752,-22.91,3.56,-20.68,0.0000000,0.0000000,0.00,0.00,0.0,999.00,DEAD_RECKONING,14.28,219.80,-2160.14,2366.75,-554.81,false,false,false,false
1788925060811,1.2018,8.2911,4.5649,-0.02304,0.04168,-0.02024,-23.72,4.05,-20.04,0.0000000,0.0000000,0.00,0.00,0.0,999.00,DEAD_RECKONING,14.22,219.48,-2164.45,2367.23,-557.06,false,false,false,false
1788925060930,1.4124,8.0901,4.4357,-0.14980,-0.04887,0.02770,-23.55,4.24,-20.42,0.0000000,0.0000000,0.00,0.00,0.0,999.00,DEAD_RECKONING,14.20,219.90,-2168.85,2367.77,-559.38,false,false,false,false
1788925061051,0.4403,8.0566,3.5306,-1.38946,-1.05099,0.64220,-23.49,5.14,-19.86,0.0000000,0.0000000,0.00,0.00,0.0,999.00,DEAD_RECKONING,14.20,228.67,-2173.37,2368.34,-561.80,false,false,false,false
1788925061171,4.1222,3.1101,6.0443,-3.15842,-1.32901,2.52940,-24.99,10.11,-16.99,0.0000000,0.0000000,0.00,0.00,0.0,999.00,DEAD_RECKONING,13.88,244.63,-2177.84,2368.93,-564.19,false,false,false,false
1788925061290,5.7075,2.9378,9.1519,-0.24128,0.47722,0.56124,-23.70,20.49,-7.58,0.0000000,0.0000000,0.00,0.00,0.0,999.00,DEAD_RECKONING,14.09,241.37,-2182.36,2369.60,-566.64,false,false,false,false
1788925061403,5.3486,1.5302,8.6255,0.35299,0.35046,0.51757,-19.74,25.86,-5.08,0.0000000,0.0000000,0.00,0.00,0.0,999.00,DEAD_RECKONING,13.00,238.79,-2186.96,2370.31,-569.17,false,false,false,false
1788925061522,5.1135,2.0955,7.1360,0.26458,0.47935,0.43342,-17.76,27.71,-4.59,0.0000000,0.0000000,0.00,0.00,0.0,999.00,DEAD_RECKONING,12.61,234.34,-2191.65,2371.08,-571.77,false,false,false,false
1788925061642,4.6588,1.9274,8.4191,0.03236,0.48042,0.30253,-16.44,27.81,-6.08,0.0000000,0.0000000,0.00,0.00,0.0,999.00,DEAD_RECKONING,12.61,229.06,-2196.42,2371.91,-574.45,false,false,false,false
1788925061759,4.0648,1.8317,8.8983,-0.00599,0.34087,0.20026,-13.71,28.56,-6.62,0.0000000,0.0000000,0.00,0.00,0.0,999.00,DEAD_RECKONING,13.00,224.90,-2201.30,2372.78,-577.24,false,false,false,false
1788925061879,4.2281,1.6020,8.5388,0.01425,0.13968,0.14700,-12.43,29.53,-6.92,0.0000000,0.0000000,0.00,0.00,0.0,999.00,DEAD_RECKONING,13.00,223.06,-2206.32,2373.70,-580.15,false,false,false,false
1788925061998,4.0935,1.5637,8.6542,-0.11997,0.09600,0.07776,-12.06,29.83,-7.82,0.0000000,0.0000000,0.00,0.00,0.0,999.00,DEAD_RECKONING,13.19,221.74,-2211.45,2374.66,-583.17,false,false,false,false
1788925062119,3.8830,1.4967,8.8361,0.01638,0.11092,0.03835,-11.83,29.81,-6.28,0.0000000,0.0000000,0.00,0.00,0.0,999.00,DEAD_RECKONING,13.39,220.21,-2216.68,2375.68,-586.29,false,false,false,false
1788925062238,3.7250,1.5206,8.8265,0.08988,0.09174,0.00852,-11.38,29.23,-7.84,0.0000000,0.0000000,0.00,0.00,0.0,999.00,DEAD_RECKONING,14.22,218.96,-2222.02,2376.75,-589.52,false,false,false,false
1788925062348,3.7059,1.6068,8.7500,0.08242,0.05126,-0.02024,-10.86,29.21,-7.76,0.0000000,0.0000000,0.00,0.00,0.0,999.00,DEAD_RECKONING,13.29,218.29,-2227.48,2377.87,-592.86,false,false,false,false
1788925062462,3.7825,1.4441,8.7595,0.46471,0.71477,-0.02983,-10.56,29.27,-8.14,0.0000000,0.0000000,0.00,0.00,0.0,999.00,DEAD_RECKONING,13.29,209.05,-2232.92,2379.08,-596.24,false,false,false,false
1788925062581,2.7051,2.5310,8.2660,0.78428,1.80637,-0.12463,-9.73,29.29,-11.01,0.0000000,0.0000000,0.00,0.00,0.0,999.00,DEAD_RECKONING,13.48,188.58,-2237.98,2380.51,-599.45,false,false,false,false
1788925062697,-1.2024,2.3779,5.7906,-0.50226,3.31767,-1.49093,-6.15,27.56,-15.98,0.0000000,0.0000000,0.00,0.00,0.0,999.00,DEAD_RECKONING,14.29,170.72,-2234.88,2385.64,-598.95,false,false,false,false
1788925062813,-3.4959,-0.9787,6.4606,-3.36174,2.42301,-1.69119,-3.77,27.53,-15.43,0.0000000,0.0000000,0.00,0.00,0.0,999.00,DEAD_RECKONING,14.02,169.47,-2188.56,2412.92,-581.60,false,false,false,false
1788925062926,-5.1188,-5.0441,6.5665,-2.22434,-4.20234,-3.24616,-6.69,29.25,-5.18,0.0000000,0.0000000,0.00,0.00,0.0,999.00,DEAD_RECKONING,14.02,202.44,-2193.47,2414.38,-584.66,false,false,false,false
1788925063045,-2.0064,-7.0170,11.8720,-1.25950,-2.98931,-2.15763,-16.35,22.65,6.62,0.0000000,0.0000000,0.00,0.00,0.0,999.00,DEAD_RECKONING,13.14,228.92,-2198.06,2415.22,-586.63,false,false,false,false
1788925063162,2.5567,-11.8726,3.3099,-0.19880,-4.25667,0.22157,-19.74,14.51,19.28,0.0000000,0.0000000,0.00,0.00,0.0,999.00,DEAD_RECKONING,12.97,259.24,-2202.55,2416.16,-588.54,false,false,false,false
1788925063282,4.4722,-7.9555,1.8401,-0.01238,-2.51009,-0.70825,-11.38,12.99,27.17,0.0000000,0.0000000,0.00,0.00,0.0,999.00,DEAD_RECKONING,13.12,287.85,-2207.28,2417.10,-590.69,false,false,false,false
1788925063400,6.3302,-4.6469,2.9222,-0.16578,1.52941,-0.96057,-6.83,11.79,29.36,0.0000000,0.0000000,0.00,0.00,0.0,999.00,DEAD_RECKONING,13.12,273.74,-2212.12,2418.08,-592.93,false,false,false,false
1788925063518,4.4626,-6.6341,4.7468,0.16658,0.03209,-0.32476,-10.58,10.91,28.65,0.0000000,0.0000000,0.00,0.00,0.0,999.00,DEAD_RECKONING,13.12,274.03,-2217.04,2419.11,-595.24,false,false,false,false
1788925063638,5.2002,-6.6820,4.5697,-0.05286,-0.18309,-0.33328,-12.49,10.56,27.60,0.0000000,0.0000000,0.00,0.00,0.0,999.00,DEAD_RECKONING,13.12,276.09,-2222.04,2420.21,-597.65,false,false,false,false
1788925063757,5.5113,-6.1932,5.7236,-0.32543,0.92023,-0.42916,-13.56,9.69,27.43,0.0000000,0.0000000,0.00,0.00,0.0,999.00,DEAD_RECKONING,13.12,269.44,-2227.11,2421.38,-600.12,false,false,false,false
1788925063874,5.0895,-6.3565,3.8321,-0.15939,0.64340,0.01385,-15.96,8.76,27.73,0.0000000,0.0000000,0.00,0.00,0.0,999.00,DEAD_RECKONING,12.99,264.52,-2232.27,2422.60,-602.69,false,true,false,false
1788925063993,3.0592,-7.0840,9.8656,-0.44900,4.25481,-0.47283,-18.66,7.80,25.93,0.0000000,0.0000000,0.00,0.00,0.0,999.00,DEAD_RECKONING,13.12,239.78,-2237.55,2424.04,-605.51,false,false,false,false
1788925064114,1.8239,-7.4387,6.2453,-1.49798,0.56031,1.02342,-24.58,7.09,19.48,0.0000000,0.0000000,0.00,0.00,0.0,999.00,DEAD_RECKONING,12.99,232.38,-2242.61,2425.65,-608.22,false,false,false,false
1788925064232,0.5073,-8.2235,4.9286,-0.09121,-0.21930,0.53035,-25.22,6.83,17.29,0.0000000,0.0000000,0.00,0.00,0.0,999.00,DEAD_RECKONING,13.00,230.48,-2247.77,2427.31,-611.06,false,false,false,false
1788925064351,2.6189,-5.2600,7.0307,2.03353,0.12157,-0.15446,-23.55,8.03,17.14,0.0000000,0.0000000,0.00,0.00,0.0,999.00,DEAD_RECKONING,13.21,230.61,-2253.00,2429.03,-614.00,false,false,false,false
1788925064470,0.8710,-7.4722,8.5340,-0.52782,-0.53661,0.55166,-23.74,10.24,15.88,0.0000000,0.0000000,0.00,0.00,0.0,999.00,DEAD_RECKONING,12.69,230.85,-2258.34,2430.80,-617.06,false,false,false,false
1788925064593,0.0909,-9.5121,11.3067,3.05695,-1.09786,0.36844,-22.58,12.00,16.24,0.0000000,0.0000000,0.00,0.00,0.0,999.00,DEAD_RECKONING,12.73,236.27,-2263.78,2432.66,-620.24,false,false,false,false
1788925064706,-0.1298,-5.8487,12.3745,4.30620,1.02782,0.61238,-20.91,19.54,15.92,0.0000000,0.0000000,0.00,0.00,0.0,999.00,DEAD_RECKONING,12.73,227.36,-2269.25,2434.63,-623.51,false,false,false,false
1788925064826,2.2744,-1.0606,3.2572,5.21685,-1.07336,0.94047,-21.09,25.56,1.65,0.0000000,0.0000000,0.00,0.00,0.0,999.00,DEAD_RECKONING,13.04,237.95,-2274.82,2436.64,-626.92,false,false,false,false
1788925064945,1.4554,6.1220,4.0427,1.57561,0.63381,0.12144,-22.18,20.68,-13.33,0.0000000,0.0000000,0.00,0.00,0.0,999.00,DEAD_RECKONING,13.40,234.23,-2280.47,2438.66,-630.43,false,false,false,false
1788925065064,3.2177,6.9745,5.7906,0.25073,0.08855,1.41436,-23.79,15.00,-17.66,0.0000000,0.0000000,0.00,0.00,0.0,999.00,DEAD_RECKONING,13.40,245.08,-2286.21,2440.72,-634.06,true,false,false,false
1788925065183,4.8646,5.6913,5.9246,-0.21265,-0.24807,1.32488,-21.47,16.20,-19.89,0.0000000,0.0000000,0.00,0.00,0.0,999.00,DEAD_RECKONING,13.40,258.69,-2290.58,2443.31,-636.52,true,false,false,false
1788925065304,6.2243,5.0542,7.3418,-0.61624,-0.48974,0.87549,-21.49,20.34,-16.95,0.0000000,0.0000000,0.00,0.00,0.0,999.00,DEAD_RECKONING,12.80,269.59,-2295.57,2445.78,-639.50,false,false,false,false
1788925065426,6.4403,5.6004,7.3561,0.51264,0.93088,-0.32796,-21.06,23.78,-15.08,0.0000000,0.0000000,0.00,0.00,0.0,999.00,DEAD_RECKONING,12.93,262.60,-2301.68,2447.97,-643.43,true,false,false,false
1788925065547,4.2138,5.5190,7.5290,1.68733,0.98201,-0.38442,-19.01,23.21,-17.61,0.0000000,0.0000000,0.00,0.00,0.0,999.00,DEAD_RECKONING,13.12,253.14,-2300.09,2452.81,-640.24,false,false,false,false
1788925065665,1.6134,8.0758,2.9414,2.56495,2.80316,-0.81903,-16.56,16.37,-22.73,0.0000000,0.0000000,0.00,0.00,0.0,999.00,DEAD_RECKONING,12.89,212.00,-2305.43,2455.39,-643.64,false,false,false,false
1788925065784,0.9571,8.2002,2.1703,0.68415,1.36976,0.67309,-5.79,3.04,-28.33,0.0000000,0.0000000,0.00,0.00,0.0,999.00,DEAD_RECKONING,12.76,181.95,-2310.81,2458.08,-647.12,false,false,false,false
1788925065907,2.9204,6.9027,3.4780,-0.30093,1.00651,1.45165,3.04,-2.36,-27.21,0.0000000,0.0000000,0.00,0.00,0.0,999.00,DEAD_RECKONING,13.09,40.66,-2315.84,2460.99,-650.48,false,false,false,false
1788925066027,3.6628,6.4528,6.0538,-0.65459,0.46444,0.77536,8.36,-3.24,-25.22,0.0000000,0.0000000,0.00,0.00,0.0,999.00,DEAD_RECKONING,8.64,29.69,-2321.15,2463.91,-654.08,false,false,false,false
1788925066147,3.0544,6.5486,6.6287,-0.26365,0.72862,0.41211,10.37,-2.96,-24.19,0.0000000,0.0000000,0.00,0.00,0.0,999.00,DEAD_RECKONING,7.94,36.54,-2325.96,2467.11,-657.47,false,false,false,false
1788925066266,3.4283,6.6730,6.4223,-0.02197,-0.13728,0.16618,11.14,-2.49,-24.60,0.0000000,0.0000000,0.00,0.00,0.0,999.00,DEAD_RECKONING,8.17,31.67,-2331.20,2470.30,-661.19,false,false,false,false
1788925066383,2.8582,6.9027,5.9725,0.22410,0.19507,0.31744,11.08,-2.18,-23.57,0.0000000,0.0000000,0.00,0.00,0.0,999.00,DEAD_RECKONING,7.94,30.42,-2336.05,2473.76,-664.82,false,false,false,false
1788925066503,3.9500,6.1460,5.9438,0.60851,0.28029,0.32064,11.59,-3.54,-22.48,0.0000000,0.0000000,0.00,0.00,0.0,999.00,DEAD_RECKONING,8.16,30.24,-2340.17,2477.64,-668.20,false,false,false,false
1788925066621,3.7777,6.6347,5.0195,0.67030,-0.41091,-0.18429,12.28,-4.65,-22.03,0.0000000,0.0000000,0.00,0.00,0.0,999.00,DEAD_RECKONING,8.34,27.13,-2345.98,2481.02,-672.53,false,false,false,false
1788925066740,4.6875,6.5964,3.6838,-0.11038,-0.74966,-0.57829,11.49,-5.94,-22.09,0.0000000,0.0000000,0.00,0.00,0.0,999.00,DEAD_RECKONING,8.29,23.34,-2353.89,2483.66,-677.96,false,false,false,false
1788925066858,4.4722,5.7966,3.0179,-1.42142,-2.09585,-1.52821,10.35,-4.95,-23.19,0.0000000,0.0000000,0.00,0.00,0.0,999.00,DEAD_RECKONING,8.29,266.67,-2364.18,2485.35,-684.49,false,false,false,false
1788925066978,4.4770,2.6889,6.6191,-4.13816,-4.20447,-1.94259,1.73,5.06,-27.84,0.0000000,0.0000000,0.00,0.00,0.0,999.00,DEAD_RECKONING,8.08,250.65,-2372.60,2487.82,-690.13,false,false,false,false
1788925067098,2.1547,2.6889,7.5721,-3.30848,-1.45790,-1.74658,-12.09,18.06,-20.83,0.0000000,0.0000000,0.00,0.00,0.0,999.00,DEAD_RECKONING,14.46,248.42,-2379.71,2490.90,-695.20,false,false,false,false
1788925067208,3.5192,0.3045,12.8584,-4.08490,-1.50051,-0.00959,-19.73,23.08,-8.87,0.0000000,0.0000000,0.00,0.00,0.0,999.00,DEAD_RECKONING,13.39,258.95,-2386.75,2494.08,-700.31,false,false,false,false
1788925067318,6.6461,-2.0752,9.5539,-1.09546,0.09494,-0.10013,-19.50,24.04,6.26,0.0000000,0.0000000,0.00,0.00,0.0,999.00,DEAD_RECKONING,13.44,258.04,-2393.89,2497.33,-705.52,false,false,false,false
1788925067435,1.4363,-0.5240,12.7143,2.68425,7.17927,-0.74340,-18.47,24.08,10.29,0.0000000,0.0000000,0.00,0.00,0.0,999.00,DEAD_RECKONING,13.64,203.19,-2410.92,2495.75,-714.56,false,false,false,false
1788925067554,-1.8102,2.6315,6.2501,4.21140,1.14499,-1.56656,-15.19,18.49,-10.09,0.0000000,0.0000000,0.00,0.00,0.0,999.00,DEAD_RECKONING,12.73,194.99,-2421.73,2497.17,-721.11,false,false,false,false
1788925067673,-4.7121,4.7910,6.8776,1.03447,-5.10872,-2.57627,-13.69,4.07,-22.52,0.0000000,0.0000000,0.00,0.00,0.0,999.00,DEAD_RECKONING,13.02,219.18,-2429.31,2500.29,-726.53,false,false,false,false
1788925067794,-5.0423,5.9115,7.9741,0.76084,0.28988,-0.52183,-23.87,-7.63,-15.32,0.0000000,0.0000000,0.00,0.00,0.0,999.00,DEAD_RECKONING,16.49,216.33,-2437.15,2503.36,-732.11,false,false,false,false
1788925067913,-2.7583,5.7918,6.3697,0.83860,-0.92529,0.07670,-24.92,-12.60,-12.38,0.0000000,0.0000000,0.00,0.00,0.0,999.00,DEAD_RECKONING,13.77,221.19,-2444.23,2506.95,-737.52,true,false,false,false
1788925068032,-1.7527,6.4098,6.9063,0.68947,0.27390,-0.27896,-26.21,-14.31,-9.54,0.0000000,0.0000000,0.00,0.00,0.0,999.00,DEAD_RECKONING,13.35,218.99,-2428.85,2523.42,-737.03,false,false,false,false
1788925068151,-2.6530,7.1946,5.8672,0.87908,-0.05526,-0.38229,-26.14,-17.34,-7.48,0.0000000,0.0000000,0.00,0.00,0.0,999.00,DEAD_RECKONING,13.80,217.78,-2436.41,2527.27,-743.28,false,false,false,false
1788925068271,-3.4337,7.8796,3.9135,0.73528,-0.20439,-0.38761,-25.18,-19.93,-6.00,0.0000000,0.0000000,0.00,0.00,0.0,999.00,DEAD_RECKONING,13.09,216.99,-2443.79,2531.31,-749.52,false,false,false,false
1788925068393,-3.6778,8.1236,3.5737,0.02916,-0.45778,0.21731,-24.94,-21.88,-4.54,0.0000000,0.0000000,0.00,0.00,0.0,999.00,DEAD_RECKONING,12.93,219.68,-2450.98,2535.54,-755.79,false,false,false,false
1788925068512,-2.7583,7.6881,5.1392,-0.09867,-0.21185,0.51864,-24.73,-20.42,-4.18,0.0000000,0.0000000,0.00,0.00,0.0,999.00,DEAD_RECKONING,12.76,222.75,-2457.97,2540.04,-762.14,false,false,false,false
1788925068636,-2.7296,8.2576,4.6319,-0.11145,-0.38322,1.00425,-26.29,-19.35,-3.71,0.0000000,0.0000000,0.00,0.00,0.0,999.00,DEAD_RECKONING,12.79,228.53,-2464.62,2544.91,-768.52,false,false,false,false
1788925068754,-0.9817,7.9848,5.0674,-0.11358,-0.51850,1.77002,-29.42,-15.56,-3.06,0.0000000,0.0000000,0.00,0.00,0.0,999.00,DEAD_RECKONING,13.08,238.05,-2469.99,2551.29,-773.53,false,false,false,false
1788925068874,2.0536,7.0845,4.5984,-0.31478,-0.19693,2.56561,-31.74,-9.45,-2.01,0.0000000,0.0000000,0.00,0.00,0.0,999.00,DEAD_RECKONING,13.91,250.14,-2477.90,2556.27,-779.82,true,false,false,false
1788925068987,4.3765,5.0495,5.2158,-0.38295,2.07481,2.52087,-31.82,2.06,-1.99,0.0000000,0.0000000,0.00,0.00,0.0,999.00,DEAD_RECKONING,13.76,252.94,-2485.11,2561.21,-787.02,false,false,false,false
1788925069106,4.3573,3.2590,7.6008,-0.51717,2.32500,2.18533,-27.83,13.07,-6.53,0.0000000,0.0000000,0.00,0.00,0.0,999.00,DEAD_RECKONING,11.31,252.27,-2492.35,2566.25,-794.32,false,false,false,false
1788925069224,1.2688,2.1338,9.7651,-0.58428,2.84897,1.37175,-18.88,20.04,-11.33,0.0000000,0.0000000,0.00,0.00,0.0,999.00,DEAD_RECKONING,12.09,234.98,-2499.75,2571.30,-801.80,false,false,false,false
1788925069344,2.5137,1.9753,10.1097,-0.85898,-1.57921,0.37696,-8.91,24.32,-12.58,0.0000000,0.0000000,0.00,0.00,0.0,999.00,DEAD_RECKONING,12.98,255.93,-2506.84,2576.75,-809.42,false,false,false,false
1788925069463,2.8391,1.5206,10.2293,1.19959,0.04594,0.01385,-7.35,27.15,-9.49,0.0000000,0.0000000,0.00,0.00,0.0,999.00,DEAD_RECKONING,12.96,255.67,-2513.93,2582.38,-817.16,false,false,false,false
1788925069578,2.4467,3.2782,9.2477,1.05045,-1.17775,-0.51544,-8.16,25.39,-12.98,0.0000000,0.0000000,0.00,0.00,0.0,999.00,DEAD_RECKONING,13.14,259.68,-2520.91,2588.25,-825.02,false,false,false,false
1788925069698,3.6772,4.8724,6.7962,1.20811,-1.57921,-0.70292,-12.99,21.19,-15.04,0.0000000,0.0000000,0.00,0.00,0.0,999.00,DEAD_RECKONING,12.74,261.45,-2527.93,2594.24,-833.00,false,false,false,false
1788925069817,3.8303,6.1747,4.9143,0.94087,-1.16070,-0.73275,-19.14,17.10,-16.05,0.0000000,0.0000000,0.00,0.00,0.0,999.00,DEAD_RECKONING,13.57,259.91,-2535.02,2600.30,-841.10,false,false,false,false
1788925069938,3.2465,7.0558,3.2668,0.12077,-0.25233,-0.45685,-22.97,12.08,-15.98,0.0000000,0.0000000,0.00,0.00,0.0,999.00,DEAD_RECKONING,13.57,257.56,-2542.19,2606.42,-849.31,false,false,false,false
1788925070056,3.4570,6.3715,5.4215,-0.96870,0.05020,0.04900,-23.93,9.96,-15.90,0.0000000,0.0000000,0.00,0.00,0.0,999.00,DEAD_RECKONING,13.39,257.77,-2549.43,2612.59,-857.63,false,false,false,false
1788925070175,3.6102,6.9362,6.5856,-0.37549,-0.07230,-0.34074,-24.92,11.16,-14.63,0.0000000,0.0000000,0.00,0.00,0.0,999.00,DEAD_RECKONING,13.57,255.94,-2556.68,2618.89,-866.06,false,false,false,false
1788925070297,4.3430,6.0790,7.6104,-0.27110,-0.65805,-0.32902,-26.23,12.26,-12.30,0.0000000,0.0000000,0.00,0.00,0.0,999.00,DEAD_RECKONING,13.57,256.40,-2563.97,2625.28,-874.61,false,false,false,false
1788925070417,3.3613,6.0838,5.9007,0.31571,-0.35552,-0.55166,-27.45,10.99,-10.03,0.0000000,0.0000000,0.00,0.00,0.0,999.00,DEAD_RECKONING,13.57,254.56,-2571.32,2631.75,-883.26,false,false,false,false
1788925070537,4.4100,7.3627,3.5785,0.22090,0.15992,-0.21837,-29.55,8.98,-7.16,0.0000000,0.0000000,0.00,0.00,0.0,999.00,DEAD_RECKONING,13.57,252.84,-2578.74,2638.28,-892.00,false,false,false,false
1788925070657,3.7155,6.7065,4.7611,-0.35739,0.60718,-0.25672,-29.55,8.16,-6.92,0.0000000,0.0000000,0.00,0.00,0.0,999.00,DEAD_RECKONING,13.57,249.31,-2586.19,2644.91,-900.83,false,false,false,false
1788925070770,3.0784,6.7448,6.0778,-0.17430,0.36218,-0.09161,-29.27,8.01,-9.30,0.0000000,0.0000000,0.00,0.00,0.0,999.00,DEAD_RECKONING,14.28,247.44,-2593.68,2651.64,-909.78,false,false,false,false
1788925070890,3.3661,6.7974,5.8911,0.32423,0.08322,0.08202,-28.63,7.58,-11.01,0.0000000,0.0000000,0.00,0.00,0.0,999.00,DEAD_RECKONING,14.28,247.61,-2601.23,2658.47,-918.86,false,false,false,false
1788925071010,3.4953,6.6778,5.3210,-0.04754,-0.08935,0.23329,-29.16,7.54,-10.20,0.0000000,0.0000000,0.00,0.00,0.0,999.00,DEAD_RECKONING,14.28,249.31,-2608.83,2665.40,-928.06,false,false,false,false
1788925071130,2.8678,6.6491,6.4845,-0.12317,-0.09148,-0.08628,-28.24,8.01,-10.50,0.0000000,0.0000000,0.00,0.00,0.0,999.00,DEAD_RECKONING,14.28,249.21,-2616.37,2672.51,-937.37,false,false,false,false
1788925071248,3.4187,6.6969,6.4032,-0.22117,-0.12983,0.08522,-28.59,8.74,-10.95,0.0000000,0.0000000,0.00,0.00,0.0,999.00,DEAD_RECKONING,14.28,250.22,-2623.99,2679.69,-946.80,false,false,false,false
1788925071362,3.1795,6.5438,6.2118,0.07497,0.15672,-0.03515,-28.63,9.02,-10.65,0.0000000,0.0000000,0.00,0.00,0.0,999.00,DEAD_RECKONING,14.28,249.45,-2631.63,2686.98,-956.36,false,false,false,false
1788925071483,3.4187,6.5151,6.1496,0.00040,0.07470,0.04367,-28.14,9.39,-11.14,0.0000000,0.0000000,0.00,0.00,0.0,999.00,DEAD_RECKONING,14.20,249.45,-2639.32,2694.38,-966.03,false,false,false,false
1788925071594,3.4714,6.5151,6.0012,0.09947,-0.00519,0.01278,-27.83,8.85,-10.44,0.0000000,0.0000000,0.00,0.00,0.0,999.00,DEAD_RECKONING,15.28,249.58,-2647.02,2701.91,-975.83,false,false,false,false
1788925071706,3.3039,6.6586,5.6901,0.00040,0.05979,-0.07137,-28.03,8.78,-11.85,0.0000000,0.0000000,0.00,0.00,0.0,999.00,DEAD_RECKONING,14.71,248.98,-2654.72,2709.57,-985.75,false,false,false,false
1788925071826,3.3709,6.6682,6.2309,0.06857,-0.05632,0.00852,-27.60,8.79,-11.38,0.0000000,0.0000000,0.00,0.00,0.0,999.00,DEAD_RECKONING,14.46,249.29,-2662.46,2717.34,-995.78,false,false,false,false
1788925071944,3.0784,6.6873,5.8098,0.13036,0.03742,-0.06604,-28.01,8.55,-11.16,0.0000000,0.0000000,0.00,0.00,0.0,999.00,DEAD_RECKONING,14.46,248.81,-2670.20,2725.24,-1005.95,false,false,false,false
1788925072063,3.0592,6.8405,5.8816,-0.00386,0.08961,-0.06285,-27.90,8.18,-11.18,0.0000000,0.0000000,0.00,0.00,0.0,999.00,DEAD_RECKONING,14.46,248.15,-2677.98,2733.25,-1016.23,false,false,false,false
1788925072183,2.9109,6.8357,5.9342,0.02916,0.08109,-0.06604,-27.54,8.14,-11.76,0.0000000,0.0000000,0.00,0.00,0.0,999.00,DEAD_RECKONING,8.76,247.50,-2685.77,2741.39,-1026.65,false,false,false,false
1788925072305,2.9157,6.9410,5.7571,0.04833,0.06085,-0.07244,-28.16,7.65,-12.71,0.0000000,0.0000000,0.00,0.00,0.0,999.00,DEAD_RECKONING,8.65,246.89,-2693.58,2749.65,-1037.18,false,false,false,false
1788925072426,2.7290,6.9745,5.9007,0.07070,0.10346,-0.07137,-28.03,7.39,-13.67,0.0000000,0.0000000,0.00,0.00,0.0,999.00,DEAD_RECKONING,5.74,246.13,-2701.41,2758.02,-1047.85,false,false,false,false
1788925072547,2.5137,7.0080,5.9677,0.04727,0.20892,-0.10865,-27.45,6.32,-13.71,0.0000000,0.0000000,0.00,0.00,0.0,999.00,DEAD_RECKONING,5.81,244.73,-2709.26,2766.51,-1058.64,false,false,false,false
1788925072667,2.2217,7.1898,5.7236,0.07177,0.16844,-0.14274,-26.76,6.26,-14.27,0.0000000,0.0000000,0.00,0.00,0.0,999.00,DEAD_RECKONING,5.64,243.29,-2717.07,2775.17,-1069.57,false,false,false,false
1788925072784,2.1882,7.2616,5.8481,0.07497,0.02357,-0.06498,-26.18,5.42,-14.42,0.0000000,0.0000000,0.00,0.00,0.0,999.00,DEAD_RECKONING,5.57,242.86,-2724.90,2783.96,-1080.64,false,false,false,false
1788925072903,1.9771,7.3101,5.6327,0.08455,-0.00200,-0.05326,-26.70,5.18,-14.83,0.0000000,0.0000000,0.00,0.00,0.0,999.00,DEAD_RECKONING,5.57,242.59,-2732.73,2792.88,-1091.86,false,false,false,false
1788925073017,1.7043,7.3723,5.4843,0.01744,0.03529,-0.07883,-27.23,4.59,-15.71,0.0000000,0.0000000,0.00,0.00,0.0,999.00,DEAD_RECKONING,3.60,242.04,-2740.55,2801.95,-1103.21,false,false,false,false
1788925073135,1.8909,7.3388,5.8959,-0.00280,-0.00093,0.00959,-26.93,5.01,-16.88,0.0000000,0.0000000,0.00,0.00,0.0,999.00,DEAD_RECKONING,5.56,242.14,-2748.43,2811.11,-1114.72,false,false,false,false
1788925073254,1.8526,7.2425,5.7236,-0.06351,-0.02011,0.00852,-26.98,5.48,-16.65,0.0000000,0.0000000,0.00,0.00,0.0,999.00,DEAD_RECKONING,5.62,242.30,-2756.31,2820.41,-1126.37,false,false,false,false
1788925073374,1.9723,7.1659,5.6040,-0.16258,-0.03289,0.01704,-27.45,5.53,-15.56,0.0000000,0.0000000,0.00,0.00,0.0,999.00,DEAD_RECKONING,8.35,242.57,-2764.19,2829.85,-1138.17,false,false,false,false
1788925073491,1.8574,7.1468,5.8241,-0.41065,-0.29387,0.19068,-26.64,6.02,-15.21,0.0000000,0.0000000,0.00,0.00,0.0,999.00,DEAD_RECKONING,14.46,244.87,-2772.17,2839.35,-1150.12,false,false,false,false
1788925073608,2.4227,6.8166,6.5761,-0.16258,-0.11811,0.25885,-27.41,6.94,-14.25,0.0000000,0.0000000,0.00,0.00,0.0,999.00,DEAD_RECKONING,14.62,246.84,-2780.25,2848.91,-1162.20,false,false,false,false
1788925073726,2.9635,6.3332,6.1878,-0.12956,-0.12769,0.17896,-26.94,8.44,-14.48,0.0000000,0.0000000,0.00,0.00,0.0,999.00,DEAD_RECKONING,14.61,248.41,-2788.27,2858.66,-1174.43,false,false,false,false
1788925073846,2.9874,6.2423,6.6957,-0.20413,-0.07230,0.08948,-27.41,9.19,-13.56,0.0000000,0.0000000,0.00,0.00,0.0,999.00,DEAD_RECKONING,14.62,249.25,-2796.26,2868.57,-1186.78,false,false,false,false
1788925073968,2.7817,6.2130,6.5569,-0.21052,-0.19267,0.10865,-27.51,10.14,-11.81,0.0000000,0.0000000,0.00,0.00,0.0,999.00,DEAD_RECKONING,14.46,250.68,-2804.27,2878.60,-1199.27,false,false,false,false
1788925074086,3.3326,5.8062,6.8632,-0.26684,-0.12343,0.20239,-27.21,10.76,-11.23,0.0000000,0.0000000,0.00,0.00,0.0,999.00,DEAD_RECKONING,14.39,252.35,-2812.36,2888.70,-1211.89,false,false,false,false
1788925074204,3.6293,5.5143,6.7723,-0.23808,-0.11598,0.17044,-27.84,12.19,-9.39,0.0000000,0.0000000,0.00,0.00,0.0,999.00,DEAD_RECKONING,14.42,253.81,-2820.47,2898.92,-1224.62,false,false,false,false
1788925074323,3.8351,5.2798,6.8728,-0.30945,-0.14048,0.19813,-26.64,13.78,-9.56,0.0000000,0.0000000,0.00,0.00,0.0,999.00,DEAD_RECKONING,14.16,255.53,-2828.62,2909.24,-1237.48,false,false,false,false
1788925074443,3.8830,4.9872,7.3035,-0.22223,-0.02011,0.18642,-26.51,14.36,-8.12,0.0000000,0.0000000,0.00,0.00,0.0,999.00,DEAD_RECKONING,6.68,256.68,-2836.80,2919.66,-1250.45,false,false,false,false
1788925074562,4.1557,4.5517,7.4279,-0.22650,-0.03076,0.27376,-26.14,15.53,-7.22,0.0000000,0.0000000,0.00,0.00,0.0,999.00,DEAD_RECKONING,5.55,258.36,-2845.05,2930.16,-1263.53,false,false,false,false
1788925074682,4.4148,4.2646,7.3418,-0.20199,0.00333,0.23009,-25.33,16.80,-6.94,0.0000000,0.0000000,0.00,0.00,0.0,999.00,DEAD_RECKONING,5.67,259.66,-2853.34,2940.75,-1276.73,false,false,false,false
1788925074803,4.4483,4.1109,7.4997,-0.17962,-0.02117,0.22689,-24.83,17.64,-6.32,0.0000000,0.0000000,0.00,0.00,0.0,999.00,DEAD_RECKONING,5.65,260.25,-2861.66,2951.45,-1290.03,true,false,false,false
1788925074922,4.4195,3.8046,7.3226,-0.27110,-0.26085,0.33022,-23.74,18.88,-5.34,0.0000000,0.0000000,0.00,0.00,0.0,999.00,DEAD_RECKONING,7.98,263.31,-2720.52,3082.20,-1311.77,false,false,false,false
1788925075042,4.7928,2.9809,6.8728,-0.74407,-0.93594,0.87975,-22.61,20.81,-2.14,0.0000000,0.0000000,0.00,0.00,0.0,999.00,DEAD_RECKONING,13.13,272.35,-2725.19,3097.59,-1325.16,true,false,false,false
1788925075161,6.8758,1.0128,7.3226,-0.82396,-0.77842,1.19706,-20.14,23.38,2.40,0.0000000,0.0000000,0.00,0.00,0.0,999.00,DEAD_RECKONING,12.89,282.54,-2731.86,3110.65,-1338.93,false,false,false,false
1788925075281,8.2929,0.1801,6.7340,0.03768,-0.44287,0.26098,-16.44,25.22,7.46,0.0000000,0.0000000,0.00,0.00,0.0,999.00,DEAD_RECKONING,12.89,285.91,-2738.93,3123.30,-1352.86,false,false,false,false
1788925075398,7.6804,0.2183,6.5952,0.66178,0.55073,-0.20985,-14.94,26.68,7.39,0.0000000,0.0000000,0.00,0.00,0.0,999.00,DEAD_RECKONING,13.07,280.87,-2746.46,3135.71,-1366.72,true,false,false,false
1788925075523,6.5121,1.4536,8.0315,1.34552,1.64978,-0.79133,-16.35,26.51,3.99,0.0000000,0.0000000,0.00,0.00,0.0,999.00,DEAD_RECKONING,13.03,269.13,-2781.68,3141.74,-1352.38,false,false,false,false
1788925075641,3.8638,3.4648,8.1559,1.48507,1.55710,-1.22475,-19.31,23.91,-3.90,0.0000000,0.0000000,0.00,0.00,0.0,999.00,DEAD_RECKONING,13.03,253.84,-2858.46,3070.25,-1361.43,false,false,false,false
1788925075759,2.4897,5.4281,6.7962,0.96963,0.23555,-0.88707,-19.80,18.71,-11.40,0.0000000,0.0000000,0.00,0.00,0.0,999.00,DEAD_RECKONING,13.16,246.77,-2965.43,2952.24,-1386.70,false,false,false,false
1788925075877,1.4794,6.3380,6.4558,0.96537,0.24940,-0.88814,-21.34,12.99,-15.64,0.0000000,0.0000000,0.00,0.00,0.0,999.00,DEAD_RECKONING,13.16,239.81,-3189.50,2673.95,-1428.35,false,false,false,false
1788925075995,0.7035,7.0941,5.7332,0.82582,0.12477,-0.87655,-21.88,8.64,-17.78,0.0000000,0.0000000,0.00,0.00,0.0,999.00,DEAD_RECKONING,13.79,233.65,-3622.96,2102.91,-1507.87,false,false,false,false
1788925076113,-0.0293,7.7551,5.2540,0.62023,0.14500,-0.63262,-22.76,4.48,-18.98,0.0000000,0.0000000,0.00,0.00,0.0,999.00,DEAD_RECKONING,13.79,229.09,-3552.34,2228.68,-1502.16,false,false,false,false
1788925076232,-0.9673,8.1236,4.1575,0.27949,-0.27257,-0.47177,-23.04,0.11,-19.24,0.0000000,0.0000000,0.00,0.00,0.0,999.00,DEAD_RECKONING,14.02,227.30,-3581.68,2214.50,-1521.92,true,false,false,false
1788925076345,-0.6275,8.0423,5.1918,-0.27323,-0.35552,-0.04367,-23.66,-2.81,-19.54,0.0000000,0.0000000,0.00,0.00,0.0,999.00,DEAD_RECKONING,13.84,228.22,-3544.53,2269.68,-1510.21,true,false,false,false
1788925076457,-0.5509,8.0471,5.2205,0.00786,-0.07550,-0.02450,-24.23,-3.13,-18.08,0.0000000,0.0000000,0.00,0.00,0.0,999.00,DEAD_RECKONING,13.84,228.40,-3498.85,2334.32,-1500.10,false,false,false,false
1788925076578,-0.3452,8.0231,5.1009,-0.13702,-0.32037,0.27483,-24.79,-2.94,-17.68,0.0000000,0.0000000,0.00,0.00,0.0,999.00,DEAD_RECKONING,13.84,231.25,-3445.31,2403.92,-1490.10,false,false,false,false
1788925076693,-0.3260,7.9705,5.0818,-0.55871,-1.04033,0.40146,-25.95,-3.04,-16.46,0.0000000,0.0000000,0.00,0.00,0.0,999.00,DEAD_RECKONING,14.28,237.32,-3373.45,2491.18,-1461.38,false,false,false,false
1788925076811,1.6181,7.3340,5.6279,-0.34141,-1.08720,0.72636,-27.49,0.04,-14.55,0.0000000,0.0000000,0.00,0.00,0.0,999.00,DEAD_RECKONING,13.88,245.08,-3285.93,2593.26,-1412.09,false,false,false,false
1788925076929,3.5862,6.2614,5.7619,-0.27536,-0.51850,0.89466,-29.53,4.50,-11.33,0.0000000,0.0000000,0.00,0.00,0.0,999.00,DEAD_RECKONING,12.83,251.78,-3218.45,2673.95,-1360.67,false,false,false,false
1788925077043,4.2329,5.9067,5.8959,-0.51291,-0.69746,0.74127,-29.66,8.59,-7.65,0.0000000,0.0000000,0.00,0.00,0.0,999.00,DEAD_RECKONING,12.84,258.11,-3185.25,2716.55,-1323.88,true,false,false,false
1788925077163,5.2816,4.9825,5.3163,-0.54061,-0.21291,0.76897,-29.12,12.49,-3.73,0.0000000,0.0000000,0.00,0.00,0.0,999.00,DEAD_RECKONING,12.84,263.12,-3181.00,2727.83,-1315.52,false,false,false,false
1788925077283,5.8176,4.0965,6.5282,-0.55765,-0.06591,0.80092,-27.83,16.11,-1.39,0.0000000,0.0000000,0.00,0.00,0.0,999.00,DEAD_RECKONING,13.35,267.88,-3202.97,2716.91,-1327.57,false,false,false,false
1788925077402,5.7697,3.3260,7.9454,0.40825,1.26110,0.16724,-24.84,18.84,-1.39,0.0000000,0.0000000,0.00,0.00,0.0,999.00,DEAD_RECKONING,13.61,264.69,-3218.99,2718.90,-1360.36,false,false,false,false
1788925077522,4.7210,4.0343,7.2748,0.19001,0.39946,0.01704,-23.91,19.63,-4.58,0.0000000,0.0000000,0.00,0.00,0.0,999.00,DEAD_RECKONING,13.84,263.46,-3237.97,2720.48,-1375.11,false,false,false,false
1788925077642,4.4004,4.2024,7.4662,0.26458,0.66044,-0.04367,-23.38,19.05,-6.30,0.0000000,0.0000000,0.00,0.00,0.0,999.00,DEAD_RECKONING,13.44,260.86,-3251.44,2725.92,-1387.43,false,false,false,false
1788925077763,3.7346,4.4800,7.5236,0.41677,0.68708,-0.01385,-22.37,18.60,-9.28,0.0000000,0.0000000,0.00,0.00,0.0,999.00,DEAD_RECKONING,13.83,258.26,-3261.58,2733.89,-1393.96,false,false,false,false
1788925077880,3.5432,4.8245,7.3705,0.26671,0.01079,-0.12889,-21.96,17.96,-10.43,0.0000000,0.0000000,0.00,0.00,0.0,999.00,DEAD_RECKONING,14.40,258.31,-3269.89,2744.20,-1406.13,true,false,false,false
1788925078000,3.2800,5.1691,7.3705,0.19321,-0.07763,-0.12250,-21.83,17.64,-11.91,0.0000000,0.0000000,0.00,0.00,0.0,999.00,DEAD_RECKONING,14.06,257.01,-3312.96,2724.97,-1418.18,true,false,false,false
1788925078119,3.2465,5.3611,7.2317,0.28162,-0.09787,-0.15339,-21.53,16.18,-13.16,0.0000000,0.0000000,0.00,0.00,0.0,999.00,DEAD_RECKONING,14.06,256.31,-3336.76,2721.88,-1428.27,false,false,false,false
1788925078237,3.1842,5.6004,7.4040,0.27949,-0.02330,-0.14381,-22.82,15.23,-13.56,0.0000000,0.0000000,0.00,0.00,0.0,999.00,DEAD_RECKONING,14.06,255.42,-3349.86,2728.45,-1440.83,false,false,false,false
1788925078355,2.2313,6.3571,7.5188,0.81730,-0.00413,-0.15765,-23.19,13.61,-13.88,0.0000000,0.0000000,0.00,0.00,0.0,999.00,DEAD_RECKONING,13.20,254.36,-3360.79,2736.38,-1454.57,false,false,false,false
1788925078473,2.9539,7.1276,5.7428,1.32102,-0.37683,0.09907,-23.85,11.34,-15.26,0.0000000,0.0000000,0.00,0.00,0.0,999.00,DEAD_RECKONING,12.87,255.90,-3375.29,2741.68,-1466.27,false,false,false,false
1788925078592,3.2608,7.2664,3.6407,1.39452,0.19081,-0.16937,-24.09,8.03,-17.36,0.0000000,0.0000000,0.00,0.00,0.0,999.00,DEAD_RECKONING,13.80,254.50,-3386.48,2749.44,-1479.15,false,false,false,false
1788925078711,1.8144,8.0758,1.9597,1.34765,0.14714,0.35459,-24.15,4.01,-19.52,0.0000000,0.0000000,0.00,0.00,0.0,999.00,DEAD_RECKONING,13.39,257.27,-3398.66,2756.59,-1492.88,false,false,false,false
1788925078831,3.6676,8.5980,0.5330,0.41358,-0.37896,-0.22476,-22.65,0.28,-20.94,0.0000000,0.0000000,0.00,0.00,0.0,999.00,DEAD_RECKONING,8.13,255.34,-3413.30,2762.03,-1504.65,false,false,false,false
1788925078951,3.1167,8.5214,1.7874,-0.18602,-0.21185,0.08309,-22.76,-1.80,-20.49,0.0000000,0.0000000,0.00,0.00,0.0,999.00,DEAD_RECKONING,7.95,255.83,-3427.65,2767.84,-1515.87,false,false,false,false
1788925079067,3.0927,8.5980,2.3480,-0.28921,-0.18735,-0.07989,-23.89,-1.41,-20.72,0.0000000,0.0000000,0.00,0.00,0.0,999.00,DEAD_RECKONING,7.95,255.19,-3442.43,2773.33,-1527.59,false,false,false,false
1788925079186,3.2273,8.5789,2.0602,-0.35312,-0.03822,-0.00959,-25.16,-0.69,-19.56,0.0000000,0.0000000,0.00,0.00,0.0,999.00,DEAD_RECKONING,7.90,255.16,-3457.48,2778.70,-1539.98,false,false,false,false
1788925079304,3.0257,8.3444,3.0467,-0.41704,-0.01158,-0.09268,-24.60,0.62,-19.28,0.0000000,0.0000000,0.00,0.00,0.0,999.00,DEAD_RECKONING,7.95,254.55,-3472.81,2783.91,-1552.85,false,false,false,false
1788925079424,2.9396,8.4257,3.1950,-0.37763,-0.02543,-0.05965,-24.30,1.09,-19.35,0.0000000,0.0000000,0.00,0.00,0.0,999.00,DEAD_RECKONING,13.39,254.18,-3487.70,2789.68,-1565.79,false,false,false,false
1788925079543,2.9348,7.9179,3.5450,-0.96550,-0.24594,-0.05007,-24.71,1.14,-18.43,0.0000000,0.0000000,0.00,0.00,0.0,999.00,DEAD_RECKONING,14.28,254.05,-3503.30,2795.14,-1577.35,false,false,false,false
1788925079662,3.1555,7.5494,4.5314,-0.97189,-0.15539,-0.02770,-25.29,4.52,-18.34,0.0000000,0.0000000,0.00,0.00,0.0,999.00,DEAD_RECKONING,14.28,254.12,-3519.25,2800.40,-1589.05,false,false,false,false
1788925079783,3.3230,6.8022,5.6758,-0.87815,-0.10106,0.04474,-25.78,7.13,-16.39,0.0000000,0.0000000,0.00,0.00,0.0,999.00,DEAD_RECKONING,14.28,254.67,-3535.24,2805.75,-1600.98,false,false,false,false
1788925079892,3.1938,6.7974,6.3697,-0.22330,0.08003,-0.07883,-26.31,8.81,-15.02,0.0000000,0.0000000,0.00,0.00,0.0,999.00,DEAD_RECKONING,12.67,254.01,-3550.75,2811.28,-1614.72,false,false,false,false
1788925080002,2.9109,6.5773,6.0347,-0.11465,0.03422,-0.09907,-25.71,9.77,-14.27,0.0000000,0.0000000,0.00,0.00,0.0,999.00,DEAD_RECKONING,5.97,253.33,-3566.64,2816.57,-1628.29,false,false,false,false
1788925080111,2.9492,6.5868,6.2022,-0.19134,-0.01371,-0.01385,-25.29,10.71,-14.46,0.0000000,0.0000000,0.00,0.00,0.0,999.00,DEAD_RECKONING,4.82,253.32,-3582.44,2822.15,-1641.48,false,false,false,false
1788925080227,3.0257,6.5151,6.5186,-0.05606,0.00333,-0.00426,-25.28,11.34,-13.78,0.0000000,0.0000000,0.00,0.00,0.0,999.00,DEAD_RECKONING,4.91,253.33,-3598.19,2827.86,-1654.94,false,false,false,false
1788925080338,2.8199,6.3619,6.5904,-0.13275,0.03742,-0.03089,-25.50,10.59,-13.99,0.0000000,0.0000000,0.00,0.00,0.0,999.00,DEAD_RECKONING,4.79,253.08,-3614.09,2833.52,-1668.77,false,false,false,false
1788925080454,2.8822,6.3811,6.6239,-0.08908,0.02144,-0.02557,-25.29,11.08,-13.84,0.0000000,0.0000000,0.00,0.00,0.0,999.00,DEAD_RECKONING,4.80,252.90,-3630.01,2839.30,-1682.57,false,false,false,false
1788925080566,2.7386,6.4002,6.6431,0.01212,0.12263,-0.01278,-25.16,11.06,-14.08,0.0000000,0.0000000,0.00,0.00,0.0,999.00,DEAD_RECKONING,4.80,252.52,-3645.99,2845.13,-1697.07,false,false,false,false
1788925080683,2.6812,6.3523,6.9254,-0.01238,0.04381,-0.02344,-25.78,11.27,-13.69,0.0000000,0.0000000,0.00,0.00,0.0,999.00,DEAD_RECKONING,4.87,252.29,-3661.94,2851.13,-1711.20,false,false,false,false
1788925080794,2.8343,6.3476,6.3697,0.02810,-0.00200,-0.03515,-25.59,10.89,-14.42,0.0000000,0.0000000,0.00,0.00,0.0,999.00,DEAD_RECKONING,5.13,252.11,-3677.86,2857.28,-1725.21,false,false,false,false
1788925080913,2.9348,6.3811,6.5665,0.06218,0.03955,-0.02344,-25.86,10.56,-14.59,0.0000000,0.0000000,0.00,0.00,0.0,999.00,DEAD_RECKONING,4.55,251.90,-3693.86,2863.48,-1739.51,false,false,false,false
1788925081027,2.6907,6.4289,6.3888,0.04301,0.03209,-0.02130,-25.93,10.14,-14.66,0.0000000,0.0000000,0.00,0.00,0.0,999.00,DEAD_RECKONING,3.93,251.71,-3709.91,2869.75,-1753.88,false,false,false,false
1788925081145,2.5854,6.5007,6.6718,0.11758,0.32490,-0.12463,-25.61,9.81,-14.42,0.0000000,0.0000000,0.00,0.00,0.0,999.00,DEAD_RECKONING,5.52,250.02,-3725.86,2876.21,-1768.88,false,false,false,false
1788925081255,2.4036,6.5629,6.3984,-0.02517,-0.01371,0.00959,-25.22,9.51,-14.91,0.0000000,0.0000000,0.00,0.00,0.0,999.00,DEAD_RECKONING,5.58,250.17,-3741.75,2882.92,-1783.36,false,false,false,false
1788925081365,2.3653,6.6156,6.2548,-0.01558,-0.01052,0.00000,-25.14,8.98,-15.47,0.0000000,0.0000000,0.00,0.00,0.0,999.00,DEAD_RECKONING,5.68,250.25,-3757.70,2889.70,-1797.95,false,false,false,false
1788925081482,2.4132,6.5294,6.5234,-0.02836,0.00652,0.03622,-25.61,9.34,-15.53,0.0000000,0.0000000,0.00,0.00,0.0,999.00,DEAD_RECKONING,5.74,250.51,-3773.71,2896.55,-1812.66,false,false,false,false
1788925081599,2.5663,6.6443,6.7771,0.07390,0.03102,-0.01065,-25.24,10.05,-14.76,0.0000000,0.0000000,0.00,0.00,0.0,999.00,DEAD_RECKONING,5.74,250.40,-3789.77,2903.45,-1827.52,false,false,false,false
1788925081711,2.8439,6.7735,6.3601,0.80026,0.01505,-0.24287,-24.26,9.26,-15.19,0.0000000,0.0000000,0.00,0.00,0.0,999.00,DEAD_RECKONING,14.48,248.78,-3805.38,2910.97,-1842.57,false,false,false,false
1788925081830,0.9380,7.2473,3.5689,0.30080,-0.47376,0.04367,-25.65,7.24,-16.99,0.0000000,0.0000000,0.00,0.00,0.0,999.00,DEAD_RECKONING,14.88,250.17,-3821.54,2918.07,-1857.03,false,false,false,false
1788925081946,2.9348,7.5876,6.4176,-0.05180,-0.02863,0.21092,-25.59,7.24,-16.31,0.0000000,0.0000000,0.00,0.00,0.0,999.00,DEAD_RECKONING,15.15,251.68,-3837.75,2925.27,-1871.99,false,false,false,false
1788925082056,4.4100,5.7440,5.9246,-0.13382,0.41118,0.82010,-25.35,7.59,-16.46,0.0000000,0.0000000,0.00,0.00,0.0,999.00,DEAD_RECKONING,14.60,256.60,-3854.04,2932.54,-1887.27,false,false,false,false
1788925082171,4.5918,4.0439,7.4614,0.05047,-1.10318,-1.62834,-23.96,9.23,-16.82,0.0000000,0.0000000,0.00,0.00,0.0,999.00,DEAD_RECKONING,14.40,248.00,-3874.91,2934.86,-1897.88,false,false,false,false
1788925082290,4.5440,3.7854,6.2261,-1.29253,-3.37586,-3.22592,-27.83,4.52,-12.19,0.0000000,0.0000000,0.00,0.00,0.0,999.00,DEAD_RECKONING,14.40,238.55,-3962.04,2875.37,-1838.61,false,false,false,false
1788925082403,0.6030,4.8532,4.3968,-2.74617,-1.73154,-3.98943,-30.84,-6.83,-0.98,0.0000000,0.0000000,0.00,0.00,0.0,999.00,DEAD_RECKONING,14.08,225.97,-4096.81,2738.87,-1798.65,false,false,false,false
1788925082518,-19.6852,5.3133,24.6951,-3.70262,-4.09795,-1.95217,-25.69,-20.55,0.77,0.0000000,0.0000000,0.00,0.00,0.0,999.00,DEAD_RECKONING,13.65,241.59,-4097.44,2744.93,-1593.96,false,false,false,false
1788925082628,-1.6475,1.2526,10.5691,-1.04859,1.14925,-0.15659,-21.98,-24.73,-2.79,0.0000000,0.0000000,0.00,0.00,0.0,999.00,DEAD_RECKONING,13.63,233.23,-4073.03,2755.91,-1624.49,false,false,false,false
1788925082742,-0.5414,6.5916,10.0475,2.14112,-0.21291,0.65285,-20.87,-24.81,-6.51,0.0000000,0.0000000,0.00,0.00,0.0,999.00,DEAD_RECKONING,12.97,236.39,-4089.29,2767.89,-1646.83,false,false,false,false
1788925082855,-2.7392,-7.0074,9.1472,-0.42343,0.88095,-3.21740,-20.51,-26.40,-4.69,0.0000000,0.0000000,0.00,0.00,0.0,999.00,DEAD_RECKONING,13.87,217.55,-4232.06,2557.15,-1681.31,false,false,false,false
1788925082972,36.1663,-0.4522,2.7021,5.02191,-0.47589,12.90676,-16.37,-28.35,-3.81,0.0000000,0.0000000,0.00,0.00,0.0,999.00,DEAD_RECKONING,12.89,271.23,-4439.85,2452.32,-1650.18,false,false,false,false
1788925083091,7.0481,-4.7761,1.1791,-3.61314,2.28346,-7.17275,-27.98,-11.53,-4.58,0.0000000,0.0000000,0.00,0.00,0.0,999.00,DEAD_RECKONING,16.60,235.36,-4500.04,2335.58,-1749.78,false,false,false,false
1788925083210,32.5466,1.4345,-1.7844,4.63323,-4.07239,13.49890,-24.58,-12.30,-12.77,0.0000000,0.0000000,0.00,0.00,0.0,999.00,DEAD_RECKONING,12.84,306.94,-4547.69,2342.38,-1723.68,false,false,false,false
1788925083322,-5.9904,-21.3918,15.8267,-2.13912,2.80103,-11.04620,-27.15,0.77,-9.21,0.0000000,0.0000000,0.00,0.00,0.0,999.00,DEAD_RECKONING,12.75,245.78,-4587.70,2296.42,-1765.17,false,false,false,false
1788925083438,13.1151,-13.5051,1.2269,4.08890,-1.88493,11.99825,-26.36,-7.86,-9.60,0.0000000,0.0000000,0.00,0.00,0.0,999.00,DEAD_RECKONING,16.92,311.39,-4609.39,2302.86,-1774.29,false,false,false,false
1788925083547,9.2698,5.1787,8.9270,-2.36282,2.73192,-5.72762,-28.59,-1.44,-6.84,0.0000000,0.0000000,0.00,0.00,0.0,999.00,DEAD_RECKONING,12.79,271.91,-4635.28,2296.74,-1791.14,false,false,false,false
1788925083657,-13.1827,-14.3910,14.7446,2.30397,-2.69224,4.04269,-28.48,-5.79,-7.01,0.0000000,0.0000000,0.00,0.00,0.0,999.00,DEAD_RECKONING,12.95,301.65,-4656.40,2300.84,-1803.96,false,false,false,false
1788925083771,15.6054,6.8692,3.9517,-3.01141,1.06936,-4.65507,-29.61,-4.52,-5.25,0.0000000,0.0000000,0.00,0.00,0.0,999.00,DEAD_RECKONING,13.12,274.03,-4681.71,2296.47,-1820.27,false,false,false,false
1788925083887,0.0479,-14.0225,10.4399,2.24325,-0.71344,7.82880,-29.06,-6.75,-4.56,0.0000000,0.0000000,0.00,0.00,0.0,999.00,DEAD_RECKONING,16.72,319.71,-4704.45,2297.59,-1834.67,false,false,false,false
1788925083998,20.4174,12.7113,-2.3306,-0.19667,0.08216,-3.88943,-29.46,-5.08,-2.64,0.0000000,0.0000000,0.00,0.00,0.0,999.00,DEAD_RECKONING,13.12,295.55,-4728.37,2296.38,-1849.98,false,false,false,false
1788925084113,-2.5190,-14.4676,12.3745,2.55643,0.03635,8.24623,-28.54,-7.43,-4.41,0.0000000,0.0000000,0.00,0.00,0.0,999.00,DEAD_RECKONING,12.95,347.57,-4751.86,2296.09,-1865.08,false,false,false,false
1788925084231,12.7753,3.5462,-2.4598,-2.68439,1.57947,-5.02577,-28.76,-4.97,-4.63,0.0000000,0.0000000,0.00,0.00,0.0,999.00,DEAD_RECKONING,8.45,314.71,-4775.37,2295.89,-1880.27,false,false,false,false
1788925084352,9.8830,-9.6030,9.9613,3.11767,-0.73581,9.40295,-27.88,-6.54,-5.91,0.0000000,0.0000000,0.00,0.00,0.0,999.00,DEAD_RECKONING,12.69,14.01,-4799.59,2294.70,-1895.83,false,false,false,false
1788925084471,0.4499,0.1657,8.2804,-2.08692,0.87030,-4.08424,-28.63,-2.94,-4.71,0.0000000,0.0000000,0.00,0.00,0.0,999.00,DEAD_RECKONING,8.28,352.24,-4822.85,2295.38,-1911.07,false,false,false,false
1788925084593,4.0552,3.0239,9.4822,0.17723,0.87562,1.81050,-29.64,-2.23,-4.18,0.0000000,0.0000000,0.00,0.00,0.0,999.00,DEAD_RECKONING,8.31,6.22,-4846.42,2295.63,-1926.60,false,false,false,false
1788925084712,2.7769,3.5318,8.6638,-0.35845,0.20359,-0.62409,-29.04,-2.46,-3.90,0.0000000,0.0000000,0.00,0.00,0.0,999.00,DEAD_RECKONING,8.45,2.53,-4869.84,2296.18,-1942.27,false,false,false,false
1788925084829,0.5312,1.9896,9.9900,-0.25406,-0.08722,-0.15233,-29.03,-2.76,-5.44,0.0000000,0.0000000,0.00,0.00,0.0,999.00,DEAD_RECKONING,8.35,1.34,-4893.32,2296.68,-1958.14,false,false,false,false
1788925084948,1.8479,2.9665,9.0754,0.10905,-0.13622,0.00639,-29.31,-3.34,-5.55,0.0000000,0.0000000,0.00,0.00,0.0,999.00,DEAD_RECKONING,8.32,1.18,-4916.83,2297.21,-1974.20,false,false,false,false
1788925085067,1.0774,2.0614,8.9845,-0.06671,-0.01478,-0.24607,-29.23,-3.58,-4.74,0.0000000,0.0000000,0.00,0.00,0.0,999.00,DEAD_RECKONING,8.40,359.49,-4940.29,2297.83,-1990.44,false,false,false,false
1788925085185,1.6373,2.5454,9.5970,-0.02197,-0.16604,0.03302,-29.01,-4.01,-4.35,0.0000000,0.0000000,0.00,0.00,0.0,999.00,DEAD_RECKONING,8.36,359.48,-4963.80,2298.46,-2006.86,false,false,false,false
1788925085303,1.5990,2.7894,9.3242,0.09094,-0.13302,0.01278,-29.53,-4.35,-3.94,0.0000000,0.0000000,0.00,0.00,0.0,999.00,DEAD_RECKONING,8.36,359.38,-4987.32,2299.14,-2023.46,false,false,false,false
1788925085423,1.1204,1.5015,8.9031,-0.07097,-0.60692,0.17576,-29.98,-4.88,-3.94,0.0000000,0.0000000,0.00,0.00,0.0,999.00,DEAD_RECKONING,10.36,359.53,-5010.94,2299.80,-2040.23,false,false,false,false
1788925085542,-0.5366,-1.7498,11.2205,0.06325,-0.21398,2.08533,-29.93,-4.03,-2.96,0.0000000,0.0000000,0.00,0.00,0.0,999.00,DEAD_RECKONING,8.07,12.22,-5035.10,2300.16,-2057.14,false,false,false,false
1788925085658,1.9771,-1.3047,8.4287,-0.01984,2.27600,3.98624,-29.06,1.54,-1.07,0.0000000,0.0000000,0.00,0.00,0.0,999.00,DEAD_RECKONING,7.75,41.99,-5061.00,2299.60,-2074.03,false,false,false,false
1788925085776,16.0840,9.7807,11.4359,0.05047,-1.06696,2.05337,-22.18,13.01,-2.48,0.0000000,0.0000000,0.00,0.00,0.0,999.00,DEAD_RECKONING,7.94,48.23,-5089.08,2298.14,-2090.78,false,false,false,false
1788925085894,12.7705,6.5055,10.8138,1.16337,1.51356,-5.38675,-19.88,17.29,-2.03,0.0000000,0.0000000,0.00,0.00,0.0,999.00,DEAD_RECKONING,13.91,25.81,-5108.49,2301.51,-2109.02,false,false,false,false
1788925086009,-3.7448,-15.8327,23.0190,-1.43846,-3.95215,-5.89047,-28.50,3.32,-5.91,0.0000000,0.0000000,0.00,0.00,0.0,999.00,DEAD_RECKONING,7.85,338.67,-5132.33,2302.61,-2126.84,false,false,false,false
1788925086128,4.3813,3.8859,3.1376,2.41901,0.93621,1.68160,-32.66,-14.03,-0.54,0.0000000,0.0000000,0.00,0.00,0.0,999.00,DEAD_RECKONING,12.70,350.50,-5156.43,2303.75,-2144.79,false,false,false,false
1788925086247,0.0239,4.1109,8.1177,-0.62476,-0.17243,-0.29174,-33.58,-12.41,-1.88,0.0000000,0.0000000,0.00,0.00,0.0,999.00,DEAD_RECKONING,7.85,348.35,-5180.37,2305.02,-2162.89,false,false,false,false
1788925086368,0.0239,2.0710,10.7563,-0.24447,-0.16285,-0.12250,-33.15,-11.94,-3.86,0.0000000,0.0000000,0.00,0.00,0.0,999.00,DEAD_RECKONING,7.85,347.38,-5204.34,2306.32,-2181.17,false,false,false,false
1788925086486,-1.1545,0.7831,10.2628,-0.83141,0.73182,1.20771,-31.76,-12.34,-5.27,0.0000000,0.0000000,0.00,0.00,0.0,999.00,DEAD_RECKONING,7.72,356.37,-5228.44,2307.61,-2199.63,false,false,false,false
1788925086607,-0.0150,8.6411,8.1559,-0.34460,0.22277,0.44940,-30.60,-8.27,-8.57,0.0000000,0.0000000,0.00,0.00,0.0,999.00,DEAD_RECKONING,7.72,359.75,-5252.49,2308.95,-2218.27,false,false,false,false
1788925086727,1.4602,13.5637,8.0363,-0.27962,-0.22783,0.40892,-29.01,-4.48,-9.51,0.0000000,0.0000000,0.00,0.00,0.0,999.00,DEAD_RECKONING,7.82,2.27,-5276.65,2310.28,-2237.05,false,false,false,false
1788925086846,11.5352,5.1069,5.4987,2.12621,-2.84231,-3.93191,-30.02,-4.01,-7.48,0.0000000,0.0000000,0.00,0.00,0.0,999.00,DEAD_RECKONING,7.87,334.31,-5300.80,2311.71,-2255.93,false,false,false,false
1788925086964,-2.1075,-6.7011,14.2038,1.96535,0.11837,0.69866,-30.34,-15.96,-2.44,0.0000000,0.0000000,0.00,0.00,0.0,999.00,DEAD_RECKONING,7.63,338.64,-5324.63,2313.28,-2275.03,false,false,false,false
1788925087082,-0.8333,3.8285,5.1009,-0.24341,0.60718,-0.14168,-28.35,-22.24,1.59,0.0000000,0.0000000,0.00,0.00,0.0,999.00,DEAD_RECKONING,7.93,339.32,-5348.59,2314.84,-2294.29,false,false,false,false
1788925087200,-2.8445,1.3771,8.4574,-0.57150,0.67536,0.04900,-29.29,-20.64,1.82,0.0000000,0.0000000,0.00,0.00,0.0,999.00,DEAD_RECKONING,8.22,341.19,-5372.54,2316.42,-2313.71,false,false,false,false
1788925087320,-1.8150,0.6251,10.0092,-1.00918,0.64766,2.12794,-28.88,-20.19,-2.33,0.0000000,0.0000000,0.00,0.00,0.0,999.00,DEAD_RECKONING,8.13,355.45,-5397.16,2317.92,-2333.19,false,false,false,false
1788925087440,5.4778,8.6507,5.9821,-2.38199,2.33566,1.57721,-30.49,-13.28,-6.09,0.0000000,0.0000000,0.00,0.00,0.0,999.00,DEAD_RECKONING,8.32,10.21,-5420.43,2319.63,-2353.11,false,false,false,false
1788925087559,13.6469,20.7990,9.1950,1.14739,-1.17349,-0.67309,-29.14,-3.62,-10.24,0.0000000,0.0000000,0.00,0.00,0.0,999.00,DEAD_RECKONING,8.45,3.61,-5444.49,2321.34,-2373.02,false,false,false,false
1788925087675,11.9755,2.5214,11.2828,1.72781,-1.60477,-4.68063,-30.73,-4.31,-6.83,0.0000000,0.0000000,0.00,0.00,0.0,999.00,DEAD_RECKONING,8.40,331.10,-5468.48,2323.21,-2393.05,false,false,false,false
1788925087795,-5.6985,-10.9340,27.7119,-3.17439,1.61676,-2.18000,-28.78,-18.34,1.43,0.0000000,0.0000000,0.00,0.00,0.0,999.00,DEAD_RECKONING,7.78,315.97,-5492.48,2325.17,-2413.33,false,false,false,false
1788925087914,0.0144,1.3771,4.3537,0.80345,0.12477,1.34512,-24.15,-25.24,0.30,0.0000000,0.0000000,0.00,0.00,0.0,999.00,DEAD_RECKONING,12.65,325.54,-5516.56,2327.15,-2433.83,false,false,false,false
1788925088034,-3.2471,1.9466,9.6311,-0.58961,0.48362,2.16722,-27.77,-21.51,2.10,0.0000000,0.0000000,0.00,0.00,0.0,999.00,DEAD_RECKONING,12.66,341.97,-5541.03,2329.12,-2454.43,false,false,false,false
1788925088154,4.3238,5.6435,7.7683,-1.14659,2.06735,5.65625,-30.84,-14.49,-1.28,0.0000000,0.0000000,0.00,0.00,0.0,999.00,DEAD_RECKONING,7.82,30.12,-5570.27,2330.77,-2474.52,false,false,false,false
1788925088275,17.2570,-1.4004,8.0028,2.19651,-0.77522,6.48367,-27.84,6.38,-7.11,0.0000000,0.0000000,0.00,0.00,0.0,999.00,DEAD_RECKONING,7.82,57.16,-5617.27,2331.18,-2492.28,false,false,false,false
1788925088393,18.9571,2.8899,3.6933,-2.46934,-0.74327,-1.42502,-15.24,22.20,-6.54,0.0000000,0.0000000,0.00,0.00,0.0,999.00,DEAD_RECKONING,13.62,48.28,-5641.27,2333.68,-2513.67,false,false,false,false
1788925088511,-0.8285,-41.7284,5.9964,-6.00938,3.58810,-18.60762,-22.01,16.05,-0.58,0.0000000,0.0000000,0.00,0.00,0.0,999.00,DEAD_RECKONING,10.32,293.30,-5669.46,2336.01,-2534.32,false,false,false,false
1788925088629,-3.5916,-4.3310,8.8648,1.89398,-2.16495,3.35162,-24.34,-16.82,-6.56,0.0000000,0.0000000,0.00,0.00,0.0,999.00,DEAD_RECKONING,12.80,316.71,-5695.15,2338.70,-2555.39,false,false,false,false
1788925088750,1.0582,5.7918,8.2564,2.77054,-1.98826,3.31540,-25.73,-18.36,-5.53,0.0000000,0.0000000,0.00,0.00,0.0,999.00,DEAD_RECKONING,12.70,341.36,-5721.28,2341.39,-2576.51,false,false,false,false
1788925088870,5.5161,4.9155,6.5904,0.45725,0.68388,2.27267,-32.44,-7.29,0.49,0.0000000,0.0000000,0.00,0.00,0.0,999.00,DEAD_RECKONING,12.70,355.26,-5747.42,2344.18,-2597.74,false,false,false,false
1788925088987,7.0241,3.0096,6.3410,0.79813,0.09174,1.84778,-32.34,1.71,0.32,0.0000000,0.0000000,0.00,0.00,0.0,999.00,DEAD_RECKONING,12.99,7.82,-5773.67,2347.06,-2619.09,false,false,false,false
1788925089106,7.1629,1.3149,6.3075,-0.37869,-0.36404,1.84991,-29.76,10.13,-0.04,0.0000000,0.0000000,0.00,0.00,0.0,999.00,DEAD_RECKONING,8.32,19.73,-5800.04,2350.05,-2640.55,false,false,false,false
1788925089226,6.2243,0.8692,7.9884,-1.01131,0.04700,1.90743,-25.71,15.11,0.06,0.0000000,0.0000000,0.00,0.00,0.0,999.00,DEAD_RECKONING,8.32,32.03,-5826.50,2353.15,-2662.16,false,false,false,false
1788925089344,6.5743,4.5135,8.2947,-0.12317,1.88520,-0.28748,-21.34,17.68,-0.56,0.0000000,0.0000000,0.00,0.00,0.0,999.00,DEAD_RECKONING,8.45,32.32,-5852.24,2356.37,-2684.19,false,false,false,false
1788925089458,4.0265,7.4824,8.3856,-0.34460,0.07470,-1.61130,-20.06,17.85,-3.84,0.0000000,0.0000000,0.00,0.00,0.0,999.00,DEAD_RECKONING,8.45,20.62,-5878.05,2359.66,-2706.43,false,false,false,false
1788925089576,10.4052,2.6219,10.5404,0.57017,-2.40889,-1.97667,-23.18,14.21,-2.14,0.0000000,0.0000000,0.00,0.00,0.0,999.00,DEAD_RECKONING,8.40,7.75,-5904.39,2363.12,-2728.67,false,false,false,false
1788925089696,-0.3404,-2.1906,9.0993,-1.13807,5.21432,-2.27587,-27.73,6.54,2.06,0.0000000,0.0000000,0.00,0.00,0.0,999.00,DEAD_RECKONING,13.96,342.16,-5927.97,2366.18,-2751.87,false,false,false,false
1788925089816,5.2863,3.6084,2.8983,2.49784,-1.46430,0.66777,-31.29,0.49,-2.64,0.0000000,0.0000000,0.00,0.00,0.0,999.00,DEAD_RECKONING,12.99,351.08,-5954.32,2369.70,-2774.41,false,false,false,false
1788925089935,1.4746,5.1739,6.7914,0.29547,-0.26404,-0.41211,-32.46,1.22,-1.52,0.0000000,0.0000000,0.00,0.00,0.0,999.00,DEAD_RECKONING,13.12,348.10,-5980.11,2373.20,-2797.21,false,false,false,false
1788925090057,1.8718,4.1785,8.4670,0.69054,-0.24700,0.07457,-32.57,1.01,-1.28,0.0000000,0.0000000,0.00,0.00,0.0,999.00,DEAD_RECKONING,13.03,348.84,-6005.99,2376.78,-2820.14,false,false,false,false
1788925090179,2.5089,4.5661,5.0195,-0.05925,1.08853,0.97442,-32.93,1.22,0.94,0.0000000,0.0000000,0.00,0.00,0.0,999.00,DEAD_RECKONING,13.03,356.92,-6031.62,2380.38,-2843.27,false,false,false,false
1788925090298,3.0497,5.0112,9.6790,-0.88987,0.49320,1.51769,-31.11,5.96,-2.79,0.0000000,0.0000000,0.00,0.00,0.0,999.00,DEAD_RECKONING,8.28,10.44,-6058.01,2384.24,-2866.45,false,false,false,false
1788925090419,3.0018,4.9633,7.0355,0.17723,0.46125,0.25246,-28.48,10.26,-5.36,0.0000000,0.0000000,0.00,0.00,0.0,999.00,DEAD_RECKONING,8.28,13.51,-6083.48,2387.95,-2889.97,false,false,false,false
1788925090537,2.8439,3.8477,8.5681,-0.10186,-1.83593,0.75192,-27.96,12.23,-4.54,0.0000000,0.0000000,0.00,0.00,0.0,999.00,DEAD_RECKONING,8.32,16.07,-6111.56,2392.45,-2913.36,false,false,false,false
1788925090656,2.4323,4.2120,6.9637,0.34234,0.86923,1.62195,-27.08,16.18,-1.89,0.0000000,0.0000000,0.00,0.00,0.0,999.00,DEAD_RECKONING,8.32,29.93,-6138.56,2396.76,-2937.11,false,false,false,false
1788925090776,1.3693,1.9513,6.3936,0.11012,1.50717,3.97785,-21.75,21.02,-0.45,0.0000000,0.0000000,0.00,0.00,0.0,999.00,DEAD_RECKONING,8.42,60.28,-6169.17,2402.23,-2960.74,false,false,false,false
1788925090894,1.8909,-2.6692,11.7332,-0.24554,3.39743,3.64975,-7.69,27.54,-0.64,0.0000000,0.0000000,0.00,0.00,0.0,999.00,DEAD_RECKONING,8.44,93.77,-6208.87,2410.58,-2983.80,false,false,false,false
1788925091010,0.4451,-4.1342,11.5508,-0.77283,0.26644,2.31209,5.64,28.91,3.32,0.0000000,0.0000000,0.00,0.00,0.0,999.00,DEAD_RECKONING,8.33,102.14,-6243.86,2417.64,-3007.31,false,false,false,false
1788925091130,-1.1258,-5.8008,12.6281,0.77469,-0.66657,-1.95111,12.88,27.02,8.27,0.0000000,0.0000000,0.00,0.00,0.0,999.00,DEAD_RECKONING,8.75,92.78,-6267.27,2421.05,-3032.19,false,false,false,false
1788925091250,1.4554,-5.5184,11.5699,-0.17430,-3.06281,-6.40591,7.37,28.56,6.04,0.0000000,0.0000000,0.00,0.00,0.0,999.00,DEAD_RECKONING,8.52,46.51,-6289.32,2424.03,-3057.77,false,false,false,false
1788925091367,2.9396,-1.5344,6.7005,0.63088,-1.19692,-4.99275,-10.24,26.76,2.91,0.0000000,0.0000000,0.00,0.00,0.0,999.00,DEAD_RECKONING,8.42,4.73,-6315.06,2428.30,-3083.27,false,false,false,false
1788925091487,-0.7232,3.7089,8.3617,-0.25619,-0.55152,-4.11193,-26.51,14.03,-0.92,0.0000000,0.0000000,0.00,0.00,0.0,999.00,DEAD_RECKONING,8.53,332.32,-6343.63,2433.60,-3108.49,false,false,false,false
1788925091608,-2.8732,5.8780,8.8600,0.15805,0.15566,-2.05550,-29.59,-3.08,-1.80,0.0000000,0.0000000,0.00,0.00,0.0,999.00,DEAD_RECKONING,13.01,317.72,-6372.58,2439.08,-3133.79,false,false,false,false
1788925091722,-1.5661,5.4664,8.0459,0.07816,-0.49294,0.02983,-27.32,-12.28,-2.42,0.0000000,0.0000000,0.00,0.00,0.0,999.00,DEAD_RECKONING,12.95,319.45,-6401.40,2444.61,-3159.25,false,false,false,false
1788925091839,-1.7049,6.3236,5.6088,0.17510,-0.90625,2.12048,-27.24,-13.76,-1.44,0.0000000,0.0000000,0.00,0.00,0.0,999.00,DEAD_RECKONING,11.75,335.59,-6430.39,2450.25,-3184.81,false,false,false,false
1788925091959,-0.8094,3.5270,7.3178,0.05047,0.95219,3.39410,-29.96,-7.84,1.07,0.0000000,0.0000000,0.00,0.00,0.0,999.00,DEAD_RECKONING,10.90,359.57,-6460.56,2456.27,-3210.44,false,false,false,false
1788925092078,0.8423,0.7591,9.3673,1.09200,3.99809,4.63057,-29.12,5.89,-0.34,0.0000000,0.0000000,0.00,0.00,0.0,999.00,DEAD_RECKONING,9.32,50.29,-6492.48,2462.73,-3236.32,false,false,false,false
1788925092196,0.3254,0.6778,12.0203,0.46684,2.22594,1.86589,-17.23,20.61,-8.38,0.0000000,0.0000000,0.00,0.00,0.0,999.00,DEAD_RECKONING,9.27,77.08,-6520.92,2468.17,-3262.87,false,false,false,false
1788925092314,-0.2064,0.9170,10.8042,-0.32543,1.40278,1.74339,-3.88,26.16,-11.12,0.0000000,0.0000000,0.00,0.00,0.0,999.00,DEAD_RECKONING,9.93,92.12,-6586.35,2482.62,-3289.33,false,false,false,false
1788925092434,0.6843,0.0652,11.3163,-0.31158,0.15033,0.41744,2.91,28.14,-9.00,0.0000000,0.0000000,0.00,0.00,0.0,999.00,DEAD_RECKONING,9.82,93.85,-6569.79,2477.09,-3319.30,false,false,false,false
1788925092552,0.1292,0.8118,11.7811,-0.00280,-0.92103,-0.53887,4.50,27.94,-8.48,0.0000000,0.0000000,0.00,0.00,0.0,999.00,DEAD_RECKONING,8.49,86.08,-6613.21,2486.16,-3348.50,false,false,false,false
1788925092671,2.9779,0.0269,10.8520,-0.99746,-4.92977,-3.54536,-2.29,27.86,-7.69,0.0000000,0.0000000,0.00,0.00,0.0,999.00,DEAD_RECKONING,9.09,38.36,-6643.71,2492.33,-3378.43,false,false,false,false
1788925092791,4.1127,3.5892,3.8991,0.14527,-1.63353,-2.61994,-17.01,23.64,-2.36,0.0000000,0.0000000,0.00,0.00,0.0,999.00,DEAD_RECKONING,7.96,14.64,-6674.05,2498.58,-3408.60,false,false,false,false
1788925092909,2.0973,4.8915,7.0164,-0.31797,0.96923,-1.13314,-25.65,15.45,-0.79,0.0000000,0.0000000,0.00,0.00,0.0,999.00,DEAD_RECKONING,7.93,8.25,-6701.93,2504.28,-3439.28,false,false,false,false
1788925093030,1.8383,5.1835,9.1567,-0.32117,-0.16285,0.15872,-27.45,10.65,-2.59,0.0000000,0.0000000,0.00,0.00,0.0,999.00,DEAD_RECKONING,7.57,9.31,-6733.42,2510.87,-3469.80,false,false,false,false
1788925093151,2.5711,4.5278,7.7874,0.00253,0.26538,0.07031,-28.05,10.20,-2.42,0.0000000,0.0000000,0.00,0.00,0.0,999.00,DEAD_RECKONING,7.65,10.48,-6763.87,2517.26,-3500.63,false,false,false,false
1788925093271,3.3805,4.2742,8.2134,-0.04967,0.33768,0.41957,-27.75,11.33,-3.41,0.0000000,0.0000000,0.00,0.00,0.0,999.00,DEAD_RECKONING,7.66,14.89,-6795.05,2523.89,-3531.64,false,false,false,false
1788925093390,3.6820,4.0582,8.4718,0.33382,0.50172,0.42170,-26.53,12.43,-3.68,0.0000000,0.0000000,0.00,0.00,0.0,999.00,DEAD_RECKONING,8.01,20.10,-6825.82,2530.48,-3562.91,false,false,false,false
1788925093511,3.6197,3.9625,7.8975,0.11651,0.16311,0.47922,-24.83,14.18,-5.91,0.0000000,0.0000000,0.00,0.00,0.0,999.00,DEAD_RECKONING,7.95,24.81,-6859.01,2537.85,-3594.39,false,false,false,false
1788925093628,2.9204,4.2694,8.3091,0.39334,0.38029,-0.02770,-23.94,15.64,-7.18,0.0000000,0.0000000,0.00,0.00,0.0,999.00,DEAD_RECKONING,7.95,26.39,-6887.28,2543.86,-3626.22,false,false,false,false
1788925093747,2.3892,5.0064,8.3665,0.42210,0.46338,0.31211,-23.64,15.51,-7.22,0.0000000,0.0000000,0.00,0.00,0.0,999.00,DEAD_RECKONING,7.95,31.51,-6918.17,2550.68,-3658.28,false,false,false,false
1788925093865,2.6572,4.7097,7.9119,0.52969,0.48788,0.57296,-21.79,15.90,-10.31,0.0000000,0.0000000,0.00,0.00,0.0,999.00,DEAD_RECKONING,7.95,38.98,-6954.03,2559.06,-3690.77,false,false,false,false
1788925093984,2.5041,5.0830,7.5290,-0.01664,-0.00732,0.22476,-19.76,16.39,-12.71,0.0000000,0.0000000,0.00,0.00,0.0,999.00,DEAD_RECKONING,9.52,40.47,-6989.54,2567.42,-3723.66,false,false,false,false
1788925094103,2.8965,4.9107,7.9884,-0.03582,0.02250,0.21518,-19.78,17.66,-11.38,0.0000000,0.0000000,0.00,0.00,0.0,999.00,DEAD_RECKONING,9.54,42.04,-7025.38,2575.99,-3756.94,false,false,false,false
1788925094224,3.2560,4.6331,7.6152,-0.19880,-0.19161,0.50053,-19.39,18.92,-12.09,0.0000000,0.0000000,0.00,0.00,0.0,999.00,DEAD_RECKONING,9.59,43.74,-7067.16,2586.53,-3790.88,false,false,false,false
1788925094343,3.4379,4.5326,7.7827,0.06964,0.06298,0.07137,-18.84,19.80,-11.06,0.0000000,0.0000000,0.00,0.00,0.0,999.00,DEAD_RECKONING,9.54,44.62,-7101.16,2594.76,-3824.74,false,false,false,false
1788925094463,3.0114,4.7480,7.4471,0.02277,0.48788,0.07670,-18.09,20.89,-10.80,0.0000000,0.0000000,0.00,0.00,0.0,999.00,DEAD_RECKONING,9.59,48.54,-7131.98,2602.04,-3858.69,false,false,false,false
1788925094574,2.4227,4.6283,7.7587,0.41251,0.94260,0.21092,-17.53,20.93,-12.69,0.0000000,0.0000000,0.00,0.00,0.0,999.00,DEAD_RECKONING,9.59,57.02,-7158.62,2608.00,-3892.68,false,false,false,false
1788925094683,1.7474,5.1356,8.0889,-0.04754,0.23981,0.03302,-15.68,20.12,-14.83,0.0000000,0.0000000,0.00,0.00,0.0,999.00,DEAD_RECKONING,9.59,59.24,-7190.55,2615.72,-3927.34,false,false,false,false
1788925094791,2.3318,4.6044,8.0889,-0.04008,-0.02543,0.12676,-14.25,20.34,-15.60,0.0000000,0.0000000,0.00,0.00,0.0,999.00,DEAD_RECKONING,9.59,59.58,-7231.42,2626.50,-3962.93,false,false,false,false
1788925094898,2.2457,4.4943,7.6965,-0.22223,-0.12130,0.14168,-13.44,20.81,-14.85,0.0000000,0.0000000,0.00,0.00,0.0,999.00,DEAD_RECKONING,9.59,59.19,-7272.79,2637.58,-3998.90,false,false,false,false
1788925095008,2.6812,4.2598,8.1894,-0.29028,-0.13409,0.12570,-13.43,21.24,-13.84,0.0000000,0.0000000,0.00,0.00,0.0,999.00,DEAD_RECKONING,9.68,58.69,-7313.78,2648.67,-4035.16,false,false,false,false
1788925095127,2.8104,3.7376,8.1320,-0.60878,-0.41411,0.39081,-13.13,22.13,-11.91,0.0000000,0.0000000,0.00,0.00,0.0,999.00,DEAD_RECKONING,9.68,57.42,-7362.54,2662.58,-4072.21,false,false,false,false
1788925095242,3.2991,3.0622,8.5388,-0.43089,-0.07017,0.40146,-13.16,24.13,-10.09,0.0000000,0.0000000,0.00,0.00,0.0,999.00,DEAD_RECKONING,9.54,58.83,-7405.69,2674.70,-4109.11,false,false,false,false
1788925095360,3.0401,2.3300,7.7348,-0.80798,-0.23422,0.78281,-11.59,25.65,-7.93,0.0000000,0.0000000,0.00,0.00,0.0,999.00,DEAD_RECKONING,9.54,61.01,-7451.51,2687.89,-4146.36,false,false,false,false
1788925095479,4.3430,0.4672,9.2046,-0.82502,0.12796,0.94047,-8.63,28.01,-4.56,0.0000000,0.0000000,0.00,0.00,0.0,999.00,DEAD_RECKONING,9.41,66.08,-7495.05,2700.40,-4183.61,false,false,false,false
1788925095588,4.2903,-0.3805,9.9230,0.04301,0.71158,0.35779,-6.32,28.78,-0.54,0.0000000,0.0000000,0.00,0.00,0.0,999.00,DEAD_RECKONING,7.77,71.73,-7534.15,2711.45,-4220.76,false,false,false,false
1788925095698,3.5384,0.4576,9.1998,0.74913,0.77762,0.42489,-4.56,29.66,-0.88,0.0000000,0.0000000,0.00,0.00,0.0,999.00,DEAD_RECKONING,7.82,78.16,-7574.82,2723.18,-4258.18,false,false,false,false
1788925095807,2.5663,1.2909,9.8130,0.72889,0.65192,-0.00533,-2.85,29.08,-3.23,0.0000000,0.0000000,0.00,0.00,0.0,999.00,DEAD_RECKONING,7.82,82.53,-7611.64,2733.63,-4295.64,false,false,false,false
1788925095917,2.1787,1.7982,10.4303,0.31038,0.18122,-0.03089,-1.84,28.82,-6.49,0.0000000,0.0000000,0.00,0.00,0.0,999.00,DEAD_RECKONING,7.95,83.76,-7649.88,2744.69,-4333.43,true,false,false,false
1788925096037,2.3031,1.4106,10.0570,0.20386,-0.64420,-0.38655,-1.74,29.06,-7.89,0.0000000,0.0000000,0.00,0.00,0.0,999.00,DEAD_RECKONING,8.13,78.28,-7470.08,2676.26,-4364.26,false,false,false,false
1788925096155,3.7155,0.7352,8.6734,-0.29986,-2.02341,-2.47187,-4.46,28.48,-9.36,0.0000000,0.0000000,0.00,0.00,0.0,999.00,DEAD_RECKONING,7.95,54.62,-7497.34,2683.13,-4403.52,false,false,false,false
1788925096266,1.9866,4.5805,8.5872,0.02170,-1.32369,-2.26522,-13.73,24.83,-8.42,0.0000000,0.0000000,0.00,0.00,0.0,999.00,DEAD_RECKONING,7.95,32.28,-7524.57,2690.08,-4443.04,false,false,false,false
1788925096386,2.7482,4.5565,7.0499,0.30932,-0.04993,-1.08734,-22.61,19.54,-6.96,0.0000000,0.0000000,0.00,0.00,0.0,999.00,DEAD_RECKONING,8.08,23.49,-7551.76,2697.07,-4482.80,false,false,false,false
1788925096506,2.0393,5.2463,7.5769,0.14421,0.17723,-0.89746,-24.99,14.55,-8.10,0.0000000,0.0000000,0.00,0.00,0.0,999.00,DEAD_RECKONING,8.13,16.34,-7578.93,2704.10,-4522.82,false,false,false,false
1788925096626,1.6277,5.5095,7.6008,-0.07736,-0.14647,-0.52370,-25.74,12.09,-8.63,0.0000000,0.0000000,0.00,0.00,0.0,999.00,DEAD_RECKONING,8.25,10.70,-7606.07,2711.17,-4563.08,false,false,false,false
1788925096747,1.4219,5.8684,7.4183,-0.20413,-0.42130,-0.45446,-26.01,10.14,-9.06,0.0000000,0.0000000,0.00,0.00,0.0,999.00,DEAD_RECKONING,8.25,4.98,-7633.18,2718.29,-4603.59,false,false,false,false
1788925096868,1.4028,5.2989,7.9597,-0.26271,0.10266,0.24953,-27.26,9.00,-8.57,0.0000000,0.0000000,0.00,0.00,0.0,999.00,DEAD_RECKONING,7.90,7.79,-7660.27,2725.45,-4644.35,false,false,false,false
1788925096986,1.9819,4.8293,8.1081,-0.25526,0.10053,0.52210,-26.14,10.22,-8.72,0.0000000,0.0000000,0.00,0.00,0.0,999.00,DEAD_RECKONING,7.95,13.27,-7687.33,2732.66,-4685.35,false,false,false,false
1788925097107,2.5041,4.4369,8.5825,-0.09973,0.20066,0.39547,-25.29,12.26,-8.25,0.0000000,0.0000000,0.00,0.00,0.0,999.00,DEAD_RECKONING,7.82,17.84,-7714.37,2739.93,-4726.60,false,false,false,false
1788925097227,2.6429,4.3125,8.5149,0.08136,0.03023,0.20479,-25.24,14.23,-8.27,0.0000000,0.0000000,0.00,0.00,0.0,999.00,DEAD_RECKONING,9.29,19.97,-7741.39,2747.26,-4768.12,false,false,false,false
1788925097346,2.5328,4.3555,7.9502,0.05899,-0.01238,0.05779,-24.30,14.21,-8.49,0.0000000,0.0000000,0.00,0.00,0.0,999.00,DEAD_RECKONING,9.52,20.52,-7768.38,2754.65,-4809.88,false,false,false,false
1788925097464,2.2361,4.5470,8.1129,-0.00919,0.11758,0.01305,-24.51,14.53,-7.86,0.0000000,0.0000000,0.00,0.00,0.0,999.00,DEAD_RECKONING,9.54,21.22,-7795.35,2762.09,-4851.90,false,false,false,false
1788925097585,2.1308,4.5709,8.3761,-0.01025,0.08775,0.04181,-23.96,14.87,-7.78,0.0000000,0.0000000,0.00,0.00,0.0,999.00,DEAD_RECKONING,9.59,22.07,-7822.29,2769.58,-4894.18,false,false,false,false
1788925097704,2.2361,4.4656,8.1512,0.01318,0.06644,0.05779,-24.49,14.53,-8.94,0.0000000,0.0000000,0.00,0.00,0.0,999.00,DEAD_RECKONING,9.82,22.98,-7849.21,2777.13,-4936.73,false,false,false,false
1788925097824,2.2600,4.4369,8.3282,-0.00280,0.05047,0.02264,-24.09,14.74,-9.30,0.0000000,0.0000000,0.00,0.00,0.0,999.00,DEAD_RECKONING,11.32,23.51,-7876.10,2784.73,-4979.53,false,false,false,false
1788925097942,2.1500,4.4512,8.2181,-0.00173,0.03023,0.01624,-23.55,15.30,-9.24,0.0000000,0.0000000,0.00,0.00,0.0,999.00,DEAD_RECKONING,11.40,23.88,-7902.97,2792.38,-5022.59,false,false,false,false
1788925098055,2.0877,4.4800,8.2564,-0.00386,0.03555,0.03116,-23.23,15.62,-9.28,0.0000000,0.0000000,0.00,0.00,0.0,999.00,DEAD_RECKONING,11.40,24.41,-7929.81,2800.09,-5065.92,false,false,false,false
1788925098174,2.2170,4.3699,8.2469,-0.02730,0.02703,0.05459,-23.10,15.19,-8.49,0.0000000,0.0000000,0.00,0.00,0.0,999.00,DEAD_RECKONING,11.54,25.13,-7956.64,2807.85,-5109.51,false,false,false,false
1788925098288,2.2887,4.3555,8.5825,0.07603,0.15699,-0.06365,-23.38,15.36,-9.60,0.0000000,0.0000000,0.00,0.00,0.0,999.00,DEAD_RECKONING,8.16,25.41,-7983.43,2815.66,-5153.37,false,false,false,false
1788925098410,1.9484,4.4800,8.2134,0.02064,-0.04967,-0.03702,-23.42,14.94,-10.37,0.0000000,0.0000000,0.00,0.00,0.0,999.00,DEAD_RECKONING,4.54,24.88,-8010.21,2823.52,-5197.50,false,false,false,false
1788925098528,1.7091,4.6140,8.1320,-0.01238,0.00679,0.00027,-23.14,14.78,-9.79,0.0000000,0.0000000,0.00,0.00,0.0,999.00,DEAD_RECKONING,4.54,24.99,-8036.96,2831.44,-5241.89,false,false,false,false
1788925098647,1.8574,4.5661,8.2660,-0.02730,0.02810,0.05672,-23.12,14.51,-10.13,0.0000000,0.0000000,0.00,0.00,0.0,999.00,DEAD_RECKONING,4.54,25.74,-8063.69,2839.40,-5286.54,false,false,false,false
1788925098769,2.0393,4.4800,8.3091,-0.00919,0.00679,0.02370,-23.10,15.17,-10.67,0.0000000,0.0000000,0.00,0.00,0.0,999.00,DEAD_RECKONING,4.54,26.08,-8090.39,2847.41,-5331.46,false,false,false,false
1788925098890,1.8766,4.5182,8.1894,0.00360,-0.00173,-0.01358,-22.99,15.36,-10.73,0.0000000,0.0000000,0.00,0.00,0.0,999.00,DEAD_RECKONING,4.54,26.01,-8117.07,2855.47,-5376.64,false,false,false,false
1788925099008,1.8479,4.4752,8.2899,-0.04647,0.02383,0.04501,-22.73,15.15,-9.81,0.0000000,0.0000000,0.00,0.00,0.0,999.00,DEAD_RECKONING,4.54,26.63,-8143.72,2863.59,-5422.09,false,false,false,false
1788925099127,2.0010,4.3890,8.3665,-0.02943,0.00573,0.06631,-22.11,15.09,-9.86,0.0000000,0.0000000,0.00,0.00,0.0,999.00,DEAD_RECKONING,4.73,27.35,-8170.36,2871.75,-5467.79,false,false,false,false
1788925099246,2.0584,4.2885,8.4048,-0.01451,0.02490,0.03116,-22.31,16.05,-10.28,0.0000000,0.0000000,0.00,0.00,0.0,999.00,DEAD_RECKONING,4.73,27.84,-8196.97,2879.96,-5513.77,false,false,false,false
1788925099367,2.0010,4.3173,8.2325,-0.02197,0.01318,-0.00613,-22.37,16.24,-9.60,0.0000000,0.0000000,0.00,0.00,0.0,999.00,DEAD_RECKONING,4.90,27.93,-8223.55,2888.23,-5560.00,false,false,false,false
1788925099487,1.9340,4.3603,8.5196,-0.03049,0.02277,-0.00186,-22.48,15.51,-9.58,0.0000000,0.0000000,0.00,0.00,0.0,999.00,DEAD_RECKONING,4.56,28.12,-8250.12,2896.55,-5606.50,false,false,false,false
1788925099606,1.9005,4.3460,8.3474,0.03023,0.02810,-0.01465,-22.24,15.96,-8.96,0.0000000,0.0000000,0.00,0.00,0.0,999.00,DEAD_RECKONING,3.25,28.21,-8276.66,2904.92,-5653.27,false,false,false,false
1788925099723,1.8718,4.3316,8.2899,-0.00386,0.02064,-0.00293,-22.39,15.73,-10.14,0.0000000,0.0000000,0.00,0.00,0.0,999.00,DEAD_RECKONING,3.02,28.38,-8303.18,2913.34,-5700.30,false,false,false,false
1788925099841,1.8814,4.3077,8.4479,-0.01451,0.02597,0.00346,-22.01,15.79,-10.28,0.0000000,0.0000000,0.00,0.00,0.0,999.00,DEAD_RECKONING,1.66,28.63,-8329.67,2921.82,-5747.59,false,false,false,false
1788925099962,1.9005,4.2838,8.4383,-0.01877,0.00040,0.00559,-21.99,16.63,-9.13,0.0000000,0.0000000,0.00,0.00,0.0,999.00,DEAD_RECKONING,1.08,28.76,-8356.15,2930.34,-5795.16,false,false,false,false
1788925100078,1.9340,4.2359,8.4191,-0.02836,-0.00919,0.01305,-22.31,16.37,-9.51,0.0000000,0.0000000,0.00,0.00,0.0,999.00,DEAD_RECKONING,0.74,28.90,-8382.60,2938.92,-5842.98,false,false,false,false
1788925100194,1.9579,4.1976,8.4287,-0.02623,-0.00812,0.01731,-22.54,16.11,-9.60,0.0000000,0.0000000,0.00,0.00,0.0,999.00,DEAD_RECKONING,0.74,29.08,-8409.03,2947.54,-5891.07,false,false,false,false
1788925100314,1.9340,4.1785,8.4814,-0.01771,-0.00173,-0.00186,-22.09,16.35,-9.69,0.0000000,0.0000000,0.00,0.00,0.0,999.00,DEAD_RECKONING,0.40,29.13,-8435.43,2956.23,-5939.42,false,false,false,false
1788925100426,1.9196,4.1444,8.4526,-0.00386,0.00466,-0.00080,-21.69,16.48,-9.94,0.0000000,0.0000000,0.00,0.00,0.0,999.00,DEAD_RECKONING,0.42,29.22,-8461.82,2964.96,-5988.03,false,false,false,false
1788925100544,1.9244,4.1396,8.4239,-0.01984,0.01318,0.00027,-22.26,16.67,-10.03,0.0000000,0.0000000,0.00,0.00,0.0,999.00,DEAD_RECKONING,0.40,29.37,-8488.18,2973.75,-6036.91,false,false,false,false
1788925100660,1.8766,4.4704,7.5912,-0.03369,-0.04647,-0.08602,-22.26,16.71,-10.03,0.0000000,0.0000000,0.00,0.00,0.0,999.00,DEAD_RECKONING,3.71,28.39,-8514.52,2982.59,-6086.03,false,false,false,false
1788925100778,-0.9817,3.2925,4.3442,-0.94220,1.19852,-0.45659,-22.71,16.59,-8.89,0.0000000,0.0000000,0.00,0.00,0.0,999.00,DEAD_RECKONING,9.89,30.83,-8540.84,2991.44,-6135.39,false,false,false,false
1788925100892,-1.6762,-1.1276,0.8010,-2.88465,7.60457,-1.78360,-20.57,16.86,-9.69,0.0000000,0.0000000,0.00,0.00,0.0,999.00,DEAD_RECKONING,8.13,197.91,-8567.19,3000.30,-6184.88,false,false,false,false
1788925101011,-6.1723,4.8915,11.9151,-0.33195,2.55110,-0.26378,-16.73,17.31,-8.23,0.0000000,0.0000000,0.00,0.00,0.0,999.00,DEAD_RECKONING,12.95,202.33,-8593.49,3009.22,-6234.41,false,false,false,false
1788925101130,-5.1571,2.8947,12.2931,1.05045,1.95790,0.56258,-17.81,18.06,-3.30,0.0000000,0.0000000,0.00,0.00,0.0,999.00,DEAD_RECKONING,12.11,197.27,-8619.75,3018.25,-6283.86,false,false,false,false
1788925101246,-2.1027,2.1529,9.9470,0.11758,0.16977,0.00772,-16.78,19.35,-4.31,0.0000000,0.0000000,0.00,0.00,0.0,999.00,DEAD_RECKONING,11.17,197.12,-8645.98,3027.31,-6333.25,false,false,false,false
1788925101367,-2.0207,1.8413,9.6072,-0.00280,-0.00599,-0.00186,-16.65,19.03,-3.51,0.0000000,0.0000000,0.00,0.00,0.0,999.00,DEAD_RECKONING,11.25,197.08,-8672.22,3036.38,-6382.61,false,false,false,false
1788925101479,-1.9059,1.8796,9.4630,0.00466,0.00360,0.00027,-16.33,19.33,-3.49,0.0000000,0.0000000,0.00,0.00,0.0,999.00,DEAD_RECKONING,11.29,197.02,-8698.46,3045.46,-6431.93,false,false,false,false
1788925101595,-1.9202,1.8413,9.4726,0.00146,0.00253,0.00027,-16.50,19.73,-3.98,0.0000000,0.0000000,0.00,0.00,0.0,999.00,DEAD_RECKONING,11.29,196.95,-8724.70,3054.54,-6481.22,false,false,false,false
1788925101711,-1.9107,1.8317,9.4582,0.00146,0.00146,-0.00080,-16.22,19.44,-3.62,0.0000000,0.0000000,0.00,0.00,0.0,999.00,DEAD_RECKONING,10.99,196.90,-8750.94,3063.62,-6530.48,false,false,false,false
1788925101824,-1.9059,1.8269,9.4630,0.00146,0.00146,-0.00080,-16.24,18.86,-4.01,0.0000000,0.0000000,0.00,0.00,0.0,999.00,DEAD_RECKONING,9.94,196.85,-8777.18,3072.70,-6579.70,false,false,false,false
1788925101938,-1.9059,1.8269,9.4582,0.00146,0.00146,0.00027,-16.43,18.19,-4.24,0.0000000,0.0000000,0.00,0.00,0.0,999.00,DEAD_RECKONING,9.63,196.79,-8803.43,3081.79,-6628.89,false,false,false,false
1788925102059,-1.9059,1.8317,9.4726,0.00040,0.00040,-0.00080,-16.54,18.75,-3.81,0.0000000,0.0000000,0.00,0.00,0.0,999.00,DEAD_RECKONING,9.66,196.73,-8829.68,3090.88,-6678.05,false,false,false,false
1788925102179,-1.9059,1.8221,9.4582,0.00040,0.00146,-0.00080,-16.73,18.75,-3.51,0.0000000,0.0000000,0.00,0.00,0.0,999.00,DEAD_RECKONING,10.30,196.68,-8855.93,3099.98,-6727.17,false,false,false,false
1788925102295,-1.9011,1.8221,9.4439,0.00040,0.00146,-0.00080,-16.46,18.49,-3.51,0.0000000,0.0000000,0.00,0.00,0.0,999.00,DEAD_RECKONING,2.85,196.63,-8882.18,3109.07,-6776.26,false,false,false,false
1788925102418,-1.9059,1.8508,9.4582,0.00040,0.00146,-0.00080,-16.24,19.11,-3.77,0.0000000,0.0000000,0.00,0.00,0.0,999.00,DEAD_RECKONING,1.64,196.58,-8908.44,3118.18,-6825.32,false,false,false,false
1788925102537,-1.9011,1.8173,9.4534,0.00040,0.00146,-0.00080,-15.92,18.13,-3.36,0.0000000,0.0000000,0.00,0.00,0.0,999.00,DEAD_RECKONING,1.64,196.52,-8934.70,3127.28,-6874.35,false,false,false,false
1788925102658,-1.9011,1.8221,9.4678,0.00146,0.00040,-0.00080,-16.18,18.30,-4.14,0.0000000,0.0000000,0.00,0.00,0.0,999.00,DEAD_RECKONING,1.64,196.47,-8960.96,3136.39,-6923.35,false,false,false,false
1788925102771,-1.9011,1.8317,9.4630,0.00146,0.00146,-0.00080,-16.26,18.38,-4.09,0.0000000,0.0000000,0.00,0.00,0.0,999.00,DEAD_RECKONING,1.64,196.42,-8987.22,3145.50,-6972.31,false,false,false,false
1788925102886,-1.9059,1.8269,9.4630,0.00146,0.00146,-0.00080,-16.44,18.62,-5.10,0.0000000,0.0000000,0.00,0.00,0.0,999.00,DEAD_RECKONING,1.64,196.36,-9013.49,3154.62,-7021.25,false,false,false,false
1788925102998,-1.9011,1.8269,9.4582,0.00040,0.00040,-0.00080,-16.61,18.36,-4.01,0.0000000,0.0000000,0.00,0.00,0.0,999.00,DEAD_RECKONING,1.64,196.31,-9039.76,3163.75,-7070.15,false,false,false,false
1788925103115,-1.9107,1.8317,9.4534,0.00146,0.00146,0.00027,-16.43,19.03,-2.81,0.0000000,0.0000000,0.00,0.00,0.0,999.00,DEAD_RECKONING,1.64,196.25,-9066.03,3172.87,-7119.02,false,false,false,false
1788925103230,-1.9011,1.8269,9.4582,0.00146,0.00146,-0.00080,-16.61,19.18,-3.56,0.0000000,0.0000000,0.00,0.00,0.0,999.00,DEAD_RECKONING,1.64,196.20,-9092.31,3182.00,-7167.85,false,false,false,false
1788925103350,-1.9155,1.8221,9.4582,0.00146,0.00253,-0.00080,-16.50,18.64,-3.90,0.0000000,0.0000000,0.00,0.00,0.0,999.00,DEAD_RECKONING,1.64,196.14,-9118.59,3191.14,-7216.66,false,false,false,false
1788925103472,-1.9155,1.8365,9.4582,0.00146,0.00146,-0.00080,-16.46,19.01,-4.18,0.0000000,0.0000000,0.00,0.00,0.0,999.00,DEAD_RECKONING,1.64,196.09,-9144.87,3200.28,-7265.43,false,false,false,false
1788925103586,-1.9202,1.8269,9.4774,0.00146,0.00146,-0.00080,-16.46,19.20,-3.99,0.0000000,0.0000000,0.00,0.00,0.0,999.00,DEAD_RECKONING,1.64,196.04,-9171.16,3209.42,-7314.18,false,false,false,false
1788925103699,-1.9107,1.8317,9.4582,0.00146,0.00146,-0.00080,-16.58,18.84,-3.45,0.0000000,0.0000000,0.00,0.00,0.0,999.00,DEAD_RECKONING,1.64,195.99,-9197.45,3218.57,-7362.89,false,false,false,false
1788925103817,-1.9059,1.8461,9.4439,0.00146,0.00146,0.00027,-16.63,18.77,-3.73,0.0000000,0.0000000,0.00,0.00,0.0,999.00,DEAD_RECKONING,1.64,195.92,-9223.74,3227.72,-7411.56,false,false,false,false
1788925103936,-1.9011,1.8221,9.4582,0.00146,0.00146,-0.00080,-16.54,18.17,-3.49,0.0000000,0.0000000,0.00,0.00,0.0,999.00,DEAD_RECKONING,1.64,195.87,-9250.04,3236.88,-7460.21,false,false,false,false
1788925104055,-1.9059,1.8317,9.4678,0.00146,0.00146,-0.00080,-15.69,19.01,-3.13,0.0000000,0.0000000,0.00,0.00,0.0,999.00,DEAD_RECKONING,1.64,195.82,-9276.34,3246.04,-7508.82,false,false,false,false
1788925104177,-1.9202,1.8365,9.4582,0.00146,0.00146,-0.00080,-16.33,18.98,-3.84,0.0000000,0.0000000,0.00,0.00,0.0,999.00,DEAD_RECKONING,1.64,195.77,-9302.65,3255.20,-7557.41,false,false,false,false
1788925104296,-1.9107,1.8317,9.4391,0.00040,0.00146,-0.00080,-16.80,19.14,-4.03,0.0000000,0.0000000,0.00,0.00,0.0,999.00,DEAD_RECKONING,1.64,195.71,-9328.96,3264.37,-7605.96,false,false,false,false
1788925104415,-1.9059,1.8269,9.4630,0.00146,0.00146,-0.00080,-16.65,18.39,-4.43,0.0000000,0.0000000,0.00,0.00,0.0,999.00,DEAD_RECKONING,1.64,195.66,-9355.28,3273.54,-7654.47,false,false,false,false
1788925104536,-1.9107,1.8365,9.4678,0.00146,0.00040,-0.00080,-16.52,18.73,-4.09,0.0000000,0.0000000,0.00,0.00,0.0,999.00,DEAD_RECKONING,1.64,195.61,-9381.60,3282.71,-7702.96,false,false,false,false
1788925104656,-1.9011,1.8269,9.4582,0.00146,0.00040,-0.00080,-16.73,18.94,-3.83,0.0000000,0.0000000,0.00,0.00,0.0,999.00,DEAD_RECKONING,1.64,195.56,-9407.93,3291.89,-7751.41,false,false,false,false
1788925104776,-1.9155,1.8365,9.4534,0.00146,0.00040,-0.00080,-16.29,19.03,-3.43,0.0000000,0.0000000,0.00,0.00,0.0,999.00,DEAD_RECKONING,1.64,195.50,-9434.26,3301.08,-7799.83,false,false,false,false
1788925104896,-1.9155,1.8317,9.4630,0.00040,0.00040,-0.00080,-16.20,18.77,-2.91,0.0000000,0.0000000,0.00,0.00,0.0,999.00,DEAD_RECKONING,1.64,195.45,-9460.59,3310.26,-7848.22,false,false,false,false
1788925105017,-1.9059,1.8317,9.4630,0.00040,0.00040,-0.00080,-16.50,18.49,-4.18,0.0000000,0.0000000,0.00,0.00,0.0,999.00,DEAD_RECKONING,1.64,195.40,-9486.93,3319.45,-7896.58,false,false,false,false
1788925105136,-1.9155,1.8221,9.4582,0.00040,0.00040,-0.00080,-17.03,18.68,-3.68,0.0000000,0.0000000,0.00,0.00,0.0,999.00,DEAD_RECKONING,1.64,195.35,-9513.28,3328.65,-7944.90,false,false,false,false
1788925105255,-1.9107,1.8269,9.4534,0.00040,0.00146,-0.00186,-16.20,18.98,-4.37,0.0000000,0.0000000,0.00,0.00,0.0,999.00,DEAD_RECKONING,1.64,195.30,-9539.63,3337.85,-7993.19,false,false,false,false
1788925105374,-1.9202,1.8365,9.4630,0.00146,0.00146,0.00027,-16.11,18.81,-2.79,0.0000000,0.0000000,0.00,0.00,0.0,999.00,DEAD_RECKONING,1.64,195.24,-9565.99,3347.05,-8041.45,false,false,false,false
1788925105495,-1.9155,1.8221,9.4487,0.00146,0.00146,-0.00080,-17.04,18.96,-3.19,0.0000000,0.0000000,0.00,0.00,0.0,999.00,DEAD_RECKONING,1.64,195.19,-9592.35,3356.25,-8089.68,false,false,false,false
1788925105613,-1.9155,1.8269,9.4534,0.00040,0.00040,0.00027,-16.44,18.23,-3.21,0.0000000,0.0000000,0.00,0.00,0.0,999.00,DEAD_RECKONING,1.64,195.13,-9618.72,3365.46,-8137.87,false,false,false,false
1788925105732,-1.9011,1.8508,9.4534,0.00146,0.00146,-0.00080,-16.41,18.66,-2.74,0.0000000,0.0000000,0.00,0.00,0.0,999.00,DEAD_RECKONING,1.64,195.07,-9645.10,3374.68,-8186.03,false,false,false,false
1788925105852,-1.9011,1.8269,9.4582,0.00146,0.00040,0.00027,-16.82,19.14,-3.13,0.0000000,0.0000000,0.00,0.00,0.0,999.00,DEAD_RECKONING,1.64,195.01,-9671.48,3383.89,-8234.16,false,false,false,false
1788925105971,-0.2351,2.1529,9.4391,0.03342,-0.00173,0.00453,-16.67,17.98,-3.04,0.0000000,0.0000000,0.00,0.00,0.0,999.00,DEAD_RECKONING,1.91,194.92,-9697.87,3393.10,-8282.26,false,false,false,false
1788925106087,-1.8532,1.7695,9.1950,0.00466,-0.05180,-0.01145,-16.48,19.03,-3.38,0.0000000,0.0000000,0.00,0.00,0.0,999.00,DEAD_RECKONING,2.49,194.97,-9724.27,3402.30,-8330.32,false,false,false,false
1788925106206,-1.2790,1.9609,9.5013,0.01212,-0.00386,0.02583,-16.50,19.33,-3.34,0.0000000,0.0000000,0.00,0.00,0.0,999.00,DEAD_RECKONING,2.49,194.71,-9750.67,3411.50,-8378.36,false,false,false,false
1788925106327,-2.7679,1.8173,10.4064,-0.12743,1.67681,0.68614,-16.18,18.58,-3.56,0.0000000,0.0000000,0.00,0.00,0.0,999.00,DEAD_RECKONING,11.46,189.33,-9777.08,3420.70,-8426.36,false,false,false,false
1788925106446,-2.4616,2.4497,8.8313,-0.84526,1.25604,1.30385,-12.98,19.89,-6.15,0.0000000,0.0000000,0.00,0.00,0.0,999.00,DEAD_RECKONING,10.25,181.42,-9803.49,3429.93,-8474.34,false,false,false,false
1788925106557,-5.0327,1.0516,10.2532,1.31783,-0.17843,-0.50985,-9.08,21.60,-8.76,0.0000000,0.0000000,0.00,0.00,0.0,999.00,DEAD_RECKONING,9.33,184.53,-9829.89,3439.17,-8522.31,false,false,false,false
1788925106674,-3.4193,3.0431,7.2365,-0.75152,0.42862,-0.33728,-9.38,20.23,-11.46,0.0000000,0.0000000,0.00,0.00,0.0,999.00,DEAD_RECKONING,9.51,186.72,-9856.29,3448.44,-8570.27,false,false,false,false
1788925106794,-3.7687,3.3739,13.1216,-2.64298,-3.09131,0.56471,-11.61,18.68,-11.31,0.0000000,0.0000000,0.00,0.00,0.0,999.00,DEAD_RECKONING,8.92,178.04,-9882.69,3457.70,-8618.18,false,false,false,false
1788925106913,0.0239,-1.0510,11.1057,-2.27228,-1.74831,0.53488,-13.89,19.39,-4.03,0.0000000,0.0000000,0.00,0.00,0.0,999.00,DEAD_RECKONING,8.73,166.60,-9909.11,3466.90,-8665.99,false,false,false,false
1788925107032,3.2177,-3.7753,11.4790,0.50838,-1.77494,0.28681,-13.67,21.45,5.21,0.0000000,0.0000000,0.00,0.00,0.0,999.00,DEAD_RECKONING,9.36,152.88,-9935.58,3475.94,-8713.65,false,false,false,false
1788925107145,3.9978,-4.0959,7.0738,2.17188,-0.91543,-0.26591,-12.68,24.36,6.09,0.0000000,0.0000000,0.00,0.00,0.0,999.00,DEAD_RECKONING,9.70,147.75,-9962.13,3484.75,-8761.15,false,false,false,false
1788925107262,-1.4656,3.2255,9.5731,1.86309,0.62875,-2.17441,-14.93,25.16,-1.58,0.0000000,0.0000000,0.00,0.00,0.0,999.00,DEAD_RECKONING,9.67,172.59,-9988.72,3493.43,-8808.53,false,false,false,false
1788925107382,-0.6562,3.0957,7.4949,0.32623,-1.02515,-1.95071,-21.68,18.64,-8.27,0.0000000,0.0000000,0.00,0.00,0.0,999.00,DEAD_RECKONING,10.04,197.80,-10015.31,3502.13,-8855.76,false,false,false,false
1788925107501,2.3749,4.2168,9.4008,-1.18813,-2.05816,-1.93060,-26.53,12.23,-8.59,0.0000000,0.0000000,0.00,0.00,0.0,999.00,DEAD_RECKONING,10.86,241.60,-10042.02,3510.71,-8902.74,false,false,false,false
1788925107621,1.1109,3.5892,7.5864,-0.39693,-0.46924,-1.93699,-29.31,5.49,-2.14,0.0000000,0.0000000,0.00,0.00,0.0,999.00,DEAD_RECKONING,11.77,263.53,-10068.80,3519.11,-8949.41,false,false,false,false
1788925107737,1.4506,5.6530,5.3545,0.92049,0.17616,-0.63554,-31.13,-0.92,0.83,0.0000000,0.0000000,0.00,0.00,0.0,999.00,DEAD_RECKONING,13.12,264.33,-10095.54,3527.30,-8995.97,false,false,false,false
1788925107855,1.9196,5.5143,7.4901,0.09521,0.43288,0.12916,-30.92,-2.85,0.77,0.0000000,0.0000000,0.00,0.00,0.0,999.00,DEAD_RECKONING,12.70,259.16,-10122.30,3535.34,-9042.39,false,false,false,false
1788925107975,3.0688,4.7049,7.6391,-0.24673,-0.13369,0.22397,-30.60,-3.68,-0.47,0.0000000,0.0000000,0.00,0.00,0.0,999.00,DEAD_RECKONING,12.91,259.53,-10149.14,3543.25,-9088.61,false,false,false,false
1788925108098,3.2800,4.4225,8.2564,-0.22117,-0.16032,0.12596,-30.64,-2.63,-0.23,0.0000000,0.0000000,0.00,0.00,0.0,999.00,DEAD_RECKONING,13.00,260.66,-10176.05,3550.97,-9134.62,false,false,false,false
1788925108217,3.1507,4.4991,7.9071,-0.04114,0.07603,0.08655,-31.28,-2.04,0.24,0.0000000,0.0000000,0.00,0.00,0.0,999.00,DEAD_RECKONING,13.86,259.31,-10203.02,3558.49,-9180.42,false,false,false,false
1788925108337,3.5432,4.1928,7.6774,-0.03262,-0.08575,0.30066,-31.22,-1.31,0.28,0.0000000,0.0000000,0.00,0.00,0.0,999.00,DEAD_RECKONING,14.10,258.60,-10230.07,3565.82,-9226.02,false,false,false,false
1788925108457,3.8782,3.9529,7.7731,-0.03582,0.01851,0.23462,-30.88,-0.34,1.13,0.0000000,0.0000000,0.00,0.00,0.0,999.00,DEAD_RECKONING,14.22,256.90,-10257.18,3572.95,-9271.41,false,false,false,false
1788925108576,3.9691,3.6706,8.2134,-0.14447,-0.01771,0.11105,-30.34,2.16,0.81,0.0000000,0.0000000,0.00,0.00,0.0,999.00,DEAD_RECKONING,14.22,256.32,-10284.38,3579.87,-9316.58,false,false,false,false
1788925108694,3.9835,3.6371,7.9932,0.05366,0.10479,0.15046,-30.73,2.33,1.33,0.0000000,0.0000000,0.00,0.00,0.0,999.00,DEAD_RECKONING,14.20,253.88,-10311.64,3586.58,-9361.54,false,false,false,false
1788925108814,3.6580,3.7663,7.8975,-0.00493,0.15805,0.11957,-30.83,2.94,1.41,0.0000000,0.0000000,0.00,0.00,0.0,999.00,DEAD_RECKONING,14.20,250.94,-10338.97,3593.12,-9406.32,false,false,false,false
1788925108935,3.8160,3.5366,7.8927,-0.00493,0.23049,0.19201,-30.62,4.11,0.23,0.0000000,0.0000000,0.00,0.00,0.0,999.00,DEAD_RECKONING,9.13,246.49,-10366.35,3599.51,-9450.93,false,false,false,false
1788925109055,3.5767,3.4983,8.3521,-0.03156,0.29866,0.15792,-30.43,4.78,-0.62,0.0000000,0.0000000,0.00,0.00,0.0,999.00,DEAD_RECKONING,8.61,241.59,-10393.79,3605.76,-9495.39,false,false,false,false
1788925109173,3.4092,3.3021,8.5968,-0.07097,0.10905,0.12064,-29.49,4.78,-0.73,0.0000000,0.0000000,0.00,0.00,0.0,999.00,DEAD_RECKONING,8.70,239.16,-10421.28,3611.90,-9539.71,false,false,false,false
1788925109293,3.3278,3.3643,8.5149,0.01105,0.12716,0.10040,-30.09,5.78,-1.11,0.0000000,0.0000000,0.00,0.00,0.0,999.00,DEAD_RECKONING,8.61,236.74,-10448.80,3617.93,-9583.89,false,false,false,false
1788925109412,3.2369,3.3356,8.5005,0.06964,0.24221,0.06205,-29.89,5.96,-2.01,0.0000000,0.0000000,0.00,0.00,0.0,999.00,DEAD_RECKONING,11.83,233.68,-10476.37,3623.85,-9627.95,false,false,false,false
1788925109530,2.9874,3.3452,8.6782,0.00253,0.09414,0.04394,-29.68,6.62,-2.36,0.0000000,0.0000000,0.00,0.00,0.0,999.00,DEAD_RECKONING,8.61,232.27,-10503.97,3629.69,-9671.89,false,false,false,false
1788925109651,2.9204,3.3404,8.6782,0.05792,0.20279,0.01092,-29.21,6.73,-3.71,0.0000000,0.0000000,0.00,0.00,0.0,999.00,DEAD_RECKONING,8.42,230.31,-10531.60,3635.44,-9715.72,false,false,false,false
1788925109770,1.1731,4.1444,8.7165,0.55419,1.28161,0.17390,-29.78,7.28,-3.47,0.0000000,0.0000000,0.00,0.00,0.0,999.00,DEAD_RECKONING,5.63,219.40,-10559.23,3641.14,-9759.48,false,false,false,false
1788925109887,-0.9194,5.4329,7.2891,1.41783,2.34032,0.56577,-28.01,6.96,-8.46,0.0000000,0.0000000,0.00,0.00,0.0,999.00,DEAD_RECKONING,13.02,203.13,-10586.86,3646.84,-9803.20,false,false,false,false
1788925110007,0.0861,5.1595,7.9980,-0.36711,-0.27323,0.66697,-23.72,7.63,-16.46,0.0000000,0.0000000,0.00,0.00,0.0,999.00,DEAD_RECKONING,12.92,198.57,-10614.48,3652.54,-9846.89,false,false,false,false
1788925110126,1.6947,3.5462,8.5777,-0.94220,-0.77482,1.07176,-22.07,9.88,-16.71,0.0000000,0.0000000,0.00,0.00,0.0,999.00,DEAD_RECKONING,12.85,190.16,-10642.11,3658.18,-9890.53,false,false,false,false
1788925110238,2.6955,1.7456,8.4670,-0.93581,-0.65246,1.29000,-21.21,15.66,-13.14,0.0000000,0.0000000,0.00,0.00,0.0,999.00,DEAD_RECKONING,12.72,175.21,-10669.77,3663.74,-9934.11,false,false,false,false
1788925110355,2.9922,1.9657,9.8369,0.34647,0.22197,0.60838,-20.31,20.38,-9.81,0.0000000,0.0000000,0.00,0.00,0.0,999.00,DEAD_RECKONING,10.89,168.56,-10697.48,3669.18,-9977.58,false,false,false,false
1788925110475,3.5767,0.9458,12.0251,-0.42556,-0.42450,-0.33408,-17.89,22.24,-8.57,0.0000000,0.0000000,0.00,0.00,0.0,999.00,DEAD_RECKONING,8.96,171.25,-10725.23,3674.50,-10020.90,false,false,false,false
1788925110590,2.6429,2.2391,9.2907,1.04087,0.97069,-1.49279,-18.38,21.68,-7.24,0.0000000,0.0000000,0.00,0.00,0.0,999.00,DEAD_RECKONING,8.91,188.84,-10753.02,3679.72,-10064.10,false,false,false,false
1788925110710,2.5232,2.0231,8.0746,0.66710,-0.34034,-1.93060,-21.09,16.86,-9.47,0.0000000,0.0000000,0.00,0.00,0.0,999.00,DEAD_RECKONING,14.46,209.04,-10780.82,3684.90,-10107.24,false,false,false,false
1788925110830,-0.3117,4.8197,8.6590,0.11544,-1.39040,-3.06481,-24.43,7.56,-11.87,0.0000000,0.0000000,0.00,0.00,0.0,999.00,DEAD_RECKONING,14.46,239.61,-10808.64,3690.06,-10150.34,false,false,false,false
1788925110948,1.6038,4.6618,6.7388,-1.38307,-1.16789,-0.57163,-26.61,-2.68,-8.12,0.0000000,0.0000000,0.00,0.00,0.0,999.00,DEAD_RECKONING,14.46,251.12,-10836.46,3695.20,-10193.43,false,false,false,false
1788925111067,-2.9545,4.9872,10.2724,-0.02517,1.28693,-1.70584,-27.06,-8.83,-3.08,0.0000000,0.0000000,0.00,0.00,0.0,999.00,DEAD_RECKONING,14.01,250.36,-10864.24,3700.36,-10236.52,false,false,false,false
1788925111187,-0.6467,3.8046,8.2660,-0.04967,-0.90904,-0.23076,-24.26,-14.53,-8.42,0.0000000,0.0000000,0.00,0.00,0.0,999.00,DEAD_RECKONING,13.62,256.94,-10892.00,3705.55,-10279.61,false,false,false,false
1788925111303,0.2393,3.6993,9.4630,-0.19773,-0.96337,-0.21904,-23.96,-16.56,-8.14,0.0000000,0.0000000,0.00,0.00,0.0,999.00,DEAD_RECKONING,13.62,264.14,-10919.77,3710.77,-10322.69,false,false,false,false
1788925111415,0.6317,3.6514,9.4678,0.06325,-0.97615,-0.32237,-24.15,-17.21,-6.98,0.0000000,0.0000000,0.00,0.00,0.0,999.00,DEAD_RECKONING,14.01,272.06,-10947.56,3716.00,-10365.69,false,false,false,false
1788925111534,3.8255,2.3444,10.3872,-0.55552,-2.36175,-0.71437,-24.71,-19.14,-4.11,0.0000000,0.0000000,0.00,0.00,0.0,999.00,DEAD_RECKONING,13.62,291.35,-10976.16,3721.76,-10408.13,false,false,false,false
1788925111654,4.1946,3.6227,8.7500,-0.40545,-3.14550,-1.42568,-24.06,-21.08,3.49,0.0000000,0.0000000,0.00,0.00,0.0,999.00,DEAD_RECKONING,13.62,315.53,-11003.76,3727.31,-10451.54,false,false,false,false
1788925111772,5.3725,3.0335,5.0195,-0.47989,-1.72914,-2.06575,-18.73,-25.20,10.69,0.0000000,0.0000000,0.00,0.00,0.0,999.00,DEAD_RECKONING,13.83,326.17,-11031.42,3732.98,-10494.95,false,false,false,false
1788925111891,0.9093,6.1125,8.5920,0.19627,1.52768,-1.08494,-10.86,-28.74,12.56,0.0000000,0.0000000,0.00,0.00,0.0,999.00,DEAD_RECKONING,13.78,316.43,-11059.04,3738.69,-10538.39,false,false,false,false
1788925112010,0.3254,6.2518,8.2181,1.20385,1.42968,0.69999,-8.85,-30.09,13.61,0.0000000,0.0000000,0.00,0.00,0.0,999.00,DEAD_RECKONING,17.41,308.03,-11086.61,3744.44,-10581.86,false,false,false,false
1788925112128,3.4666,5.1308,4.7228,2.37321,1.93872,1.87894,-12.83,-26.66,16.63,0.0000000,0.0000000,0.00,0.00,0.0,999.00,DEAD_RECKONING,12.95,297.86,-11114.16,3750.25,-10625.36,false,false,false,false
1788925112249,3.6915,5.5143,6.2070,2.98984,7.06889,2.58186,-21.66,-17.91,15.54,0.0000000,0.0000000,0.00,0.00,0.0,999.00,DEAD_RECKONING,12.63,241.21,-11141.80,3756.15,-10668.80,false,false,false,false
1788925112368,3.9165,6.0790,4.1001,0.03342,-0.05819,3.08984,-29.42,-5.49,3.00,0.0000000,0.0000000,0.00,0.00,0.0,999.00,DEAD_RECKONING,12.86,233.64,-11169.40,3761.89,-10712.24,false,false,false,false
1788925112479,6.6652,4.3412,5.7571,-0.55232,-0.10919,0.63821,-30.34,5.76,-2.14,0.0000000,0.0000000,0.00,0.00,0.0,999.00,DEAD_RECKONING,12.69,231.68,-11197.03,3767.28,-10755.53,false,false,false,false
1788925112597,6.4307,5.1500,5.4168,0.01744,0.54047,0.09933,-28.89,10.73,-2.72,0.0000000,0.0000000,0.00,0.00,0.0,999.00,DEAD_RECKONING,12.69,219.94,-11224.64,3772.28,-10798.68,false,false,false,false
1788925112711,5.8271,5.4712,6.4176,0.26764,0.23156,-0.04234,-27.68,11.98,-3.09,0.0000000,0.0000000,0.00,0.00,0.0,999.00,DEAD_RECKONING,12.47,216.25,-11252.30,3777.00,-10841.63,false,false,false,false
1788925112825,6.0281,5.2510,5.1392,1.18787,0.14634,-1.16909,-27.47,11.04,-5.44,0.0000000,0.0000000,0.00,0.00,0.0,999.00,DEAD_RECKONING,13.62,223.04,-11279.97,3781.52,-10884.44,false,false,false,false
1788925112938,4.5775,4.9537,2.4485,-0.50971,0.52769,-0.53541,-28.16,7.80,-7.76,0.0000000,0.0000000,0.00,0.00,0.0,999.00,DEAD_RECKONING,12.74,219.28,-11307.66,3785.89,-10927.21,false,false,false,false
1788925113050,3.5958,7.4776,7.0020,-2.24991,-2.22647,-1.35111,-28.97,4.93,-7.58,0.0000000,0.0000000,0.00,0.00,0.0,999.00,DEAD_RECKONING,13.83,250.31,-11335.39,3790.16,-10969.88,false,false,false,false
1788925113166,2.9204,5.9163,9.7029,0.06751,-0.03369,-2.17228,-30.09,0.21,-2.93,0.0000000,0.0000000,0.00,0.00,0.0,999.00,DEAD_RECKONING,13.57,254.35,-11363.08,3794.35,-11012.48,false,false,false,false
1788925113279,-1.4465,6.9027,3.5593,2.51701,1.37641,-2.93272,-28.35,-9.00,-2.64,0.0000000,0.0000000,0.00,0.00,0.0,999.00,DEAD_RECKONING,13.16,245.66,-11390.75,3798.55,-11055.07,false,false,false,false
1788925113394,-2.6339,7.4058,1.5625,2.53512,0.39986,-2.68346,-23.59,-18.51,-1.71,0.0000000,0.0000000,0.00,0.00,0.0,999.00,DEAD_RECKONING,13.16,241.12,-11418.38,3802.80,-11097.71,false,false,false,false
1788925113503,-8.8780,6.7974,-0.5013,2.43712,-0.06232,-1.92954,-14.57,-27.51,2.76,0.0000000,0.0000000,0.00,0.00,0.0,999.00,DEAD_RECKONING,16.52,237.58,-11445.95,3807.09,-11140.43,false,false,false,false
1788925113618,-7.6331,5.1978,-6.6640,2.14099,1.64059,-1.17442,-6.68,-29.76,10.95,0.0000000,0.0000000,0.00,0.00,0.0,999.00,DEAD_RECKONING,15.80,226.03,-11473.44,3811.43,-11183.21,false,false,false,false
1788925113731,-4.7599,0.7878,-8.6512,2.51275,5.54374,-2.45243,-3.98,-28.29,16.14,0.0000000,0.0000000,0.00,0.00,0.0,999.00,DEAD_RECKONING,13.76,192.73,-11500.84,3815.76,-11226.04,false,false,false,false
1788925113842,-5.6889,0.3332,-13.1904,-1.30957,3.19969,-0.80159,-4.97,-26.23,19.59,0.0000000,0.0000000,0.00,0.00,0.0,999.00,DEAD_RECKONING,13.56,174.61,-11528.15,3820.07,-11268.88,false,false,false,false
1788925113953,-1.0104,1.0995,-9.9918,-1.17003,3.07613,-0.95924,-8.14,-25.76,17.85,0.0000000,0.0000000,0.00,0.00,0.0,999.00,DEAD_RECKONING,11.31,154.27,-11555.37,3824.37,-11311.70,false,false,false,false
1788925114066,2.3892,1.8126,-9.8626,-1.34898,1.66616,-1.26496,-8.74,-29.08,8.98,0.0000000,0.0000000,0.00,0.00,0.0,999.00,DEAD_RECKONING,11.35,142.45,-11582.50,3828.64,-11354.54,false,false,false,false
1788925114183,2.1069,4.4656,-8.0818,-1.40864,1.60544,-1.55351,-4.41,-31.01,1.09,0.0000000,0.0000000,0.00,0.00,0.0,999.00,DEAD_RECKONING,11.35,132.94,-11609.55,3832.89,-11397.37,false,false,false,false
1788925114304,-0.7854,8.0327,-5.9264,-1.44379,1.76829,-1.63234,4.44,-30.58,-4.93,0.0000000,0.0000000,0.00,0.00,0.0,999.00,DEAD_RECKONING,13.59,124.71,-11636.55,3837.13,-11440.18,false,false,false,false
1788925114419,-0.5509,12.1364,-1.7222,-0.68761,0.86950,-0.42569,14.48,-26.38,-8.57,0.0000000,0.0000000,0.00,0.00,0.0,999.00,DEAD_RECKONING,13.99,120.68,-11663.51,3841.32,-11482.94,false,false,false,false
1788925114537,-1.1833,10.9729,2.3719,1.03767,1.35831,0.70212,19.26,-24.79,-8.57,0.0000000,0.0000000,0.00,0.00,0.0,999.00,DEAD_RECKONING,14.28,112.06,-11690.46,3845.39,-11525.66,false,false,false,false
1788925114650,-0.0772,8.0518,-7.1192,2.24538,0.03555,0.98015,18.79,-27.51,-3.94,0.0000000,0.0000000,0.00,0.00,0.0,999.00,DEAD_RECKONING,13.60,111.18,-11717.39,3849.36,-11568.30,false,false,false,false
1788925114763,2.8152,7.8891,-6.0514,-0.55339,-0.37443,0.57003,16.20,-30.96,3.43,0.0000000,0.0000000,0.00,0.00,0.0,999.00,DEAD_RECKONING,13.05,113.23,-11744.28,3853.27,-11610.83,false,false,false,false
1788925114884,5.3725,6.0694,-5.1129,-0.23502,0.08349,1.11743,12.02,-32.04,3.23,0.0000000,0.0000000,0.00,0.00,0.0,999.00,DEAD_RECKONING,16.66,112.27,-11771.10,3857.06,-11653.29,false,false,false,false
1788925115002,6.4594,3.8524,-6.0514,-0.60772,-0.52250,0.30492,8.06,-33.11,2.29,0.0000000,0.0000000,0.00,0.00,0.0,999.00,DEAD_RECKONING,16.57,115.17,-11797.85,3860.77,-11695.70,false,false,false,false
1788925115117,3.1316,3.7519,-3.5228,-1.42568,-1.37335,-0.83248,6.39,-32.66,-1.41,0.0000000,0.0000000,0.00,0.00,0.0,999.00,DEAD_RECKONING,16.57,124.07,-11824.54,3864.44,-11738.09,false,false,false,false
1788925115227,3.3996,5.3659,-4.5811,0.25166,-0.37123,-0.09028,6.96,-31.76,-6.68,0.0000000,0.0000000,0.00,0.00,0.0,999.00,DEAD_RECKONING,16.57,126.31,-11851.17,3868.08,-11780.50,false,false,false,false
1788925115346,5.5208,5.0782,-6.1998,0.95991,0.16871,0.03222,7.44,-31.74,-8.42,0.0000000,0.0000000,0.00,0.00,0.0,999.00,DEAD_RECKONING,16.57,125.29,-11877.72,3871.68,-11822.92,false,false,false,false
1788925115466,2.3844,5.6961,-11.6728,2.40410,1.44992,-0.91344,7.88,-32.98,-4.35,0.0000000,0.0000000,0.00,0.00,0.0,999.00,DEAD_RECKONING,16.57,116.79,-11904.18,3875.27,-11865.30,false,false,false,false
1788925115579,-1.0493,7.4201,-12.6927,0.63088,0.84500,-0.18815,11.23,-33.26,3.56,0.0000000,0.0000000,0.00,0.00,0.0,999.00,DEAD_RECKONING,16.66,111.79,-11930.57,3878.84,-11907.49,false,false,false,false
1788925115698,2.7912,6.4576,-7.8897,-0.56511,0.88015,0.53488,11.64,-33.51,4.67,0.0000000,0.0000000,0.00,0.00,0.0,999.00,DEAD_RECKONING,16.66,107.10,-11956.91,3882.30,-11949.49,false,false,false,false
1788925115819,4.1946,5.2223,-3.7047,-1.32555,0.17297,0.62329,8.38,-33.94,1.89,0.0000000,0.0000000,0.00,0.00,0.0,999.00,DEAD_RECKONING,16.56,106.18,-11983.21,3885.57,-11991.37,false,false,false,false
1788925115934,6.5073,4.3890,-1.9908,-0.63648,-0.11877,0.63182,6.17,-33.88,-1.95,0.0000000,0.0000000,0.00,0.00,0.0,999.00,DEAD_RECKONING,16.56,106.61,-12009.44,3888.64,-12033.23,false,false,false,false
1788925116056,4.9364,5.8158,-4.0259,-1.12209,-0.54487,-0.39374,4.86,-33.54,-6.08,0.0000000,0.0000000,0.00,0.00,0.0,999.00,DEAD_RECKONING,12.92,110.21,-12035.62,3891.55,-12075.04,false,false,false,false
1788925116170,4.8981,6.2082,-1.4830,-0.76750,0.65432,0.46258,5.23,-32.10,-9.96,0.0000000,0.0000000,0.00,0.00,0.0,999.00,DEAD_RECKONING,16.41,105.67,-12061.74,3894.24,-12116.81,false,false,false,false
1788925116283,5.4969,6.1795,-2.1583,0.30705,0.02810,0.81291,5.04,-31.07,-11.49,0.0000000,0.0000000,0.00,0.00,0.0,999.00,DEAD_RECKONING,12.81,104.09,-12087.81,3896.67,-12158.51,false,false,false,false
1788925116394,8.2786,2.6076,-3.7813,1.96109,1.15178,1.65324,3.32,-31.78,-11.14,0.0000000,0.0000000,0.00,0.00,0.0,999.00,DEAD_RECKONING,13.02,94.51,-12113.32,3898.25,-12200.19,false,false,false,false
1788925116514,10.5727,-2.1571,-4.3418,1.76829,0.70971,-0.48961,-0.81,-34.07,-4.56,0.0000000,0.0000000,0.00,0.00,0.0,999.00,DEAD_RECKONING,13.06,90.08,-12120.21,3893.99,-12256.61,false,false,false,false
1788925116634,6.3398,-0.5288,-3.6425,2.06535,0.52662,-1.46723,-2.04,-35.06,3.75,0.0000000,0.0000000,0.00,0.00,0.0,999.00,DEAD_RECKONING,13.06,86.07,-12146.99,3899.01,-12300.98,false,false,false,false
1788925116752,4.0744,1.7695,-6.8363,2.11862,-0.17736,-1.58440,3.77,-34.20,11.74,0.0000000,0.0000000,0.00,0.00,0.0,999.00,DEAD_RECKONING,12.77,84.60,-12172.57,3903.87,-12346.64,false,false,false,false
1788925116872,4.0409,4.8437,-8.4742,-0.90385,-2.03260,-1.61210,10.58,-30.75,17.96,0.0000000,0.0000000,0.00,0.00,0.0,999.00,DEAD_RECKONING,16.64,92.62,-12197.11,3907.84,-12392.63,false,false,false,false
1788925116986,-2.3037,7.8700,-5.0411,-3.43325,-3.99010,-2.70050,19.97,-27.19,11.74,0.0000000,0.0000000,0.00,0.00,0.0,999.00,DEAD_RECKONING,15.37,114.12,-12222.63,3911.59,-12437.30,false,false,false,false
1788925117100,-1.1115,7.0941,6.0873,-6.22029,-7.08500,-3.42792,27.79,-16.67,-7.41,0.0000000,0.0000000,0.00,0.00,0.0,999.00,DEAD_RECKONING,12.68,159.93,-12248.14,3915.29,-12481.99,false,false,false,false
1788925117218,-2.0160,0.4002,16.1575,-4.76758,-5.78781,-3.18185,13.07,7.16,-25.63,0.0000000,0.0000000,0.00,0.00,0.0,999.00,DEAD_RECKONING,13.14,187.28,-12273.69,3918.93,-12526.70,false,false,false,false
1788925117332,-1.2407,-2.1380,13.2461,-1.33194,-1.05924,-4.31726,-8.38,21.19,-19.59,0.0000000,0.0000000,0.00,0.00,0.0,999.00,DEAD_RECKONING,16.50,213.20,-12299.29,3922.56,-12571.38,false,false,false,false
1788925117449,-2.7918,-4.5559,11.8863,1.42848,-0.71198,-4.88063,-22.22,14.04,-12.36,0.0000000,0.0000000,0.00,0.00,0.0,999.00,DEAD_RECKONING,16.50,242.52,-12324.93,3926.24,-12616.06,false,false,false,false
1788925117560,-5.9665,0.3619,9.5396,2.78851,0.66710,-3.47159,-22.29,-4.99,-15.04,0.0000000,0.0000000,0.00,0.00,0.0,999.00,DEAD_RECKONING,16.57,257.97,-12350.57,3930.03,-12660.79,false,false,false,false
1788925117679,-6.9194,2.0812,5.3737,4.79608,0.79386,-2.72606,-14.10,-22.29,-12.24,0.0000000,0.0000000,0.00,0.00,0.0,999.00,DEAD_RECKONING,14.05,263.79,-12376.17,3933.96,-12705.63,false,false,false,false
1788925117799,-12.2297,4.9633,-0.3817,3.15495,-1.61942,-1.19253,-4.33,-30.34,2.18,0.0000000,0.0000000,0.00,0.00,0.0,999.00,DEAD_RECKONING,14.10,274.92,-12401.67,3938.16,-12750.57,false,false,false,false
1788925117919,-11.9569,5.4520,2.0506,1.57761,2.65762,1.93540,-0.88,-29.64,14.06,0.0000000,0.0000000,0.00,0.00,0.0,999.00,DEAD_RECKONING,13.31,258.96,-12427.00,3942.62,-12795.59,false,false,false,false
1788925118044,-7.5852,8.4927,-0.6162,0.26338,2.65443,3.49570,-8.89,-26.66,16.71,0.0000000,0.0000000,0.00,0.00,0.0,999.00,DEAD_RECKONING,13.53,245.27,-12452.25,3947.15,-12840.65,false,false,false,false
1788925118163,0.2058,8.3874,3.9135,-2.14032,3.98996,3.55735,-22.69,-20.68,9.56,0.0000000,0.0000000,0.00,0.00,0.0,999.00,DEAD_RECKONING,13.20,217.70,-12477.47,3951.71,-12885.72,false,false,false,false
1788925118281,4.5105,2.1194,9.8321,-1.26270,6.17422,1.69159,-26.61,-9.06,-11.48,0.0000000,0.0000000,0.00,0.00,0.0,999.00,DEAD_RECKONING,11.52,178.29,-12502.73,3956.28,-12930.81,false,false,false,false
1788925118399,1.9962,7.6929,5.3737,2.36149,4.80793,0.18775,-11.33,-1.54,-28.76,0.0000000,0.0000000,0.00,0.00,0.0,999.00,DEAD_RECKONING,11.11,156.33,-12528.03,3960.85,-12975.91,false,false,false,false
1788925118520,2.5519,10.8820,0.9924,3.44243,2.68638,1.17389,3.92,-7.59,-29.08,0.0000000,0.0000000,0.00,0.00,0.0,999.00,DEAD_RECKONING,12.96,139.60,-12553.29,3965.37,-13021.03,false,false,false,false
1788925118639,2.3366,10.1061,-3.6568,2.34444,0.56910,1.85018,11.57,-19.07,-21.17,0.0000000,0.0000000,0.00,0.00,0.0,999.00,DEAD_RECKONING,14.07,134.31,-12578.48,3969.82,-13066.16,false,false,false,false
1788925118760,3.9500,7.9226,-6.6736,-0.47882,-1.82075,0.69360,10.82,-26.16,-13.44,0.0000000,0.0000000,0.00,0.00,0.0,999.00,DEAD_RECKONING,13.59,144.74,-12603.58,3974.20,-13111.30,false,false,false,false
1788925118878,0.9858,5.6004,-1.6983,-4.39489,-4.99435,-1.20105,5.33,-25.46,-16.80,0.0000000,0.0000000,0.00,0.00,0.0,999.00,DEAD_RECKONING,13.56,175.35,-12628.63,3978.56,-13156.45,false,false,false,false
1788925118997,4.6301,4.6379,4.6080,-3.57372,-4.78250,-0.48215,-6.45,-15.99,-24.56,0.0000000,0.0000000,0.00,0.00,0.0,999.00,DEAD_RECKONING,16.57,203.07,-12653.67,3982.88,-13201.65,false,false,false,false
1788925119115,1.5846,4.7527,5.3067,0.15912,-0.58428,-1.38094,-18.84,-7.86,-23.03,0.0000000,0.0000000,0.00,0.00,0.0,999.00,DEAD_RECKONING,13.12,210.47,-12678.74,3987.17,-13246.89,false,false,false,false
1788925119233,0.1962,-0.2608,6.8584,-1.79199,-3.43524,-5.08183,-24.30,-8.78,-18.36,0.0000000,0.0000000,0.00,0.00,0.0,999.00,DEAD_RECKONING,13.42,242.37,-12703.84,3991.47,-13292.19,false,false,false,false
1788925119354,-5.4305,0.4816,9.0658,-0.60239,-2.27334,-4.80500,-24.19,-20.23,-11.44,0.0000000,0.0000000,0.00,0.00,0.0,999.00,DEAD_RECKONING,14.45,268.03,-12729.01,3995.88,-13337.67,false,false,false,false
1788925119472,-6.6419,-2.5974,15.1759,-0.94326,-2.17214,-4.53976,-10.99,-28.95,-6.84,0.0000000,0.0000000,0.00,0.00,0.0,999.00,DEAD_RECKONING,14.16,295.79,-12754.14,4000.33,-13383.09,false,false,false,false
1788925119591,-5.3396,-3.6604,12.5851,-0.27763,-2.48532,-3.94869,4.37,-29.79,-9.32,0.0000000,0.0000000,0.00,0.00,0.0,999.00,DEAD_RECKONING,13.45,325.11,-12779.17,4004.75,-13428.28,true,false,false,false
1788925119709,-6.5510,-1.2281,10.5547,0.11544,-1.90370,-2.77507,15.13,-23.64,-12.86,0.0000000,0.0000000,0.00,0.00,0.0,999.00,DEAD_RECKONING,13.13,345.54,-12882.21,4029.01,-13414.60,false,false,false,false
1788925119827,-5.4879,1.6211,10.5260,0.52330,-1.04646,1.33580,17.49,-19.59,-13.71,0.0000000,0.0000000,0.00,0.00,0.0,999.00,DEAD_RECKONING,10.35,340.61,-12907.73,4033.25,-13459.27,false,false,false,false
1788925119944,-1.1928,-2.3964,10.2532,0.27190,0.05686,2.98971,12.92,-22.93,-15.19,0.0000000,0.0000000,0.00,0.00,0.0,999.00,DEAD_RECKONING,10.67,325.03,-12935.12,4038.02,-13502.52,false,false,false,false
1788925120065,-0.9912,-1.8215,11.6997,0.63728,0.39454,2.77360,5.08,-27.39,-15.68,0.0000000,0.0000000,0.00,0.00,0.0,999.00,DEAD_RECKONING,12.97,310.22,-12962.32,4042.72,-13545.85,false,false,false,false
1788925120182,-1.0636,0.3523,10.1527,0.69373,1.28907,1.53607,-2.10,-29.55,-15.90,0.0000000,0.0000000,0.00,0.00,0.0,999.00,DEAD_RECKONING,15.22,298.73,-12990.12,4047.57,-13588.66,false,false,false,false
1788925120302,-2.4903,0.7639,9.4487,0.31984,1.59692,1.46896,-6.08,-30.71,-15.26,0.0000000,0.0000000,0.00,0.00,0.0,999.00,DEAD_RECKONING,15.28,286.44,-13021.29,4053.01,-13628.78,false,false,false,false
1788925120414,-3.7400,0.8979,10.9382,-0.33302,-0.25406,1.53181,-8.91,-30.88,-15.00,0.0000000,0.0000000,0.00,0.00,0.0,999.00,DEAD_RECKONING,13.71,280.33,-13049.35,4057.43,-13671.11,false,false,false,false
1788925120530,-5.5023,1.7169,9.2716,0.43062,1.50531,2.00250,-12.99,-28.46,-15.92,0.0000000,0.0000000,0.00,0.00,0.0,999.00,DEAD_RECKONING,13.58,265.87,-13104.80,4065.94,-13691.29,false,false,false,false
1788925120651,-5.8612,1.0899,9.1328,-1.42781,2.71728,3.09197,-17.46,-24.54,-17.18,0.0000000,0.0000000,0.00,0.00,0.0,999.00,DEAD_RECKONING,13.48,242.48,-13154.88,4073.70,-13715.79,false,false,false,false
1788925120771,-6.2010,0.4002,8.9318,-0.59280,1.15817,3.11008,-19.11,-14.64,-20.78,0.0000000,0.0000000,0.00,0.00,0.0,999.00,DEAD_RECKONING,13.07,223.48,-13179.65,4078.15,-13760.92,false,false,false,false
1788925120890,-6.7950,1.5302,9.2477,-1.11250,1.75564,3.76613,-17.27,-0.92,-23.66,0.0000000,0.0000000,0.00,0.00,0.0,999.00,DEAD_RECKONING,13.29,199.72,-13205.00,4082.88,-13805.65,false,false,false,false
1788925121008,-7.0726,3.8189,8.5340,0.86084,2.64378,4.20807,-9.24,10.37,-24.08,0.0000000,0.0000000,0.00,0.00,0.0,999.00,DEAD_RECKONING,13.13,171.98,-13230.44,4087.70,-13850.32,false,false,false,false
1788925121128,-4.7025,6.5390,6.2883,2.50529,3.40315,4.71832,5.53,10.84,-24.11,0.0000000,0.0000000,0.00,0.00,0.0,999.00,DEAD_RECKONING,11.99,138.60,-13256.18,4092.66,-13894.77,false,false,false,false
1788925121248,-0.3643,7.3675,4.7850,2.38812,3.19756,5.24441,20.66,-2.55,-20.46,0.0000000,0.0000000,0.00,0.00,0.0,999.00,DEAD_RECKONING,12.63,105.01,-13284.43,4098.42,-13937.49,false,false,false,false
1788925121366,3.1023,6.7017,4.7850,0.59680,0.85032,2.21129,23.14,-18.41,-11.42,0.0000000,0.0000000,0.00,0.00,0.0,999.00,DEAD_RECKONING,14.10,93.97,-13312.90,4104.16,-13980.04,false,false,false,false
1788925121487,5.7506,6.3619,0.3751,1.19959,0.80132,1.02489,18.92,-25.84,-5.78,0.0000000,0.0000000,0.00,0.00,0.0,999.00,DEAD_RECKONING,13.94,86.94,-13342.79,4110.27,-14021.59,false,false,false,false
1788925121606,4.0983,6.5725,0.2937,-0.08695,-3.06361,-3.74536,17.81,-28.07,-1.33,0.0000000,0.0000000,0.00,0.00,0.0,999.00,DEAD_RECKONING,13.67,112.00,-13365.45,4114.06,-14068.16,false,false,false,false
1788925121728,1.2449,2.1625,4.7180,-3.86240,-8.29377,-5.69953,24.02,-19.07,-9.83,0.0000000,0.0000000,0.00,0.00,0.0,999.00,DEAD_RECKONING,13.92,169.25,-13390.54,4118.61,-14113.06,false,false,false,false
1788925121846,2.2648,-1.0463,7.3466,-6.31190,-5.64826,-3.22340,7.89,3.39,-26.34,0.0000000,0.0000000,0.00,0.00,0.0,999.00,DEAD_RECKONING,13.83,200.93,-13415.63,4123.11,-14158.05,false,false,false,false
1788925121966,-1.9585,-0.9021,11.2397,-3.87305,-1.51822,-1.86775,-20.03,19.26,-14.12,0.0000000,0.0000000,0.00,0.00,0.0,999.00,DEAD_RECKONING,12.66,213.38,-13440.68,4127.56,-14203.11,false,false,false,false
1788925122086,0.2824,-2.9468,14.7254,-0.32024,0.87802,0.33475,-26.34,19.59,0.99,0.0000000,0.0000000,0.00,0.00,0.0,999.00,DEAD_RECKONING,12.80,211.67,-13465.91,4132.09,-14248.03,false,false,false,false
1788925122206,1.7809,-1.0606,14.4909,2.59264,0.48508,0.96843,-22.95,19.50,5.21,0.0000000,0.0000000,0.00,0.00,0.0,999.00,DEAD_RECKONING,10.47,205.64,-13491.12,4136.63,-14292.89,false,false,false,false
1788925122327,1.5272,0.9075,5.9246,2.85988,-0.91970,0.47536,-19.46,22.88,0.51,0.0000000,0.0000000,0.00,0.00,0.0,999.00,DEAD_RECKONING,12.70,204.16,-13516.26,4141.13,-14337.81,false,false,false,false
1788925122445,-0.2495,1.1091,8.0842,0.35605,1.74712,-0.02956,-17.78,24.62,-4.44,0.0000000,0.0000000,0.00,0.00,0.0,999.00,DEAD_RECKONING,12.66,200.12,-13541.49,4145.64,-14382.70,false,false,false,false
1788925122557,-0.3260,3.3356,19.4997,-6.60152,-0.49800,0.08335,-14.34,25.24,-7.09,0.0000000,0.0000000,0.00,0.00,0.0,999.00,DEAD_RECKONING,16.63,199.79,-13566.75,4150.18,-14427.54,false,false,false,false
1788925122676,-1.3172,1.7599,7.9693,0.76936,-1.41170,-0.62702,-12.79,26.51,-2.27,0.0000000,0.0000000,0.00,0.00,0.0,999.00,DEAD_RECKONING,8.63,201.72,-13591.90,4154.68,-14472.44,false,false,false,false
1788925122794,-0.1920,1.1234,9.5444,0.28894,-0.25938,0.27403,-13.59,26.87,0.96,0.0000000,0.0000000,0.00,0.00,0.0,999.00,DEAD_RECKONING,8.98,199.62,-13617.09,4159.19,-14517.30,false,false,false,false
1788925122915,-1.0636,1.9657,10.7133,0.21225,-0.33289,-0.42143,-14.85,25.84,1.37,0.0000000,0.0000000,0.00,0.00,0.0,999.00,DEAD_RECKONING,9.18,202.07,-13642.20,4163.67,-14562.19,false,false,false,false
1788925123028,-0.2064,2.3970,10.0522,0.51051,-0.51184,-0.02530,-15.26,25.03,1.35,0.0000000,0.0000000,0.00,0.00,0.0,999.00,DEAD_RECKONING,9.24,201.90,-13667.28,4168.13,-14607.06,false,false,false,false
1788925123146,0.9523,2.1673,9.1759,1.01317,-0.73754,-0.09987,-15.92,24.06,0.19,0.0000000,0.0000000,0.00,0.00,0.0,999.00,DEAD_RECKONING,12.64,202.53,-13692.30,4172.56,-14651.96,false,false,false,false
1788925123264,0.3637,4.1396,7.4183,0.91623,0.79493,0.36032,-17.12,22.56,-3.51,0.0000000,0.0000000,0.00,0.00,0.0,999.00,DEAD_RECKONING,12.90,199.44,-13717.40,4176.97,-14696.78,false,false,false,false
1788925123377,1.2305,4.6570,8.6399,-0.05712,-0.03901,0.09507,-16.86,20.59,-6.49,0.0000000,0.0000000,0.00,0.00,0.0,999.00,DEAD_RECKONING,11.38,198.76,-13742.40,4181.34,-14741.66,false,false,false,false
1788925123496,0.3350,4.5613,8.6877,-0.23502,-0.03582,-0.03063,-16.24,20.64,-6.17,0.0000000,0.0000000,0.00,0.00,0.0,999.00,DEAD_RECKONING,10.08,198.94,-13767.36,4185.68,-14786.55,false,false,false,false
1788925123615,0.7896,4.0439,8.8505,0.01638,-0.13262,-0.07004,-16.93,20.89,-6.00,0.0000000,0.0000000,0.00,0.00,0.0,999.00,DEAD_RECKONING,11.32,199.46,-13792.28,4189.98,-14831.45,false,false,false,false
1788925123735,0.9236,4.0582,8.8792,-0.30213,-0.46497,-0.07004,-17.08,20.89,-4.95,0.0000000,0.0000000,0.00,0.00,0.0,999.00,DEAD_RECKONING,14.35,200.16,-13817.14,4194.25,-14876.36,false,false,false,false
1788925123859,1.2879,3.9003,8.3809,0.06644,-0.16671,-0.05086,-17.14,20.66,-3.24,0.0000000,0.0000000,0.00,0.00,0.0,999.00,DEAD_RECKONING,14.22,200.57,-13841.99,4198.48,-14921.27,false,false,false,false
1788925123977,1.3310,3.8524,8.8170,0.11118,0.00253,-0.04341,-17.83,21.09,-3.09,0.0000000,0.0000000,0.00,0.00,0.0,999.00,DEAD_RECKONING,14.04,200.83,-13866.82,4202.67,-14966.16,false,false,false,false
1788925124096,1.5751,3.8764,8.2708,-0.17536,0.12823,0.01731,-17.96,20.98,-3.28,0.0000000,0.0000000,0.00,0.00,0.0,999.00,DEAD_RECKONING,14.10,200.57,-13891.63,4206.81,-15011.05,false,false,false,false
1788925124210,0.9571,3.8046,6.7484,-0.44900,0.55738,-0.04660,-17.78,20.51,-3.15,0.0000000,0.0000000,0.00,0.00,0.0,999.00,DEAD_RECKONING,14.04,200.65,-13916.41,4210.92,-15055.94,false,false,false,false
1788925124330,-0.1729,3.1920,12.8728,-1.57801,3.70448,-0.06791,-17.27,21.71,-2.72,0.0000000,0.0000000,0.00,0.00,0.0,999.00,DEAD_RECKONING,14.09,202.05,-13941.15,4215.03,-15100.84,false,false,false,false
1788925124450,1.3023,3.3165,6.3075,0.68308,0.33701,-0.14767,-16.18,21.96,-0.47,0.0000000,0.0000000,0.00,0.00,0.0,999.00,DEAD_RECKONING,10.59,203.04,-13965.85,4219.14,-15145.78,false,false,false,false
1788925124563,0.4594,2.4114,9.0227,0.02916,0.07710,-0.00613,-16.76,22.37,3.41,0.0000000,0.0000000,0.00,0.00,0.0,999.00,DEAD_RECKONING,8.06,203.05,-13990.52,4223.23,-15190.74,false,false,false,false
1788925124683,0.9523,2.2152,9.2668,0.01744,-0.01664,-0.00186,-16.91,21.79,3.26,0.0000000,0.0000000,0.00,0.00,0.0,999.00,DEAD_RECKONING,8.13,203.01,-14015.18,4227.31,-15235.71,false,false,false,false
1788925124801,0.9045,2.2199,9.3960,0.00892,-0.00493,-0.00186,-16.41,21.69,2.83,0.0000000,0.0000000,0.00,0.00,0.0,999.00,DEAD_RECKONING,8.13,202.98,-14039.83,4231.37,-15280.70,false,false,false,false
1788925124919,0.8806,2.1769,9.4391,0.00253,0.00253,-0.00080,-16.71,22.03,2.83,0.0000000,0.0000000,0.00,0.00,0.0,999.00,DEAD_RECKONING,8.13,202.94,-14064.46,4235.41,-15325.69,false,false,false,false
1788925125037,0.7370,2.2822,9.4439,0.00360,0.00999,-0.00186,-17.31,21.96,3.00,0.0000000,0.0000000,0.00,0.00,0.0,999.00,DEAD_RECKONING,8.36,202.91,-14089.08,4239.44,-15370.69,false,false,false,false
1788925125156,0.8662,2.1194,9.4534,-0.00173,0.00466,-0.00080,-16.99,21.43,3.54,0.0000000,0.0000000,0.00,0.00,0.0,999.00,DEAD_RECKONING,8.91,202.87,-14113.68,4243.45,-15415.71,false,false,false,false
1788925125275,0.8710,2.1721,9.4630,-0.00067,0.00253,-0.00080,-17.06,21.47,3.66,0.0000000,0.0000000,0.00,0.00,0.0,999.00,DEAD_RECKONING,8.13,202.84,-14138.27,4247.44,-15460.73,false,false,false,false
1788925125394,0.9476,2.1386,9.4487,0.00146,-0.00067,0.00027,-16.88,22.01,3.32,0.0000000,0.0000000,0.00,0.00,0.0,999.00,DEAD_RECKONING,8.13,202.79,-14162.85,4251.42,-15505.76,false,false,false,false
1788925125512,0.9236,2.1625,9.4199,0.00040,0.00040,-0.00080,-16.26,22.59,3.45,0.0000000,0.0000000,0.00,0.00,0.0,999.00,DEAD_RECKONING,9.65,202.75,-14187.42,4255.37,-15550.80,false,false,false,false
1788925125633,0.9045,2.1625,9.4439,0.00146,-0.00067,0.00027,-16.99,22.24,3.36,0.0000000,0.0000000,0.00,0.00,0.0,999.00,DEAD_RECKONING,2.30,202.71,-14211.97,4259.32,-15595.85,false,false,false,false
1788925125752,0.8997,2.1673,9.4534,0.00040,0.00253,-0.00080,-16.89,21.68,3.90,0.0000000,0.0000000,0.00,0.00,0.0,999.00,DEAD_RECKONING,0.20,202.67,-14236.51,4263.25,-15640.91,false,false,false,false
1788925125870,0.9045,2.1721,9.4487,0.00146,0.00040,-0.00080,-16.58,22.01,3.30,0.0000000,0.0000000,0.00,0.00,0.0,999.00,DEAD_RECKONING,0.20,202.63,-14261.04,4267.16,-15685.98,false,false,false,false
1788925125991,0.9093,2.1625,9.4582,0.00146,0.00146,0.00027,-16.95,21.71,3.17,0.0000000,0.0000000,0.00,0.00,0.0,999.00,DEAD_RECKONING,0.20,202.58,-14285.55,4271.06,-15731.05,false,false,false,false
1788925126110,0.9141,2.1625,9.4582,0.00146,0.00040,-0.00080,-17.81,22.44,4.07,0.0000000,0.0000000,0.00,0.00,0.0,999.00,DEAD_RECKONING,0.20,202.55,-14310.06,4274.94,-15776.14,false,false,false,false
1788925126230,0.9141,2.1529,9.4582,-0.00067,0.00146,0.00027,-16.74,21.83,3.92,0.0000000,0.0000000,0.00,0.00,0.0,999.00,DEAD_RECKONING,0.20,202.50,-14334.55,4278.81,-15821.24,false,false,false,false
1788925126350,0.9093,2.1673,9.4343,0.00253,0.00040,-0.00080,-16.44,22.26,3.23,0.0000000,0.0000000,0.00,0.00,0.0,999.00,DEAD_RECKONING,0.20,202.46,-14359.03,4282.66,-15866.34,false,false,false,false
1788925126470,0.9093,2.1577,9.4630,0.00146,0.00146,0.00027,-16.63,22.28,3.09,0.0000000,0.0000000,0.00,0.00,0.0,999.00,DEAD_RECKONING,0.20,202.42,-14383.49,4286.50,-15911.45,false,false,false,false
1788925126589,0.8997,2.1577,9.4439,0.00146,0.00040,-0.00080,-16.99,22.01,2.89,0.0000000,0.0000000,0.00,0.00,0.0,999.00,DEAD_RECKONING,0.20,202.38,-14407.94,4290.32,-15956.58,false,false,false,false
1788925126710,0.9045,2.1769,9.4391,0.00146,0.00040,-0.00080,-16.84,21.86,3.15,0.0000000,0.0000000,0.00,0.00,0.0,999.00,DEAD_RECKONING,0.20,202.34,-14432.39,4294.13,-16001.71,false,false,false,false
1788925126829,0.8853,2.1769,9.4534,0.00253,0.00146,-0.00080,-16.80,22.11,3.26,0.0000000,0.0000000,0.00,0.00,0.0,999.00,DEAD_RECKONING,0.20,202.30,-14456.82,4297.93,-16046.85,false,false,false,false
1788925126947,0.8901,2.1721,9.4534,0.00146,0.00146,-0.00080,-16.95,22.07,3.26,0.0000000,0.0000000,0.00,0.00,0.0,999.00,DEAD_RECKONING,0.20,202.26,-14481.23,4301.71,-16092.00,false,false,false,false
1788925127065,0.9045,2.1721,9.4439,0.00146,0.00040,-0.00080,-16.73,22.28,3.43,0.0000000,0.0000000,0.00,0.00,0.0,999.00,DEAD_RECKONING,0.20,202.22,-14505.64,4305.47,-16137.15,false,false,false,false
1788925127183,0.8997,2.1625,9.4391,0.00040,0.00146,-0.00080,-16.88,22.48,3.13,0.0000000,0.0000000,0.00,0.00,0.0,999.00,DEAD_RECKONING,0.20,202.18,-14530.03,4309.22,-16182.32,false,false,false,false
1788925127304,0.8949,2.1673,9.4487,0.00146,0.00146,-0.00080,-16.46,22.56,3.45,0.0000000,0.0000000,0.00,0.00,0.0,999.00,DEAD_RECKONING,0.20,202.15,-14554.42,4312.96,-16227.50,false,false,false,false
1788925127424,0.8997,2.1577,9.4487,0.00146,-0.00067,-0.00080,-16.33,22.07,3.30,0.0000000,0.0000000,0.00,0.00,0.0,999.00,DEAD_RECKONING,0.20,202.11,-14578.79,4316.68,-16272.68,false,false,false,false
1788925127543,0.9045,2.1625,9.4678,0.00146,0.00040,-0.00080,-16.31,21.53,3.34,0.0000000,0.0000000,0.00,0.00,0.0,999.00,DEAD_RECKONING,0.20,202.07,-14603.15,4320.39,-16317.87,false,false,false,false
1788925127662,0.8997,2.1625,9.4630,0.00146,0.00253,-0.00080,-16.41,21.62,3.58,0.0000000,0.0000000,0.00,0.00,0.0,999.00,DEAD_RECKONING,0.20,202.03,-14627.50,4324.08,-16363.08,false,false,false,false
1788925127776,0.9045,2.1673,9.4534,0.00146,0.00040,-0.00080,-16.22,21.99,3.17,0.0000000,0.0000000,0.00,0.00,0.0,999.00,DEAD_RECKONING,0.20,201.99,-14651.83,4327.76,-16408.29,false,false,false,false
1788925127895,0.8997,2.1529,9.4487,0.00146,0.00040,-0.00080,-16.80,22.35,3.24,0.0000000,0.0000000,0.00,0.00,0.0,999.00,DEAD_RECKONING,0.20,201.95,-14676.16,4331.43,-16453.51,false,false,false,false
1788925128015,0.9045,2.1673,9.4534,0.00146,0.00146,-0.00080,-16.54,21.71,3.83,0.0000000,0.0000000,0.00,0.00,0.0,999.00,DEAD_RECKONING,0.20,201.91,-14700.48,4335.08,-16498.73,false,false,false,false
1788925128135,0.9045,2.1817,9.4630,0.00146,0.00146,-0.00080,-16.50,22.09,3.17,0.0000000,0.0000000,0.00,0.00,0.0,999.00,DEAD_RECKONING,0.20,201.87,-14724.78,4338.71,-16543.97,false,false,false,false
1788925128255,0.9045,2.1577,9.4582,0.00146,0.00146,-0.00080,-16.86,22.03,3.30,0.0000000,0.0000000,0.00,0.00,0.0,999.00,DEAD_RECKONING,0.20,201.84,-14749.08,4342.33,-16589.22,false,false,false,false
1788925128370,0.9045,2.1577,9.4534,0.00146,0.00040,-0.00080,-17.14,22.43,2.81,0.0000000,0.0000000,0.00,0.00,0.0,999.00,DEAD_RECKONING,0.20,201.80,-14773.36,4345.94,-16634.47,false,false,false,false
1788925128490,0.8949,2.1721,9.4439,0.00146,0.00040,-0.00080,-16.91,22.39,2.57,0.0000000,0.0000000,0.00,0.00,0.0,999.00,DEAD_RECKONING,0.20,201.76,-14797.63,4349.54,-16679.73,false,false,false,false
1788925128599,0.9093,2.1529,9.4487,0.00146,0.00146,-0.00080,-16.82,22.69,2.93,0.0000000,0.0000000,0.00,0.00,0.0,999.00,DEAD_RECKONING,0.20,201.72,-14821.89,4353.11,-16725.00,false,false,false,false
1788925128717,0.9045,2.1721,9.4630,0.00146,0.00040,0.00027,-17.29,22.56,3.92,0.0000000,0.0000000,0.00,0.00,0.0,999.00,DEAD_RECKONING,0.20,201.67,-14846.15,4356.68,-16770.28,false,false,false,false
1788925128834,0.8949,2.1817,9.4487,0.00146,0.00146,-0.00080,-16.74,22.48,2.55,0.0000000,0.0000000,0.00,0.00,0.0,999.00,DEAD_RECKONING,0.20,201.63,-14870.39,4360.23,-16815.57,false,false,false,false
1788925128947,0.8949,2.1577,9.4678,0.00040,0.00146,-0.00080,-17.08,22.28,2.38,0.0000000,0.0000000,0.00,0.00,0.0,999.00,DEAD_RECKONING,0.20,201.60,-14894.62,4363.77,-16860.87,false,false,false,false
1788925129062,0.9093,2.1673,9.4630,0.00146,0.00040,0.00027,-17.31,22.37,2.78,0.0000000,0.0000000,0.00,0.00,0.0,999.00,DEAD_RECKONING,0.20,201.55,-14918.84,4367.29,-16906.18,false,false,false,false
1788925129178,0.9045,2.1721,9.4534,0.00146,0.00146,-0.00080,-17.23,21.73,2.46,0.0000000,0.0000000,0.00,0.00,0.0,999.00,DEAD_RECKONING,0.20,201.51,-14943.05,4370.80,-16951.49,false,false,false,false
1788925129291,0.9093,2.1577,9.4630,0.00146,0.00146,-0.00080,-16.91,21.83,3.45,0.0000000,0.0000000,0.00,0.00,0.0,999.00,DEAD_RECKONING,0.20,201.47,-14967.25,4374.30,-16996.81,false,false,false,false
1788925129410,0.9093,2.1673,9.4630,0.00146,0.00146,-0.00080,-17.18,22.71,4.03,0.0000000,0.0000000,0.00,0.00,0.0,999.00,DEAD_RECKONING,0.20,201.43,-14991.44,4377.78,-17042.14,false,false,false,false
1788925129530,0.8997,2.1769,9.4678,0.00146,0.00040,-0.00080,-16.99,22.52,3.92,0.0000000,0.0000000,0.00,0.00,0.0,999.00,DEAD_RECKONING,0.19,201.39,-15015.62,4381.25,-17087.48,false,false,false,false
1788925129642,0.8997,2.1721,9.4630,0.00146,0.00253,-0.00080,-17.27,22.39,2.29,0.0000000,0.0000000,0.00,0.00,0.0,999.00,DEAD_RECKONING,0.19,201.35,-15039.80,4384.70,-17132.83,false,false,false,false
1788925129753,0.8949,2.1769,9.4582,0.00146,0.00146,0.00027,-16.95,21.98,2.59,0.0000000,0.0000000,0.00,0.00,0.0,999.00,DEAD_RECKONING,0.19,201.31,-15063.96,4388.14,-17178.18,false,false,false,false
1788925129867,0.8997,2.1673,9.4534,0.00146,0.00146,-0.00080,-16.74,22.05,3.28,0.0000000,0.0000000,0.00,0.00,0.0,999.00,DEAD_RECKONING,0.19,201.27,-15088.11,4391.57,-17223.55,false,false,false,false
1788925129982,0.9045,2.1721,9.4439,0.00146,0.00040,-0.00080,-17.12,21.79,4.28,0.0000000,0.0000000,0.00,0.00,0.0,999.00,DEAD_RECKONING,0.19,201.23,-15112.25,4394.98,-17268.92,false,false,false,false
1788925130103,0.9045,2.1577,9.4487,0.00146,0.00146,-0.00080,-16.59,21.90,3.62,0.0000000,0.0000000,0.00,0.00,0.0,999.00,DEAD_RECKONING,0.19,201.19,-15136.39,4398.38,-17314.30,false,false,false,false
1788925130218,0.9093,2.1721,9.4534,0.00146,0.00040,-0.00080,-16.91,22.69,3.69,0.0000000,0.0000000,0.00,0.00,0.0,999.00,DEAD_RECKONING,0.19,201.15,-15160.51,4401.77,-17359.69,false,false,false,false
1788925130330,0.9045,2.1721,9.4487,0.00040,0.00040,-0.00080,-16.39,22.43,3.32,0.0000000,0.0000000,0.00,0.00,0.0,999.00,DEAD_RECKONING,0.19,201.11,-15184.63,4405.14,-17405.09,false,false,false,false
1788925130444,0.9188,2.1577,9.4630,0.00146,0.00040,-0.00080,-16.37,22.14,2.81,0.0000000,0.0000000,0.00,0.00,0.0,999.00,DEAD_RECKONING,0.19,201.07,-15208.74,4408.50,-17450.50,false,false,false,false
1788925130554,0.9093,2.1673,9.4391,0.00146,0.00040,0.00027,-16.50,22.09,2.38,0.0000000,0.0000000,0.00,0.00,0.0,999.00,DEAD_RECKONING,0.19,201.03,-15232.83,4411.84,-17495.91,false,false,false,false
1788925130674,0.9093,2.1625,9.4487,0.00146,0.00146,0.00027,-16.99,21.62,3.19,0.0000000,0.0000000,0.00,0.00,0.0,999.00,DEAD_RECKONING,0.19,200.98,-15256.92,4415.17,-17541.34,false,false,false,false
1788925130793,0.9045,2.1769,9.4534,0.00040,0.00146,-0.00080,-16.95,21.64,3.54,0.0000000,0.0000000,0.00,0.00,0.0,999.00,DEAD_RECKONING,0.19,200.94,-15281.00,4418.49,-17586.77,false,false,false,false
1788925130915,0.9093,2.1673,9.4582,0.00146,0.00146,-0.00080,-16.22,21.38,2.21,0.0000000,0.0000000,0.00,0.00,0.0,999.00,DEAD_RECKONING,0.19,200.91,-15305.08,4421.80,-17632.21,false,false,false,false
1788925131034,0.9141,2.1673,9.4630,0.00146,0.00040,-0.00080,-16.37,21.84,3.49,0.0000000,0.0000000,0.00,0.00,0.0,999.00,DEAD_RECKONING,0.19,200.87,-15329.14,4425.09,-17677.66,false,false,false,false
1788925131154,0.9093,2.1577,9.4534,0.00146,0.00146,-0.00080,-16.35,21.96,3.47,0.0000000,0.0000000,0.00,0.00,0.0,999.00,DEAD_RECKONING,0.19,200.83,-15353.19,4428.36,-17723.11,false,false,false,false
1788925131274,0.8949,2.1673,9.4534,0.00146,0.00040,0.00027,-16.58,22.24,3.83,0.0000000,0.0000000,0.00,0.00,0.0,999.00,DEAD_RECKONING,0.19,200.78,-15377.24,4431.63,-17768.58,false,false,false,false
1788925131388,0.9045,2.1673,9.4582,0.00040,0.00146,0.00027,-17.33,22.16,3.99,0.0000000,0.0000000,0.00,0.00,0.0,999.00,DEAD_RECKONING,0.19,200.74,-15401.28,4434.88,-17814.05,false,false,false,false
1788925131506,0.8997,2.1673,9.4582,0.00146,0.00040,-0.00080,-17.14,22.56,3.17,0.0000000,0.0000000,0.00,0.00,0.0,999.00,DEAD_RECKONING,0.19,200.70,-15425.31,4438.12,-17859.53,false,false,false,false
1788925131622,0.9093,2.1721,9.4487,0.00146,0.00040,-0.00080,-17.18,21.98,3.51,0.0000000,0.0000000,0.00,0.00,0.0,999.00,DEAD_RECKONING,0.19,200.66,-15449.33,4441.34,-17905.02,false,false,false,false
1788925131747,0.8997,2.1625,9.4582,0.00146,0.00146,0.00027,-16.97,21.43,3.09,0.0000000,0.0000000,0.00,0.00,0.0,999.00,DEAD_RECKONING,0.19,200.61,-15473.35,4444.55,-17950.52,false,false,false,false
1788925131867,0.9093,2.1577,9.4582,0.00146,0.00040,-0.00080,-16.99,21.66,3.00,0.0000000,0.0000000,0.00,0.00,0.0,999.00,DEAD_RECKONING,0.19,200.57,-15497.35,4447.75,-17996.02,false,false,false,false
1788925131978,0.8949,2.1817,9.4487,0.00146,0.00040,-0.00080,-17.01,21.90,2.96,0.0000000,0.0000000,0.00,0.00,0.0,999.00,DEAD_RECKONING,0.19,200.53,-15521.35,4450.93,-18041.54,false,false,false,false
1788925132098,0.9045,2.1625,9.4391,-0.00080,0.00040,0.00080,-16.52,21.94,2.49,0.0000000,0.0000000,0.00,0.00,0.0,999.00,DEAD_RECKONING,0.19,200.49,-15545.35,4454.11,-18087.06,false,false,false,false
1788925132217,0.8949,2.1577,9.4534,0.00027,0.00040,-0.00027,-16.74,21.34,3.58,0.0000000,0.0000000,0.00,0.00,0.0,999.00,DEAD_RECKONING,0.19,200.44,-15569.33,4457.26,-18132.59,false,false,false,false
1788925132333,0.9045,2.1769,9.4391,0.00027,0.00040,-0.00027,-17.12,22.16,3.26,0.0000000,0.0000000,0.00,0.00,0.0,999.00,DEAD_RECKONING,0.19,200.40,-15593.31,4460.41,-18178.13,false,false,false,false
1788925132453,0.9045,2.1769,9.4630,0.00027,-0.00067,-0.00027,-16.61,21.98,2.93,0.0000000,0.0000000,0.00,0.00,0.0,999.00,DEAD_RECKONING,0.19,200.36,-15617.27,4463.54,-18223.68,false,false,false,false
1788925132571,0.8949,2.1817,9.4582,0.00027,-0.00067,-0.00027,-16.16,22.28,3.84,0.0000000,0.0000000,0.00,0.00,0.0,999.00,DEAD_RECKONING,0.19,200.32,-15641.24,4466.66,-18269.23,false,false,false,false
1788925132683,0.9045,2.1482,9.4582,-0.00080,0.00040,-0.00027,-16.37,21.71,3.79,0.0000000,0.0000000,0.00,0.00,0.0,999.00,DEAD_RECKONING,0.19,200.27,-15665.19,4469.77,-18314.79,false,false,false,false
1788925132794,0.8997,2.1577,9.4439,0.00027,-0.00067,0.00080,-16.14,21.60,3.94,0.0000000,0.0000000,0.00,0.00,0.0,999.00,DEAD_RECKONING,0.19,200.23,-15689.14,4472.86,-18360.37,false,false,false,false
1788925132911,0.8949,2.1769,9.4534,0.00027,0.00040,0.00080,-16.59,22.43,2.87,0.0000000,0.0000000,0.00,0.00,0.0,999.00,DEAD_RECKONING,0.19,200.18,-15713.08,4475.94,-18405.94,false,false,false,false
1788925133027,0.9093,2.1721,9.4582,0.00027,-0.00067,-0.00027,-16.91,21.90,3.32,0.0000000,0.0000000,0.00,0.00,0.0,999.00,DEAD_RECKONING,0.19,200.14,-15737.01,4479.01,-18451.53,false,false,false,false
1788925133142,0.8949,2.1625,9.4726,-0.00080,0.00040,-0.00027,-16.65,21.62,3.51,0.0000000,0.0000000,0.00,0.00,0.0,999.00,DEAD_RECKONING,0.19,200.09,-15760.94,4482.06,-18497.13,false,false,false,false
1788925133263,0.8997,2.1529,9.4678,0.00027,0.00040,-0.00027,-16.74,21.58,3.21,0.0000000,0.0000000,0.00,0.00,0.0,999.00,DEAD_RECKONING,0.19,200.05,-15784.86,4485.11,-18542.73,false,false,false,false
1788925133385,0.8997,2.1673,9.4487,0.00027,0.00040,-0.00027,-16.58,22.07,3.36,0.0000000,0.0000000,0.00,0.00,0.0,999.00,DEAD_RECKONING,0.19,200.01,-15808.77,4488.14,-18588.34,false,false,false,false
1788925133498,0.9141,2.1625,9.4487,0.00027,-0.00067,-0.00027,-16.76,22.13,3.41,0.0000000,0.0000000,0.00,0.00,0.0,999.00,DEAD_RECKONING,0.19,199.97,-15832.68,4491.15,-18633.96,false,false,false,false
1788925133611,0.8997,2.1721,9.4487,0.00027,0.00040,-0.00027,-16.76,22.35,3.92,0.0000000,0.0000000,0.00,0.00,0.0,999.00,DEAD_RECKONING,0.19,199.92,-15856.58,4494.16,-18679.59,false,false,false,false
1788925133731,0.9141,2.1625,9.4678,-0.00080,0.00040,0.00080,-16.73,21.71,3.75,0.0000000,0.0000000,0.00,0.00,0.0,999.00,DEAD_RECKONING,0.19,199.88,-15880.47,4497.15,-18725.22,false,false,false,false
1788925133848,0.8901,2.1625,9.4678,0.00027,-0.00067,-0.00027,-17.18,22.07,2.66,0.0000000,0.0000000,0.00,0.00,0.0,999.00,DEAD_RECKONING,0.19,199.83,-15904.36,4500.12,-18770.87,false,false,false,false
1788925133967,0.8997,2.1769,9.4534,0.00027,0.00040,-0.00027,-16.84,22.48,2.72,0.0000000,0.0000000,0.00,0.00,0.0,999.00,DEAD_RECKONING,0.19,199.79,-15928.24,4503.09,-18816.52,false,false,false,false
1788925134088,0.8997,2.1769,9.4630,0.00027,-0.00067,0.00080,-17.53,22.43,2.78,0.0000000,0.0000000,0.00,0.00,0.0,999.00,DEAD_RECKONING,0.19,199.74,-15952.11,4506.04,-18862.18,false,false,false,false
1788925134208,0.8997,2.1673,9.4487,-0.00080,-0.00067,0.00080,-16.84,22.31,3.92,0.0000000,0.0000000,0.00,0.00,0.0,999.00,DEAD_RECKONING,0.19,199.70,-15975.98,4508.98,-18907.85,false,false,false,false
1788925134327,0.8901,2.1577,9.4726,0.00027,0.00040,-0.00027,-16.91,21.90,3.36,0.0000000,0.0000000,0.00,0.00,0.0,999.00,DEAD_RECKONING,0.19,199.65,-15999.84,4511.91,-18953.52,false,false,false,false
1788925134449,0.8997,2.1625,9.4630,0.00027,-0.00067,0.00080,-16.76,21.90,3.11,0.0000000,0.0000000,0.00,0.00,0.0,999.00,DEAD_RECKONING,0.19,199.60,-16023.70,4514.82,-18999.20,false,false,false,false
1788925134570,0.9093,2.1625,9.4534,0.00027,-0.00173,-0.00027,-17.04,21.84,3.83,0.0000000,0.0000000,0.00,0.00,0.0,999.00,DEAD_RECKONING,0.19,199.56,-16047.55,4517.72,-19044.90,false,false,false,false
1788925134682,0.9045,2.1577,9.4678,0.00027,0.00040,0.00080,-16.07,22.20,3.83,0.0000000,0.0000000,0.00,0.00,0.0,999.00,DEAD_RECKONING,0.19,199.51,-16071.39,4520.61,-19090.59,false,false,false,false
1788925134794,0.8949,2.1625,9.4534,0.00027,0.00040,-0.00027,-16.61,22.24,3.75,0.0000000,0.0000000,0.00,0.00,0.0,999.00,DEAD_RECKONING,0.19,199.47,-16095.23,4523.49,-19136.30,false,false,false,false
1788925134911,0.9236,2.1577,9.4487,0.00027,-0.00067,-0.00027,-16.54,22.11,3.38,0.0000000,0.0000000,0.00,0.00,0.0,999.00,DEAD_RECKONING,0.19,199.43,-16119.06,4526.35,-19182.02,false,false,false,false
1788925135031,0.9093,2.1673,9.4295,0.00027,-0.00067,-0.00027,-16.99,21.94,1.97,0.0000000,0.0000000,0.00,0.00,0.0,999.00,DEAD_RECKONING,0.19,199.39,-16142.89,4529.21,-19227.74,false,false,false,false
1788925135144,0.8997,2.1625,9.4582,-0.00080,0.00040,-0.00027,-16.82,21.64,3.34,0.0000000,0.0000000,0.00,0.00,0.0,999.00,DEAD_RECKONING,0.19,199.35,-16166.71,4532.04,-19273.47,false,false,false,false
1788925135264,0.9093,2.1625,9.4487,0.00133,-0.00173,-0.00027,-16.59,21.96,3.24,0.0000000,0.0000000,0.00,0.00,0.0,999.00,DEAD_RECKONING,0.19,199.30,-16190.53,4534.87,-19319.21,false,false,false,false
1788925135381,0.9045,2.1577,9.4630,0.00027,0.00040,-0.00027,-16.29,21.58,2.83,0.0000000,0.0000000,0.00,0.00,0.0,999.00,DEAD_RECKONING,0.19,199.26,-16214.34,4537.68,-19364.95,false,false,false,false
1788925135498,0.9093,2.1625,9.4582,0.00027,0.00040,0.00080,-17.27,21.28,3.28,0.0000000,0.0000000,0.00,0.00,0.0,999.00,DEAD_RECKONING,0.19,199.21,-16238.15,4540.49,-19410.71,false,false,false,false
1788925135617,0.8997,2.1721,9.4487,0.00027,0.00040,-0.00027,-16.89,21.90,3.02,0.0000000,0.0000000,0.00,0.00,0.0,999.00,DEAD_RECKONING,0.19,199.17,-16261.95,4543.27,-19456.47,false,false,false,false
1788925135739,0.8997,2.1673,9.4487,0.00027,0.00040,0.00080,-16.74,21.99,3.84,0.0000000,0.0000000,0.00,0.00,0.0,999.00,DEAD_RECKONING,0.19,199.12,-16285.75,4546.05,-19502.24,false,false,false,false
1788925135851,0.9045,2.1721,9.4534,-0.00080,0.00040,-0.00027,-16.67,22.46,4.63,0.0000000,0.0000000,0.00,0.00,0.0,999.00,DEAD_RECKONING,0.19,199.08,-16309.54,4548.81,-19548.02,false,false,false,false
1788925135967,0.9141,2.1625,9.4534,0.00027,-0.00067,-0.00027,-16.63,21.71,3.98,0.0000000,0.0000000,0.00,0.00,0.0,999.00,DEAD_RECKONING,0.19,199.04,-16333.32,4551.57,-19593.81,false,false,false,false
1788925136085,0.8949,2.1577,9.4582,0.00027,0.00040,-0.00027,-16.24,21.56,3.73,0.0000000,0.0000000,0.00,0.00,0.0,999.00,DEAD_RECKONING,0.19,199.00,-16357.11,4554.31,-19639.60,false,false,false,false
1788925136206,0.9093,2.1673,9.4487,-0.00080,-0.00067,-0.00027,-17.10,22.09,3.51,0.0000000,0.0000000,0.00,0.00,0.0,999.00,DEAD_RECKONING,0.21,198.95,-16380.88,4557.03,-19685.40,false,false,false,false
1788925136324,0.8949,2.1721,9.4630,0.00027,0.00040,-0.00027,-17.19,21.41,3.43,0.0000000,0.0000000,0.00,0.00,0.0,999.00,DEAD_RECKONING,0.21,198.91,-16404.65,4559.75,-19731.21,false,false,false,false
1788925136443,0.9141,2.1625,9.4487,-0.00080,-0.00067,0.00080,-16.74,22.14,3.11,0.0000000,0.0000000,0.00,0.00,0.0,999.00,DEAD_RECKONING,0.21,198.86,-16428.42,4562.45,-19777.03,false,false,false,false
1788925136557,0.8949,2.1673,9.4534,0.00027,0.00040,-0.00027,-16.73,21.99,3.64,0.0000000,0.0000000,0.00,0.00,0.0,999.00,DEAD_RECKONING,0.21,198.82,-16452.19,4565.14,-19822.85,false,false,false,false
1788925136675,0.9236,2.1577,9.4534,0.00027,-0.00067,-0.00027,-16.73,22.01,2.70,0.0000000,0.0000000,0.00,0.00,0.0,999.00,DEAD_RECKONING,0.21,198.78,-16475.94,4567.82,-19868.68,false,false,false,false
1788925136794,0.8997,2.1673,9.4534,0.00027,-0.00067,-0.00027,-16.91,22.31,2.78,0.0000000,0.0000000,0.00,0.00,0.0,999.00,DEAD_RECKONING,0.23,198.74,-16499.70,4570.48,-19914.53,false,false,false,false
1788925136915,0.8901,2.1817,9.4534,0.00027,-0.00067,-0.00027,-17.19,22.16,2.68,0.0000000,0.0000000,0.00,0.00,0.0,999.00,DEAD_RECKONING,0.23,198.69,-16523.45,4573.13,-19960.37,false,false,false,false
1788925137035,0.8949,2.1864,9.4678,0.00027,0.00040,-0.00027,-16.52,21.73,3.86,0.0000000,0.0000000,0.00,0.00,0.0,999.00,DEAD_RECKONING,0.23,198.65,-16547.20,4575.78,-20006.23,false,false,false,false
1788925137155,0.8901,2.1625,9.4774,0.00027,0.00146,-0.00027,-16.93,21.58,4.24,0.0000000,0.0000000,0.00,0.00,0.0,999.00,DEAD_RECKONING,0.26,198.61,-16570.94,4578.40,-20052.09,false,false,false,false
1788925137275,0.8901,2.1482,9.4582,-0.00080,0.00040,-0.00027,-17.61,22.31,3.28,0.0000000,0.0000000,0.00,0.00,0.0,999.00,DEAD_RECKONING,0.27,198.57,-16594.68,4581.02,-20097.97,false,false,false,false
1788925137394,0.8949,2.1577,9.4439,0.00027,-0.00067,-0.00027,-16.86,21.73,3.49,0.0000000,0.0000000,0.00,0.00,0.0,999.00,DEAD_RECKONING,0.27,198.52,-16618.41,4583.63,-20143.84,false,false,false,false
1788925137507,0.9141,2.1721,9.4726,0.00027,0.00040,0.00080,-17.08,21.94,2.59,0.0000000,0.0000000,0.00,0.00,0.0,999.00,DEAD_RECKONING,0.27,198.48,-16642.14,4586.22,-20189.73,false,false,false,false
1788925137624,0.8901,2.1625,9.4726,0.00027,0.00040,0.00080,-17.29,22.05,2.94,0.0000000,0.0000000,0.00,0.00,0.0,999.00,DEAD_RECKONING,0.27,198.43,-16665.87,4588.80,-20235.63,false,false,false,false
1788925137743,0.8997,2.1673,9.4487,-0.00080,0.00040,-0.00027,-16.65,22.86,2.85,0.0000000,0.0000000,0.00,0.00,0.0,999.00,DEAD_RECKONING,0.27,198.38,-16689.59,4591.37,-20281.53,false,false,false,false
1788925137855,0.9141,2.1673,9.4487,-0.00080,-0.00067,0.00080,-16.78,22.01,3.79,0.0000000,0.0000000,0.00,0.00,0.0,999.00,DEAD_RECKONING,0.27,198.34,-16713.31,4593.92,-20327.44,false,false,false,false
1788925137970,0.8901,2.1721,9.4391,0.00027,-0.00067,0.00080,-17.04,21.68,3.56,0.0000000,0.0000000,0.00,0.00,0.0,999.00,DEAD_RECKONING,0.27,198.29,-16737.02,4596.47,-20373.36,false,false,false,false
1788925138088,0.9045,2.1817,9.4534,0.00027,-0.00067,-0.00027,-16.33,22.31,3.17,0.0000000,0.0000000,0.00,0.00,0.0,999.00,DEAD_RECKONING,0.27,198.25,-16760.74,4599.00,-20419.28,false,false,false,false
1788925138209,0.8806,2.1673,9.4582,0.00027,0.00040,-0.00027,-17.27,21.94,3.66,0.0000000,0.0000000,0.00,0.00,0.0,999.00,DEAD_RECKONING,0.27,198.20,-16784.45,4601.52,-20465.21,false,false,false,false
1788925138326,0.8997,2.1673,9.4487,-0.00080,0.00040,-0.00027,-17.36,21.90,3.13,0.0000000,0.0000000,0.00,0.00,0.0,999.00,DEAD_RECKONING,0.27,198.16,-16808.15,4604.03,-20511.16,false,false,false,false
1788925138446,0.8997,2.1529,9.4487,-0.00080,0.00040,-0.00027,-16.48,22.56,2.94,0.0000000,0.0000000,0.00,0.00,0.0,999.00,DEAD_RECKONING,0.27,198.12,-16831.85,4606.52,-20557.10,false,false,false,false
1788925138557,0.8949,2.1625,9.4582,0.00027,-0.00067,0.00080,-16.54,21.47,3.47,0.0000000,0.0000000,0.00,0.00,0.0,999.00,DEAD_RECKONING,0.27,198.07,-16855.55,4609.01,-20603.06,false,false,false,false
1788925138663,0.8997,2.1673,9.4678,0.00027,-0.00067,-0.00027,-17.04,21.90,3.26,0.0000000,0.0000000,0.00,0.00,0.0,999.00,DEAD_RECKONING,0.30,198.03,-16879.25,4611.48,-20649.03,false,false,false,false
1788925138779,0.9141,2.1529,9.4678,-0.00080,-0.00067,-0.00027,-16.69,22.48,3.64,0.0000000,0.0000000,0.00,0.00,0.0,999.00,DEAD_RECKONING,0.30,197.99,-16902.95,4613.94,-20695.00,false,false,false,false
1788925138891,0.9045,2.1529,9.4439,0.00027,-0.00067,-0.00027,-16.61,22.16,2.89,0.0000000,0.0000000,0.00,0.00,0.0,999.00,DEAD_RECKONING,0.30,197.94,-16926.64,4616.39,-20740.98,false,false,false,false
1788925139005,0.9093,2.1625,9.4534,0.00027,0.00040,-0.00027,-16.82,21.34,1.69,0.0000000,0.0000000,0.00,0.00,0.0,999.00,DEAD_RECKONING,0.33,197.90,-16950.32,4618.83,-20786.96,false,false,false,false
1788925139122,0.8901,2.1577,9.4630,0.00027,0.00040,-0.00027,-17.01,22.31,2.03,0.0000000,0.0000000,0.00,0.00,0.0,999.00,DEAD_RECKONING,0.33,197.86,-16974.01,4621.25,-20832.96,false,false,false,false
1788925139236,0.8997,2.1577,9.4487,-0.00080,0.00040,-0.00027,-16.46,22.50,2.72,0.0000000,0.0000000,0.00,0.00,0.0,999.00,DEAD_RECKONING,0.33,197.82,-16997.69,4623.66,-20878.96,false,false,false,false
1788925139350,0.8853,2.1769,9.4487,0.00027,0.00040,-0.00027,-16.46,21.99,3.24,0.0000000,0.0000000,0.00,0.00,0.0,999.00,DEAD_RECKONING,0.33,197.77,-17021.38,4626.07,-20924.97,false,false,false,false
1788925139467,0.8853,2.1912,9.4630,0.00133,-0.00067,0.00080,-16.13,21.94,3.99,0.0000000,0.0000000,0.00,0.00,0.0,999.00,DEAD_RECKONING,0.33,197.73,-17045.05,4628.46,-20970.99,false,false,false,false
1788925139579,0.8806,2.1912,9.4391,0.00133,-0.00067,-0.00027,-16.20,21.79,3.94,0.0000000,0.0000000,0.00,0.00,0.0,999.00,DEAD_RECKONING,0.33,197.68,-17068.73,4630.83,-21017.01,false,false,false,false
1788925139693,0.8949,2.1673,9.4439,-0.00080,0.00040,0.00080,-17.04,21.58,2.14,0.0000000,0.0000000,0.00,0.00,0.0,999.00,DEAD_RECKONING,0.33,197.64,-17092.40,4633.20,-21063.05,false,false,false,false
1788925139807,0.9045,2.1721,9.4582,0.00027,0.00040,-0.00027,-17.14,21.92,3.43,0.0000000,0.0000000,0.00,0.00,0.0,999.00,DEAD_RECKONING,0.33,197.59,-17116.07,4635.55,-21109.09,false,false,false,false
1788925139923,0.9045,2.1673,9.4439,0.00027,-0.00173,-0.00027,-16.80,22.48,3.11,0.0000000,0.0000000,0.00,0.00,0.0,999.00,DEAD_RECKONING,0.33,197.55,-17139.74,4637.90,-21155.13,false,false,false,false
1788925140036,0.8949,2.1721,9.4439,0.00027,0.00040,-0.00027,-17.16,22.22,2.59,0.0000000,0.0000000,0.00,0.00,0.0,999.00,DEAD_RECKONING,0.33,197.51,-17163.41,4640.23,-21201.19,false,false,false,false
1788925140145,0.9045,2.1673,9.4582,-0.00080,0.00040,0.00080,-16.61,22.24,2.96,0.0000000,0.0000000,0.00,0.00,0.0,999.00,DEAD_RECKONING,0.33,197.46,-17187.08,4642.55,-21247.25,false,false,false,false
1788925140258,0.8901,2.1625,9.4534,0.00027,0.00040,-0.00027,-16.76,21.86,2.91,0.0000000,0.0000000,0.00,0.00,0.0,999.00,DEAD_RECKONING,0.33,197.42,-17210.74,4644.85,-21293.33,false,false,false,false
1788925140370,0.8997,2.1577,9.4487,-0.00080,0.00146,-0.00027,-17.08,22.14,2.79,0.0000000,0.0000000,0.00,0.00,0.0,999.00,DEAD_RECKONING,0.33,197.37,-17234.40,4647.15,-21339.41,false,false,false,false
1788925140483,0.8949,2.1434,9.4534,-0.00080,0.00040,-0.00027,-16.71,22.73,2.12,0.0000000,0.0000000,0.00,0.00,0.0,999.00,DEAD_RECKONING,0.33,197.33,-17258.06,4649.43,-21385.49,false,false,false,false
1788925140602,0.8997,2.1673,9.4582,0.00027,-0.00067,-0.00027,-16.44,22.41,2.83,0.0000000,0.0000000,0.00,0.00,0.0,999.00,DEAD_RECKONING,0.33,197.29,-17281.72,4651.71,-21431.59,false,false,false,false
1788925140714,0.8853,2.1817,9.4487,0.00027,0.00040,-0.00027,-16.71,22.09,3.47,0.0000000,0.0000000,0.00,0.00,0.0,999.00,DEAD_RECKONING,0.33,197.25,-17305.38,4653.97,-21477.69,false,false,false,false
1788925140826,0.9188,2.1673,9.4439,-0.00080,-0.00067,-0.00027,-16.56,21.96,4.01,0.0000000,0.0000000,0.00,0.00,0.0,999.00,DEAD_RECKONING,0.33,197.21,-17329.03,4656.22,-21523.80,false,false,false,false
1788925140941,0.9045,2.1673,9.4391,0.00027,-0.00067,0.00080,-17.40,22.28,2.46,0.0000000,0.0000000,0.00,0.00,0.0,999.00,DEAD_RECKONING,0.33,197.16,-17352.69,4658.45,-21569.91,false,false,false,false
1788925141059,0.9093,2.1721,9.4678,0.00027,-0.00067,-0.00027,-17.01,21.98,2.55,0.0000000,0.0000000,0.00,0.00,0.0,999.00,DEAD_RECKONING,0.33,197.12,-17376.34,4660.68,-21616.04,false,false,false,false
1788925141178,0.9045,2.1625,9.4439,-0.00080,0.00040,0.00080,-16.65,21.98,2.59,0.0000000,0.0000000,0.00,0.00,0.0,999.00,DEAD_RECKONING,0.33,197.07,-17399.99,4662.89,-21662.17,false,false,false,false
1788925141293,0.8997,2.1529,9.4726,0.00027,0.00040,-0.00027,-17.21,21.66,3.21,0.0000000,0.0000000,0.00,0.00,0.0,999.00,DEAD_RECKONING,0.33,197.02,-17423.64,4665.10,-21708.31,false,false,false,false
1788925141407,0.9045,2.1625,9.4534,0.00027,0.00040,-0.00027,-16.82,21.98,3.34,0.0000000,0.0000000,0.00,0.00,0.0,999.00,DEAD_RECKONING,0.33,196.98,-17447.30,4667.29,-21754.46,false,false,false,false
1788925141519,0.8949,2.1721,9.4534,-0.00080,-0.00067,0.00080,-16.88,21.92,1.97,0.0000000,0.0000000,0.00,0.00,0.0,999.00,DEAD_RECKONING,0.33,196.93,-17470.94,4669.47,-21800.61,false,false,false,false
1788925141630,0.9093,2.1577,9.4630,-0.00080,0.00040,0.00080,-17.19,21.90,2.51,0.0000000,0.0000000,0.00,0.00,0.0,999.00,DEAD_RECKONING,0.33,196.88,-17494.59,4671.63,-21846.78,false,false,false,false
1788925141743,0.9188,2.1577,9.4630,-0.00080,-0.00067,0.00080,-16.82,21.73,4.09,0.0000000,0.0000000,0.00,0.00,0.0,999.00,DEAD_RECKONING,0.33,196.84,-17518.24,4673.79,-21892.95,false,false,false,false
1788925141860,0.8901,2.1482,9.4582,0.00027,0.00040,0.00080,-16.97,22.11,3.60,0.0000000,0.0000000,0.00,0.00,0.0,999.00,DEAD_RECKONING,0.33,196.79,-17541.89,4675.94,-21939.12,false,false,false,false
1788925141970,0.9141,2.1721,9.4487,0.00027,-0.00067,-0.00027,-17.01,21.98,2.70,0.0000000,0.0000000,0.00,0.00,0.0,999.00,DEAD_RECKONING,0.33,196.75,-17565.54,4678.07,-21985.31,false,false,false,false
1788925142090,0.9093,2.1625,9.4630,0.00027,0.00040,-0.00027,-17.08,21.64,3.09,0.0000000,0.0000000,0.00,0.00,0.0,999.00,DEAD_RECKONING,0.33,196.70,-17589.18,4680.19,-22031.50,false,false,false,false
1788925142210,0.8949,2.1673,9.4487,0.00027,0.00040,-0.00027,-16.95,22.11,3.19,0.0000000,0.0000000,0.00,0.00,0.0,999.00,DEAD_RECKONING,0.33,196.66,-17612.83,4682.30,-22077.70,false,false,false,false
1788925142324,0.8949,2.1529,9.4582,0.00027,0.00040,-0.00027,-16.54,21.90,3.38,0.0000000,0.0000000,0.00,0.00,0.0,999.00,DEAD_RECKONING,0.33,196.62,-17636.48,4684.40,-22123.91,false,false,false,false
1788925142442,0.8949,2.1529,9.4582,0.00027,-0.00067,-0.00027,-16.91,22.35,3.13,0.0000000,0.0000000,0.00,0.00,0.0,999.00,DEAD_RECKONING,0.33,196.58,-17660.12,4686.49,-22170.12,false,false,false,false
1788925142561,0.9236,2.1529,9.4534,0.00027,-0.00067,-0.00027,-16.58,22.41,3.15,0.0000000,0.0000000,0.00,0.00,0.0,999.00,DEAD_RECKONING,0.33,196.53,-17683.77,4688.56,-22216.35,false,false,false,false
1788925142681,0.9045,2.1673,9.4630,0.00027,0.00040,0.00080,-16.46,22.26,3.36,0.0000000,0.0000000,0.00,0.00,0.0,999.00,DEAD_RECKONING,0.33,196.49,-17707.41,4690.63,-22262.58,false,false,false,false
1788925142801,0.9045,2.1529,9.4343,0.00027,-0.00067,-0.00027,-16.84,22.24,3.32,0.0000000,0.0000000,0.00,0.00,0.0,999.00,DEAD_RECKONING,0.33,196.44,-17731.06,4692.68,-22308.81,false,false,false,false
1788925142922,0.8997,2.1673,9.4534,-0.00080,-0.00173,0.00080,-17.23,21.58,3.68,0.0000000,0.0000000,0.00,0.00,0.0,999.00,DEAD_RECKONING,0.33,196.40,-17754.71,4694.72,-22355.06,false,false,false,false
1788925143042,0.8949,2.1721,9.4534,0.00027,0.00040,-0.00027,-16.37,22.59,3.60,0.0000000,0.0000000,0.00,0.00,0.0,999.00,DEAD_RECKONING,0.33,196.35,-17778.35,4696.76,-22401.31,false,false,false,false
1788925143161,0.9045,2.1529,9.4582,-0.00080,-0.00067,0.00080,-17.36,22.13,3.64,0.0000000,0.0000000,0.00,0.00,0.0,999.00,DEAD_RECKONING,0.33,196.31,-17802.00,4698.77,-22447.57,false,false,false,false
1788925143280,0.9141,2.1482,9.4534,-0.00080,0.00040,0.00080,-17.40,21.99,4.26,0.0000000,0.0000000,0.00,0.00,0.0,999.00,DEAD_RECKONING,0.33,196.26,-17825.65,4700.78,-22493.84,false,false,false,false
1788925143400,0.8997,2.1625,9.4630,-0.00080,-0.00067,-0.00027,-17.29,22.11,3.73,0.0000000,0.0000000,0.00,0.00,0.0,999.00,DEAD_RECKONING,0.33,196.22,-17849.30,4702.78,-22540.11,false,false,false,false
1788925143522,0.8997,2.1577,9.4630,-0.00080,0.00146,-0.00027,-17.12,21.98,3.00,0.0000000,0.0000000,0.00,0.00,0.0,999.00,DEAD_RECKONING,0.33,196.17,-17872.95,4704.76,-22586.40,false,false,false,false
1788925143643,0.8949,2.1577,9.4487,-0.00080,0.00040,-0.00027,-17.06,22.50,3.38,0.0000000,0.0000000,0.00,0.00,0.0,999.00,DEAD_RECKONING,0.33,196.13,-17896.59,4706.74,-22632.69,false,false,false,false
1788925143762,0.9141,2.1673,9.4534,0.00027,-0.00067,-0.00027,-16.61,21.73,3.49,0.0000000,0.0000000,0.00,0.00,0.0,999.00,DEAD_RECKONING,0.33,196.09,-17920.25,4708.70,-22678.99,false,false,false,false
1788925143882,0.8949,2.1577,9.4487,0.00027,-0.00067,-0.00027,-17.12,22.24,3.09,0.0000000,0.0000000,0.00,0.00,0.0,999.00,DEAD_RECKONING,0.33,196.05,-17943.90,4710.65,-22725.29,false,false,false,false
1788925144000,0.9045,2.1529,9.4630,-0.00080,0.00040,-0.00027,-17.16,22.35,3.06,0.0000000,0.0000000,0.00,0.00,0.0,999.00,DEAD_RECKONING,0.33,196.00,-17967.55,4712.59,-22771.60,false,false,false,false
1788925144117,0.9093,2.1577,9.4726,-0.00080,0.00040,-0.00027,-17.16,22.61,3.21,0.0000000,0.0000000,0.00,0.00,0.0,999.00,DEAD_RECKONING,0.33,195.96,-17991.20,4714.52,-22817.92,false,false,false,false
1788925144230,0.8949,2.1673,9.4678,0.00027,0.00040,0.00080,-17.03,22.41,3.11,0.0000000,0.0000000,0.00,0.00,0.0,999.00,DEAD_RECKONING,0.33,195.91,-18014.86,4716.44,-22864.25,false,false,false,false
1788925144349,0.9093,2.1721,9.4487,-0.00080,0.00040,-0.00027,-17.34,22.43,3.75,0.0000000,0.0000000,0.00,0.00,0.0,999.00,DEAD_RECKONING,0.33,195.87,-18038.51,4718.35,-22910.59,false,false,false,false
1788925144467,0.9045,2.1673,9.4534,0.00027,0.00040,0.00080,-16.97,22.86,3.26,0.0000000,0.0000000,0.00,0.00,0.0,999.00,DEAD_RECKONING,0.33,195.82,-18062.17,4720.24,-22956.93,false,false,false,false
1788925144587,0.8997,2.1673,9.4582,0.00027,-0.00067,-0.00027,-17.03,21.58,3.98,0.0000000,0.0000000,0.00,0.00,0.0,999.00,DEAD_RECKONING,0.33,195.78,-18085.83,4722.13,-23003.28,false,false,false,false
1788925144700,0.9045,2.1577,9.4630,0.00027,0.00040,0.00080,-16.44,21.77,3.17,0.0000000,0.0000000,0.00,0.00,0.0,999.00,DEAD_RECKONING,0.33,195.73,-18109.48,4724.00,-23049.64,false,false,false,false
1788925144819,0.8901,2.1577,9.4534,0.00027,0.00040,-0.00027,-17.19,21.99,2.93,0.0000000,0.0000000,0.00,0.00,0.0,999.00,DEAD_RECKONING,0.33,195.69,-18133.14,4725.86,-23096.00,false,false,false,false
1788925144931,0.9188,2.1577,9.4582,0.00027,-0.00173,-0.00027,-17.27,21.62,2.83,0.0000000,0.0000000,0.00,0.00,0.0,999.00,DEAD_RECKONING,0.33,195.65,-18156.81,4727.71,-23142.37,false,false,false,false
1788925145043,0.9141,2.1434,9.4391,-0.00080,-0.00173,-0.00027,-16.86,22.61,3.04,0.0000000,0.0000000,0.00,0.00,0.0,999.00,DEAD_RECKONING,0.33,195.60,-18180.47,4729.55,-23188.75,false,false,false,false
1788925145157,0.9236,2.1625,9.4534,0.00027,-0.00067,-0.00027,-16.11,22.13,4.07,0.0000000,0.0000000,0.00,0.00,0.0,999.00,DEAD_RECKONING,0.33,195.56,-18204.14,4731.38,-23235.14,false,false,false,false
1788925145274,0.8949,2.1769,9.4439,0.00027,0.00040,-0.00027,-16.33,21.30,3.75,0.0000000,0.0000000,0.00,0.00,0.0,999.00,DEAD_RECKONING,0.33,195.52,-18227.81,4733.20,-23281.53,false,false,false,false
1788925145383,0.8997,2.1577,9.4534,0.00027,0.00040,0.00080,-16.82,21.71,3.38,0.0000000,0.0000000,0.00,0.00,0.0,999.00,DEAD_RECKONING,0.33,195.47,-18251.48,4735.00,-23327.94,false,false,false,false
1788925145499,0.9045,2.1529,9.4582,0.00027,0.00040,0.00080,-16.74,22.22,3.17,0.0000000,0.0000000,0.00,0.00,0.0,999.00,DEAD_RECKONING,0.33,195.42,-18275.15,4736.80,-23374.35,false,false,false,false
1788925145619,0.8997,2.1721,9.4439,0.00027,-0.00067,-0.00027,-17.10,22.37,2.76,0.0000000,0.0000000,0.00,0.00,0.0,999.00,DEAD_RECKONING,0.33,195.38,-18298.82,4738.58,-23420.76,false,false,false,false
1788925145731,0.9093,2.1625,9.4534,0.00027,-0.00067,-0.00027,-16.91,21.49,2.46,0.0000000,0.0000000,0.00,0.00,0.0,999.00,DEAD_RECKONING,0.33,195.34,-18322.50,4740.35,-23467.19,false,false,false,false
1788925145846,0.9045,2.1673,9.4439,0.00027,0.00040,-0.00027,-16.44,21.68,2.23,0.0000000,0.0000000,0.00,0.00,0.0,999.00,DEAD_RECKONING,0.33,195.30,-18346.18,4742.12,-23513.62,false,false,false,false
1788925145959,0.9093,2.1673,9.4582,0.00027,-0.00067,-0.00027,-16.78,22.28,3.41,0.0000000,0.0000000,0.00,0.00,0.0,999.00,DEAD_RECKONING,0.33,195.25,-18369.86,4743.87,-23560.06,false,false,false,false
1788925146074,0.9141,2.1577,9.4487,-0.00080,-0.00067,-0.00027,-17.18,21.77,3.79,0.0000000,0.0000000,0.00,0.00,0.0,999.00,DEAD_RECKONING,0.33,195.21,-18393.54,4745.61,-23606.51,false,false,false,false
1788925146192,0.8997,2.1625,9.4774,-0.00080,0.00146,-0.00027,-17.06,21.98,3.88,0.0000000,0.0000000,0.00,0.00,0.0,999.00,DEAD_RECKONING,0.33,195.17,-18417.23,4747.33,-23652.96,false,false,false,false
1788925146307,0.8853,2.1673,9.4582,0.00027,0.00146,-0.00027,-16.73,22.16,3.81,0.0000000,0.0000000,0.00,0.00,0.0,999.00,DEAD_RECKONING,0.33,195.13,-18440.92,4749.05,-23699.43,false,false,false,false
1788925146425,0.9045,2.1625,9.4774,-0.00080,0.00146,-0.00027,-17.33,22.37,4.01,0.0000000,0.0000000,0.00,0.00,0.0,999.00,DEAD_RECKONING,0.33,195.08,-18464.61,4750.76,-23745.90,false,false,false,false
1788925146543,0.9045,2.1482,9.4534,-0.00080,-0.00067,0.00080,-17.03,22.14,3.06,0.0000000,0.0000000,0.00,0.00,0.0,999.00,DEAD_RECKONING,0.33,195.03,-18488.30,4752.45,-23792.37,false,false,false,false
1788925146664,0.8949,2.1577,9.4582,0.00027,0.00040,-0.00027,-16.59,22.50,2.40,0.0000000,0.0000000,0.00,0.00,0.0,999.00,DEAD_RECKONING,0.33,194.99,-18512.00,4754.14,-23838.86,false,false,false,false
1788925146781,0.8949,2.1577,9.4391,0.00027,0.00040,0.00080,-16.86,21.83,3.51,0.0000000,0.0000000,0.00,0.00,0.0,999.00,DEAD_RECKONING,0.33,194.94,-18535.70,4755.81,-23885.35,false,false,false,false
1788925146897,0.8949,2.1577,9.4582,-0.00080,0.00040,0.00080,-16.91,22.58,2.87,0.0000000,0.0000000,0.00,0.00,0.0,999.00,DEAD_RECKONING,0.33,194.89,-18559.40,4757.47,-23931.85,false,false,false,false
1788925147015,0.8997,2.1625,9.4774,0.00027,0.00146,-0.00027,-17.19,22.37,2.93,0.0000000,0.0000000,0.00,0.00,0.0,999.00,DEAD_RECKONING,0.33,194.85,-18583.10,4759.13,-23978.36,false,false,false,false
1788925147136,0.8997,2.1577,9.4582,-0.00080,-0.00067,-0.00027,-17.33,22.01,3.71,0.0000000,0.0000000,0.00,0.00,0.0,999.00,DEAD_RECKONING,0.33,194.81,-18606.81,4760.77,-24024.87,false,false,false,false
1788925147256,0.9141,2.1577,9.4582,0.00027,-0.00067,-0.00027,-17.08,22.35,3.77,0.0000000,0.0000000,0.00,0.00,0.0,999.00,DEAD_RECKONING,0.33,194.77,-18630.53,4762.40,-24071.39,false,false,false,false
1788925147375,0.8949,2.1721,9.4534,0.00027,0.00040,-0.00027,-16.95,21.92,3.06,0.0000000,0.0000000,0.00,0.00,0.0,999.00,DEAD_RECKONING,0.33,194.72,-18654.24,4764.02,-24117.92,false,false,false,false
1788925147495,0.8997,2.1577,9.4630,0.00027,0.00040,0.00080,-16.59,21.62,3.11,0.0000000,0.0000000,0.00,0.00,0.0,999.00,DEAD_RECKONING,0.33,194.68,-18677.96,4765.62,-24164.46,false,false,false,false
1788925147608,0.8853,2.1721,9.4391,0.00027,-0.00067,-0.00027,-16.80,21.81,3.77,0.0000000,0.0000000,0.00,0.00,0.0,999.00,DEAD_RECKONING,0.33,194.63,-18701.69,4767.22,-24211.00,false,false,false,false
1788925147728,0.8901,2.1769,9.4439,0.00133,-0.00067,-0.00027,-16.76,22.56,2.68,0.0000000,0.0000000,0.00,0.00,0.0,999.00,DEAD_RECKONING,0.33,194.59,-18725.41,4768.81,-24257.55,false,false,false,false
1788925147846,0.8997,2.1625,9.4487,0.00027,-0.00067,0.00080,-16.76,22.28,2.83,0.0000000,0.0000000,0.00,0.00,0.0,999.00,DEAD_RECKONING,0.33,194.54,-18749.14,4770.38,-24304.11,false,false,false,false
1788925147963,0.9236,2.1577,9.4678,-0.00080,-0.00067,-0.00027,-16.61,21.84,3.39,0.0000000,0.0000000,0.00,0.00,0.0,999.00,DEAD_RECKONING,0.33,194.50,-18772.88,4771.95,-24350.68,false,false,false,false
1788925148082,0.9236,2.1482,9.4678,-0.00080,-0.00067,-0.00027,-17.19,22.07,3.02,0.0000000,0.0000000,0.00,0.00,0.0,999.00,DEAD_RECKONING,0.33,194.46,-18796.62,4773.50,-24397.25,false,false,false,false
1788925148201,0.9045,2.1673,9.4487,0.00027,0.00040,0.00080,-17.21,21.86,2.94,0.0000000,0.0000000,0.00,0.00,0.0,999.00,DEAD_RECKONING,0.33,194.41,-18820.36,4775.05,-24443.84,false,false,false,false
1788925148321,0.8997,2.1721,9.4534,0.00027,-0.00067,-0.00027,-16.44,22.59,3.30,0.0000000,0.0000000,0.00,0.00,0.0,999.00,DEAD_RECKONING,0.33,194.37,-18844.10,4776.58,-24490.42,false,false,false,false
1788925148440,0.9093,2.1625,9.4439,0.00027,-0.00067,0.00080,-16.28,22.78,3.09,0.0000000,0.0000000,0.00,0.00,0.0,999.00,DEAD_RECKONING,0.33,194.32,-18867.85,4778.10,-24537.02,false,false,false,false
1788925148559,0.8806,2.1912,9.4630,0.00027,0.00146,-0.00027,-17.01,21.81,3.06,0.0000000,0.0000000,0.00,0.00,0.0,999.00,DEAD_RECKONING,0.33,194.28,-18891.61,4779.61,-24583.63,false,false,false,false
1788925148679,0.8758,2.1529,9.4582,-0.00186,0.00360,-0.00027,-17.48,21.73,3.51,0.0000000,0.0000000,0.00,0.00,0.0,999.00,DEAD_RECKONING,0.33,194.23,-18915.36,4781.11,-24630.24,false,false,false,false
1788925148794,0.8997,2.1386,9.4582,-0.00186,0.00040,0.00080,-17.21,22.05,3.56,0.0000000,0.0000000,0.00,0.00,0.0,999.00,DEAD_RECKONING,0.33,194.18,-18939.13,4782.60,-24676.86,false,false,false,false
1788925148914,0.8997,2.1769,9.4439,0.00027,0.00040,0.00080,-16.97,22.26,3.94,0.0000000,0.0000000,0.00,0.00,0.0,999.00,DEAD_RECKONING,0.33,194.14,-18962.89,4784.07,-24723.48,false,false,false,false
1788925149033,0.9141,2.1482,9.4582,-0.01039,0.03236,0.00293,-17.57,22.13,4.39,0.0000000,0.0000000,0.00,0.00,0.0,999.00,DEAD_RECKONING,0.33,194.04,-18986.65,4785.53,-24770.12,false,false,false,false
1788925149154,0.9045,2.1386,9.4774,-0.00293,-0.00386,-0.00133,-16.93,22.09,4.01,0.0000000,0.0000000,0.00,0.00,0.0,999.00,DEAD_RECKONING,0.33,194.01,-19010.43,4786.99,-24816.76,false,false,false,false
1788925149272,0.9906,2.1912,9.4726,0.00666,-0.01238,-0.00133,-17.10,21.92,2.42,0.0000000,0.0000000,0.00,0.00,0.0,999.00,DEAD_RECKONING,0.33,193.99,-19034.22,4788.44,-24863.41,false,false,false,false
1788925149393,0.9858,2.1721,9.4343,0.00133,-0.00493,-0.00133,-16.07,21.81,3.58,0.0000000,0.0000000,0.00,0.00,0.0,999.00,DEAD_RECKONING,0.34,193.95,-19058.01,4789.87,-24910.06,false,false,false,false
1788925149507,0.5934,1.8843,10.0331,-0.23515,0.36564,0.01252,-16.22,21.60,3.43,0.0000000,0.0000000,0.00,0.00,0.0,999.00,DEAD_RECKONING,2.14,193.46,-19081.71,4791.22,-24956.73,false,false,false,false
